uuid,tipo,serie,folio,fecha,fecha_timbrado,rfc_emisor,nombre_emisor,rfc_receptor,nombre_receptor,uso_cfdi,forma_pago,metodo_pago,clave_prod_serv,descripcion,cantidad,valor_unitario,subtotal,iva,total,moneda,po_number,counterparty_id,approved_by
93683DD6-5050-127E-4E38-5D03A0D80651,emitida,F,1485,2025-01-02,2025-01-02,TIN091214KL3,Talleres Industriales del Norte SA de CV,BNT021022VED,Construcciones Quintanilla S de RL de CV,G01,03,PPD,23271800,Maquinado de piezas,1.0,184238.27,184238.27,29478.12,213716.39,MXN,,C00010,E00007
EBA46463-36C9-B657-EC9A-799E19437791,emitida,F,1419,2025-01-03,2025-01-03,TIN091214KL3,Talleres Industriales del Norte SA de CV,IHL120323PQ0,Construcciones Hernández SA de CV,G01,03,PPD,23271800,Corte y doblez,1.0,390488.77,390488.77,62478.2,452966.97,MXN,,C00009,E00007
98BE5FF0-929D-AF9F-0149-A2AF0AB1A504,recibida,A,51753,2025-01-06,2025-01-08,WWH110626S3K,Grupo Monterrey S de RL de CV,TIN091214KL3,Talleres Industriales del Norte SA de CV,G03,03,PUE,30102000,Placa de acero A36,32.0,553.75,17719.9,2835.18,20555.08,MXN,PO00245,S00035,E00002
B0117B0A-3496-51D6-A790-55B06001F54D,recibida,A,41505,2025-01-06,2025-01-07,DZI910804SQ0,Pinturas San Nicolás S de RL de CV,TIN091214KL3,Talleres Industriales del Norte SA de CV,G03,03,PPD,30102000,Barra redonda 1018,2.0,4835.0,9670,1547.2,11217.2,MXN,PO00110,S00034,E00002
82B34384-9979-CF26-C8B1-90E1089A9F4F,recibida,A,67708,2025-01-06,2025-01-08,DZI910804SQ0,Pinturas San Nicolás S de RL de CV,TIN091214KL3,Talleres Industriales del Norte SA de CV,G03,03,PUE,30102000,Tubo estructural,50.0,111.2,5559.9,889.58,6449.48,MXN,PO00091,S00034,E00002
F5C9F459-9DB1-BD5E-91A4-D796B9720EEC,recibida,A,3916,2025-01-06,2025-01-06,FNI920522YRY,Hidráulica Apodaca SAPI de CV,TIN091214KL3,Talleres Industriales del Norte SA de CV,G03,03,PUE,40141600,Sellos hidráulicos,102.0,658.16,67132.4,10741.18,77873.58,MXN,PO00037,S00027,E00002
B169FDED-F972-3977-52C0-3F9BDF16EB70,emitida,F,1498,2025-01-06,2025-01-06,TIN091214KL3,Talleres Industriales del Norte SA de CV,YCA050705OHS,Autopartes Martínez SAPI de CV,G01,03,PPD,23271800,Corte y doblez,1.0,208797.38,208797.38,33407.58,242204.96,MXN,,C00017,E00007
EE6081AC-2DD0-622E-266B-F2EAEB93F78C,recibida,A,4735,2025-01-07,2025-01-09,WGM241113MRL,Distribuidora Industrial S de RL de CV,TIN091214KL3,Talleres Industriales del Norte SA de CV,G03,03,PPD,31161500,Brocas HSS,99.0,225.33,22307.8,3569.25,25877.05,MXN,PO00102,S00031,E00002
7C2257A0-C75F-F368-5F7D-DBB1480AFE9F,emitida,F,1405,2025-01-07,2025-01-07,TIN091214KL3,Talleres Industriales del Norte SA de CV,TJB001222W10,Grupo Montemayor S de RL de CV,G01,03,PPD,23271800,Corte y doblez,1.0,89301.8,89301.8,14288.29,103590.09,MXN,,C00011,E00007
32440F07-0AE2-63E0-6E66-3C0AC1E0A4A1,emitida,F,1412,2025-01-10,2025-01-10,TIN091214KL3,Talleres Industriales del Norte SA de CV,MAQ03062825L,Envases Rodríguez SAPI de CV,G01,03,PPD,23271800,Maquinado de piezas,1.0,318889.23,318889.23,51022.28,369911.51,MXN,,C00015,E00007
BAEB286B-F0D0-270F-D4D1-3D551DB6B844,recibida,A,18669,2025-01-13,2025-01-14,UWP921026BTX,Electrónica Regiomontana SAPI de CV,TIN091214KL3,Talleres Industriales del Norte SA de CV,G03,03,PPD,40141600,Motor eléctrico 5HP,22.0,734.2,16152.4,2584.38,18736.78,MXN,PO00070,S00025,E00002
528A34F3-63EA-C0A1-9202-B09C60B36938,emitida,F,1449,2025-01-13,2025-01-13,TIN091214KL3,Talleres Industriales del Norte SA de CV,TVB051103QYM,Grupo Chapa S de RL de CV,G01,03,PPD,23271800,Maquinado de piezas,1.0,394875.32,394875.32,63180.05,458055.37,MXN,,C00006,E00007
3A8C8ED5-A06A-A68A-9CAC-3D21A5A8C8AF,emitida,F,1490,2025-01-13,2025-01-13,TIN091214KL3,Talleres Industriales del Norte SA de CV,IVN2105163NY,Grupo Salinas SAPI de CV,G01,03,PPD,23271800,Maquinado de piezas,1.0,372320.45,372320.45,59571.27,431891.72,MXN,,C00019,E00007
67037089-C78C-D2C3-6374-ED1429B67B14,emitida,F,1521,2025-01-13,2025-01-13,TIN091214KL3,Talleres Industriales del Norte SA de CV,YSD241219IB6,Autopartes Quintanilla S de RL de CV,G01,03,PPD,23271800,Soldadura industrial,1.0,346844.5,346844.5,55495.12,402339.62,MXN,,C00004,E00007
4B7A123E-338A-EA2D-3E1C-FA1495D16384,emitida,F,1542,2025-01-13,2025-01-13,TIN091214KL3,Talleres Industriales del Norte SA de CV,LSC21020236H,Envases López SAPI de CV,G01,03,PPD,23271800,Corte y doblez,1.0,349526.72,349526.72,55924.28,405451.0,MXN,,C00013,E00007
DD1CA267-530D-DDA6-C8D0-F9E5991965EA,recibida,A,50593,2025-01-14,2025-01-14,LAI101206479,Grupo Guadalupe SA de CV,TIN091214KL3,Talleres Industriales del Norte SA de CV,G03,03,PPD,31161500,Discos de corte,153.0,412.81,63159.9,10105.58,73265.48,MXN,PO00092,S00033,E00002
4721194B-C8A4-AE21-D9F8-50E913AD3EAD,recibida,A,33136,2025-01-14,2025-01-14,JPY870826UGV,Soldadura Industrial SA de CV,TIN091214KL3,Talleres Industriales del Norte SA de CV,G03,03,PPD,30102000,Placa de acero A36,130.0,739.92,96190,15390.4,111580.4,MXN,PO00108,S00010,E00002
3DE54EE2-A655-596C-2528-D32DA60C2BED,emitida,F,1539,2025-01-14,2025-01-14,TIN091214KL3,Talleres Industriales del Norte SA de CV,QSB920810FY7,Envases García S de RL de CV,G01,03,PPD,23271800,Corte y doblez,1.0,115322.61,115322.61,18451.62,133774.23,MXN,,C00008,E00007
A151ED02-2F09-8F4D-A43F-683AA43101E4,emitida,F,1484,2025-01-15,2025-01-15,TIN091214KL3,Talleres Industriales del Norte SA de CV,BNT021022VED,Construcciones Quintanilla S de RL de CV,G01,03,PPD,23271800,Corte y doblez,1.0,314311.16,314311.16,50289.79,364600.95,MXN,,C00010,E00007
4185300D-971D-F5FD-B389-50CE9FBC879E,recibida,A,6533,2025-01-17,2025-01-18,DGN090812Y08,Herramientas Monterrey SA de CV,TIN091214KL3,Talleres Industriales del Norte SA de CV,G03,03,PUE,31161500,Guantes de carnaza,135.0,533.39,72007.8,11521.25,83529.05,MXN,PO00243,S00019,E00002
0C8D51D2-1673-AEFB-EB9E-54E054C3B22E,recibida,A,14372,2025-01-17,2025-01-18,HTX0701065UO,Grupo del Norte SAPI de CV,TIN091214KL3,Talleres Industriales del Norte SA de CV,G03,03,PUE,78101800,Flete foráneo,1.0,80129.9,80129.9,12820.78,92950.68,MXN,PO00215,S00024,E00002
F6A9E3E3-B62B-CCB1-4956-0C3685609E8A,recibida,A,78411,2025-01-20,2025-01-20,DZI910804SQ0,Pinturas San Nicolás S de RL de CV,TIN091214KL3,Talleres Industriales del Norte SA de CV,G03,03,PUE,30102000,Barra redonda 1018,168.0,67.55,11347.8,1815.65,13163.45,MXN,PO00339,S00034,E00002
D463C183-A231-7211-8578-B1C6F7EBC69A,recibida,A,35947,2025-01-21,2025-01-23,DZI910804SQ0,Pinturas San Nicolás S de RL de CV,TIN091214KL3,Talleres Industriales del Norte SA de CV,G03,03,PPD,30102000,Lámina de acero cal. 14,181.0,78.41,14192.4,2270.78,16463.18,MXN,PO00199,S00034,E00002
19E9E3A4-18DC-CEB6-84FC-FCB0F5E90352,recibida,A,95149,2025-01-21,2025-01-21,FQZ88060892H,Industrias Nuevo León SA de CV,TIN091214KL3,Talleres Industriales del Norte SA de CV,G03,03,PPD,30102000,Lámina de acero cal. 14,56.0,1530.22,85692.4,13710.78,99403.18,MXN,PO00357,S00012,E00002
489AC27E-6281-03F0-1D9F-FF257E63F654,emitida,F,1423,2025-01-21,2025-01-21,TIN091214KL3,Talleres Industriales del Norte SA de CV,IHL120323PQ0,Construcciones Hernández SA de CV,G01,03,PPD,23271800,Corte y doblez,1.0,69609.26,69609.26,11137.48,80746.74,MXN,,C00009,E00007
2737F345-3886-29FF-B2A0-F778809D6444,recibida,A,6721,2025-01-22,2025-01-24,BTN8908152SD,Servicios Guadalupe S de RL de CV,TIN091214KL3,Talleres Industriales del Norte SA de CV,G03,03,PPD,40141600,Bandas industriales,84.0,1211.31,101749.9,16279.98,118029.88,MXN,PO00090,S00001,E00002
DFCF338C-DEC5-6DC3-AD96-8213F0A9B97F,recibida,A,70428,2025-01-22,2025-01-22,YMF930303K2S,Aceros de México S de RL de CV,TIN091214KL3,Talleres Industriales del Norte SA de CV,G03,03,PUE,31161500,Solvente industrial,118.0,65.6,7740.5,1238.48,8978.98,MXN,PO00217,S00023,E00002
4818B004-B0A4-F557-3381-001FA3FF8FD2,recibida,A,33447,2025-01-24,2025-01-24,FNI920522YRY,Hidráulica Apodaca SAPI de CV,TIN091214KL3,Talleres Industriales del Norte SA de CV,G03,03,PPD,40141600,Bandas industriales,3.0,34726.63,104179.9,16668.78,120848.68,MXN,PO00138,S00027,E00002
EBD14B0C-C7F4-F4F9-8222-1AD3ECA391D4,recibida,A,23326,2025-01-27,2025-01-29,BGD030823RBW,Ferretera de México SAPI de CV,TIN091214KL3,Talleres Industriales del Norte SA de CV,G03,03,PUE,30102000,Barra redonda 1018,124.0,1136.92,140977.8,22556.45,163534.25,MXN,PO00136,S00003,E00002
83D0BAE7-7C2C-FBCF-0770-D18FC9160147,recibida,A,15312,2025-01-27,2025-01-27,ZUX97062289Q,Maquinados Apodaca SA de CV,TIN091214KL3,Talleres Industriales del Norte SA de CV,G03,03,PUE,80131500,Renta de nave industrial,1.0,13560.5,13560.5,2169.68,15730.18,MXN,PO00288,S00029,E00002
0E378B07-CC53-5C3E-52BB-530D486FAC8F,emitida,F,1519,2025-01-27,2025-01-27,TIN091214KL3,Talleres Industriales del Norte SA de CV,YSD241219IB6,Autopartes Quintanilla S de RL de CV,G01,03,PPD,23271800,Maquinado de piezas,1.0,328560.87,328560.87,52569.74,381130.61,MXN,,C00004,E00007
1EDBBE71-DE2A-2DDF-EE24-9B726AA12ABD,recibida,A,29816,2025-01-29,2025-01-31,FQZ88060892H,Industrias Nuevo León SA de CV,TIN091214KL3,Talleres Industriales del Norte SA de CV,G03,03,PUE,30102000,Tubo estructural,112.0,905.82,101452.4,16232.38,117684.78,MXN,PO00157,S00012,E00002
892FCA69-8E20-17E1-50C4-CB4BAD9E5C1E,recibida,A,2553,2025-01-29,2025-01-29,FNI920522YRY,Hidráulica Apodaca SAPI de CV,TIN091214KL3,Talleres Industriales del Norte SA de CV,G03,03,PPD,40141600,Válvulas neumáticas,186.0,1012.43,188312.4,30129.98,218442.38,MXN,PO00395,S00027,E00002
4FE5C13B-A5E8-C198-3C10-316D3F63A065,emitida,F,1446,2025-01-29,2025-01-29,TIN091214KL3,Talleres Industriales del Norte SA de CV,ZZR890918KKF,Grupo López SAPI de CV,G01,03,PPD,23271800,Maquinado de piezas,1.0,278046.4,278046.4,44487.42,322533.82,MXN,,C00001,E00007
1CEB08FE-F2DE-B798-B31A-25B55FECAA6E,emitida,F,1473,2025-01-29,2025-01-29,TIN091214KL3,Talleres Industriales del Norte SA de CV,MNM040801DOQ,Construcciones Elizondo SA de CV,G01,03,PPD,23271800,Soldadura industrial,1.0,216529.09,216529.09,34644.65,251173.74,MXN,,C00003,E00007
E88188C3-788F-06ED-3C1E-919BEE5A4007,emitida,F,1500,2025-01-31,2025-01-31,TIN091214KL3,Talleres Industriales del Norte SA de CV,YCA050705OHS,Autopartes Martínez SAPI de CV,G01,03,PPD,23271800,Soldadura industrial,1.0,58760.54,58760.54,9401.69,68162.23,MXN,,C00017,E00007
13B11E59-C85C-D714-7BF6-95524CBC9044,recibida,A,47433,2025-02-03,2025-02-04,FBY870108HAF,Pinturas del Norte SAPI de CV,TIN091214KL3,Talleres Industriales del Norte SA de CV,G03,03,PUE,78101800,Flete foráneo,1.0,76102.4,76102.4,12176.38,88278.78,MXN,PO00426,S00018,E00002
C4072654-7F5F-61AA-AEE7-C7A586296FBE,recibida,A,72381,2025-02-03,2025-02-03,DGN090812Y08,Herramientas Monterrey SA de CV,TIN091214KL3,Talleres Industriales del Norte SA de CV,G03,03,PPD,31161500,Guantes de carnaza,49.0,1620.41,79399.9,12703.98,92103.88,MXN,PO00100,S00019,E00002
2D8CC973-43C1-136C-D013-B7A3F4A29332,recibida,A,57847,2025-02-03,2025-02-03,JPY870826UGV,Soldadura Industrial SA de CV,TIN091214KL3,Talleres Industriales del Norte SA de CV,G03,03,PPD,30102000,Lámina de acero cal. 14,67.0,1676.45,112322.4,17971.58,130293.98,MXN,PO00274,S00010,E00002
2A3DD769-8DAC-210D-5EB3-8EF5B24070CA,recibida,A,57596,2025-02-03,2025-02-03,YMF930303K2S,Aceros de México S de RL de CV,TIN091214KL3,Talleres Industriales del Norte SA de CV,G03,03,PUE,31161500,Guantes de carnaza,44.0,103.42,4550.5,728.08,5278.58,MXN,PO00409,S00023,E00002
C8497436-18B4-75B1-C12A-34F402A13629,emitida,F,1414,2025-02-03,2025-02-03,TIN091214KL3,Talleres Industriales del Norte SA de CV,MAQ03062825L,Envases Rodríguez SAPI de CV,G01,03,PPD,23271800,Maquinado de piezas,1.0,148592.49,148592.49,23774.8,172367.29,MXN,,C00015,E00007
8C37E264-D03C-D20A-BAAE-EBF89A244525,emitida,F,1483,2025-02-03,2025-02-03,TIN091214KL3,Talleres Industriales del Norte SA de CV,BNT021022VED,Construcciones Quintanilla S de RL de CV,G01,03,PPD,23271800,Soldadura industrial,1.0,166668.28,166668.28,26666.92,193335.2,MXN,,C00010,E00007
8DA22A39-50DB-8E34-938F-2B906C087D6C,emitida,F,1546,2025-02-03,2025-02-03,TIN091214KL3,Talleres Industriales del Norte SA de CV,LSC21020236H,Envases López SAPI de CV,G01,03,PPD,23271800,Maquinado de piezas,1.0,230191.17,230191.17,36830.59,267021.76,MXN,,C00013,E00007
0AB74B5D-FCD4-9681-CA09-7B17951B2503,recibida,A,12793,2025-02-03,2025-02-03,SZC9707063JK,Refacciones San Nicolás S de RL de CV,TIN091214KL3,Talleres Industriales del Norte SA de CV,G03,03,PUE,31161500,Discos de corte,171.0,59.98,10257.29,1641.17,11898.46,MXN,PO00261,S00007,E00002
953B0F1F-EA3E-072A-8F22-1604D46B7756,recibida,A,45725,2025-02-05,2025-02-06,CZT910806Y6B,Servicios Escobedo SAPI de CV,TIN091214KL3,Talleres Industriales del Norte SA de CV,G03,03,PPD,31161500,Brocas HSS,186.0,272.63,50709.9,8113.58,58823.48,MXN,PO00429,S00014,E00002
C7A2EE6F-D166-EB08-B073-6DD1F443864C,recibida,A,63285,2025-02-05,2025-02-05,CRH230311CX7,Metálica Escobedo SAPI de CV,TIN091214KL3,Talleres Industriales del Norte SA de CV,G03,03,PPD,80101500,Servicios de limpieza,1.0,138740.0,138740,22198.4,160938.4,MXN,PO00024,S00016,E00002
B5DEF807-4A96-5478-A72B-DDDD511EEEB8,recibida,A,35158,2025-02-06,2025-02-08,LIP121209QK9,Aceros Apodaca S de RL de CV,TIN091214KL3,Talleres Industriales del Norte SA de CV,G03,03,PPD,40141600,Bandas industriales,81.0,756.82,61302.4,9808.38,71110.78,MXN,PO00323,S00013,E00002
1CCEC1EF-16EF-ACDF-9375-EE61EC94503E,recibida,A,88147,2025-02-06,2025-02-07,BTN8908152SD,Servicios Guadalupe S de RL de CV,TIN091214KL3,Talleres Industriales del Norte SA de CV,G03,03,PPD,40141600,Sellos hidráulicos,176.0,527.09,92767.8,14842.85,107610.65,MXN,PO00271,S00001,E00002
E8334DA5-DE95-D695-3579-C1437AB99428,recibida,A,43742,2025-02-07,2025-02-08,IXC940413YZC,Industrias Apodaca SA de CV,TIN091214KL3,Talleres Industriales del Norte SA de CV,G03,03,PUE,31161500,Solvente industrial,56.0,357.14,19999.9,3199.98,23199.88,MXN,PO00231,S00042,E00002
9B47E639-4D25-51EB-AF95-BE79C971BF51,recibida,A,11438,2025-02-07,2025-02-08,WWH110626S3K,Grupo Monterrey S de RL de CV,TIN091214KL3,Talleres Industriales del Norte SA de CV,G03,03,PPD,30102000,Lámina de acero cal. 14,75.0,181.47,13609.9,2177.58,15787.48,MXN,PO00236,S00035,E00002
3B3F3800-A175-A9C3-D7B1-02A92332A50E,recibida,A,9008,2025-02-10,2025-02-12,IXC940413YZC,Industrias Apodaca SA de CV,TIN091214KL3,Talleres Industriales del Norte SA de CV,G03,03,PUE,31161500,Discos de corte,106.0,487.74,51700,8272.0,59972.0,MXN,PO00405,S00042,E00002
EDC3A1C3-2DEA-2D2D-086C-405FA879D8F8,recibida,A,41320,2025-02-10,2025-02-10,LAI101206479,Grupo Guadalupe SA de CV,TIN091214KL3,Talleres Industriales del Norte SA de CV,G03,03,PUE,31161500,Solvente industrial,145.0,1124.09,162992.4,26078.78,189071.18,MXN,PO00350,S00033,E00002
7B94A34D-E4AA-786D-9D17-D218FC3B0DE5,recibida,A,92440,2025-02-10,2025-02-10,OSD160228AKR,Aceros Santa Catarina SA de CV,TIN091214KL3,Talleres Industriales del Norte SA de CV,G03,03,PPD,30102000,Tubo estructural,153.0,914.38,139900,22384.0,162284.0,MXN,PO00244,S00008,E00002
CCEA5031-844E-250B-E684-390C923B7820,recibida,A,75005,2025-02-10,2025-02-12,HQP910421HXF,Neumática Apodaca S de RL de CV,TIN091214KL3,Talleres Industriales del Norte SA de CV,G03,03,PUE,80101500,Asesoría fiscal,1.0,57160.0,57160,9145.6,66305.6,MXN,PO00177,S00006,E00002
6A7BE8B1-E3F3-42A8-F030-BFD4BE54898E,recibida,A,48474,2025-02-10,2025-02-12,FQZ88060892H,Industrias Nuevo León SA de CV,TIN091214KL3,Talleres Industriales del Norte SA de CV,G03,03,PUE,30102000,Tubo estructural,143.0,442.8,63320,10131.2,73451.2,MXN,PO00163,S00012,E00002
B3EDD6ED-B089-4DE4-E626-7164D3616B3A,recibida,A,75627,2025-02-10,2025-02-10,FQZ88060892H,Industrias Nuevo León SA de CV,TIN091214KL3,Talleres Industriales del Norte SA de CV,G03,03,PPD,30102000,Placa de acero A36,125.0,678.54,84817.8,13570.85,98388.65,MXN,PO00393,S00012,E00002
B646E2B1-7800-E27A-9ACE-63CCD89C83F6,recibida,A,85240,2025-02-10,2025-02-11,SJP030817VDZ,Suministros Monterrey S de RL de CV,TIN091214KL3,Talleres Industriales del Norte SA de CV,G03,03,PUE,31161500,Electrodos 6013,129.0,634.4,81837.8,13094.05,94931.85,MXN,PO00209,S00038,E00002
BDDF2416-A173-1ED8-78F2-961C3EC77A8F,recibida,A,87097,2025-02-10,2025-02-12,DFP890325WQU,Soldadura de México SAPI de CV,TIN091214KL3,Talleres Industriales del Norte SA de CV,G03,03,PUE,80131500,Renta de nave industrial,1.0,17089.9,17089.9,2734.38,19824.28,MXN,PO00019,S00005,E00002
4CC6D67E-CDDB-3F9E-8130-0E684D45D885,emitida,F,1455,2025-02-10,2025-02-10,TIN091214KL3,Talleres Industriales del Norte SA de CV,QPC951019FXZ,Envases Villarreal SA de CV,G01,03,PPD,23271800,Corte y doblez,1.0,274553.25,274553.25,43928.52,318481.77,MXN,,C00012,E00007
E32A8787-1824-6315-AD49-E0727F843004,emitida,F,1514,2025-02-10,2025-02-10,TIN091214KL3,Talleres Industriales del Norte SA de CV,HYZ031207YRR,Autopartes Villarreal SAPI de CV,G01,03,PPD,23271800,Soldadura industrial,1.0,128616.68,128616.68,20578.67,149195.35,MXN,,C00007,E00007
BCA83A82-7899-7035-7DDF-8484F0C44ECB,emitida,F,1481,2025-02-11,2025-02-11,TIN091214KL3,Talleres Industriales del Norte SA de CV,BNT021022VED,Construcciones Quintanilla S de RL de CV,G01,03,PPD,23271800,Corte y doblez,1.0,336351.2,336351.2,53816.19,390167.39,MXN,,C00010,E00007
9620BEE6-6406-FACE-53A5-E8508950DDD6,recibida,A,83238,2025-02-12,2025-02-14,WGM241113MRL,Distribuidora Industrial S de RL de CV,TIN091214KL3,Talleres Industriales del Norte SA de CV,G03,03,PUE,31161500,Electrodos 6013,40.0,628.0,25119.9,4019.18,29139.08,MXN,PO00345,S00031,E00002
E2AE3F87-EE7C-A782-A7A3-1D2515956C42,recibida,A,51197,2025-02-12,2025-02-13,GTT9311046XL,Servicios Guadalupe S de RL de CV,TIN091214KL3,Talleres Industriales del Norte SA de CV,G03,03,PUE,80101500,Consultoría de procesos,1.0,8279.9,8279.9,1324.78,9604.68,MXN,PO00299,S00028,E00002
51589375-7D8F-2350-31C7-7A4464F8F226,recibida,A,79158,2025-02-12,2025-02-14,DGQ240803D6V,Ferretera San Nicolás SA de CV,TIN091214KL3,Talleres Industriales del Norte SA de CV,G03,03,PUE,31161500,Discos de corte,132.0,131.42,17347.8,2775.65,20123.45,MXN,PO00266,S00011,E00002
E68C1348-1046-E3DF-DDFE-F8494C485CFC,emitida,F,1467,2025-02-12,2025-02-12,TIN091214KL3,Talleres Industriales del Norte SA de CV,BBL150807MF5,Grupo Salinas S de RL de CV,G01,03,PPD,23271800,Corte y doblez,1.0,153005.72,153005.72,24480.92,177486.64,MXN,,C00018,E00007
FA2C9E79-2758-4F1A-239E-5593EC11A44D,recibida,A,43386,2025-02-12,2025-02-14,IHV020423VE4,Metálica Santa Catarina SA de CV,TIN091214KL3,Talleres Industriales del Norte SA de CV,G03,03,PPD,80101500,Consultoría estratégica,1.0,250000.0,250000,40000.0,290000.0,MXN,PO00276,S00030,E00002
97867B12-1328-1726-64F4-34D6D1E91691,recibida,A,74525,2025-02-13,2025-02-13,PMN121218LZJ,Servicios San Nicolás SAPI de CV,TIN091214KL3,Talleres Industriales del Norte SA de CV,G03,03,PPD,30102000,Placa de acero A36,164.0,888.23,145669.9,23307.18,168977.08,MXN,PO00383,S00017,E00002
9ABBE46B-B205-1CEC-C9F7-369FE4C1D210,recibida,A,55897,2025-02-13,2025-02-15,DFP890325WQU,Soldadura de México SAPI de CV,TIN091214KL3,Talleres Industriales del Norte SA de CV,G03,03,PUE,80131500,Servicio de energía,1.0,8917.8,8917.8,1426.85,10344.65,MXN,PO00111,S00005,E00002
B3099E0D-B0AC-0677-D60F-8680A124FDB2,recibida,A,58536,2025-02-14,2025-02-16,ILK110504O8G,Metálica San Nicolás SA de CV,TIN091214KL3,Talleres Industriales del Norte SA de CV,G03,03,PPD,30102000,Barra redonda 1018,152.0,787.17,119650.5,19144.08,138794.58,MXN,PO00134,S00040,E00002
D0E34B2B-1CA6-4C33-30D8-67CD038D5F5A,emitida,F,1538,2025-02-14,2025-02-14,TIN091214KL3,Talleres Industriales del Norte SA de CV,QSB920810FY7,Envases García S de RL de CV,G01,03,PPD,23271800,Maquinado de piezas,1.0,85032.22,85032.22,13605.16,98637.38,MXN,,C00008,E00007
21EBFAA9-1A2B-D69C-450F-69EEC2E79A98,recibida,A,11542,2025-02-17,2025-02-17,LAI101206479,Grupo Guadalupe SA de CV,TIN091214KL3,Talleres Industriales del Norte SA de CV,G03,03,PPD,31161500,Guantes de carnaza,93.0,525.62,48882.4,7821.18,56703.58,MXN,PO00038,S00033,E00002
503BA8C3-CE83-0E27-C5EF-D6701F4D88CE,emitida,F,1470,2025-02-17,2025-02-17,TIN091214KL3,Talleres Industriales del Norte SA de CV,MNM040801DOQ,Construcciones Elizondo SA de CV,G01,03,PPD,23271800,Soldadura industrial,1.0,125707.67,125707.67,20113.23,145820.9,MXN,,C00003,E00007
4E39F65A-20DB-4294-DFAE-180393D797E7,recibida,A,96805,2025-02-17,2025-02-17,IHV020423VE4,Metálica Santa Catarina SA de CV,TIN091214KL3,Talleres Industriales del Norte SA de CV,G03,03,PPD,80101500,Consultoría estratégica,1.0,150000.0,150000,24000.0,174000.0,MXN,PO00208,S00030,E00002
62874624-A433-1510-AD21-B4CCA9E8F0D8,recibida,A,19584,2025-02-18,2025-02-20,BGD030823RBW,Ferretera de México SAPI de CV,TIN091214KL3,Talleres Industriales del Norte SA de CV,G03,03,PUE,30102000,Perfil PTR 2x2,89.0,1356.41,120720.5,19315.28,140035.78,MXN,PO00367,S00003,E00002
70F81DBA-2871-9B9B-DB8F-0E32EDEF5003,recibida,A,59936,2025-02-20,2025-02-20,WGM241113MRL,Distribuidora Industrial S de RL de CV,TIN091214KL3,Talleres Industriales del Norte SA de CV,G03,03,PPD,31161500,Discos de corte,32.0,1198.06,38337.8,6134.05,44471.85,MXN,PO00180,S00031,E00002
6DEC6BBD-F697-77A1-59FE-3D53624FEA4B,recibida,A,41322,2025-02-21,2025-02-21,WGM241113MRL,Distribuidora Industrial S de RL de CV,TIN091214KL3,Talleres Industriales del Norte SA de CV,G03,03,PUE,31161500,Solvente industrial,187.0,95.61,17880,2860.8,20740.8,MXN,PO00277,S00031,E00002
D4A5A81E-6B38-2A0A-231D-260BB362CD55,recibida,A,13851,2025-02-21,2025-02-23,ZLV900812OLD,Transportes Apodaca SAPI de CV,TIN091214KL3,Talleres Industriales del Norte SA de CV,G03,03,PUE,31161500,Solvente industrial,156.0,1021.23,159312.4,25489.98,184802.38,MXN,PO00098,S00022,E00002
80B57013-7F29-C9E7-5601-F6A534B6685D,emitida,F,1450,2025-02-21,2025-02-21,TIN091214KL3,Talleres Industriales del Norte SA de CV,TVB051103QYM,Grupo Chapa S de RL de CV,G01,03,PPD,23271800,Soldadura industrial,1.0,288711.03,288711.03,46193.76,334904.79,MXN,,C00006,E00007
C0CEF31B-D038-E153-C601-818B61FA01BA,recibida,A,17551,2025-02-24,2025-02-26,WGM241113MRL,Distribuidora Industrial S de RL de CV,TIN091214KL3,Talleres Industriales del Norte SA de CV,G03,03,PUE,31161500,Brocas HSS,36.0,453.96,16342.4,2614.78,18957.18,MXN,PO00221,S00031,E00002
F91E5FCD-85EC-E729-D4DD-1B56435391B2,recibida,A,26533,2025-02-24,2025-02-25,ZLV900812OLD,Transportes Apodaca SAPI de CV,TIN091214KL3,Talleres Industriales del Norte SA de CV,G03,03,PPD,31161500,Electrodos 6013,200.0,658.6,131719.9,21075.18,152795.08,MXN,PO00214,S00022,E00002
C00C200C-4458-B006-332C-CE0A0E7DA698,recibida,A,21194,2025-02-24,2025-02-25,BGD030823RBW,Ferretera de México SAPI de CV,TIN091214KL3,Talleres Industriales del Norte SA de CV,G03,03,PPD,30102000,Lámina de acero cal. 14,172.0,303.78,52250.5,8360.08,60610.58,MXN,PO00002,S00003,E00002
17172654-3B99-7815-0219-A9C7BA23B07A,recibida,A,19850,2025-02-24,2025-02-24,ZWS100912DOJ,Refacciones Regiomontana S de RL de CV,TIN091214KL3,Talleres Industriales del Norte SA de CV,G03,03,PPD,80101500,Servicios de limpieza,1.0,23850.5,23850.5,3816.08,27666.58,MXN,PO00381,S00037,E00002
701FB3EA-A1FE-9BC6-E29D-650A15B98C20,recibida,A,96480,2025-02-24,2025-02-24,CRH230311CX7,Metálica Escobedo SAPI de CV,TIN091214KL3,Talleres Industriales del Norte SA de CV,G03,03,PUE,80101500,Servicios de limpieza,1.0,153952.4,153952.4,24632.38,178584.78,MXN,PO00001,S00016,E00002
1090DC9D-2B31-71DC-FA54-9893E476231A,emitida,F,1428,2025-02-24,2025-02-24,TIN091214KL3,Talleres Industriales del Norte SA de CV,IHL120323PQ0,Construcciones Hernández SA de CV,G01,03,PPD,23271800,Soldadura industrial,1.0,306915.58,306915.58,49106.49,356022.07,MXN,,C00009,E00007
688B4CFB-7081-75FD-4648-BBE8F84CE7A9,emitida,F,1472,2025-02-24,2025-02-24,TIN091214KL3,Talleres Industriales del Norte SA de CV,MNM040801DOQ,Construcciones Elizondo SA de CV,G01,03,PPD,23271800,Soldadura industrial,1.0,103055.53,103055.53,16488.88,119544.41,MXN,,C00003,E00007
A92DCF4F-76F3-BA50-1830-208269BBA3C4,emitida,F,1530,2025-02-25,2025-02-25,TIN091214KL3,Talleres Industriales del Norte SA de CV,QSB920810FY7,Envases García S de RL de CV,G01,03,PPD,23271800,Soldadura industrial,1.0,223834.57,223834.57,35813.53,259648.1,MXN,,C00008,E00007
6545C030-A981-FA54-F121-E129B45C9A54,recibida,A,76910,2025-02-26,2025-02-26,OSD160228AKR,Aceros Santa Catarina SA de CV,TIN091214KL3,Talleres Industriales del Norte SA de CV,G03,03,PPD,30102000,Lámina de acero cal. 14,96.0,1981.48,190222.4,30435.58,220657.98,MXN,PO00250,S00008,E00002
2CE6F908-CECE-A5D3-5EA9-09EF7257DCB6,recibida,A,34342,2025-02-27,2025-03-01,JPY870826UGV,Soldadura Industrial SA de CV,TIN091214KL3,Talleres Industriales del Norte SA de CV,G03,03,PUE,30102000,Placa de acero A36,169.0,884.85,149539.9,23926.38,173466.28,MXN,PO00262,S00010,E00002
05CF079E-A095-2C4D-F3BD-2348854BC8FA,recibida,A,38526,2025-02-27,2025-02-28,LJA880717NNC,Ferretera Monterrey S de RL de CV,TIN091214KL3,Talleres Industriales del Norte SA de CV,G03,03,PUE,40141600,Bandas industriales,53.0,779.58,41317.8,6610.85,47928.65,MXN,PO00415,S00039,E00002
859F02BB-1EE2-6F39-EED4-DB8980104995,emitida,F,1469,2025-02-27,2025-02-27,TIN091214KL3,Talleres Industriales del Norte SA de CV,MNM040801DOQ,Construcciones Elizondo SA de CV,G01,03,PPD,23271800,Soldadura industrial,1.0,245550.42,245550.42,39288.07,284838.49,MXN,,C00003,E00007
302B0401-EFED-098B-979A-7368BD96BB0A,recibida,A,97698,2025-02-27,2025-02-27,LPK240212P77,Aceros Escobedo S de RL de CV,TIN091214KL3,Talleres Industriales del Norte SA de CV,G03,03,PPD,78101800,Flete local — carta porte anexa,1.0,5247.95,5247.95,839.67,6087.62,MXN,PO00189,S00026,E00002
C28FA16B-0AA6-FCB9-C1BC-BE59D296A12D,recibida,A,94338,2025-02-28,2025-03-01,UWP921026BTX,Electrónica Regiomontana SAPI de CV,TIN091214KL3,Talleres Industriales del Norte SA de CV,G03,03,PUE,40141600,Sellos hidráulicos,139.0,84.39,11729.9,1876.78,13606.68,MXN,PO00305,S00025,E00002
C53F1DB3-D275-BD43-8451-7303E94D4FBE,recibida,A,49246,2025-02-28,2025-03-02,WWH110626S3K,Grupo Monterrey S de RL de CV,TIN091214KL3,Talleres Industriales del Norte SA de CV,G03,03,PPD,30102000,Tubo estructural,7.0,2028.56,14199.9,2271.98,16471.88,MXN,PO00240,S00035,E00002
59AE7302-8AE3-297E-34E2-41421A354475,recibida,A,72106,2025-02-28,2025-03-01,ILK110504O8G,Metálica San Nicolás SA de CV,TIN091214KL3,Talleres Industriales del Norte SA de CV,G03,03,PPD,30102000,Barra redonda 1018,132.0,383.79,50659.9,8105.58,58765.48,MXN,PO00084,S00040,E00002
0991946D-537C-64B0-89D5-AF23050BD848,emitida,F,1447,2025-02-28,2025-02-28,TIN091214KL3,Talleres Industriales del Norte SA de CV,TVB051103QYM,Grupo Chapa S de RL de CV,G01,03,PPD,23271800,Corte y doblez,1.0,161533.93,161533.93,25845.43,187379.36,MXN,,C00006,E00007
6589ADA1-345A-F934-B42A-2D939ABA0F15,recibida,A,31469,2025-03-03,2025-03-05,IXC940413YZC,Industrias Apodaca SA de CV,TIN091214KL3,Talleres Industriales del Norte SA de CV,G03,03,PPD,31161500,Electrodos 6013,179.0,242.5,43407.8,6945.25,50353.05,MXN,PO00233,S00042,E00002
DAAF7529-DEEF-F82A-0DD7-015869C165AE,recibida,A,19862,2025-03-03,2025-03-03,ZLV900812OLD,Transportes Apodaca SAPI de CV,TIN091214KL3,Talleres Industriales del Norte SA de CV,G03,03,PUE,31161500,Solvente industrial,77.0,2516.59,193777.8,31004.45,224782.25,MXN,PO00124,S00022,E00002
B5CAA993-AACA-D101-F153-0F689215583A,recibida,A,54819,2025-03-03,2025-03-05,BGD030823RBW,Ferretera de México SAPI de CV,TIN091214KL3,Talleres Industriales del Norte SA de CV,G03,03,PPD,30102000,Perfil PTR 2x2,150.0,1172.73,175909.9,28145.58,204055.48,MXN,PO00298,S00003,E00002
35F3DE4A-AC92-04B4-0306-A2580227B8D5,recibida,A,49832,2025-03-03,2025-03-05,LIP121209QK9,Aceros Apodaca S de RL de CV,TIN091214KL3,Talleres Industriales del Norte SA de CV,G03,03,PUE,40141600,Sellos hidráulicos,177.0,934.17,165347.8,26455.65,191803.45,MXN,PO00401,S00013,E00002
0BCFD0FC-E3A1-AF97-7785-2DDB55527A3C,recibida,A,13613,2025-03-03,2025-03-05,ILK110504O8G,Metálica San Nicolás SA de CV,TIN091214KL3,Talleres Industriales del Norte SA de CV,G03,03,PPD,30102000,Barra redonda 1018,23.0,2116.96,48690,7790.4,56480.4,MXN,PO00234,S00040,E00002
A5DD2836-E65F-A9FA-C38C-2EAFA8097A77,recibida,A,74295,2025-03-03,2025-03-03,JPY870826UGV,Soldadura Industrial SA de CV,TIN091214KL3,Talleres Industriales del Norte SA de CV,G03,03,PUE,30102000,Placa de acero A36,97.0,645.46,62609.9,10017.58,72627.48,MXN,PO00072,S00010,E00002
DF266424-7FCC-4456-20BC-2FA0FA801062,emitida,F,1505,2025-03-03,2025-03-03,TIN091214KL3,Talleres Industriales del Norte SA de CV,YCA050705OHS,Autopartes Martínez SAPI de CV,G01,03,PPD,23271800,Soldadura industrial,1.0,152777.06,152777.06,24444.33,177221.39,MXN,,C00017,E00007
71FCF2E6-B3DD-7820-BD20-C36A270524CB,emitida,F,1541,2025-03-03,2025-03-03,TIN091214KL3,Talleres Industriales del Norte SA de CV,LSC21020236H,Envases López SAPI de CV,G01,03,PPD,23271800,Corte y doblez,1.0,99797.98,99797.98,15967.68,115765.66,MXN,,C00013,E00007
89D716EF-A62D-7221-A65D-958E936DD1A8,recibida,A,22977,2025-03-04,2025-03-05,LIP121209QK9,Aceros Apodaca S de RL de CV,TIN091214KL3,Talleres Industriales del Norte SA de CV,G03,03,PPD,40141600,Bandas industriales,148.0,723.51,107079.9,17132.78,124212.68,MXN,PO00146,S00013,E00002
2CAF3D2F-F026-A418-3D3F-BBEC697AE294,recibida,A,80124,2025-03-06,2025-03-08,YMF930303K2S,Aceros de México S de RL de CV,TIN091214KL3,Talleres Industriales del Norte SA de CV,G03,03,PUE,31161500,Solvente industrial,116.0,47.61,5522.4,883.58,6405.98,MXN,PO00386,S00023,E00002
2B015723-0CF6-97A5-7603-C36CF1394E3C,recibida,A,75320,2025-03-07,2025-03-08,PMN121218LZJ,Servicios San Nicolás SAPI de CV,TIN091214KL3,Talleres Industriales del Norte SA de CV,G03,03,PPD,30102000,Lámina de acero cal. 14,11.0,5769.31,63462.4,10153.98,73616.38,MXN,PO00016,S00017,E00002
16DC5A6E-A789-0770-55EC-024AE64B9B37,recibida,A,29231,2025-03-07,2025-03-08,ZLV900812OLD,Transportes Apodaca SAPI de CV,TIN091214KL3,Talleres Industriales del Norte SA de CV,G03,03,PUE,31161500,Electrodos 6013,175.0,986.11,172569.9,27611.18,200181.08,MXN,PO00068,S00022,E00002
F168C605-CE1A-1669-9BBC-6CBC409CA8F2,recibida,A,40137,2025-03-10,2025-03-12,DBU231227UKE,Grupo Nuevo León SAPI de CV,TIN091214KL3,Talleres Industriales del Norte SA de CV,G03,03,PPD,40141600,Rodamientos SKF,58.0,677.41,39289.9,6286.38,45576.28,MXN,PO00119,S00002,E00002
3B1D0181-9CC3-C1F5-9129-BC759B08E5A8,recibida,A,78266,2025-03-10,2025-03-10,SJP030817VDZ,Suministros Monterrey S de RL de CV,TIN091214KL3,Talleres Industriales del Norte SA de CV,G03,03,PUE,31161500,Solvente industrial,69.0,574.2,39619.9,6339.18,45959.08,MXN,PO00034,S00038,E00002
833D3DF1-5E11-A680-D501-6ADA189AC35D,emitida,F,1523,2025-03-10,2025-03-10,TIN091214KL3,Talleres Industriales del Norte SA de CV,ONS8703145G7,Manufacturas López SAPI de CV,G01,03,PPD,23271800,Fabricación de estructura,1.0,169255.93,169255.93,27080.95,196336.88,MXN,,C00016,E00007
D28FCF68-C871-D7B3-8468-B74D85E3ADE5,recibida,A,94572,2025-03-12,2025-03-13,WGM241113MRL,Distribuidora Industrial S de RL de CV,TIN091214KL3,Talleres Industriales del Norte SA de CV,G03,03,PUE,31161500,Guantes de carnaza,89.0,465.85,41460.5,6633.68,48094.18,MXN,PO00333,S00031,E00002
ECE9504B-03D7-F962-F804-43EEC3B8D179,recibida,A,35470,2025-03-12,2025-03-13,SJP030817VDZ,Suministros Monterrey S de RL de CV,TIN091214KL3,Talleres Industriales del Norte SA de CV,G03,03,PUE,31161500,Discos de corte,105.0,359.62,37760.5,6041.68,43802.18,MXN,PO00281,S00038,E00002
2F8D8DED-6C4C-450B-623A-D0FC93267D25,recibida,A,63888,2025-03-14,2025-03-16,UWP921026BTX,Electrónica Regiomontana SAPI de CV,TIN091214KL3,Talleres Industriales del Norte SA de CV,G03,03,PUE,40141600,Válvulas neumáticas,36.0,465.77,16767.8,2682.85,19450.65,MXN,PO00222,S00025,E00002
A616DDE4-B388-300A-3E20-718A0BB9A8F6,recibida,A,17209,2025-03-14,2025-03-14,YMF930303K2S,Aceros de México S de RL de CV,TIN091214KL3,Talleres Industriales del Norte SA de CV,G03,03,PUE,31161500,Guantes de carnaza,159.0,54.59,8680,1388.8,10068.8,MXN,PO00088,S00023,E00002
87AD8B26-8EAA-5841-6AA0-426DF7C0D5F7,recibida,A,17675,2025-03-17,2025-03-18,IXC940413YZC,Industrias Apodaca SA de CV,TIN091214KL3,Talleres Industriales del Norte SA de CV,G03,03,PUE,31161500,Solvente industrial,106.0,432.45,45840,7334.4,53174.4,MXN,PO00341,S00042,E00002
EF0B743E-BEE0-4762-7168-BDEC4DA838B7,recibida,A,83572,2025-03-17,2025-03-19,SJP030817VDZ,Suministros Monterrey S de RL de CV,TIN091214KL3,Talleres Industriales del Norte SA de CV,G03,03,PPD,31161500,Guantes de carnaza,106.0,802.66,85082.4,13613.18,98695.58,MXN,PO00169,S00038,E00002
584CB0F7-48DE-D8BE-031E-EF965F71DCC4,recibida,A,46152,2025-03-17,2025-03-18,DGQ240803D6V,Ferretera San Nicolás SA de CV,TIN091214KL3,Talleres Industriales del Norte SA de CV,G03,03,PPD,31161500,Brocas HSS,99.0,212.91,21077.8,3372.45,24450.25,MXN,PO00404,S00011,E00002
946A95A6-F2E4-01AF-4702-1755F11CC0A4,emitida,F,1416,2025-03-17,2025-03-17,TIN091214KL3,Talleres Industriales del Norte SA de CV,MAQ03062825L,Envases Rodríguez SAPI de CV,G01,03,PPD,23271800,Soldadura industrial,1.0,344510.15,344510.15,55121.62,399631.77,MXN,,C00015,E00007
B2AC4768-F122-4F43-C527-4F356DC56044,recibida,A,54847,2025-03-17,2025-03-17,IHV020423VE4,Metálica Santa Catarina SA de CV,TIN091214KL3,Talleres Industriales del Norte SA de CV,G03,03,PPD,80101500,Consultoría estratégica,1.0,150000.0,150000,24000.0,174000.0,MXN,PO00359,S00030,E00002
AE46024D-51D0-5EF3-A918-83FC6772FE9F,recibida,A,18440,2025-03-18,2025-03-20,ZLV900812OLD,Transportes Apodaca SAPI de CV,TIN091214KL3,Talleres Industriales del Norte SA de CV,G03,03,PUE,31161500,Discos de corte,154.0,876.04,134910.5,21585.68,156496.18,MXN,PO00101,S00022,E00002
F5EA4128-854D-C3BF-61D8-5365BADA0C94,recibida,A,88966,2025-03-19,2025-03-21,BTN8908152SD,Servicios Guadalupe S de RL de CV,TIN091214KL3,Talleres Industriales del Norte SA de CV,G03,03,PUE,40141600,Bandas industriales,23.0,4585.12,105457.8,16873.25,122331.05,MXN,PO00171,S00001,E00002
F09E0302-B525-A4D9-83F0-23FD00F2BAA4,recibida,A,64414,2025-03-19,2025-03-20,CRH230311CX7,Metálica Escobedo SAPI de CV,TIN091214KL3,Talleres Industriales del Norte SA de CV,G03,03,PPD,80101500,Asesoría fiscal,1.0,165647.8,165647.8,26503.65,192151.45,MXN,PO00391,S00016,E00002
8EF00DE1-FB4F-1972-5115-D7EE3B90908E,recibida,A,84595,2025-03-20,2025-03-21,DGN090812Y08,Herramientas Monterrey SA de CV,TIN091214KL3,Talleres Industriales del Norte SA de CV,G03,03,PPD,31161500,Electrodos 6013,125.0,663.28,82910,13265.6,96175.6,MXN,PO00190,S00019,E00002
A8D791B6-B52C-4358-D4A8-B45A75D1D776,emitida,F,1516,2025-03-20,2025-03-20,TIN091214KL3,Talleres Industriales del Norte SA de CV,YSD241219IB6,Autopartes Quintanilla S de RL de CV,G01,03,PPD,23271800,Corte y doblez,1.0,50394.82,50394.82,8063.17,58457.99,MXN,,C00004,E00007
BFEEB533-ACF5-9149-B1C9-D0DCA38CC35F,recibida,A,60642,2025-03-21,2025-03-22,EOK870428F5T,Gestoría y Enlace San Nicolás S de RL de CV,TIN091214KL3,Talleres Industriales del Norte SA de CV,G03,03,PPD,80101500,Servicios de gestión y enlace comercial,1.0,48000.0,48000,7680.0,55680.0,MXN,PO00293,S00004,E00002
F7FF88D4-B509-F08A-2C98-8BCA51397C06,recibida,A,73759,2025-03-24,2025-03-26,OSD160228AKR,Aceros Santa Catarina SA de CV,TIN091214KL3,Talleres Industriales del Norte SA de CV,G03,03,PPD,30102000,Perfil PTR 2x2,167.0,1024.42,171077.8,27372.45,198450.25,MXN,PO00013,S00008,E00002
27A158A0-EFFF-A2F4-B5AE-329D77617D80,recibida,A,5335,2025-03-24,2025-03-24,BGD030823RBW,Ferretera de México SAPI de CV,TIN091214KL3,Talleres Industriales del Norte SA de CV,G03,03,PPD,30102000,Lámina de acero cal. 14,85.0,1719.09,146122.4,23379.58,169501.98,MXN,PO00032,S00003,E00002
1D03C3D5-B862-ACC3-5489-9C37CFA9026B,recibida,A,63213,2025-03-24,2025-03-26,DZI910804SQ0,Pinturas San Nicolás S de RL de CV,TIN091214KL3,Talleres Industriales del Norte SA de CV,G03,03,PPD,30102000,Placa de acero A36,107.0,67.85,7260,1161.6,8421.6,MXN,PO00416,S00034,E00002
97A418B8-92D0-0319-20BD-14220B0B81DE,recibida,A,21219,2025-03-24,2025-03-24,DZI910804SQ0,Pinturas San Nicolás S de RL de CV,TIN091214KL3,Talleres Industriales del Norte SA de CV,G03,03,PUE,30102000,Lámina de acero cal. 14,63.0,166.47,10487.8,1678.05,12165.85,MXN,PO00219,S00034,E00002
3DE814AC-9CEA-B67B-BA82-854AC7E2A618,emitida,F,1417,2025-03-24,2025-03-24,TIN091214KL3,Talleres Industriales del Norte SA de CV,MAQ03062825L,Envases Rodríguez SAPI de CV,G01,03,PPD,23271800,Maquinado de piezas,1.0,347849.71,347849.71,55655.95,403505.66,MXN,,C00015,E00007
CDB4ADAB-CA27-CD69-4226-4BA40775D778,emitida,F,1465,2025-03-24,2025-03-24,TIN091214KL3,Talleres Industriales del Norte SA de CV,BBL150807MF5,Grupo Salinas S de RL de CV,G01,03,PPD,23271800,Soldadura industrial,1.0,138176.31,138176.31,22108.21,160284.52,MXN,,C00018,E00007
D4A39A51-C481-EA69-F83B-F029B6AC2048,emitida,F,1486,2025-03-24,2025-03-24,TIN091214KL3,Talleres Industriales del Norte SA de CV,BNT021022VED,Construcciones Quintanilla S de RL de CV,G01,03,PPD,23271800,Fabricación de estructura,1.0,129857.28,129857.28,20777.16,150634.44,MXN,,C00010,E00007
EAC97D37-B587-8D33-1D5B-D8B04027B283,recibida,A,17988,2025-03-24,2025-03-25,EOK870428F5T,Gestoría y Enlace San Nicolás S de RL de CV,TIN091214KL3,Talleres Industriales del Norte SA de CV,G03,03,PPD,80101500,Servicios de gestión y enlace comercial,1.0,48000.0,48000,7680.0,55680.0,MXN,PO00153,S00004,E00002
44E2A94B-34EC-5264-AD7D-6F8139A0F145,recibida,A,85504,2025-03-25,2025-03-26,DBU231227UKE,Grupo Nuevo León SAPI de CV,TIN091214KL3,Talleres Industriales del Norte SA de CV,G03,03,PUE,40141600,Bandas industriales,166.0,288.32,47860.5,7657.68,55518.18,MXN,PO00400,S00002,E00002
D4E20134-389A-E4FD-80DD-B3862790E92F,emitida,F,1406,2025-03-25,2025-03-25,TIN091214KL3,Talleres Industriales del Norte SA de CV,TJB001222W10,Grupo Montemayor S de RL de CV,G01,03,PPD,23271800,Fabricación de estructura,1.0,76870.43,76870.43,12299.27,89169.7,MXN,,C00011,E00007
1EE93260-3002-D831-3227-E8D89C60C81B,recibida,A,51597,2025-03-26,2025-03-26,BGD030823RBW,Ferretera de México SAPI de CV,TIN091214KL3,Talleres Industriales del Norte SA de CV,G03,03,PPD,30102000,Lámina de acero cal. 14,66.0,1981.33,130767.8,20922.85,151690.65,MXN,PO00398,S00003,E00002
A33B3DFD-9048-65C6-F820-5AA7996F7E88,recibida,A,2540,2025-03-27,2025-03-29,DZI910804SQ0,Pinturas San Nicolás S de RL de CV,TIN091214KL3,Talleres Industriales del Norte SA de CV,G03,03,PPD,30102000,Barra redonda 1018,104.0,58.56,6090.5,974.48,7064.98,MXN,PO00387,S00034,E00002
8C662766-7922-B440-E0F1-E44CEFD1B588,recibida,A,7155,2025-03-27,2025-03-27,GTT9311046XL,Servicios Guadalupe S de RL de CV,TIN091214KL3,Talleres Industriales del Norte SA de CV,G03,03,PPD,80101500,Servicio de mantenimiento,1.0,14340.0,14340,2294.4,16634.4,MXN,PO00284,S00028,E00002
2F1DC121-7D02-4C6D-8BEA-75C1B86677AA,recibida,A,71158,2025-03-28,2025-03-30,IXC940413YZC,Industrias Apodaca SA de CV,TIN091214KL3,Talleres Industriales del Norte SA de CV,G03,03,PUE,31161500,Electrodos 6013,36.0,1188.68,42792.4,6846.78,49639.18,MXN,PO00030,S00042,E00002
A9A2E9CD-7B6F-65DF-1D9D-1D80F47E3CA0,recibida,A,70966,2025-03-28,2025-03-28,LPK240212P77,Aceros Escobedo S de RL de CV,TIN091214KL3,Talleres Industriales del Norte SA de CV,G03,03,PUE,78101800,Flete local — carta porte anexa,1.0,16549.72,16549.72,2647.96,19197.68,MXN,PO00063,S00026,E00002
9770A3DB-E9FA-97E2-5BD9-3609B297A782,recibida,A,3797,2025-03-31,2025-04-02,OSD160228AKR,Aceros Santa Catarina SA de CV,TIN091214KL3,Talleres Industriales del Norte SA de CV,G03,03,PPD,30102000,Tubo estructural,189.0,411.0,77679.9,12428.78,90108.68,MXN,PO00159,S00008,E00002
66D71D97-B193-C8B8-AE49-C0799BD0D4C7,recibida,A,5183,2025-03-31,2025-04-01,HQP910421HXF,Neumática Apodaca S de RL de CV,TIN091214KL3,Talleres Industriales del Norte SA de CV,G03,03,PPD,80101500,Asesoría fiscal,1.0,47130.5,47130.5,7540.88,54671.38,MXN,PO00121,S00006,E00002
1DABB10A-BD10-F87C-6D0E-0597500D92A7,recibida,A,12551,2025-03-31,2025-03-31,ZLV900812OLD,Transportes Apodaca SAPI de CV,TIN091214KL3,Talleres Industriales del Norte SA de CV,G03,03,PUE,31161500,Brocas HSS,174.0,1119.96,194872.4,31179.58,226051.98,MXN,PO00210,S00022,E00002
4A1A4219-61BB-A5FB-D510-8BC02F9E1DDB,recibida,A,72696,2025-03-31,2025-04-01,DGQ240803D6V,Ferretera San Nicolás SA de CV,TIN091214KL3,Talleres Industriales del Norte SA de CV,G03,03,PUE,31161500,Electrodos 6013,52.0,341.73,17769.9,2843.18,20613.08,MXN,PO00275,S00011,E00002
7C602399-B8F4-0E5E-F6BA-BCCC0ACFBD89,emitida,F,1466,2025-04-01,2025-04-01,TIN091214KL3,Talleres Industriales del Norte SA de CV,BBL150807MF5,Grupo Salinas S de RL de CV,G01,03,PPD,23271800,Maquinado de piezas,1.0,271945.78,271945.78,43511.32,315457.1,MXN,,C00018,E00007
FE8C9AAB-7E38-8A19-46F7-B20AC3C49506,recibida,A,8845,2025-04-02,2025-04-04,DGQ240803D6V,Ferretera San Nicolás SA de CV,TIN091214KL3,Talleres Industriales del Norte SA de CV,G03,03,PPD,31161500,Discos de corte,31.0,526.79,16330.5,2612.88,18943.38,MXN,PO00202,S00011,E00002
1AEC8B70-AC0E-7307-7DDC-AAF6AC95ADB1,emitida,F,1426,2025-04-02,2025-04-02,TIN091214KL3,Talleres Industriales del Norte SA de CV,IHL120323PQ0,Construcciones Hernández SA de CV,G01,03,PPD,23271800,Corte y doblez,1.0,44602.9,44602.9,7136.46,51739.36,MXN,,C00009,E00007
7702BEBA-0623-FFBF-1E42-D2B800679B62,recibida,A,82080,2025-04-03,2025-04-03,FNI920522YRY,Hidráulica Apodaca SAPI de CV,TIN091214KL3,Talleres Industriales del Norte SA de CV,G03,03,PUE,40141600,Sellos hidráulicos,50.0,3929.21,196460.5,31433.68,227894.18,MXN,PO00099,S00027,E00002
DCDA8CC1-8427-4378-B40D-8AEFA0BA6142,emitida,F,1457,2025-04-03,2025-04-03,TIN091214KL3,Talleres Industriales del Norte SA de CV,QPC951019FXZ,Envases Villarreal SA de CV,G01,03,PPD,23271800,Fabricación de estructura,1.0,357122.76,357122.76,57139.64,414262.4,MXN,,C00012,E00007
7796048F-B4B9-FB73-29DE-BCCC429E09BD,emitida,F,1509,2025-04-04,2025-04-04,TIN091214KL3,Talleres Industriales del Norte SA de CV,HYZ031207YRR,Autopartes Villarreal SAPI de CV,G01,03,PPD,23271800,Corte y doblez,1.0,52910.41,52910.41,8465.67,61376.08,MXN,,C00007,E00007
E07309DE-6A8F-7654-1552-87C70B961346,emitida,F,1532,2025-04-04,2025-04-04,TIN091214KL3,Talleres Industriales del Norte SA de CV,QSB920810FY7,Envases García S de RL de CV,G01,03,PPD,23271800,Soldadura industrial,1.0,343447.54,343447.54,54951.61,398399.15,MXN,,C00008,E00007
68A69E71-DF22-3246-E6FB-61D3FBA26C21,recibida,A,57867,2025-04-04,2025-04-06,SZC9707063JK,Refacciones San Nicolás S de RL de CV,TIN091214KL3,Talleres Industriales del Norte SA de CV,G03,03,PUE,31161500,Electrodos 6013,67.0,282.79,18946.86,3031.5,21978.36,MXN,PO00012,S00007,E00002
3283DAA4-E212-AB7C-9D36-1CB6BCC57BE0,recibida,A,59026,2025-04-07,2025-04-09,UWP921026BTX,Electrónica Regiomontana SAPI de CV,TIN091214KL3,Talleres Industriales del Norte SA de CV,G03,03,PPD,40141600,Motor eléctrico 5HP,8.0,1243.47,9947.8,1591.65,11539.45,MXN,PO00036,S00025,E00002
171B1B80-09B7-FDF7-7D8D-3DDD2CF149CB,recibida,A,7462,2025-04-07,2025-04-07,OSD160228AKR,Aceros Santa Catarina SA de CV,TIN091214KL3,Talleres Industriales del Norte SA de CV,G03,03,PUE,30102000,Barra redonda 1018,80.0,2357.6,188607.8,30177.25,218785.05,MXN,PO00026,S00008,E00002
8A34B26B-72CC-3FC5-5F77-5A7A25DFAC07,recibida,A,21411,2025-04-07,2025-04-09,DGQ240803D6V,Ferretera San Nicolás SA de CV,TIN091214KL3,Talleres Industriales del Norte SA de CV,G03,03,PPD,31161500,Brocas HSS,89.0,115.84,10310,1649.6,11959.6,MXN,PO00334,S00011,E00002
9AA33580-FB70-8DD7-BF3D-5023140642A8,emitida,F,1534,2025-04-07,2025-04-07,TIN091214KL3,Talleres Industriales del Norte SA de CV,QSB920810FY7,Envases García S de RL de CV,G01,03,PPD,23271800,Soldadura industrial,1.0,115984.61,115984.61,18557.54,134542.15,MXN,,C00008,E00007
23E7CD20-700E-A842-F334-685DB6AD478C,recibida,A,61807,2025-04-07,2025-04-08,EOK870428F5T,Gestoría y Enlace San Nicolás S de RL de CV,TIN091214KL3,Talleres Industriales del Norte SA de CV,G03,03,PUE,80101500,Servicios de gestión y enlace comercial,1.0,64000.0,64000,10240.0,74240.0,MXN,PO00223,S00004,E00002
1C3892E8-F2CF-CD63-80AB-4B7F2E968660,recibida,A,59169,2025-04-07,2025-04-09,SZC9707063JK,Refacciones San Nicolás S de RL de CV,TIN091214KL3,Talleres Industriales del Norte SA de CV,G03,03,PUE,31161500,Electrodos 6013,125.0,138.12,17264.76,2762.36,20027.12,MXN,PO00301,S00007,E00002
7957595F-25EE-2F0F-76A3-0EB0C50C71F4,emitida,F,1540,2025-04-08,2025-04-08,TIN091214KL3,Talleres Industriales del Norte SA de CV,LSC21020236H,Envases López SAPI de CV,G01,03,PPD,23271800,Corte y doblez,1.0,70993.68,70993.68,11358.99,82352.67,MXN,,C00013,E00007
BDCF6FD4-88DF-12C1-1FC8-628D4B4D1079,recibida,A,51329,2025-04-09,2025-04-09,EOK870428F5T,Gestoría y Enlace San Nicolás S de RL de CV,TIN091214KL3,Talleres Industriales del Norte SA de CV,G03,03,PUE,80101500,Servicios de gestión y enlace comercial,1.0,64000.0,64000,10240.0,74240.0,MXN,PO00360,S00004,E00002
AE61716A-1FB6-21AE-EC4E-8CBBA2AA378C,recibida,A,4105,2025-04-14,2025-04-14,DBU231227UKE,Grupo Nuevo León SAPI de CV,TIN091214KL3,Talleres Industriales del Norte SA de CV,G03,03,PPD,40141600,Válvulas neumáticas,102.0,230.86,23547.8,3767.65,27315.45,MXN,PO00368,S00002,E00002
21BD55EB-915A-A3C0-7737-CFB5C3B1927B,recibida,A,12278,2025-04-14,2025-04-16,ILK110504O8G,Metálica San Nicolás SA de CV,TIN091214KL3,Talleres Industriales del Norte SA de CV,G03,03,PPD,30102000,Lámina de acero cal. 14,194.0,865.31,167869.9,26859.18,194729.08,MXN,PO00131,S00040,E00002
8BBF1B30-9372-92E6-AF20-6A9DF9D18507,recibida,A,18100,2025-04-14,2025-04-15,YMF930303K2S,Aceros de México S de RL de CV,TIN091214KL3,Talleres Industriales del Norte SA de CV,G03,03,PUE,31161500,Brocas HSS,31.0,258.32,8007.8,1281.25,9289.05,MXN,PO00187,S00023,E00002
DA05D2FC-1C71-A821-22F1-C32B47D5AC92,recibida,A,61118,2025-04-14,2025-04-15,LJA880717NNC,Ferretera Monterrey S de RL de CV,TIN091214KL3,Talleres Industriales del Norte SA de CV,G03,03,PPD,40141600,Válvulas neumáticas,16.0,1631.88,26110,4177.6,30287.6,MXN,PO00106,S00039,E00002
42FC7EDF-813A-3AA5-7D81-0C217F764FCE,emitida,F,1436,2025-04-14,2025-04-14,TIN091214KL3,Talleres Industriales del Norte SA de CV,DLJ130219ENL,Grupo Martínez SAPI de CV,G01,03,PPD,23271800,Soldadura industrial,1.0,145682.66,145682.66,23309.23,168991.89,MXN,,C00014,E00007
66AA394C-0CBE-938D-2B33-9734DA119684,emitida,F,1491,2025-04-14,2025-04-14,TIN091214KL3,Talleres Industriales del Norte SA de CV,IVN2105163NY,Grupo Salinas SAPI de CV,G01,03,PPD,23271800,Corte y doblez,1.0,134241.94,134241.94,21478.71,155720.65,MXN,,C00019,E00007
7521AA18-DDE4-F5C1-532C-5C01B017C533,recibida,A,32446,2025-04-15,2025-04-16,SJP030817VDZ,Suministros Monterrey S de RL de CV,TIN091214KL3,Talleres Industriales del Norte SA de CV,G03,03,PPD,31161500,Solvente industrial,126.0,234.9,29597.8,4735.65,34333.45,MXN,PO00057,S00038,E00002
BFFBD93B-2B15-619E-D5BF-85F32E3F674C,emitida,F,1512,2025-04-15,2025-04-15,TIN091214KL3,Talleres Industriales del Norte SA de CV,HYZ031207YRR,Autopartes Villarreal SAPI de CV,G01,03,PPD,23271800,Soldadura industrial,1.0,352542.32,352542.32,56406.77,408949.09,MXN,,C00007,E00007
DF495037-B40A-9181-AC09-BDB799086E47,recibida,A,6480,2025-04-16,2025-04-16,YNB000215EQT,Aceros Regiomontana S de RL de CV,TIN091214KL3,Talleres Industriales del Norte SA de CV,G03,03,PUE,30102000,Lámina de acero cal. 14,115.0,65.3,7509.9,1201.58,8711.48,MXN,PO00041,S00015,E00002
73D39457-B25F-13DF-B8D4-9848702BA49F,recibida,A,41900,2025-04-16,2025-04-16,UWP921026BTX,Electrónica Regiomontana SAPI de CV,TIN091214KL3,Talleres Industriales del Norte SA de CV,G03,03,PPD,40141600,Motor eléctrico 5HP,25.0,678.1,16952.4,2712.38,19664.78,MXN,PO00204,S00025,E00002
59FE1C45-ABAC-7BF8-2F4D-DC9B3334CD07,emitida,F,1415,2025-04-16,2025-04-16,TIN091214KL3,Talleres Industriales del Norte SA de CV,MAQ03062825L,Envases Rodríguez SAPI de CV,G01,03,PPD,23271800,Maquinado de piezas,1.0,251537.1,251537.1,40245.94,291783.04,MXN,,C00015,E00007
C190B0CF-9736-BB4F-F5C8-CE3CEEE31D47,recibida,A,49353,2025-04-17,2025-04-17,DGQ240803D6V,Ferretera San Nicolás SA de CV,TIN091214KL3,Talleres Industriales del Norte SA de CV,G03,03,PUE,31161500,Brocas HSS,17.0,733.52,12469.9,1995.18,14465.08,MXN,PO00272,S00011,E00002
C37944C1-C903-94EA-7D54-EC82288F3435,recibida,A,11639,2025-04-18,2025-04-18,ZLV900812OLD,Transportes Apodaca SAPI de CV,TIN091214KL3,Talleres Industriales del Norte SA de CV,G03,03,PPD,31161500,Solvente industrial,196.0,897.35,175880.5,28140.88,204021.38,MXN,PO00348,S00022,E00002
A104BDCE-FAB6-AD91-BACF-7CFC92451CC4,recibida,A,69430,2025-04-18,2025-04-18,FNI920522YRY,Hidráulica Apodaca SAPI de CV,TIN091214KL3,Talleres Industriales del Norte SA de CV,G03,03,PPD,40141600,Rodamientos SKF,28.0,5892.85,164999.9,26399.98,191399.88,MXN,PO00289,S00027,E00002
70ECF41B-C5D5-6016-51B3-CCF588433A38,recibida,A,88065,2025-04-18,2025-04-18,ILK110504O8G,Metálica San Nicolás SA de CV,TIN091214KL3,Talleres Industriales del Norte SA de CV,G03,03,PPD,30102000,Tubo estructural,71.0,1435.36,101910.5,16305.68,118216.18,MXN,PO00205,S00040,E00002
2FDC9992-8971-8EEA-DF3A-098ACCAC2FB5,recibida,A,48045,2025-04-21,2025-04-22,UWP921026BTX,Electrónica Regiomontana SAPI de CV,TIN091214KL3,Talleres Industriales del Norte SA de CV,G03,03,PUE,40141600,Válvulas neumáticas,27.0,382.22,10320,1651.2,11971.2,MXN,PO00278,S00025,E00002
5C6801D6-4280-3AA0-55AC-0D06BE9DA951,recibida,A,47326,2025-04-21,2025-04-23,LIP121209QK9,Aceros Apodaca S de RL de CV,TIN091214KL3,Talleres Industriales del Norte SA de CV,G03,03,PPD,40141600,Rodamientos SKF,116.0,1592.74,184757.8,29561.25,214319.05,MXN,PO00437,S00013,E00002
92D2408E-FF08-C739-4C1D-2E430C2B03E4,emitida,F,1452,2025-04-21,2025-04-21,TIN091214KL3,Talleres Industriales del Norte SA de CV,TVB051103QYM,Grupo Chapa S de RL de CV,G01,03,PPD,23271800,Corte y doblez,1.0,143448.0,143448.0,22951.68,166399.68,MXN,,C00006,E00007
30AED12D-E8F1-0194-EE25-356AAEE01EC9,recibida,A,65504,2025-04-22,2025-04-24,LIP121209QK9,Aceros Apodaca S de RL de CV,TIN091214KL3,Talleres Industriales del Norte SA de CV,G03,03,PUE,40141600,Bandas industriales,192.0,1032.62,198262.4,31721.98,229984.38,MXN,PO00413,S00013,E00002
751303B9-C7DE-96EA-2B0F-BE4449E64C22,recibida,A,74240,2025-04-23,2025-04-25,UWP921026BTX,Electrónica Regiomontana SAPI de CV,TIN091214KL3,Talleres Industriales del Norte SA de CV,G03,03,PPD,40141600,Bandas industriales,138.0,87.99,12142.4,1942.78,14085.18,MXN,PO00255,S00025,E00002
F08D312E-7A73-2F35-6C55-40F0CC9CF41C,recibida,A,70979,2025-04-24,2025-04-24,LIP121209QK9,Aceros Apodaca S de RL de CV,TIN091214KL3,Talleres Industriales del Norte SA de CV,G03,03,PPD,40141600,Rodamientos SKF,135.0,1289.11,174030.5,27844.88,201875.38,MXN,PO00182,S00013,E00002
D284B528-B091-6FB7-F17F-3F92D26AA790,recibida,A,36270,2025-04-24,2025-04-26,FQZ88060892H,Industrias Nuevo León SA de CV,TIN091214KL3,Talleres Industriales del Norte SA de CV,G03,03,PUE,30102000,Lámina de acero cal. 14,198.0,212.44,42062.4,6729.98,48792.38,MXN,PO00179,S00012,E00002
D03BCBFC-DCA7-E284-F230-7C2230C7809B,emitida,F,1494,2025-04-25,2025-04-25,TIN091214KL3,Talleres Industriales del Norte SA de CV,YCA050705OHS,Autopartes Martínez SAPI de CV,G01,03,PPD,23271800,Soldadura industrial,1.0,296882.94,296882.94,47501.27,344384.21,MXN,,C00017,E00007
108E04AC-99C6-207F-EC81-4510C42EAFC8,recibida,A,84508,2025-04-25,2025-04-26,LPK240212P77,Aceros Escobedo S de RL de CV,TIN091214KL3,Talleres Industriales del Norte SA de CV,G03,03,PPD,78101800,Flete local — carta porte anexa,1.0,17044.92,17044.92,2727.19,19772.11,MXN,PO00062,S00026,E00002
56A3DCCC-C93C-9CC6-668B-28DA8222CD7F,recibida,A,72265,2025-04-28,2025-04-30,DZI910804SQ0,Pinturas San Nicolás S de RL de CV,TIN091214KL3,Talleres Industriales del Norte SA de CV,G03,03,PUE,30102000,Lámina de acero cal. 14,55.0,149.1,8200.5,1312.08,9512.58,MXN,PO00129,S00034,E00002
27DD1AC4-4282-B6E4-6986-305A5DA3F9CF,recibida,A,39889,2025-04-28,2025-04-28,GTT9311046XL,Servicios Guadalupe S de RL de CV,TIN091214KL3,Talleres Industriales del Norte SA de CV,G03,03,PUE,80101500,Capacitación,1.0,22937.8,22937.8,3670.05,26607.85,MXN,PO00378,S00028,E00002
12D2D7E6-387D-5ADD-E430-81AA6022E3FF,recibida,A,61833,2025-04-28,2025-04-30,ZUX97062289Q,Maquinados Apodaca SA de CV,TIN091214KL3,Talleres Industriales del Norte SA de CV,G03,03,PPD,80131500,Renta de nave industrial,1.0,4337.8,4337.8,694.05,5031.85,MXN,PO00083,S00029,E00002
BA3696CC-7CCD-1AC6-DB55-DAF52DD4450C,recibida,A,51455,2025-04-28,2025-04-29,DGQ240803D6V,Ferretera San Nicolás SA de CV,TIN091214KL3,Talleres Industriales del Norte SA de CV,G03,01,PUE,31161500,Discos de corte,199.0,7.89,1570.45,251.27,1821.72,MXN,PO00324,S00011,E00002
8F807D8B-E1D5-5F85-6967-858630463008,recibida,A,57392,2025-04-29,2025-04-30,ZWS100912DOJ,Refacciones Regiomontana S de RL de CV,TIN091214KL3,Talleres Industriales del Norte SA de CV,G03,03,PUE,80101500,Capacitación,1.0,45559.9,45559.9,7289.58,52849.48,MXN,PO00392,S00037,E00002
BCE05A63-197F-9B8D-079B-F5E62275B1E2,emitida,F,1433,2025-04-29,2025-04-29,TIN091214KL3,Talleres Industriales del Norte SA de CV,DLJ130219ENL,Grupo Martínez SAPI de CV,G01,03,PPD,23271800,Maquinado de piezas,1.0,266213.57,266213.57,42594.17,308807.74,MXN,,C00014,E00007
56D2BB12-AF5A-7636-E8B8-D2529670CD19,emitida,F,1549,2025-04-29,2025-04-29,TIN091214KL3,Talleres Industriales del Norte SA de CV,LSC21020236H,Envases López SAPI de CV,G01,03,PPD,23271800,Corte y doblez,1.0,222748.94,222748.94,35639.83,258388.77,MXN,,C00013,E00007
1CC464ED-15F7-EF61-DA4E-C04CBA7E1B86,recibida,A,97038,2025-04-30,2025-04-30,BTN8908152SD,Servicios Guadalupe S de RL de CV,TIN091214KL3,Talleres Industriales del Norte SA de CV,G03,03,PUE,40141600,Bandas industriales,194.0,420.42,81562.4,13049.98,94612.38,MXN,PO00194,S00001,E00002
72730E7B-7F9A-D277-DB49-6E6D1688782F,recibida,A,41526,2025-05-01,2025-05-01,BGD030823RBW,Ferretera de México SAPI de CV,TIN091214KL3,Talleres Industriales del Norte SA de CV,G03,03,PPD,30102000,Barra redonda 1018,115.0,532.85,61277.8,9804.45,71082.25,MXN,PO00135,S00003,E00002
2648C819-BD11-16EE-F58A-B7C7CCCF4130,recibida,A,62095,2025-05-01,2025-05-01,LIP121209QK9,Aceros Apodaca S de RL de CV,TIN091214KL3,Talleres Industriales del Norte SA de CV,G03,03,PUE,40141600,Bandas industriales,38.0,3719.42,141337.8,22614.05,163951.85,MXN,PO00291,S00013,E00002
1EA15B0F-95AE-B18B-46AE-7E06CB5D2B59,recibida,A,51979,2025-05-01,2025-05-01,DGN090812Y08,Herramientas Monterrey SA de CV,TIN091214KL3,Talleres Industriales del Norte SA de CV,G03,03,PUE,31161500,Discos de corte,43.0,1794.71,77172.4,12347.58,89519.98,MXN,PO00397,S00019,E00002
EBD8A3B1-0B3D-0C36-17D0-981047A2A10B,recibida,A,30439,2025-05-02,2025-05-04,PMN121218LZJ,Servicios San Nicolás SAPI de CV,TIN091214KL3,Talleres Industriales del Norte SA de CV,G03,03,PPD,30102000,Placa de acero A36,183.0,647.7,118530,18964.8,137494.8,MXN,PO00259,S00017,E00002
0DF407B8-2751-AB86-7DAE-C949D700B461,recibida,A,47394,2025-05-02,2025-05-02,OSD160228AKR,Aceros Santa Catarina SA de CV,TIN091214KL3,Talleres Industriales del Norte SA de CV,G03,03,PPD,30102000,Barra redonda 1018,141.0,454.95,64147.8,10263.65,74411.45,MXN,PO00147,S00008,E00002
567E642E-052D-FB9A-5F58-4603E5A3D8E9,recibida,A,39822,2025-05-02,2025-05-03,HQP910421HXF,Neumática Apodaca S de RL de CV,TIN091214KL3,Talleres Industriales del Norte SA de CV,G03,03,PPD,80101500,Capacitación,1.0,28177.8,28177.8,4508.45,32686.25,MXN,PO00434,S00006,E00002
5DF1BF6F-938B-D3F8-8BD1-8D4BED3353FC,recibida,A,4485,2025-05-02,2025-05-02,DFP890325WQU,Soldadura de México SAPI de CV,TIN091214KL3,Talleres Industriales del Norte SA de CV,G03,03,PPD,80131500,Servicio de energía,1.0,20962.4,20962.4,3353.98,24316.38,MXN,PO00073,S00005,E00002
F5F3943A-E8E7-F030-0203-83406372D635,emitida,F,1478,2025-05-02,2025-05-02,TIN091214KL3,Talleres Industriales del Norte SA de CV,MNM040801DOQ,Construcciones Elizondo SA de CV,G01,03,PPD,23271800,Corte y doblez,1.0,348752.97,348752.97,55800.48,404553.45,MXN,,C00003,E00007
44D7DF9A-238B-05B7-2B64-777C6177A771,recibida,A,39569,2025-05-05,2025-05-06,FBY870108HAF,Pinturas del Norte SAPI de CV,TIN091214KL3,Talleres Industriales del Norte SA de CV,G03,03,PPD,78101800,Maniobras de carga,1.0,144090.5,144090.5,23054.48,167144.98,MXN,PO00017,S00018,E00002
0E165B12-9BDC-70D1-9CBF-7B8C74102D5D,recibida,A,40639,2025-05-05,2025-05-07,WGM241113MRL,Distribuidora Industrial S de RL de CV,TIN091214KL3,Talleres Industriales del Norte SA de CV,G03,03,PUE,31161500,Guantes de carnaza,30.0,481.0,14430,2308.8,16738.8,MXN,PO00377,S00031,E00002
AB6EF8DD-5A66-9316-6641-4954C798A445,recibida,A,51892,2025-05-05,2025-05-06,CZT910806Y6B,Servicios Escobedo SAPI de CV,TIN091214KL3,Talleres Industriales del Norte SA de CV,G03,03,PUE,31161500,Discos de corte,71.0,556.49,39510.5,6321.68,45832.18,MXN,PO00113,S00014,E00002
CC0B200D-3EDE-C38E-0717-9EF331216863,emitida,F,1463,2025-05-05,2025-05-05,TIN091214KL3,Talleres Industriales del Norte SA de CV,BBL150807MF5,Grupo Salinas S de RL de CV,G01,03,PPD,23271800,Soldadura industrial,1.0,80881.09,80881.09,12940.97,93822.06,MXN,,C00018,E00007
3332432B-3D10-FA95-E8A4-42385FE8B710,recibida,A,12078,2025-05-05,2025-05-05,EOK870428F5T,Gestoría y Enlace San Nicolás S de RL de CV,TIN091214KL3,Talleres Industriales del Norte SA de CV,G03,03,PPD,80101500,Servicios de gestión y enlace comercial,1.0,64000.0,64000,10240.0,74240.0,MXN,PO00197,S00004,E00002
214C87B1-0CFC-6420-7192-E4438A6342CA,recibida,A,3900,2025-05-06,2025-05-07,ILK110504O8G,Metálica San Nicolás SA de CV,TIN091214KL3,Talleres Industriales del Norte SA de CV,G03,03,PUE,30102000,Barra redonda 1018,87.0,882.56,76782.4,12285.18,89067.58,MXN,PO00196,S00040,E00002
A247541D-C8AD-0899-B630-794D6147ADEB,recibida,A,20321,2025-05-07,2025-05-09,LAI101206479,Grupo Guadalupe SA de CV,TIN091214KL3,Talleres Industriales del Norte SA de CV,G03,03,PPD,31161500,Brocas HSS,40.0,4195.0,167800,26848.0,194648.0,MXN,PO00342,S00033,E00002
D1F16485-429A-4A7C-4C80-D33AAD5BE3C8,recibida,A,22889,2025-05-08,2025-05-08,PMN121218LZJ,Servicios San Nicolás SAPI de CV,TIN091214KL3,Talleres Industriales del Norte SA de CV,G03,03,PPD,30102000,Barra redonda 1018,13.0,16209.83,210727.8,33716.45,244444.25,MXN,PO00408,S00017,E00002
96B31F4A-80DA-A8CA-6230-5D271A4B1606,recibida,A,40223,2025-05-08,2025-05-08,ZLV900812OLD,Transportes Apodaca SAPI de CV,TIN091214KL3,Talleres Industriales del Norte SA de CV,G03,03,PUE,31161500,Brocas HSS,34.0,2530.07,86022.4,13763.58,99785.98,MXN,PO00242,S00022,E00002
0038DC84-A3ED-033A-A722-2EA2261B5048,recibida,A,5059,2025-05-09,2025-05-11,CRH230311CX7,Metálica Escobedo SAPI de CV,TIN091214KL3,Talleres Industriales del Norte SA de CV,G03,03,PPD,80101500,Servicios de limpieza,1.0,178580.0,178580,28572.8,207152.8,MXN,PO00151,S00016,E00002
B34C6C73-5833-0B30-6C77-6E950B981CCD,recibida,A,8457,2025-05-12,2025-05-14,MXU951103KXW,Refacciones Apodaca S de RL de CV,TIN091214KL3,Talleres Industriales del Norte SA de CV,G03,03,PUE,31161500,Solvente industrial,19.0,4872.66,92580.5,14812.88,107393.38,MXN,PO00050,S00032,E00002
9BA4D5A6-0178-DE26-CEB5-57AC8B22E445,recibida,A,64779,2025-05-12,2025-05-12,HTX0701065UO,Grupo del Norte SAPI de CV,TIN091214KL3,Talleres Industriales del Norte SA de CV,G03,03,PUE,78101800,Flete foráneo,1.0,25067.8,25067.8,4010.85,29078.65,MXN,PO00410,S00024,E00002
650AD9AA-FA3F-012E-4D71-1F28618521AB,emitida,F,1502,2025-05-12,2025-05-12,TIN091214KL3,Talleres Industriales del Norte SA de CV,YCA050705OHS,Autopartes Martínez SAPI de CV,G01,03,PPD,23271800,Soldadura industrial,1.0,221635.12,221635.12,35461.62,257096.74,MXN,,C00017,E00007
1D2AE042-042A-2F64-80E1-BE4DC4C608EB,emitida,F,1531,2025-05-12,2025-05-12,TIN091214KL3,Talleres Industriales del Norte SA de CV,QSB920810FY7,Envases García S de RL de CV,G01,03,PPD,23271800,Corte y doblez,1.0,250804.44,250804.44,40128.71,290933.15,MXN,,C00008,E00007
1F835B8D-ABAC-8660-E5C3-45FCF395C213,recibida,A,87325,2025-05-12,2025-05-12,LPK240212P77,Aceros Escobedo S de RL de CV,TIN091214KL3,Talleres Industriales del Norte SA de CV,G03,03,PPD,78101800,Flete local — carta porte anexa,1.0,13323.06,13323.06,2131.69,15454.75,MXN,PO00060,S00026,E00002
721E8B1F-3895-8939-9342-A09FB00AC64C,recibida,A,49136,2025-05-13,2025-05-14,UWP921026BTX,Electrónica Regiomontana SAPI de CV,TIN091214KL3,Talleres Industriales del Norte SA de CV,G03,03,PPD,40141600,Válvulas neumáticas,149.0,72.21,10759.9,1721.58,12481.48,MXN,PO00430,S00025,E00002
FEA82E3A-B544-01CB-9541-0A9D090AAA93,recibida,A,75078,2025-05-13,2025-05-13,ZLV900812OLD,Transportes Apodaca SAPI de CV,TIN091214KL3,Talleres Industriales del Norte SA de CV,G03,03,PPD,31161500,Guantes de carnaza,189.0,1060.31,200397.8,32063.65,232461.45,MXN,PO00354,S00022,E00002
57D52B78-9CF3-137E-F562-037B78AA16EA,recibida,A,48062,2025-05-13,2025-05-13,LIP121209QK9,Aceros Apodaca S de RL de CV,TIN091214KL3,Talleres Industriales del Norte SA de CV,G03,03,PPD,40141600,Bandas industriales,69.0,1151.48,79452.4,12712.38,92164.78,MXN,PO00164,S00013,E00002
D17AD9BD-B1BA-0BEA-F969-057979DDCDD4,emitida,F,1398,2025-05-13,2025-05-13,TIN091214KL3,Talleres Industriales del Norte SA de CV,TJB001222W10,Grupo Montemayor S de RL de CV,G01,03,PPD,23271800,Maquinado de piezas,1.0,266078.58,266078.58,42572.57,308651.15,MXN,,C00011,E00007
5A66219E-25F9-8046-0C1D-180ED8739636,recibida,A,37374,2025-05-14,2025-05-15,DGQ240803D6V,Ferretera San Nicolás SA de CV,TIN091214KL3,Talleres Industriales del Norte SA de CV,G03,03,PUE,31161500,Brocas HSS,198.0,54.41,10772.4,1723.58,12495.98,MXN,PO00107,S00011,E00002
F27E8CE7-2B8D-2C49-5E30-03E1F541A44E,emitida,F,1492,2025-05-14,2025-05-14,TIN091214KL3,Talleres Industriales del Norte SA de CV,IVN2105163NY,Grupo Salinas SAPI de CV,G01,03,PPD,23271800,Maquinado de piezas,1.0,93730.43,93730.43,14996.87,108727.3,MXN,,C00019,E00007
8044BEB2-B66E-DBF4-A0EA-0251495743A2,recibida,A,54551,2025-05-15,2025-05-16,WGM241113MRL,Distribuidora Industrial S de RL de CV,TIN091214KL3,Talleres Industriales del Norte SA de CV,G03,03,PPD,31161500,Guantes de carnaza,130.0,162.0,21060,3369.6,24429.6,MXN,PO00192,S00031,E00002
BBD0FE6C-6108-FFCC-8186-722BA355AD05,recibida,A,24418,2025-05-15,2025-05-15,DGN090812Y08,Herramientas Monterrey SA de CV,TIN091214KL3,Talleres Industriales del Norte SA de CV,G03,03,PPD,31161500,Discos de corte,199.0,349.39,69527.8,11124.45,80652.25,MXN,PO00047,S00019,E00002
5EA0942C-3F91-C419-E846-A9DF73733554,emitida,F,1497,2025-05-15,2025-05-15,TIN091214KL3,Talleres Industriales del Norte SA de CV,YCA050705OHS,Autopartes Martínez SAPI de CV,G01,03,PPD,23271800,Corte y doblez,1.0,124774.83,124774.83,19963.97,144738.8,MXN,,C00017,E00007
663463E9-D317-D8C9-1060-573A721B7707,recibida,A,79378,2025-05-15,2025-05-15,COL040206DTB,Neumática Regiomontana SAPI de CV,TIN091214KL3,Talleres Industriales del Norte SA de CV,G03,03,PPD,80101500,Consultoría estratégica,1.0,85000.0,85000,13600.0,98600.0,MXN,PO00167,S00020,E00002
B266986C-B467-88BD-D38E-13E44DE1087B,recibida,A,79176,2025-05-16,2025-05-16,PMN121218LZJ,Servicios San Nicolás SAPI de CV,TIN091214KL3,Talleres Industriales del Norte SA de CV,G03,03,PUE,30102000,Placa de acero A36,176.0,1086.48,191220,30595.2,221815.2,MXN,PO00085,S00017,E00002
1B4FFD5F-C768-8339-27EF-53575B249C2A,recibida,A,15812,2025-05-16,2025-05-16,LIP121209QK9,Aceros Apodaca S de RL de CV,TIN091214KL3,Talleres Industriales del Norte SA de CV,G03,03,PPD,40141600,Bandas industriales,159.0,520.38,82740.5,13238.48,95978.98,MXN,PO00267,S00013,E00002
861B4F5B-45A0-8539-6DE8-370ACE9E9EBD,recibida,A,8471,2025-05-19,2025-05-20,WGM241113MRL,Distribuidora Industrial S de RL de CV,TIN091214KL3,Talleres Industriales del Norte SA de CV,G03,03,PUE,31161500,Discos de corte,86.0,497.44,42780,6844.8,49624.8,MXN,PO00150,S00031,E00002
E54C8739-3133-839E-2E7D-952B785B8A07,recibida,A,32878,2025-05-19,2025-05-20,ZWS100912DOJ,Refacciones Regiomontana S de RL de CV,TIN091214KL3,Talleres Industriales del Norte SA de CV,G03,03,PUE,80101500,Asesoría fiscal,1.0,44580.0,44580,7132.8,51712.8,MXN,PO00411,S00037,E00002
C5ED3982-760B-3673-6422-A73E958C9CFD,recibida,A,88611,2025-05-19,2025-05-21,JPY870826UGV,Soldadura Industrial SA de CV,TIN091214KL3,Talleres Industriales del Norte SA de CV,G03,03,PUE,30102000,Tubo estructural,168.0,552.8,92870,14859.2,107729.2,MXN,PO00375,S00010,E00002
8D783178-C935-A278-9645-DEC1840D214B,recibida,A,99402,2025-05-19,2025-05-20,IHV020423VE4,Metálica Santa Catarina SA de CV,TIN091214KL3,Talleres Industriales del Norte SA de CV,G03,03,PPD,80101500,Consultoría estratégica,1.0,200000.0,200000,32000.0,232000.0,MXN,PO00011,S00030,E00002
601BFBCB-F0EE-BCCE-8D93-E14A5B167158,recibida,A,56703,2025-05-20,2025-05-20,LAI101206479,Grupo Guadalupe SA de CV,TIN091214KL3,Talleres Industriales del Norte SA de CV,G03,03,PPD,31161500,Guantes de carnaza,59.0,3045.39,179677.8,28748.45,208426.25,MXN,PO00321,S00033,E00002
6D56CFD5-79AB-3018-87F3-C9A4CD1A810D,emitida,F,1454,2025-05-20,2025-05-20,TIN091214KL3,Talleres Industriales del Norte SA de CV,QPC951019FXZ,Envases Villarreal SA de CV,G01,03,PPD,23271800,Fabricación de estructura,1.0,64217.12,64217.12,10274.74,74491.86,MXN,,C00012,E00007
6E3A0BA8-AC8D-6C7D-B2A6-E468D02B1243,recibida,A,23596,2025-05-21,2025-05-21,IXC940413YZC,Industrias Apodaca SA de CV,TIN091214KL3,Talleres Industriales del Norte SA de CV,G03,03,PUE,31161500,Discos de corte,129.0,267.54,34512.4,5521.98,40034.38,MXN,PO00203,S00042,E00002
402D35E8-1F47-D902-1BA8-4A917462F144,emitida,F,1432,2025-05-23,2025-05-23,TIN091214KL3,Talleres Industriales del Norte SA de CV,DLJ130219ENL,Grupo Martínez SAPI de CV,G01,03,PPD,23271800,Corte y doblez,1.0,93054.68,93054.68,14888.75,107943.43,MXN,,C00014,E00007
A06A187D-E2E6-E7A6-BBC9-94734363589C,recibida,A,10122,2025-05-26,2025-05-28,WWH110626S3K,Grupo Monterrey S de RL de CV,TIN091214KL3,Talleres Industriales del Norte SA de CV,G03,03,PUE,30102000,Barra redonda 1018,51.0,471.19,24030.5,3844.88,27875.38,MXN,PO00269,S00035,E00002
075072D6-2BAC-F712-D6A9-19E886D895E5,recibida,A,4707,2025-05-26,2025-05-28,GTT9311046XL,Servicios Guadalupe S de RL de CV,TIN091214KL3,Talleres Industriales del Norte SA de CV,G03,03,PPD,80101500,Consultoría de procesos,1.0,15310.5,15310.5,2449.68,17760.18,MXN,PO00183,S00028,E00002
922BDA48-2A7C-F9E9-D7A7-E7B188C62063,recibida,A,79488,2025-05-26,2025-05-27,FNI920522YRY,Hidráulica Apodaca SAPI de CV,TIN091214KL3,Talleres Industriales del Norte SA de CV,G03,03,PUE,40141600,Motor eléctrico 5HP,161.0,1175.48,189252.4,30280.38,219532.78,MXN,PO00074,S00027,E00002
5170CA8A-A00E-0B60-64EE-C4C19714FADC,recibida,A,93393,2025-05-26,2025-05-27,ILK110504O8G,Metálica San Nicolás SA de CV,TIN091214KL3,Talleres Industriales del Norte SA de CV,G03,03,PPD,30102000,Perfil PTR 2x2,180.0,1074.61,193430.5,30948.88,224379.38,MXN,PO00283,S00040,E00002
72D35458-61EA-2F30-E42E-707AFE2BD987,recibida,A,49579,2025-05-27,2025-05-28,MXU951103KXW,Refacciones Apodaca S de RL de CV,TIN091214KL3,Talleres Industriales del Norte SA de CV,G03,03,PUE,31161500,Guantes de carnaza,96.0,607.71,58340.5,9334.48,67674.98,MXN,PO00126,S00032,E00002
7C4F48E4-A7A0-2A3D-620F-230B439E754C,recibida,A,75076,2025-05-27,2025-05-29,HQP910421HXF,Neumática Apodaca S de RL de CV,TIN091214KL3,Talleres Industriales del Norte SA de CV,G03,03,PPD,80101500,Servicios de limpieza,1.0,96882.4,96882.4,15501.18,112383.58,MXN,PO00080,S00006,E00002
4CB34663-7A21-1151-C166-A8B3F26BCEBF,recibida,A,1297,2025-05-27,2025-05-28,ZWS100912DOJ,Refacciones Regiomontana S de RL de CV,TIN091214KL3,Talleres Industriales del Norte SA de CV,G03,03,PPD,80101500,Servicios de limpieza,1.0,31710.0,31710,5073.6,36783.6,MXN,PO00067,S00037,E00002
F3ABEA0D-5BE9-FDB3-DD92-DD7C0DB977A9,recibida,A,1356,2025-05-28,2025-05-29,UWP921026BTX,Electrónica Regiomontana SAPI de CV,TIN091214KL3,Talleres Industriales del Norte SA de CV,G03,03,PUE,40141600,Motor eléctrico 5HP,159.0,56.37,8962.4,1433.98,10396.38,MXN,PO00130,S00025,E00002
3581A632-54F5-DF70-05D2-D205789FED96,recibida,A,97094,2025-05-28,2025-05-30,BTN8908152SD,Servicios Guadalupe S de RL de CV,TIN091214KL3,Talleres Industriales del Norte SA de CV,G03,03,PUE,40141600,Sellos hidráulicos,116.0,433.71,50310,8049.6,58359.6,MXN,PO00369,S00001,E00002
AFD0D2F7-E352-4444-6F04-AF36567C5D44,recibida,A,17636,2025-05-29,2025-05-30,ZLV900812OLD,Transportes Apodaca SAPI de CV,TIN091214KL3,Talleres Industriales del Norte SA de CV,G03,03,PPD,31161500,Solvente industrial,135.0,923.7,124699.9,19951.98,144651.88,MXN,PO00087,S00022,E00002
A925DE85-6258-8CE9-F7AE-EDE80A119BAC,recibida,A,25135,2025-05-29,2025-05-30,CRH230311CX7,Metálica Escobedo SAPI de CV,TIN091214KL3,Talleres Industriales del Norte SA de CV,G03,03,PPD,80101500,Asesoría fiscal,1.0,156830.5,156830.5,25092.88,181923.38,MXN,PO00128,S00016,E00002
516C3B0A-5385-3918-BC40-15FAD4F76322,recibida,A,59443,2025-05-30,2025-05-31,PMN121218LZJ,Servicios San Nicolás SAPI de CV,TIN091214KL3,Talleres Industriales del Norte SA de CV,G03,03,PUE,30102000,Perfil PTR 2x2,180.0,510.35,91862.4,14697.98,106560.38,MXN,PO00347,S00017,E00002
9DB94EEE-1A3C-2131-73DD-3BC6D06405A8,recibida,A,88642,2025-06-02,2025-06-04,BGD030823RBW,Ferretera de México SAPI de CV,TIN091214KL3,Talleres Industriales del Norte SA de CV,G03,03,PUE,30102000,Lámina de acero cal. 14,92.0,895.32,82369.9,13179.18,95549.08,MXN,PO00263,S00003,E00002
E744AA30-B135-6D67-6D4E-C8A4C4F4B844,recibida,A,87600,2025-06-02,2025-06-03,JPY870826UGV,Soldadura Industrial SA de CV,TIN091214KL3,Talleres Industriales del Norte SA de CV,G03,03,PPD,30102000,Perfil PTR 2x2,71.0,1780.99,126450,20232.0,146682.0,MXN,PO00438,S00010,E00002
3ACDC514-DAE1-8B28-8D81-64B0F85AD287,recibida,A,11434,2025-06-02,2025-06-03,LJA880717NNC,Ferretera Monterrey S de RL de CV,TIN091214KL3,Talleres Industriales del Norte SA de CV,G03,03,PPD,40141600,Bandas industriales,148.0,253.04,37449.9,5991.98,43441.88,MXN,PO00295,S00039,E00002
EBF484D0-CE6D-29BF-BC63-3D6C6EAF0A90,emitida,F,1522,2025-06-02,2025-06-02,TIN091214KL3,Talleres Industriales del Norte SA de CV,ONS8703145G7,Manufacturas López SAPI de CV,G01,03,PPD,23271800,Soldadura industrial,1.0,216704.24,216704.24,34672.68,251376.92,MXN,,C00016,E00007
D544C79B-6AB7-6840-F5B5-AC7163EF5E69,emitida,F,1550,2025-06-02,2025-06-02,TIN091214KL3,Talleres Industriales del Norte SA de CV,LSC21020236H,Envases López SAPI de CV,G01,03,PPD,23271800,Soldadura industrial,1.0,300278.2,300278.2,48044.51,348322.71,MXN,,C00013,E00007
95ECEC2C-0798-3BC0-5797-44BA107380CB,recibida,A,30873,2025-06-02,2025-06-03,SZC9707063JK,Refacciones San Nicolás S de RL de CV,TIN091214KL3,Talleres Industriales del Norte SA de CV,G03,03,PPD,31161500,Discos de corte,71.0,103.82,7371.31,1179.41,8550.72,MXN,PO00116,S00007,E00002
8E85140D-0F9A-EB70-4670-7CD64CEDA164,recibida,A,77650,2025-06-04,2025-06-06,YNB000215EQT,Aceros Regiomontana S de RL de CV,TIN091214KL3,Talleres Industriales del Norte SA de CV,G03,03,PUE,30102000,Placa de acero A36,106.0,231.13,24499.9,3919.98,28419.88,MXN,PO00082,S00015,E00002
719B2DD6-17B4-E75B-E9D1-8EC233BCB8A9,recibida,A,66421,2025-06-04,2025-06-04,FNI920522YRY,Hidráulica Apodaca SAPI de CV,TIN091214KL3,Talleres Industriales del Norte SA de CV,G03,03,PPD,40141600,Rodamientos SKF,200.0,387.06,77412.4,12385.98,89798.38,MXN,PO00315,S00027,E00002
797EB3E4-63DB-A8C8-B4A2-B699AEFA823B,recibida,A,34522,2025-06-04,2025-06-04,JPY870826UGV,Soldadura Industrial SA de CV,TIN091214KL3,Talleres Industriales del Norte SA de CV,G03,03,PPD,30102000,Placa de acero A36,98.0,1307.24,128109.9,20497.58,148607.48,MXN,PO00181,S00010,E00002
4C23E844-3C47-22F3-C1B4-FD44D29CF92A,emitida,F,1479,2025-06-04,2025-06-04,TIN091214KL3,Talleres Industriales del Norte SA de CV,MNM040801DOQ,Construcciones Elizondo SA de CV,G01,03,PPD,23271800,Fabricación de estructura,1.0,72490.12,72490.12,11598.42,84088.54,MXN,,C00003,E00007
EB45BC38-9CF6-5E33-4B5F-174B6C267B56,recibida,A,7249,2025-06-05,2025-06-07,DBY200622EMX,Suministros Regiomontana S de RL de CV,TIN091214KL3,Talleres Industriales del Norte SA de CV,G03,03,PUE,30102000,Perfil PTR 2x2,43.0,517.73,22262.4,3561.98,25824.38,MXN,PO00139,S00041,E00002
20F36E92-38EC-71AA-1E5C-5DA8D087EDCB,emitida,F,1410,2025-06-05,2025-06-05,TIN091214KL3,Talleres Industriales del Norte SA de CV,MAQ03062825L,Envases Rodríguez SAPI de CV,G01,03,PPD,23271800,Fabricación de estructura,1.0,50353.43,50353.43,8056.55,58409.98,MXN,,C00015,E00007
A93C9413-1396-A289-C29A-988F18A95210,emitida,F,1435,2025-06-05,2025-06-05,TIN091214KL3,Talleres Industriales del Norte SA de CV,DLJ130219ENL,Grupo Martínez SAPI de CV,G01,03,PPD,23271800,Corte y doblez,1.0,263908.03,263908.03,42225.28,306133.31,MXN,,C00014,E00007
00473139-185D-F528-B425-8E191758D47E,recibida,A,28073,2025-06-06,2025-06-07,WGM241113MRL,Distribuidora Industrial S de RL de CV,TIN091214KL3,Talleres Industriales del Norte SA de CV,G03,03,PUE,31161500,Guantes de carnaza,168.0,252.92,42490.5,6798.48,49288.98,MXN,PO00144,S00031,E00002
B3B6D344-F2E3-C6F0-0075-D3D5BA94AA66,recibida,A,75182,2025-06-09,2025-06-10,OSD160228AKR,Aceros Santa Catarina SA de CV,TIN091214KL3,Talleres Industriales del Norte SA de CV,G03,03,PUE,30102000,Placa de acero A36,46.0,3724.4,171322.4,27411.58,198733.98,MXN,PO00166,S00008,E00002
2379C05F-A708-7280-34EE-0B6721BBD183,recibida,A,76256,2025-06-09,2025-06-11,SJP030817VDZ,Suministros Monterrey S de RL de CV,TIN091214KL3,Talleres Industriales del Norte SA de CV,G03,03,PUE,31161500,Guantes de carnaza,139.0,722.54,100432.4,16069.18,116501.58,MXN,PO00186,S00038,E00002
E606D7C2-1E18-046D-2E42-1840A05F36C8,recibida,A,17345,2025-06-09,2025-06-09,HTX0701065UO,Grupo del Norte SAPI de CV,TIN091214KL3,Talleres Industriales del Norte SA de CV,G03,03,PUE,78101800,Flete foráneo,1.0,50037.8,50037.8,8006.05,58043.85,MXN,PO00195,S00024,E00002
E0864418-7F3E-F59B-1638-613769F35B2D,recibida,A,31248,2025-06-09,2025-06-10,FNI920522YRY,Hidráulica Apodaca SAPI de CV,TIN091214KL3,Talleres Industriales del Norte SA de CV,G03,03,PPD,40141600,Rodamientos SKF,70.0,2378.46,166492.4,26638.78,193131.18,MXN,PO00218,S00027,E00002
105F86AA-974E-8F83-D5D9-A3852BB24CBC,recibida,A,14037,2025-06-09,2025-06-09,YMF930303K2S,Aceros de México S de RL de CV,TIN091214KL3,Talleres Industriales del Norte SA de CV,G03,03,PPD,31161500,Guantes de carnaza,157.0,78.92,12390,1982.4,14372.4,MXN,PO00279,S00023,E00002
6CC0067F-141F-746E-FB29-FF362155FBA8,emitida,F,1411,2025-06-09,2025-06-09,TIN091214KL3,Talleres Industriales del Norte SA de CV,MAQ03062825L,Envases Rodríguez SAPI de CV,G01,03,PPD,23271800,Maquinado de piezas,1.0,85123.91,85123.91,13619.83,98743.74,MXN,,C00015,E00007
8DCD6E9B-39D2-D74A-71A7-1782D751AF9C,emitida,F,1424,2025-06-09,2025-06-09,TIN091214KL3,Talleres Industriales del Norte SA de CV,IHL120323PQ0,Construcciones Hernández SA de CV,G01,03,PPD,23271800,Corte y doblez,1.0,287336.76,287336.76,45973.88,333310.64,MXN,,C00009,E00007
8DA5D39B-42C2-1797-0426-FCC9255B30E2,recibida,A,76650,2025-06-10,2025-06-12,IXC940413YZC,Industrias Apodaca SA de CV,TIN091214KL3,Talleres Industriales del Norte SA de CV,G03,03,PPD,31161500,Electrodos 6013,190.0,155.21,29489.9,4718.38,34208.28,MXN,PO00028,S00042,E00002
B440B852-E033-500E-A432-62B38675820E,recibida,A,5147,2025-06-10,2025-06-12,SJP030817VDZ,Suministros Monterrey S de RL de CV,TIN091214KL3,Talleres Industriales del Norte SA de CV,G03,03,PUE,31161500,Solvente industrial,138.0,414.56,57209.9,9153.58,66363.48,MXN,PO00273,S00038,E00002
83EF3CE9-9FFD-A1E7-4052-E3A566FD3215,emitida,F,1456,2025-06-10,2025-06-10,TIN091214KL3,Talleres Industriales del Norte SA de CV,QPC951019FXZ,Envases Villarreal SA de CV,G01,03,PPD,23271800,Corte y doblez,1.0,112027.71,112027.71,17924.43,129952.14,MXN,,C00012,E00007
C34201DB-2C3A-ACDC-AED5-4A468BDE005B,recibida,A,61836,2025-06-12,2025-06-12,WGM241113MRL,Distribuidora Industrial S de RL de CV,TIN091214KL3,Talleres Industriales del Norte SA de CV,G03,03,PUE,31161500,Guantes de carnaza,94.0,187.66,17639.9,2822.38,20462.28,MXN,PO00364,S00031,E00002
29CE9BFA-5B7D-9D2D-22AF-F503B17AFF6D,emitida,F,1400,2025-06-13,2025-06-13,TIN091214KL3,Talleres Industriales del Norte SA de CV,TJB001222W10,Grupo Montemayor S de RL de CV,G01,03,PPD,23271800,Maquinado de piezas,1.0,205975.83,205975.83,32956.13,238931.96,MXN,,C00011,E00007
65F30779-F6EE-5CDB-2D79-A2D1506E50C7,recibida,A,41930,2025-06-16,2025-06-17,FBY870108HAF,Pinturas del Norte SAPI de CV,TIN091214KL3,Talleres Industriales del Norte SA de CV,G03,03,PPD,78101800,Flete foráneo,1.0,149340.5,149340.5,23894.48,173234.98,MXN,PO00425,S00018,E00002
71E15B9F-8C6D-768E-45BC-F3BAEF52D36E,recibida,A,17809,2025-06-16,2025-06-18,GTT9311046XL,Servicios Guadalupe S de RL de CV,TIN091214KL3,Talleres Industriales del Norte SA de CV,G03,03,PUE,80101500,Asesoría fiscal,1.0,24187.8,24187.8,3870.05,28057.85,MXN,PO00365,S00028,E00002
A3760C2D-7B31-DCDC-40D9-1A8E1F44AA88,recibida,A,39266,2025-06-16,2025-06-16,DGN090812Y08,Herramientas Monterrey SA de CV,TIN091214KL3,Talleres Industriales del Norte SA de CV,G03,03,PPD,31161500,Solvente industrial,134.0,278.51,37320,5971.2,43291.2,MXN,PO00137,S00019,E00002
2DBB45BD-2138-E2E6-F013-A170D5CF3B4C,recibida,A,4199,2025-06-16,2025-06-16,DGN090812Y08,Herramientas Monterrey SA de CV,TIN091214KL3,Talleres Industriales del Norte SA de CV,G03,03,PUE,31161500,Discos de corte,12.0,2781.66,33379.9,5340.78,38720.68,MXN,PO00193,S00019,E00002
902A405C-3D9F-FE59-9BC0-FA9352CDADEF,recibida,A,71616,2025-06-16,2025-06-16,FQZ88060892H,Industrias Nuevo León SA de CV,TIN091214KL3,Talleres Industriales del Norte SA de CV,G03,03,PPD,30102000,Perfil PTR 2x2,186.0,510.79,95007.8,15201.25,110209.05,MXN,PO00388,S00012,E00002
D2535515-9DC0-A8B5-5987-038AFCD6C18E,recibida,A,58061,2025-06-16,2025-06-18,BTN8908152SD,Servicios Guadalupe S de RL de CV,TIN091214KL3,Talleres Industriales del Norte SA de CV,G03,03,PUE,40141600,Sellos hidráulicos,44.0,2406.36,105880,16940.8,122820.8,MXN,PO00114,S00001,E00002
AF521B94-F186-E47A-A794-63208CF6E8B8,recibida,A,44345,2025-06-18,2025-06-19,IXC940413YZC,Industrias Apodaca SA de CV,TIN091214KL3,Talleres Industriales del Norte SA de CV,G03,03,PPD,31161500,Electrodos 6013,128.0,170.0,21759.9,3481.58,25241.48,MXN,PO00232,S00042,E00002
CD6BB03B-EB35-37A0-2D6E-0291B7893986,recibida,A,42513,2025-06-19,2025-06-19,OSD160228AKR,Aceros Santa Catarina SA de CV,TIN091214KL3,Talleres Industriales del Norte SA de CV,G03,03,PUE,30102000,Placa de acero A36,88.0,2297.85,202210.5,32353.68,234564.18,MXN,PO00213,S00008,E00002
0DBDC5DA-7875-15B9-1E26-ED31D9E92758,recibida,A,83251,2025-06-19,2025-06-21,ZLV900812OLD,Transportes Apodaca SAPI de CV,TIN091214KL3,Talleres Industriales del Norte SA de CV,G03,03,PUE,31161500,Brocas HSS,119.0,928.91,110539.9,17686.38,128226.28,MXN,PO00076,S00022,E00002
6E89A7A8-B68D-4037-D8FE-3FB8A1628ABF,emitida,F,1543,2025-06-20,2025-06-20,TIN091214KL3,Talleres Industriales del Norte SA de CV,LSC21020236H,Envases López SAPI de CV,G01,03,PPD,23271800,Corte y doblez,1.0,42834.74,42834.74,6853.56,49688.3,MXN,,C00013,E00007
D4E99A65-022B-7E76-AC3C-BE3402B53D3D,recibida,A,9006,2025-06-23,2025-06-23,JPY870826UGV,Soldadura Industrial SA de CV,TIN091214KL3,Talleres Industriales del Norte SA de CV,G03,03,PPD,30102000,Tubo estructural,141.0,1147.95,161860.5,25897.68,187758.18,MXN,PO00252,S00010,E00002
1C684DB0-0D33-3496-E352-85395D2E7B90,recibida,A,50294,2025-06-23,2025-06-24,LJA880717NNC,Ferretera Monterrey S de RL de CV,TIN091214KL3,Talleres Industriales del Norte SA de CV,G03,03,PPD,40141600,Válvulas neumáticas,173.0,247.98,42900,6864.0,49764.0,MXN,PO00396,S00039,E00002
1F6D5768-677F-7C73-FD9B-FAF3D8125123,emitida,F,1429,2025-06-23,2025-06-23,TIN091214KL3,Talleres Industriales del Norte SA de CV,IHL120323PQ0,Construcciones Hernández SA de CV,G01,03,PPD,23271800,Fabricación de estructura,1.0,112094.86,112094.86,17935.18,130030.04,MXN,,C00009,E00007
AE5A5F99-F1BB-5D9B-7499-BB6B9AFDD464,recibida,A,19415,2025-06-23,2025-06-24,JMK241214132,Electrónica Industrial S de RL de CV,TIN091214KL3,Talleres Industriales del Norte SA de CV,G03,03,PUE,40141600,Bandas industriales,67.0,1119.4,75000,12000.0,87000.0,MXN,PO00424,S00009,E00002
DF2E37E7-C4FC-BB84-24AE-FBEA53CC6B95,recibida,A,12978,2025-06-24,2025-06-26,FNI920522YRY,Hidráulica Apodaca SAPI de CV,TIN091214KL3,Talleres Industriales del Norte SA de CV,G03,03,PUE,40141600,Sellos hidráulicos,199.0,1021.46,203269.9,32523.18,235793.08,MXN,PO00433,S00027,E00002
5B7C57E8-FDF0-2450-585B-4B176D9B1EB1,emitida,F,1445,2025-06-24,2025-06-24,TIN091214KL3,Talleres Industriales del Norte SA de CV,ZZR890918KKF,Grupo López SAPI de CV,G01,03,PPD,23271800,Corte y doblez,1.0,177006.42,177006.42,28321.03,205327.45,MXN,,C00001,E00007
54BBBCF8-28FE-A761-8D49-FE3F2CA8F783,recibida,A,73480,2025-06-25,2025-06-26,UWP921026BTX,Electrónica Regiomontana SAPI de CV,TIN091214KL3,Talleres Industriales del Norte SA de CV,G03,03,PPD,40141600,Bandas industriales,133.0,147.45,19610.5,3137.68,22748.18,MXN,PO00170,S00025,E00002
E2ED8686-B334-22CB-9A3F-0AD169A9AFF9,recibida,A,98197,2025-06-25,2025-06-27,BGD030823RBW,Ferretera de México SAPI de CV,TIN091214KL3,Talleres Industriales del Norte SA de CV,G03,03,PPD,30102000,Placa de acero A36,36.0,5863.27,211077.8,33772.45,244850.25,MXN,PO00264,S00003,E00002
081FEC82-CA9A-CF77-B26A-51A576B40672,recibida,A,43386,2025-06-25,2025-06-25,ZWS100912DOJ,Refacciones Regiomontana S de RL de CV,TIN091214KL3,Talleres Industriales del Norte SA de CV,G03,03,PUE,80101500,Capacitación,1.0,29687.8,29687.8,4750.05,34437.85,MXN,PO00226,S00037,E00002
D5B211A9-9DEC-2B83-3885-8F7E2F1A25A8,recibida,A,33227,2025-06-26,2025-06-26,WWH110626S3K,Grupo Monterrey S de RL de CV,TIN091214KL3,Talleres Industriales del Norte SA de CV,G03,03,PUE,30102000,Placa de acero A36,42.0,251.19,10549.9,1687.98,12237.88,MXN,PO00206,S00035,E00002
ADA59CB2-882A-E449-B5B7-1C24785CA87B,recibida,A,69942,2025-06-26,2025-06-27,LJA880717NNC,Ferretera Monterrey S de RL de CV,TIN091214KL3,Talleres Industriales del Norte SA de CV,G03,03,PPD,40141600,Válvulas neumáticas,32.0,971.87,31099.9,4975.98,36075.88,MXN,PO00420,S00039,E00002
390239D9-FA8D-AE42-BA54-E9202099D180,recibida,A,555,2025-06-30,2025-06-30,MXU951103KXW,Refacciones Apodaca S de RL de CV,TIN091214KL3,Talleres Industriales del Norte SA de CV,G03,03,PPD,31161500,Guantes de carnaza,136.0,250.51,34069.9,5451.18,39521.08,MXN,PO00198,S00032,E00002
9FA4A627-D306-08BE-8548-867BAD5CBA24,recibida,A,52155,2025-06-30,2025-07-02,DBU231227UKE,Grupo Nuevo León SAPI de CV,TIN091214KL3,Talleres Industriales del Norte SA de CV,G03,03,PUE,40141600,Motor eléctrico 5HP,78.0,401.03,31280.5,5004.88,36285.38,MXN,PO00414,S00002,E00002
290C4414-8DF5-0B01-DC4D-B762EA1AF7D2,recibida,A,9127,2025-06-30,2025-07-02,DGN090812Y08,Herramientas Monterrey SA de CV,TIN091214KL3,Talleres Industriales del Norte SA de CV,G03,03,PUE,31161500,Brocas HSS,154.0,332.65,51227.8,8196.45,59424.25,MXN,PO00089,S00019,E00002
A033EDAD-0FDF-DE19-CFD8-35FC469FF562,recibida,A,33874,2025-06-30,2025-07-01,BTN8908152SD,Servicios Guadalupe S de RL de CV,TIN091214KL3,Talleres Industriales del Norte SA de CV,G03,03,PUE,40141600,Bandas industriales,129.0,834.98,107712.4,17233.98,124946.38,MXN,PO00140,S00001,E00002
CBF85149-B6DA-99CD-D14B-256C67DB0943,recibida,A,14122,2025-06-30,2025-07-01,ILK110504O8G,Metálica San Nicolás SA de CV,TIN091214KL3,Talleres Industriales del Norte SA de CV,G03,03,PUE,30102000,Barra redonda 1018,27.0,5538.91,149550.5,23928.08,173478.58,MXN,PO00380,S00040,E00002
7122D7A0-D129-72D3-2396-6B835CD14B22,emitida,F,1409,2025-06-30,2025-06-30,TIN091214KL3,Talleres Industriales del Norte SA de CV,MAQ03062825L,Envases Rodríguez SAPI de CV,G01,03,PPD,23271800,Soldadura industrial,1.0,152166.45,152166.45,24346.63,176513.08,MXN,,C00015,E00007
CFA28FB8-4199-322E-3BA5-81263FF69F41,recibida,A,39461,2025-07-02,2025-07-02,FQZ88060892H,Industrias Nuevo León SA de CV,TIN091214KL3,Talleres Industriales del Norte SA de CV,G03,03,PPD,30102000,Tubo estructural,150.0,247.48,37122.4,5939.58,43061.98,MXN,PO00418,S00012,E00002
FCCE5213-6789-9D92-F33C-4C369A690CAD,emitida,F,1431,2025-07-02,2025-07-02,TIN091214KL3,Talleres Industriales del Norte SA de CV,DLJ130219ENL,Grupo Martínez SAPI de CV,G01,03,PPD,23271800,Corte y doblez,1.0,211297.46,211297.46,33807.59,245105.05,MXN,,C00014,E00007
EAECF4E0-E819-09CE-0DD7-CAC28A1055C5,recibida,A,87263,2025-07-02,2025-07-02,OEF190714EHM,Promotora Comercial Chapa SA de CV,TIN091214KL3,Talleres Industriales del Norte SA de CV,G03,03,PUE,80101500,Promoción y desarrollo de mercado,1.0,300000.0,300000,48000.0,348000.0,MXN,PO00049,S00021,E00002
57BCAD3A-D0A1-7FE8-5F64-2A5317CBA85D,recibida,A,24069,2025-07-03,2025-07-03,ZLV900812OLD,Transportes Apodaca SAPI de CV,TIN091214KL3,Talleres Industriales del Norte SA de CV,G03,03,PPD,31161500,Brocas HSS,188.0,1055.21,198379.9,31740.78,230120.68,MXN,PO00173,S00022,E00002
0AF57E60-3BE8-A5DF-5E93-4DE043ACE875,recibida,A,87732,2025-07-03,2025-07-03,WWH110626S3K,Grupo Monterrey S de RL de CV,TIN091214KL3,Talleres Industriales del Norte SA de CV,G03,03,PPD,30102000,Placa de acero A36,17.0,405.16,6887.8,1102.05,7989.85,MXN,PO00373,S00035,E00002
2CD51392-D98F-5E83-CF5B-294DD2CC4853,recibida,A,54501,2025-07-03,2025-07-03,COL040206DTB,Neumática Regiomontana SAPI de CV,TIN091214KL3,Talleres Industriales del Norte SA de CV,G03,03,PUE,80101500,Estudio de mercado,1.0,200000.0,200000,32000.0,232000.0,MXN,PO00065,S00020,E00002
1A57F9E4-C5F8-E2F8-414F-499428457780,recibida,A,75323,2025-07-04,2025-07-06,WGM241113MRL,Distribuidora Industrial S de RL de CV,TIN091214KL3,Talleres Industriales del Norte SA de CV,G03,03,PUE,31161500,Electrodos 6013,95.0,151.89,14429.9,2308.78,16738.68,MXN,PO00225,S00031,E00002
4E336644-C657-20AE-5BD6-7D4D7202FAE5,recibida,A,63928,2025-07-04,2025-07-06,WWH110626S3K,Grupo Monterrey S de RL de CV,TIN091214KL3,Talleres Industriales del Norte SA de CV,G03,03,PUE,30102000,Perfil PTR 2x2,119.0,74.22,8832.4,1413.18,10245.58,MXN,PO00326,S00035,E00002
0C78947B-5B21-C9F0-F485-2088E97FB025,emitida,F,1401,2025-07-04,2025-07-04,TIN091214KL3,Talleres Industriales del Norte SA de CV,TJB001222W10,Grupo Montemayor S de RL de CV,G01,03,PPD,23271800,Soldadura industrial,1.0,191025.04,191025.04,30564.01,221589.05,MXN,,C00011,E00007
05E9F407-DAAD-A0B1-2F13-2A6D2AD55C0B,recibida,A,16489,2025-07-07,2025-07-09,LIP121209QK9,Aceros Apodaca S de RL de CV,TIN091214KL3,Talleres Industriales del Norte SA de CV,G03,03,PUE,40141600,Motor eléctrico 5HP,106.0,1639.15,173749.9,27799.98,201549.88,MXN,PO00238,S00013,E00002
236E9007-3468-0B6E-C609-0B78B5971E43,recibida,A,43999,2025-07-07,2025-07-07,LJA880717NNC,Ferretera Monterrey S de RL de CV,TIN091214KL3,Talleres Industriales del Norte SA de CV,G03,03,PUE,40141600,Rodamientos SKF,144.0,135.14,19459.9,3113.58,22573.48,MXN,PO00003,S00039,E00002
08D16094-B6E3-B91B-3777-D8232D8D7DB8,recibida,A,88579,2025-07-07,2025-07-09,EOK870428F5T,Gestoría y Enlace San Nicolás S de RL de CV,TIN091214KL3,Talleres Industriales del Norte SA de CV,G03,03,PUE,80101500,Servicios de gestión y enlace comercial,1.0,96000.0,96000,15360.0,111360.0,MXN,PO00331,S00004,E00002
227197CA-7887-73ED-4AF7-15B7109EFB40,recibida,A,16093,2025-07-08,2025-07-10,FNI920522YRY,Hidráulica Apodaca SAPI de CV,TIN091214KL3,Talleres Industriales del Norte SA de CV,G03,03,PPD,40141600,Motor eléctrico 5HP,141.0,1409.86,198790,31806.4,230596.4,MXN,PO00355,S00027,E00002
BB3607B0-BAED-6F49-245F-D841147F0413,recibida,A,69097,2025-07-08,2025-07-09,DFP890325WQU,Soldadura de México SAPI de CV,TIN091214KL3,Talleres Industriales del Norte SA de CV,G03,03,PPD,80131500,Renta de montacargas,1.0,8417.8,8417.8,1346.85,9764.65,MXN,PO00097,S00005,E00002
D5AD86BC-F1DB-9AD8-6098-0B94E05B1892,emitida,F,1489,2025-07-08,2025-07-08,TIN091214KL3,Talleres Industriales del Norte SA de CV,IVN2105163NY,Grupo Salinas SAPI de CV,G01,03,PPD,23271800,Fabricación de estructura,1.0,105480.13,105480.13,16876.82,122356.95,MXN,,C00019,E00007
B49B4B72-C631-9C16-5827-BC1D93E0F235,recibida,A,52283,2025-07-09,2025-07-11,DZI910804SQ0,Pinturas San Nicolás S de RL de CV,TIN091214KL3,Talleres Industriales del Norte SA de CV,G03,03,PUE,30102000,Tubo estructural,79.0,120.23,9497.8,1519.65,11017.45,MXN,PO00306,S00034,E00002
FAB1996A-2192-5613-9247-E8512E0D3860,recibida,A,75583,2025-07-10,2025-07-12,LIP121209QK9,Aceros Apodaca S de RL de CV,TIN091214KL3,Talleres Industriales del Norte SA de CV,G03,03,PUE,40141600,Sellos hidráulicos,116.0,942.83,109367.8,17498.85,126866.65,MXN,PO00358,S00013,E00002
EFFA2002-3040-413C-4690-FB1527B608DC,recibida,A,95130,2025-07-14,2025-07-14,MXU951103KXW,Refacciones Apodaca S de RL de CV,TIN091214KL3,Talleres Industriales del Norte SA de CV,G03,03,PUE,31161500,Guantes de carnaza,89.0,1046.75,93160.5,14905.68,108066.18,MXN,PO00286,S00032,E00002
48D0E602-FA4F-FBA8-C437-6D895A4EB9F3,emitida,F,1443,2025-07-14,2025-07-14,TIN091214KL3,Talleres Industriales del Norte SA de CV,DLJ130219ENL,Grupo Martínez SAPI de CV,G01,03,PPD,23271800,Soldadura industrial,1.0,262098.28,262098.28,41935.72,304034.0,MXN,,C00014,E00007
A1396D49-713E-9035-2EFC-D60C5256CD59,emitida,F,1574,2025-07-14,2025-07-14,TIN091214KL3,Talleres Industriales del Norte SA de CV,PZS930606W5L,Comercializadora Hernández SAPI de CV,G01,03,PPD,23271800,Fabricación de estructura (lote especial),1.0,253448.28,253448.28,40551.72,294000.0,MXN,,C00005,E00007
12B3C5EB-4198-0029-98E1-D54CBC715183,emitida,F,1499,2025-07-16,2025-07-16,TIN091214KL3,Talleres Industriales del Norte SA de CV,YCA050705OHS,Autopartes Martínez SAPI de CV,G01,03,PPD,23271800,Maquinado de piezas,1.0,295043.14,295043.14,47206.9,342250.04,MXN,,C00017,E00007
59EA4936-60F3-4EBC-E1BB-B8CD7E3A9F07,recibida,A,71668,2025-07-17,2025-07-18,OSD160228AKR,Aceros Santa Catarina SA de CV,TIN091214KL3,Talleres Industriales del Norte SA de CV,G03,03,PUE,30102000,Placa de acero A36,106.0,1147.72,121657.8,19465.25,141123.05,MXN,PO00188,S00008,E00002
1CF14654-2AB2-02C2-CC02-43C6E2D903C8,recibida,A,17468,2025-07-17,2025-07-19,ZLV900812OLD,Transportes Apodaca SAPI de CV,TIN091214KL3,Talleres Industriales del Norte SA de CV,G03,03,PUE,31161500,Guantes de carnaza,167.0,981.66,163937.8,26230.05,190167.85,MXN,PO00235,S00022,E00002
798E175F-EFB5-6207-DDEC-C40BAFE3AF13,recibida,A,75166,2025-07-18,2025-07-18,HQP910421HXF,Neumática Apodaca S de RL de CV,TIN091214KL3,Talleres Industriales del Norte SA de CV,G03,03,PPD,80101500,Asesoría fiscal,1.0,92787.8,92787.8,14846.05,107633.85,MXN,PO00178,S00006,E00002
FAC08FC4-6B2D-9CCC-6279-403CE1A2CFE7,recibida,A,79922,2025-07-18,2025-07-20,BGD030823RBW,Ferretera de México SAPI de CV,TIN091214KL3,Talleres Industriales del Norte SA de CV,G03,03,PUE,30102000,Tubo estructural,130.0,1219.69,158559.9,25369.58,183929.48,MXN,PO00374,S00003,E00002
7FE4A42E-3DB7-88A6-1CDC-C4C262C965B2,recibida,A,83734,2025-07-21,2025-07-23,WGM241113MRL,Distribuidora Industrial S de RL de CV,TIN091214KL3,Talleres Industriales del Norte SA de CV,G03,03,PUE,31161500,Electrodos 6013,127.0,192.2,24410,3905.6,28315.6,MXN,PO00253,S00031,E00002
6C412493-EF7C-EF26-3C66-7012BE741860,emitida,F,1471,2025-07-21,2025-07-21,TIN091214KL3,Talleres Industriales del Norte SA de CV,MNM040801DOQ,Construcciones Elizondo SA de CV,G01,03,PPD,23271800,Fabricación de estructura,1.0,330102.98,330102.98,52816.48,382919.46,MXN,,C00003,E00007
D9750F00-D5AB-A8AE-9112-FBC03D8F95F4,recibida,A,51107,2025-07-23,2025-07-25,LAI101206479,Grupo Guadalupe SA de CV,TIN091214KL3,Talleres Industriales del Norte SA de CV,G03,03,PPD,31161500,Electrodos 6013,145.0,1407.33,204062.4,32649.98,236712.38,MXN,PO00417,S00033,E00002
032A461A-DF9B-7C1F-EACB-1F6D7549C9F9,recibida,A,91904,2025-07-23,2025-07-25,HQP910421HXF,Neumática Apodaca S de RL de CV,TIN091214KL3,Talleres Industriales del Norte SA de CV,G03,03,PPD,80101500,Asesoría fiscal,1.0,70382.4,70382.4,11261.18,81643.58,MXN,PO00423,S00006,E00002
161D5C87-53C9-FE59-4F89-E3B2D847DC53,recibida,A,72594,2025-07-25,2025-07-26,WGM241113MRL,Distribuidora Industrial S de RL de CV,TIN091214KL3,Talleres Industriales del Norte SA de CV,G03,03,PUE,31161500,Brocas HSS,199.0,75.01,14927.8,2388.45,17316.25,MXN,PO00212,S00031,E00002
812FAA38-96F6-1C09-059C-1BA0BBEC721D,recibida,A,22249,2025-07-28,2025-07-28,ZLV900812OLD,Transportes Apodaca SAPI de CV,TIN091214KL3,Talleres Industriales del Norte SA de CV,G03,03,PPD,31161500,Electrodos 6013,55.0,931.1,51210.5,8193.68,59404.18,MXN,PO00029,S00022,E00002
9AAD10CE-CAB2-4F24-1744-EE3FD36EC1BD,recibida,A,81242,2025-07-28,2025-07-30,BGD030823RBW,Ferretera de México SAPI de CV,TIN091214KL3,Talleres Industriales del Norte SA de CV,G03,03,PPD,30102000,Barra redonda 1018,1.0,117369.9,117369.9,18779.18,136149.08,MXN,PO00363,S00003,E00002
1287E313-8F02-6C2C-1B41-49998198D1F5,recibida,A,66051,2025-07-28,2025-07-29,CZT910806Y6B,Servicios Escobedo SAPI de CV,TIN091214KL3,Talleres Industriales del Norte SA de CV,G03,03,PPD,31161500,Electrodos 6013,105.0,344.4,36162.4,5785.98,41948.38,MXN,PO00118,S00014,E00002
0274CE40-E090-16B6-B186-A5A8D6EE526B,recibida,A,44011,2025-07-29,2025-07-29,WGM241113MRL,Distribuidora Industrial S de RL de CV,TIN091214KL3,Talleres Industriales del Norte SA de CV,G03,03,PPD,31161500,Brocas HSS,163.0,80.37,13099.9,2095.98,15195.88,MXN,PO00048,S00031,E00002
DE4B061E-B45E-9463-032A-09E05071E5F0,recibida,A,88957,2025-07-30,2025-08-01,ZLV900812OLD,Transportes Apodaca SAPI de CV,TIN091214KL3,Talleres Industriales del Norte SA de CV,G03,03,PUE,31161500,Brocas HSS,168.0,726.43,122040,19526.4,141566.4,MXN,PO00390,S00022,E00002
41A67C90-291C-0DA1-A563-0D3A497BC13B,emitida,F,1462,2025-07-31,2025-07-31,TIN091214KL3,Talleres Industriales del Norte SA de CV,BBL150807MF5,Grupo Salinas S de RL de CV,G01,03,PPD,23271800,Fabricación de estructura,1.0,136096.51,136096.51,21775.44,157871.95,MXN,,C00018,E00007
F08CE6C2-F6FF-3521-C225-0530952A5345,recibida,A,13233,2025-08-01,2025-08-01,HQP910421HXF,Neumática Apodaca S de RL de CV,TIN091214KL3,Talleres Industriales del Norte SA de CV,G03,03,PUE,80101500,Asesoría fiscal,1.0,36669.9,36669.9,5867.18,42537.08,MXN,PO00227,S00006,E00002
A8909E31-7517-5F39-7354-44FBE44A0371,recibida,A,77342,2025-08-01,2025-08-03,BGD030823RBW,Ferretera de México SAPI de CV,TIN091214KL3,Talleres Industriales del Norte SA de CV,G03,03,PUE,30102000,Lámina de acero cal. 14,198.0,282.37,55909.9,8945.58,64855.48,MXN,PO00216,S00003,E00002
A9D049DC-369E-5AF8-E226-49EE38A06FFE,recibida,A,43600,2025-08-01,2025-08-02,WWH110626S3K,Grupo Monterrey S de RL de CV,TIN091214KL3,Talleres Industriales del Norte SA de CV,G03,03,PPD,30102000,Lámina de acero cal. 14,90.0,193.75,17437.8,2790.05,20227.85,MXN,PO00310,S00035,E00002
C0AC1C00-AF8E-26B2-6CFB-F1736B4D3D1A,recibida,A,52970,2025-08-01,2025-08-03,IHV020423VE4,Metálica Santa Catarina SA de CV,TIN091214KL3,Talleres Industriales del Norte SA de CV,G03,03,PPD,80101500,Consultoría estratégica,1.0,150000.0,150000,24000.0,174000.0,MXN,PO00095,S00030,E00002
8085C147-1E91-0F36-5F70-5B2592502E59,recibida,A,88354,2025-08-04,2025-08-04,WGM241113MRL,Distribuidora Industrial S de RL de CV,TIN091214KL3,Talleres Industriales del Norte SA de CV,G03,03,PUE,31161500,Brocas HSS,20.0,2524.12,50482.4,8077.18,58559.58,MXN,PO00149,S00031,E00002
D2EFA93B-E9D6-BB7E-361D-B014711456DE,recibida,A,53468,2025-08-04,2025-08-06,HQP910421HXF,Neumática Apodaca S de RL de CV,TIN091214KL3,Talleres Industriales del Norte SA de CV,G03,03,PPD,80101500,Consultoría de procesos,1.0,74820.0,74820,11971.2,86791.2,MXN,PO00265,S00006,E00002
E1228E75-4719-8F5C-F69B-D5963F10938C,emitida,F,1474,2025-08-05,2025-08-05,TIN091214KL3,Talleres Industriales del Norte SA de CV,MNM040801DOQ,Construcciones Elizondo SA de CV,G01,03,PPD,23271800,Fabricación de estructura,1.0,210947.48,210947.48,33751.6,244699.08,MXN,,C00003,E00007
290C42F8-D30B-EF65-19B3-8619D1FB55B1,emitida,F,1482,2025-08-05,2025-08-05,TIN091214KL3,Talleres Industriales del Norte SA de CV,BNT021022VED,Construcciones Quintanilla S de RL de CV,G01,03,PPD,23271800,Soldadura industrial,1.0,355634.04,355634.04,56901.45,412535.49,MXN,,C00010,E00007
A174A785-6F21-90CB-2FB5-04019D267076,emitida,F,1525,2025-08-05,2025-08-05,TIN091214KL3,Talleres Industriales del Norte SA de CV,ONS8703145G7,Manufacturas López SAPI de CV,G01,03,PPD,23271800,Corte y doblez,1.0,331957.97,331957.97,53113.28,385071.25,MXN,,C00016,E00007
BAF9706D-802D-DCC4-DC95-6E3103491B41,recibida,A,95172,2025-08-05,2025-08-06,JMK241214132,Electrónica Industrial S de RL de CV,TIN091214KL3,Talleres Industriales del Norte SA de CV,G03,03,PPD,40141600,Bandas industriales,2.0,25000.0,50000,8000.0,58000.0,MXN,PO00382,S00009,E00002
8720D00F-1263-01A0-641C-B619643058D9,recibida,A,95357,2025-08-05,2025-08-06,DGQ240803D6V,Ferretera San Nicolás SA de CV,TIN091214KL3,Talleres Industriales del Norte SA de CV,G03,01,PPD,31161500,Brocas HSS,194.0,7.97,1545.69,247.31,1793.0,MXN,PO00141,S00011,E00002
C2EBBAA2-1CE3-70ED-6857-07AC3A40FE39,emitida,F,1421,2025-08-06,2025-08-06,TIN091214KL3,Talleres Industriales del Norte SA de CV,IHL120323PQ0,Construcciones Hernández SA de CV,G01,03,PPD,23271800,Soldadura industrial,1.0,117138.64,117138.64,18742.18,135880.82,MXN,,C00009,E00007
EAD44E11-1397-A29F-8D0D-F6F60C37EB80,emitida,F,1529,2025-08-07,2025-08-07,TIN091214KL3,Talleres Industriales del Norte SA de CV,QSB920810FY7,Envases García S de RL de CV,G01,03,PPD,23271800,Maquinado de piezas,1.0,146373.39,146373.39,23419.74,169793.13,MXN,,C00008,E00007
8C1C8B05-5677-1F36-4899-8E5FD40E53CE,recibida,A,75850,2025-08-08,2025-08-08,WGM241113MRL,Distribuidora Industrial S de RL de CV,TIN091214KL3,Talleres Industriales del Norte SA de CV,G03,03,PPD,31161500,Brocas HSS,83.0,562.38,46677.8,7468.45,54146.25,MXN,PO00009,S00031,E00002
5F8392D5-BB0C-7919-330C-CFF588A5FA0D,recibida,A,1945,2025-08-08,2025-08-09,ZLV900812OLD,Transportes Apodaca SAPI de CV,TIN091214KL3,Talleres Industriales del Norte SA de CV,G03,03,PUE,31161500,Discos de corte,10.0,21021.78,210217.8,33634.85,243852.65,MXN,PO00031,S00022,E00002
CD6C78DD-D74F-9844-E50E-A3EC11D1E7D5,emitida,F,1425,2025-08-08,2025-08-08,TIN091214KL3,Talleres Industriales del Norte SA de CV,IHL120323PQ0,Construcciones Hernández SA de CV,G01,03,PPD,23271800,Corte y doblez,1.0,107962.59,107962.59,17274.01,125236.6,MXN,,C00009,E00007
B27B7BB4-68C6-90B2-30A2-CEE8F9722CC1,recibida,A,72728,2025-08-11,2025-08-13,OSD160228AKR,Aceros Santa Catarina SA de CV,TIN091214KL3,Talleres Industriales del Norte SA de CV,G03,03,PPD,30102000,Tubo estructural,53.0,1403.58,74390,11902.4,86292.4,MXN,PO00112,S00008,E00002
9249EE3A-79D1-9C4E-1521-AD35560F1E2D,recibida,A,97789,2025-08-11,2025-08-11,BTN8908152SD,Servicios Guadalupe S de RL de CV,TIN091214KL3,Talleres Industriales del Norte SA de CV,G03,03,PPD,40141600,Bandas industriales,34.0,2844.64,96717.8,15474.85,112192.65,MXN,PO00287,S00001,E00002
AB6B3F08-A9A0-F4EF-2C4F-54163C749C16,recibida,A,10309,2025-08-11,2025-08-13,ILK110504O8G,Metálica San Nicolás SA de CV,TIN091214KL3,Talleres Industriales del Norte SA de CV,G03,03,PPD,30102000,Barra redonda 1018,178.0,805.07,143302.4,22928.38,166230.78,MXN,PO00372,S00040,E00002
C3963BF9-7CC9-D887-639A-C771B739A28A,emitida,F,1440,2025-08-11,2025-08-11,TIN091214KL3,Talleres Industriales del Norte SA de CV,DLJ130219ENL,Grupo Martínez SAPI de CV,G01,03,PPD,23271800,Maquinado de piezas,1.0,88415.77,88415.77,14146.52,102562.29,MXN,,C00014,E00007
D45FF4DB-9CE9-1544-4362-262DE07EE721,emitida,F,1506,2025-08-11,2025-08-11,TIN091214KL3,Talleres Industriales del Norte SA de CV,YCA050705OHS,Autopartes Martínez SAPI de CV,G01,03,PPD,23271800,Soldadura industrial,1.0,141853.18,141853.18,22696.51,164549.69,MXN,,C00017,E00007
0367EE2C-1DDE-A07D-651A-6277017F319F,emitida,F,1535,2025-08-11,2025-08-11,TIN091214KL3,Talleres Industriales del Norte SA de CV,QSB920810FY7,Envases García S de RL de CV,G01,03,PPD,23271800,Fabricación de estructura,1.0,232375.36,232375.36,37180.06,269555.42,MXN,,C00008,E00007
22EB69B1-5F9C-B7E0-6328-143E2D9563ED,recibida,A,60096,2025-08-12,2025-08-14,ZUX97062289Q,Maquinados Apodaca SA de CV,TIN091214KL3,Talleres Industriales del Norte SA de CV,G03,03,PUE,80131500,Servicio de energía,1.0,4919.9,4919.9,787.18,5707.08,MXN,PO00439,S00029,E00002
7DC42F12-FE9B-D0E1-BCA3-765350C76BAA,emitida,F,1507,2025-08-12,2025-08-12,TIN091214KL3,Talleres Industriales del Norte SA de CV,HYZ031207YRR,Autopartes Villarreal SAPI de CV,G01,03,PPD,23271800,Fabricación de estructura,1.0,361361.85,361361.85,57817.9,419179.75,MXN,,C00007,E00007
78202426-3134-1AB8-B9E8-D78149BB1313,emitida,F,1548,2025-08-12,2025-08-12,TIN091214KL3,Talleres Industriales del Norte SA de CV,LSC21020236H,Envases López SAPI de CV,G01,03,PPD,23271800,Soldadura industrial,1.0,47490.49,47490.49,7598.48,55088.97,MXN,,C00013,E00007
A4F954FC-C449-21B6-CFEF-7811E124C3F2,emitida,F,1480,2025-08-13,2025-08-13,TIN091214KL3,Talleres Industriales del Norte SA de CV,MNM040801DOQ,Construcciones Elizondo SA de CV,G01,03,PPD,23271800,Corte y doblez,1.0,267286.97,267286.97,42765.92,310052.89,MXN,,C00003,E00007
809BD813-4F13-823B-51F4-A72499503858,recibida,A,90356,2025-08-14,2025-08-14,BNW120625NY2,Rodríguez y Asociados SC,TIN091214KL3,Talleres Industriales del Norte SA de CV,G03,03,PPD,80101500,Honorarios — litigio mercantil exp. 412/2025,1.0,380000.0,380000,60800.0,440800.0,MXN,PO00228,S00036,E00001
85695F97-180D-C855-C55F-FDE8BC3E1D19,recibida,A,87394,2025-08-15,2025-08-15,DGN090812Y08,Herramientas Monterrey SA de CV,TIN091214KL3,Talleres Industriales del Norte SA de CV,G03,03,PPD,31161500,Electrodos 6013,118.0,379.32,44760,7161.6,51921.6,MXN,PO00142,S00019,E00002
44C07A9A-D64A-CB1F-39EB-038A436E3C49,recibida,A,74056,2025-08-18,2025-08-18,HQP910421HXF,Neumática Apodaca S de RL de CV,TIN091214KL3,Talleres Industriales del Norte SA de CV,G03,03,PUE,80101500,Servicios de limpieza,1.0,27787.8,27787.8,4446.05,32233.85,MXN,PO00249,S00006,E00002
0AECCEC7-204D-B9DA-3156-7F2ACEF74829,recibida,A,55592,2025-08-18,2025-08-18,HQP910421HXF,Neumática Apodaca S de RL de CV,TIN091214KL3,Talleres Industriales del Norte SA de CV,G03,03,PPD,80101500,Consultoría de procesos,1.0,38520.5,38520.5,6163.28,44683.78,MXN,PO00280,S00006,E00002
B1F81AD9-349B-5089-2733-5670B3ADA2BA,recibida,A,89981,2025-08-18,2025-08-20,ZLV900812OLD,Transportes Apodaca SAPI de CV,TIN091214KL3,Talleres Industriales del Norte SA de CV,G03,03,PUE,31161500,Brocas HSS,122.0,917.87,111979.9,17916.78,129896.68,MXN,PO00168,S00022,E00002
6090103C-1E8D-F8AD-838B-77ADBC2E2B59,recibida,A,5426,2025-08-18,2025-08-19,BGD030823RBW,Ferretera de México SAPI de CV,TIN091214KL3,Talleres Industriales del Norte SA de CV,G03,03,PPD,30102000,Placa de acero A36,45.0,1729.11,77810,12449.6,90259.6,MXN,PO00241,S00003,E00002
2514C7CE-F4E3-5F7B-A1B7-E3D876B874D3,recibida,A,22064,2025-08-18,2025-08-20,LIP121209QK9,Aceros Apodaca S de RL de CV,TIN091214KL3,Talleres Industriales del Norte SA de CV,G03,03,PPD,40141600,Válvulas neumáticas,74.0,2668.89,197497.8,31599.65,229097.45,MXN,PO00412,S00013,E00002
EAEF2EC2-18EC-DE2B-0A80-2167F4B3F20E,recibida,A,69737,2025-08-18,2025-08-20,JPY870826UGV,Soldadura Industrial SA de CV,TIN091214KL3,Talleres Industriales del Norte SA de CV,G03,03,PPD,30102000,Barra redonda 1018,175.0,641.1,112192.4,17950.78,130143.18,MXN,PO00268,S00010,E00002
178976DE-9E90-D107-0611-3BFE08B6F61D,recibida,A,7555,2025-08-18,2025-08-20,JPY870826UGV,Soldadura Industrial SA de CV,TIN091214KL3,Talleres Industriales del Norte SA de CV,G03,03,PUE,30102000,Tubo estructural,50.0,2141.25,107062.4,17129.98,124192.38,MXN,PO00296,S00010,E00002
E5FBC1C0-AD46-3549-BF41-13CB32E15F17,recibida,A,42788,2025-08-18,2025-08-18,ZUX97062289Q,Maquinados Apodaca SA de CV,TIN091214KL3,Talleres Industriales del Norte SA de CV,G03,03,PUE,80131500,Servicio de energía,1.0,9852.4,9852.4,1576.38,11428.78,MXN,PO00045,S00029,E00002
CD4F2875-DF2D-DF20-05A4-3113101D759E,recibida,A,30551,2025-08-18,2025-08-20,LJA880717NNC,Ferretera Monterrey S de RL de CV,TIN091214KL3,Talleres Industriales del Norte SA de CV,G03,03,PPD,40141600,Sellos hidráulicos,49.0,877.14,42980,6876.8,49856.8,MXN,PO00061,S00039,E00002
F8698E93-BA5E-4066-CE40-924A29EE29F4,recibida,A,55652,2025-08-18,2025-08-20,DGQ240803D6V,Ferretera San Nicolás SA de CV,TIN091214KL3,Talleres Industriales del Norte SA de CV,G03,03,PPD,31161500,Guantes de carnaza,74.0,292.0,21607.8,3457.25,25065.05,MXN,PO00431,S00011,E00002
99AFEE64-9024-8225-44BB-10E079F7F38C,emitida,F,1524,2025-08-18,2025-08-18,TIN091214KL3,Talleres Industriales del Norte SA de CV,ONS8703145G7,Manufacturas López SAPI de CV,G01,03,PPD,23271800,Corte y doblez,1.0,358748.69,358748.69,57399.79,416148.48,MXN,,C00016,E00007
88EAE7D4-1E49-4952-AC5D-4E5763B664F4,recibida,A,873,2025-08-19,2025-08-21,WWH110626S3K,Grupo Monterrey S de RL de CV,TIN091214KL3,Talleres Industriales del Norte SA de CV,G03,03,PUE,30102000,Tubo estructural,5.0,3853.56,19267.8,3082.85,22350.65,MXN,PO00109,S00035,E00002
09360F02-75AC-0819-714B-5C03605797CF,emitida,F,1438,2025-08-19,2025-08-19,TIN091214KL3,Talleres Industriales del Norte SA de CV,DLJ130219ENL,Grupo Martínez SAPI de CV,G01,03,PPD,23271800,Maquinado de piezas,1.0,153241.31,153241.31,24518.61,177759.92,MXN,,C00014,E00007
1ACF42C5-F3A0-2120-42D9-43EE51976E75,recibida,A,9825,2025-08-20,2025-08-21,OSD160228AKR,Aceros Santa Catarina SA de CV,TIN091214KL3,Talleres Industriales del Norte SA de CV,G03,03,PUE,30102000,Tubo estructural,6.0,10063.33,60380,9660.8,70040.8,MXN,PO00379,S00008,E00002
F6E5203C-A237-9E6F-D473-45345AEA6352,recibida,A,38370,2025-08-20,2025-08-22,BGD030823RBW,Ferretera de México SAPI de CV,TIN091214KL3,Talleres Industriales del Norte SA de CV,G03,03,PPD,30102000,Lámina de acero cal. 14,88.0,763.19,67160.5,10745.68,77906.18,MXN,PO00160,S00003,E00002
9883E9B1-48D3-D2CE-FBA3-091F08DFAAF8,recibida,A,2236,2025-08-20,2025-08-22,FQZ88060892H,Industrias Nuevo León SA de CV,TIN091214KL3,Talleres Industriales del Norte SA de CV,G03,03,PUE,30102000,Lámina de acero cal. 14,186.0,331.33,61627.8,9860.45,71488.25,MXN,PO00145,S00012,E00002
E8292E3B-BBFC-5DC1-FFF4-46B9BB468C13,emitida,F,1518,2025-08-20,2025-08-20,TIN091214KL3,Talleres Industriales del Norte SA de CV,YSD241219IB6,Autopartes Quintanilla S de RL de CV,G01,03,PPD,23271800,Fabricación de estructura,1.0,156969.57,156969.57,25115.13,182084.7,MXN,,C00004,E00007
043D72DB-1BCB-404C-21D8-B96A62ADA157,recibida,A,26622,2025-08-21,2025-08-23,DZI910804SQ0,Pinturas San Nicolás S de RL de CV,TIN091214KL3,Talleres Industriales del Norte SA de CV,G03,03,PPD,30102000,Placa de acero A36,97.0,101.86,9880,1580.8,11460.8,MXN,PO00371,S00034,E00002
1D39E9C2-1758-4F23-1FA0-9802BBB71494,recibida,A,92666,2025-08-21,2025-08-22,DBY200622EMX,Suministros Regiomontana S de RL de CV,TIN091214KL3,Talleres Industriales del Norte SA de CV,G03,03,PPD,30102000,Placa de acero A36,184.0,42.95,7902.4,1264.38,9166.78,MXN,PO00127,S00041,E00002
01B158E9-0406-FF44-7CE4-0679A8C6DBC0,recibida,A,69858,2025-08-22,2025-08-24,IXC940413YZC,Industrias Apodaca SA de CV,TIN091214KL3,Talleres Industriales del Norte SA de CV,G03,03,PPD,31161500,Solvente industrial,124.0,223.95,27769.9,4443.18,32213.08,MXN,PO00254,S00042,E00002
04F718C8-5215-B503-3012-F8197DF37378,recibida,A,20042,2025-08-22,2025-08-22,ZWS100912DOJ,Refacciones Regiomontana S de RL de CV,TIN091214KL3,Talleres Industriales del Norte SA de CV,G03,03,PUE,80101500,Asesoría fiscal,1.0,37952.4,37952.4,6072.38,44024.78,MXN,PO00104,S00037,E00002
FB8986C8-C7EC-FE71-D493-47FC0FC98D2E,recibida,A,29235,2025-08-25,2025-08-25,PMN121218LZJ,Servicios San Nicolás SAPI de CV,TIN091214KL3,Talleres Industriales del Norte SA de CV,G03,03,PUE,30102000,Lámina de acero cal. 14,4.0,16280.12,65120.5,10419.28,75539.78,MXN,PO00313,S00017,E00002
2D445AF8-FC94-76B1-A18B-5D1555273407,recibida,A,41179,2025-08-25,2025-08-27,ZLV900812OLD,Transportes Apodaca SAPI de CV,TIN091214KL3,Talleres Industriales del Norte SA de CV,G03,03,PUE,31161500,Discos de corte,125.0,576.48,72060.5,11529.68,83590.18,MXN,PO00077,S00022,E00002
407D0AFF-CB51-A911-2D90-E4EE0DE4833E,recibida,A,73249,2025-08-25,2025-08-25,WWH110626S3K,Grupo Monterrey S de RL de CV,TIN091214KL3,Talleres Industriales del Norte SA de CV,G03,03,PUE,30102000,Lámina de acero cal. 14,19.0,1107.89,21050,3368.0,24418.0,MXN,PO00318,S00035,E00002
5564D1D3-4E0F-BAE1-8787-C3F4EC19E4EB,recibida,A,64316,2025-08-25,2025-08-26,BTN8908152SD,Servicios Guadalupe S de RL de CV,TIN091214KL3,Talleres Industriales del Norte SA de CV,G03,03,PUE,40141600,Rodamientos SKF,64.0,2221.88,142200,22752.0,164952.0,MXN,PO00075,S00001,E00002
38EFA3BC-9457-F388-6F2A-EC8A53C9AACB,recibida,A,77664,2025-08-25,2025-08-25,LJA880717NNC,Ferretera Monterrey S de RL de CV,TIN091214KL3,Talleres Industriales del Norte SA de CV,G03,03,PUE,40141600,Bandas industriales,64.0,371.37,23767.8,3802.85,27570.65,MXN,PO00066,S00039,E00002
DFCB821B-237C-DB55-C596-FAB776B90472,recibida,A,92261,2025-08-25,2025-08-26,LJA880717NNC,Ferretera Monterrey S de RL de CV,TIN091214KL3,Talleres Industriales del Norte SA de CV,G03,03,PUE,40141600,Rodamientos SKF,117.0,411.37,48129.9,7700.78,55830.68,MXN,PO00161,S00039,E00002
EC6494E0-2198-6E3C-D19F-CF311DD73F1F,emitida,F,1408,2025-08-25,2025-08-25,TIN091214KL3,Talleres Industriales del Norte SA de CV,MAQ03062825L,Envases Rodríguez SAPI de CV,G01,03,PPD,23271800,Maquinado de piezas,1.0,369771.22,369771.22,59163.4,428934.62,MXN,,C00015,E00007
BE86F5D0-F73E-EB07-A860-25BFDE68666D,emitida,F,1536,2025-08-25,2025-08-25,TIN091214KL3,Talleres Industriales del Norte SA de CV,QSB920810FY7,Envases García S de RL de CV,G01,03,PPD,23271800,Corte y doblez,1.0,289050.24,289050.24,46248.04,335298.28,MXN,,C00008,E00007
71A91C81-4EEE-5680-B0BA-8FE363FF910D,recibida,A,6970,2025-08-25,2025-08-27,EOK870428F5T,Gestoría y Enlace San Nicolás S de RL de CV,TIN091214KL3,Talleres Industriales del Norte SA de CV,G03,03,PUE,80101500,Servicios de gestión y enlace comercial,1.0,48000.0,48000,7680.0,55680.0,MXN,PO00248,S00004,E00002
5C7AE8EF-C324-5E35-7EED-CC6522CB2720,emitida,F,1422,2025-08-27,2025-08-27,TIN091214KL3,Talleres Industriales del Norte SA de CV,IHL120323PQ0,Construcciones Hernández SA de CV,G01,03,PPD,23271800,Soldadura industrial,1.0,79713.82,79713.82,12754.21,92468.03,MXN,,C00009,E00007
6ED47A6D-87C9-DAAC-B5D3-4F2F513BB65C,emitida,F,1504,2025-08-28,2025-08-28,TIN091214KL3,Talleres Industriales del Norte SA de CV,YCA050705OHS,Autopartes Martínez SAPI de CV,G01,03,PPD,23271800,Fabricación de estructura,1.0,87491.03,87491.03,13998.56,101489.59,MXN,,C00017,E00007
54B58635-3DAB-1614-5215-0ED87DDCA413,recibida,A,36558,2025-08-29,2025-08-29,BGD030823RBW,Ferretera de México SAPI de CV,TIN091214KL3,Talleres Industriales del Norte SA de CV,G03,03,PUE,30102000,Lámina de acero cal. 14,193.0,990.21,191110.5,30577.68,221688.18,MXN,PO00058,S00003,E00002
CF4994E0-7AB1-6533-64F2-2A7C87F797FA,recibida,A,91411,2025-08-29,2025-08-29,LJA880717NNC,Ferretera Monterrey S de RL de CV,TIN091214KL3,Talleres Industriales del Norte SA de CV,G03,03,PPD,40141600,Rodamientos SKF,109.0,393.67,42909.9,6865.58,49775.48,MXN,PO00021,S00039,E00002
3DBC3093-A828-4442-3F73-8F5019A2676F,recibida,A,35034,2025-09-01,2025-09-03,OSD160228AKR,Aceros Santa Catarina SA de CV,TIN091214KL3,Talleres Industriales del Norte SA de CV,G03,03,PUE,30102000,Placa de acero A36,41.0,3342.44,137039.9,21926.38,158966.28,MXN,PO00133,S00008,E00002
BFBBEAB3-4237-8962-E4FD-6C34D6707A21,recibida,A,90389,2025-09-01,2025-09-01,DBU231227UKE,Grupo Nuevo León SAPI de CV,TIN091214KL3,Talleres Industriales del Norte SA de CV,G03,03,PPD,40141600,Sellos hidráulicos,42.0,872.91,36662.4,5865.98,42528.38,MXN,PO00175,S00002,E00002
17DB4C2F-1E15-8E2F-C09C-2EBE80DA2ED7,recibida,A,63308,2025-09-01,2025-09-03,DZI910804SQ0,Pinturas San Nicolás S de RL de CV,TIN091214KL3,Talleres Industriales del Norte SA de CV,G03,03,PUE,30102000,Lámina de acero cal. 14,137.0,97.81,13399.9,2143.98,15543.88,MXN,PO00059,S00034,E00002
D707CB6D-5C3B-D3B5-ECAA-DAFBD7E4527A,recibida,A,54787,2025-09-01,2025-09-01,DFP890325WQU,Soldadura de México SAPI de CV,TIN091214KL3,Talleres Industriales del Norte SA de CV,G03,03,PPD,80131500,Servicio de energía,1.0,9019.9,9019.9,1443.18,10463.08,MXN,PO00309,S00005,E00002
A538C6A7-0565-1E80-4EE4-5227D2450039,emitida,F,1475,2025-09-01,2025-09-01,TIN091214KL3,Talleres Industriales del Norte SA de CV,MNM040801DOQ,Construcciones Elizondo SA de CV,G01,03,PPD,23271800,Maquinado de piezas,1.0,297641.64,297641.64,47622.66,345264.3,MXN,,C00003,E00007
E724B119-AF2F-32A7-20B6-D43CFBF3A106,emitida,F,1528,2025-09-02,2025-09-02,TIN091214KL3,Talleres Industriales del Norte SA de CV,ELG960124MKY,Autopartes Hernández S de RL de CV,G01,03,PPD,23271800,Soldadura industrial,1.0,148141.57,148141.57,23702.65,171844.22,MXN,,C00002,E00007
606FFA15-F76C-432E-B442-8CDE4A9F6C5C,recibida,A,7808,2025-09-02,2025-09-03,DGQ240803D6V,Ferretera San Nicolás SA de CV,TIN091214KL3,Talleres Industriales del Norte SA de CV,G03,01,PUE,31161500,Electrodos 6013,127.0,11.77,1494.18,239.07,1733.25,MXN,PO00335,S00011,E00002
E2789642-A484-E035-330F-AAA36B52F93C,recibida,A,69019,2025-09-03,2025-09-03,OSD160228AKR,Aceros Santa Catarina SA de CV,TIN091214KL3,Talleres Industriales del Norte SA de CV,G03,03,PUE,30102000,Perfil PTR 2x2,36.0,1618.12,58252.4,9320.38,67572.78,MXN,PO00239,S00008,E00002
E75182A4-F481-38B5-6395-09C4119A7396,recibida,A,27163,2025-09-03,2025-09-03,COL040206DTB,Neumática Regiomontana SAPI de CV,TIN091214KL3,Talleres Industriales del Norte SA de CV,G03,03,PUE,80101500,Estudio de mercado,1.0,200000.0,200000,32000.0,232000.0,MXN,PO00366,S00020,E00002
13BC0DC6-3AE0-ACDB-2A65-24AF709D338B,recibida,A,67541,2025-09-04,2025-09-06,DZI910804SQ0,Pinturas San Nicolás S de RL de CV,TIN091214KL3,Talleres Industriales del Norte SA de CV,G03,03,PPD,30102000,Barra redonda 1018,36.0,365.0,13140,2102.4,15242.4,MXN,PO00081,S00034,E00002
86DC4E34-A9DC-FE52-E7F2-418A953FCFD4,recibida,A,5799,2025-09-05,2025-09-06,BTN8908152SD,Servicios Guadalupe S de RL de CV,TIN091214KL3,Talleres Industriales del Norte SA de CV,G03,03,PUE,40141600,Rodamientos SKF,97.0,1573.92,152670.5,24427.28,177097.78,MXN,PO00436,S00001,E00002
AA055442-A284-E8FD-755C-EE2AF8DED777,recibida,A,91495,2025-09-08,2025-09-09,WGM241113MRL,Distribuidora Industrial S de RL de CV,TIN091214KL3,Talleres Industriales del Norte SA de CV,G03,03,PUE,31161500,Discos de corte,188.0,136.97,25750,4120.0,29870.0,MXN,PO00361,S00031,E00002
2F546033-6334-FA2A-8B4B-D7E7A4515AE0,recibida,A,48730,2025-09-08,2025-09-09,HQP910421HXF,Neumática Apodaca S de RL de CV,TIN091214KL3,Talleres Industriales del Norte SA de CV,G03,03,PPD,80101500,Servicio de mantenimiento,1.0,99182.4,99182.4,15869.18,115051.58,MXN,PO00317,S00006,E00002
E7D90C1B-A59C-AEED-6C09-72046FA6681C,emitida,F,1464,2025-09-08,2025-09-08,TIN091214KL3,Talleres Industriales del Norte SA de CV,BBL150807MF5,Grupo Salinas S de RL de CV,G01,03,PPD,23271800,Maquinado de piezas,1.0,241537.0,241537.0,38645.92,280182.92,MXN,,C00018,E00007
ADBD2E33-EF6E-9295-9C8A-F485B98050A6,emitida,F,1545,2025-09-08,2025-09-08,TIN091214KL3,Talleres Industriales del Norte SA de CV,LSC21020236H,Envases López SAPI de CV,G01,03,PPD,23271800,Corte y doblez,1.0,224808.06,224808.06,35969.29,260777.35,MXN,,C00013,E00007
AE8E6075-5EEB-C618-5628-27686DF0AC3C,recibida,A,45067,2025-09-08,2025-09-09,SZC9707063JK,Refacciones San Nicolás S de RL de CV,TIN091214KL3,Talleres Industriales del Norte SA de CV,G03,03,PUE,31161500,Brocas HSS,155.0,87.56,13571.71,2171.47,15743.18,MXN,PO00343,S00007,E00002
BE64AC2A-F966-71A5-4CEC-495B226716E3,recibida,A,58179,2025-09-09,2025-09-10,HQP910421HXF,Neumática Apodaca S de RL de CV,TIN091214KL3,Talleres Industriales del Norte SA de CV,G03,03,PPD,80101500,Consultoría de procesos,1.0,96090.0,96090,15374.4,111464.4,MXN,PO00005,S00006,E00002
6AB62DBF-8663-E8BB-6AF7-895BB241CFD3,recibida,A,85889,2025-09-09,2025-09-10,SZC9707063JK,Refacciones San Nicolás S de RL de CV,TIN091214KL3,Talleres Industriales del Norte SA de CV,G03,03,PPD,31161500,Discos de corte,199.0,30.28,6025.26,964.04,6989.3,MXN,PO00294,S00007,E00002
1FA7CDDF-25E6-D919-DDEB-CD5CB8427379,emitida,F,1511,2025-09-10,2025-09-10,TIN091214KL3,Talleres Industriales del Norte SA de CV,HYZ031207YRR,Autopartes Villarreal SAPI de CV,G01,03,PPD,23271800,Soldadura industrial,1.0,80496.72,80496.72,12879.48,93376.2,MXN,,C00007,E00007
4F70B88B-F06C-69D9-9339-304B9A8CB3D7,recibida,A,77103,2025-09-10,2025-09-10,COL040206DTB,Neumática Regiomontana SAPI de CV,TIN091214KL3,Talleres Industriales del Norte SA de CV,G03,03,PPD,80101500,Consultoría estratégica,1.0,200000.0,200000,32000.0,232000.0,MXN,PO00033,S00020,E00002
6883AC6E-6A94-4054-B241-4482519894D8,recibida,A,19658,2025-09-11,2025-09-12,YNB000215EQT,Aceros Regiomontana S de RL de CV,TIN091214KL3,Talleres Industriales del Norte SA de CV,G03,03,PPD,30102000,Perfil PTR 2x2,135.0,51.8,6992.4,1118.78,8111.18,MXN,PO00440,S00015,E00002
999F0691-34E4-20BF-DB38-F3066E6A3D5B,emitida,F,1495,2025-09-11,2025-09-11,TIN091214KL3,Talleres Industriales del Norte SA de CV,YCA050705OHS,Autopartes Martínez SAPI de CV,G01,03,PPD,23271800,Fabricación de estructura,1.0,177546.47,177546.47,28407.44,205953.91,MXN,,C00017,E00007
8F942977-B582-EF0C-FD23-36F45B44E6ED,emitida,F,1510,2025-09-11,2025-09-11,TIN091214KL3,Talleres Industriales del Norte SA de CV,HYZ031207YRR,Autopartes Villarreal SAPI de CV,G01,03,PPD,23271800,Corte y doblez,1.0,54685.02,54685.02,8749.6,63434.62,MXN,,C00007,E00007
0AE4AC11-EB4D-8F42-8735-70A2E5110961,recibida,A,30215,2025-09-15,2025-09-15,LAI101206479,Grupo Guadalupe SA de CV,TIN091214KL3,Talleres Industriales del Norte SA de CV,G03,03,PPD,31161500,Solvente industrial,25.0,7601.3,190032.4,30405.18,220437.58,MXN,PO00330,S00033,E00002
65339CF0-7CE4-770E-32B7-3D808F2E08D3,recibida,A,85591,2025-09-15,2025-09-17,BTN8908152SD,Servicios Guadalupe S de RL de CV,TIN091214KL3,Talleres Industriales del Norte SA de CV,G03,03,PUE,40141600,Bandas industriales,124.0,975.73,120990.5,19358.48,140348.98,MXN,PO00054,S00001,E00002
736D417C-52CE-55E3-69DF-05C764A0053F,recibida,A,3365,2025-09-15,2025-09-15,DBY200622EMX,Suministros Regiomontana S de RL de CV,TIN091214KL3,Talleres Industriales del Norte SA de CV,G03,03,PPD,30102000,Barra redonda 1018,35.0,242.28,8479.9,1356.78,9836.68,MXN,PO00040,S00041,E00002
3C52D68A-8EC6-1BE5-012B-809E6B358D15,recibida,A,25253,2025-09-15,2025-09-15,YMF930303K2S,Aceros de México S de RL de CV,TIN091214KL3,Talleres Industriales del Norte SA de CV,G03,03,PUE,31161500,Brocas HSS,90.0,111.67,10050,1608.0,11658.0,MXN,PO00044,S00023,E00002
8BD03267-BD0E-01CE-F85B-C2D301196E6D,recibida,A,66607,2025-09-15,2025-09-16,DGQ240803D6V,Ferretera San Nicolás SA de CV,TIN091214KL3,Talleres Industriales del Norte SA de CV,G03,03,PPD,31161500,Brocas HSS,40.0,554.44,22177.8,3548.45,25726.25,MXN,PO00403,S00011,E00002
97F971D5-94F8-9E6C-C416-C07CB6A787B1,emitida,F,1430,2025-09-15,2025-09-15,TIN091214KL3,Talleres Industriales del Norte SA de CV,DLJ130219ENL,Grupo Martínez SAPI de CV,G01,03,PPD,23271800,Soldadura industrial,1.0,140266.6,140266.6,22442.66,162709.26,MXN,,C00014,E00007
9AC60306-61F4-3C2B-2DD9-3719F8D9BF33,emitida,F,1434,2025-09-15,2025-09-15,TIN091214KL3,Talleres Industriales del Norte SA de CV,DLJ130219ENL,Grupo Martínez SAPI de CV,G01,03,PPD,23271800,Soldadura industrial,1.0,284118.68,284118.68,45458.99,329577.67,MXN,,C00014,E00007
F0278488-BE01-5802-D2EB-A277F64D4DE0,emitida,F,1458,2025-09-15,2025-09-15,TIN091214KL3,Talleres Industriales del Norte SA de CV,QPC951019FXZ,Envases Villarreal SA de CV,G01,03,PPD,23271800,Corte y doblez,1.0,116663.01,116663.01,18666.08,135329.09,MXN,,C00012,E00007
B39E4DF2-5C0A-1FEB-F7EA-E66ECA6CAF9B,recibida,A,70473,2025-09-17,2025-09-19,UWP921026BTX,Electrónica Regiomontana SAPI de CV,TIN091214KL3,Talleres Industriales del Norte SA de CV,G03,03,PUE,40141600,Válvulas neumáticas,10.0,2542.78,25427.8,4068.45,29496.25,MXN,PO00258,S00025,E00002
6CBDD931-2F90-0058-39CA-28265AF56A23,recibida,A,79342,2025-09-18,2025-09-18,DFP890325WQU,Soldadura de México SAPI de CV,TIN091214KL3,Talleres Industriales del Norte SA de CV,G03,03,PPD,80131500,Servicio de energía,1.0,14947.8,14947.8,2391.65,17339.45,MXN,PO00352,S00005,E00002
BC547D54-6C8D-E840-ED30-555662A53193,recibida,A,32447,2025-09-18,2025-09-18,JMK241214132,Electrónica Industrial S de RL de CV,TIN091214KL3,Talleres Industriales del Norte SA de CV,G03,03,PPD,40141600,Rodamientos SKF,167.0,449.1,75000,12000.0,87000.0,MXN,PO00246,S00009,E00002
FA2FBD74-FD19-35CC-74ED-A60E3B2D520B,recibida,A,38900,2025-09-19,2025-09-20,ZLV900812OLD,Transportes Apodaca SAPI de CV,TIN091214KL3,Talleres Industriales del Norte SA de CV,G03,03,PPD,31161500,Brocas HSS,165.0,367.33,60610,9697.6,70307.6,MXN,PO00224,S00022,E00002
C9C1AD45-F4EA-6B97-6AA4-15B56336C815,recibida,A,89903,2025-09-19,2025-09-20,BGD030823RBW,Ferretera de México SAPI de CV,TIN091214KL3,Talleres Industriales del Norte SA de CV,G03,03,PUE,30102000,Lámina de acero cal. 14,98.0,1834.41,179772.4,28763.58,208535.98,MXN,PO00158,S00003,E00002
2BBF1E35-C4AC-B57D-0B3D-6DC9616F760A,recibida,A,44034,2025-09-19,2025-09-21,DBY200622EMX,Suministros Regiomontana S de RL de CV,TIN091214KL3,Talleres Industriales del Norte SA de CV,G03,03,PUE,30102000,Perfil PTR 2x2,141.0,133.69,18850.5,3016.08,21866.58,MXN,PO00014,S00041,E00002
4FA5C35E-10CC-4604-28B2-6B1BCA9F1D59,recibida,A,93104,2025-09-22,2025-09-24,HQP910421HXF,Neumática Apodaca S de RL de CV,TIN091214KL3,Talleres Industriales del Norte SA de CV,G03,03,PPD,80101500,Asesoría fiscal,1.0,96840.0,96840,15494.4,112334.4,MXN,PO00370,S00006,E00002
F5E8A7E1-5A58-9B67-6BC7-B63554DE19CD,recibida,A,38716,2025-09-22,2025-09-23,DFP890325WQU,Soldadura de México SAPI de CV,TIN091214KL3,Talleres Industriales del Norte SA de CV,G03,03,PUE,80131500,Renta de montacargas,1.0,25129.9,25129.9,4020.78,29150.68,MXN,PO00023,S00005,E00002
29B05B37-4271-0779-D864-465A047DD583,emitida,F,1399,2025-09-22,2025-09-22,TIN091214KL3,Talleres Industriales del Norte SA de CV,TJB001222W10,Grupo Montemayor S de RL de CV,G01,03,PPD,23271800,Maquinado de piezas,1.0,303864.62,303864.62,48618.34,352482.96,MXN,,C00011,E00007
A5C9CF20-3967-26AA-AD2B-2C8276A990F1,emitida,F,1526,2025-09-22,2025-09-22,TIN091214KL3,Talleres Industriales del Norte SA de CV,ELG960124MKY,Autopartes Hernández S de RL de CV,G01,03,PPD,23271800,Fabricación de estructura,1.0,163028.15,163028.15,26084.5,189112.65,MXN,,C00002,E00007
F66C7331-A172-2EE3-C3E1-847C8420E0D8,recibida,A,6561,2025-09-23,2025-09-23,DBY200622EMX,Suministros Regiomontana S de RL de CV,TIN091214KL3,Talleres Industriales del Norte SA de CV,G03,03,PPD,30102000,Barra redonda 1018,100.0,173.0,17300,2768.0,20068.0,MXN,PO00362,S00041,E00002
65125D2E-24B3-BC8E-1E85-0F8015C2F297,emitida,F,1427,2025-09-25,2025-09-25,TIN091214KL3,Talleres Industriales del Norte SA de CV,IHL120323PQ0,Construcciones Hernández SA de CV,G01,03,PPD,23271800,Corte y doblez,1.0,277077.37,277077.37,44332.38,321409.75,MXN,,C00009,E00007
FCCE3EF8-A41B-C4C2-4ECC-B0AB7D5338CA,recibida,A,77210,2025-09-25,2025-09-25,JMK241214132,Electrónica Industrial S de RL de CV,TIN091214KL3,Talleres Industriales del Norte SA de CV,G03,03,PPD,40141600,Sellos hidráulicos,99.0,757.58,75000,12000.0,87000.0,MXN,PO00356,S00009,E00002
3362D476-D53A-E57F-E00B-D5343158F1FB,recibida,A,7653,2025-09-26,2025-09-26,HQP910421HXF,Neumática Apodaca S de RL de CV,TIN091214KL3,Talleres Industriales del Norte SA de CV,G03,03,PUE,80101500,Consultoría de procesos,1.0,97860.0,97860,15657.6,113517.6,MXN,PO00320,S00006,E00002
2875D40A-EAC7-DC2E-9099-A283EEDB0CE5,recibida,A,41714,2025-09-26,2025-09-26,SJP030817VDZ,Suministros Monterrey S de RL de CV,TIN091214KL3,Talleres Industriales del Norte SA de CV,G03,03,PUE,31161500,Electrodos 6013,168.0,597.84,100437.8,16070.05,116507.85,MXN,PO00046,S00038,E00002
67F1698C-F594-8A54-5F80-4EEB143A9AFF,recibida,A,60261,2025-09-29,2025-10-01,LAI101206479,Grupo Guadalupe SA de CV,TIN091214KL3,Talleres Industriales del Norte SA de CV,G03,03,PUE,31161500,Brocas HSS,102.0,886.49,90422.4,14467.58,104889.98,MXN,PO00155,S00033,E00002
277664D0-D25C-7D37-EF16-D03B987593C3,recibida,A,65104,2025-09-29,2025-09-30,JPY870826UGV,Soldadura Industrial SA de CV,TIN091214KL3,Talleres Industriales del Norte SA de CV,G03,03,PPD,30102000,Lámina de acero cal. 14,38.0,5074.54,192832.4,30853.18,223685.58,MXN,PO00389,S00010,E00002
C4359252-319D-D940-838C-C13713AAE9C8,emitida,F,1402,2025-09-29,2025-09-29,TIN091214KL3,Talleres Industriales del Norte SA de CV,TJB001222W10,Grupo Montemayor S de RL de CV,G01,03,PPD,23271800,Fabricación de estructura,1.0,270020.75,270020.75,43203.32,313224.07,MXN,,C00011,E00007
D3C724E8-7426-32D7-EDA4-13C6EB8466E4,emitida,F,1493,2025-09-29,2025-09-29,TIN091214KL3,Talleres Industriales del Norte SA de CV,YCA050705OHS,Autopartes Martínez SAPI de CV,G01,03,PPD,23271800,Corte y doblez,1.0,196657.14,196657.14,31465.14,228122.28,MXN,,C00017,E00007
77DD362B-4A6B-836B-157F-108B86514886,emitida,F,1527,2025-09-29,2025-09-29,TIN091214KL3,Talleres Industriales del Norte SA de CV,ELG960124MKY,Autopartes Hernández S de RL de CV,G01,03,PPD,23271800,Corte y doblez,1.0,266641.45,266641.45,42662.63,309304.08,MXN,,C00002,E00007
A8AC1AB1-AFA9-D02C-9E4C-4BE773B0E73D,recibida,A,62385,2025-09-29,2025-10-01,SZC9707063JK,Refacciones San Nicolás S de RL de CV,TIN091214KL3,Talleres Industriales del Norte SA de CV,G03,03,PPD,31161500,Electrodos 6013,95.0,110.23,10471.48,1675.44,12146.92,MXN,PO00251,S00007,E00002
774C0AFA-7F4D-908C-E1FF-F6C08347F1DA,recibida,A,13024,2025-10-01,2025-10-03,IXC940413YZC,Industrias Apodaca SA de CV,TIN091214KL3,Talleres Industriales del Norte SA de CV,G03,03,PPD,31161500,Brocas HSS,93.0,422.18,39262.4,6281.98,45544.38,MXN,PO00292,S00042,E00002
D73418FE-2B84-3EF3-D86D-655D4CD99164,recibida,A,86294,2025-10-01,2025-10-03,ZLV900812OLD,Transportes Apodaca SAPI de CV,TIN091214KL3,Talleres Industriales del Norte SA de CV,G03,03,PUE,31161500,Brocas HSS,130.0,1194.44,155277.8,24844.45,180122.25,MXN,PO00055,S00022,E00002
BFB0942C-AC77-7762-6620-516717CF775F,recibida,A,44925,2025-10-02,2025-10-02,LIP121209QK9,Aceros Apodaca S de RL de CV,TIN091214KL3,Talleres Industriales del Norte SA de CV,G03,03,PUE,40141600,Bandas industriales,74.0,670.84,49642.4,7942.78,57585.18,MXN,PO00156,S00013,E00002
FE67E8E9-0A88-E6CA-1DEE-4B6D3CE75D1E,recibida,A,41600,2025-10-02,2025-10-04,DGQ240803D6V,Ferretera San Nicolás SA de CV,TIN091214KL3,Talleres Industriales del Norte SA de CV,G03,03,PUE,31161500,Electrodos 6013,42.0,285.49,11990.5,1918.48,13908.98,MXN,PO00064,S00011,E00002
83B0B35C-DBA6-FDF8-F3D0-4FFB44709848,recibida,A,89137,2025-10-03,2025-10-03,UWP921026BTX,Electrónica Regiomontana SAPI de CV,TIN091214KL3,Talleres Industriales del Norte SA de CV,G03,03,PUE,40141600,Sellos hidráulicos,147.0,64.98,9552.4,1528.38,11080.78,MXN,PO00247,S00025,E00002
902BD154-6088-5550-F74F-690071594914,recibida,A,63490,2025-10-03,2025-10-03,CZT910806Y6B,Servicios Escobedo SAPI de CV,TIN091214KL3,Talleres Industriales del Norte SA de CV,G03,03,PPD,31161500,Brocas HSS,178.0,259.83,46249.9,7399.98,53649.88,MXN,PO00340,S00014,E00002
D0D75E37-3BF2-025F-4A0D-2B73FE54EE4B,recibida,A,95981,2025-10-06,2025-10-08,YNB000215EQT,Aceros Regiomontana S de RL de CV,TIN091214KL3,Talleres Industriales del Norte SA de CV,G03,03,PPD,30102000,Placa de acero A36,129.0,81.86,10560,1689.6,12249.6,MXN,PO00185,S00015,E00002
2E0869C1-453B-45FE-636C-F4995254AAD3,recibida,A,3516,2025-10-06,2025-10-07,OSD160228AKR,Aceros Santa Catarina SA de CV,TIN091214KL3,Talleres Industriales del Norte SA de CV,G03,03,PUE,30102000,Barra redonda 1018,129.0,1389.86,179292.4,28686.78,207979.18,MXN,PO00125,S00008,E00002
FC40A3D4-E5EB-4549-7E0A-04C250BF2995,recibida,A,75403,2025-10-06,2025-10-07,LIP121209QK9,Aceros Apodaca S de RL de CV,TIN091214KL3,Talleres Industriales del Norte SA de CV,G03,03,PPD,40141600,Sellos hidráulicos,159.0,1314.33,208977.8,33436.45,242414.25,MXN,PO00200,S00013,E00002
CBEED3E3-1CD8-89E2-3197-91670D95EE72,recibida,A,19658,2025-10-06,2025-10-08,YMF930303K2S,Aceros de México S de RL de CV,TIN091214KL3,Talleres Industriales del Norte SA de CV,G03,03,PPD,31161500,Electrodos 6013,71.0,125.6,8917.8,1426.85,10344.65,MXN,PO00018,S00023,E00002
7FAC89FE-5FE0-C7C3-2336-D60B0F571D6B,recibida,A,38977,2025-10-06,2025-10-06,OEF190714EHM,Promotora Comercial Chapa SA de CV,TIN091214KL3,Talleres Industriales del Norte SA de CV,G03,03,PUE,80101500,Promoción y desarrollo de mercado,1.0,300000.0,300000,48000.0,348000.0,MXN,PO00304,S00021,E00002
6E2F1D3B-FD9F-45F4-0816-D739C3933447,emitida,F,1437,2025-10-07,2025-10-07,TIN091214KL3,Talleres Industriales del Norte SA de CV,DLJ130219ENL,Grupo Martínez SAPI de CV,G01,03,PPD,23271800,Maquinado de piezas,1.0,46361.34,46361.34,7417.81,53779.15,MXN,,C00014,E00007
ABF0263E-0343-8B64-00B3-700F3C088990,recibida,A,11765,2025-10-08,2025-10-08,ZLV900812OLD,Transportes Apodaca SAPI de CV,TIN091214KL3,Talleres Industriales del Norte SA de CV,G03,03,PPD,31161500,Guantes de carnaza,85.0,1545.77,131390.5,21022.48,152412.98,MXN,PO00165,S00022,E00002
1923CAFC-402D-105B-113E-AF84ABF39096,recibida,A,25975,2025-10-09,2025-10-11,WWH110626S3K,Grupo Monterrey S de RL de CV,TIN091214KL3,Talleres Industriales del Norte SA de CV,G03,03,PPD,30102000,Lámina de acero cal. 14,75.0,210.53,15789.9,2526.38,18316.28,MXN,PO00022,S00035,E00002
1752815C-BCBF-1583-0A01-75E5937D6FB1,recibida,A,37837,2025-10-10,2025-10-12,COL040206DTB,Neumática Regiomontana SAPI de CV,TIN091214KL3,Talleres Industriales del Norte SA de CV,G03,03,PPD,80101500,Servicios de asesoría integral,1.0,200000.0,200000,32000.0,232000.0,MXN,PO00051,S00020,E00002
991B749E-B9AD-D00A-EC64-8A9B3CF1C29E,emitida,F,1570,2025-10-10,2025-10-10,TIN091214KL3,Talleres Industriales del Norte SA de CV,PZS930606W5L,Comercializadora Hernández SAPI de CV,G01,03,PPD,23271800,Fabricación de estructura (lote especial),1.0,253448.28,253448.28,40551.72,294000.0,MXN,,C00005,E00007
D90F74E9-06DD-F6CA-B0C3-0A59F0F7AD22,recibida,A,86398,2025-10-13,2025-10-14,WGM241113MRL,Distribuidora Industrial S de RL de CV,TIN091214KL3,Talleres Industriales del Norte SA de CV,G03,03,PUE,31161500,Brocas HSS,200.0,186.7,37339.9,5974.38,43314.28,MXN,PO00346,S00031,E00002
586528E6-AFC5-C20E-4A63-6AF5B6E1E7AC,recibida,A,88229,2025-10-13,2025-10-13,BGD030823RBW,Ferretera de México SAPI de CV,TIN091214KL3,Talleres Industriales del Norte SA de CV,G03,03,PUE,30102000,Placa de acero A36,160.0,964.19,154270.5,24683.28,178953.78,MXN,PO00172,S00003,E00002
9927839B-11D1-CE50-67E2-189BF4B4C704,recibida,A,14353,2025-10-13,2025-10-15,ILK110504O8G,Metálica San Nicolás SA de CV,TIN091214KL3,Talleres Industriales del Norte SA de CV,G03,03,PPD,30102000,Placa de acero A36,79.0,815.79,64447.8,10311.65,74759.45,MXN,PO00143,S00040,E00002
A5CBBF6F-3D33-3164-4BB8-EBE25BC07988,recibida,A,11992,2025-10-13,2025-10-13,LJA880717NNC,Ferretera Monterrey S de RL de CV,TIN091214KL3,Talleres Industriales del Norte SA de CV,G03,03,PPD,40141600,Bandas industriales,34.0,1284.35,43667.8,6986.85,50654.65,MXN,PO00432,S00039,E00002
B4C04BDF-E27B-B6C4-4D94-5434C7859C05,emitida,F,1439,2025-10-13,2025-10-13,TIN091214KL3,Talleres Industriales del Norte SA de CV,DLJ130219ENL,Grupo Martínez SAPI de CV,G01,03,PPD,23271800,Fabricación de estructura,1.0,277387.97,277387.97,44382.08,321770.05,MXN,,C00014,E00007
38772265-102C-01A3-AB40-4598AE11D3C2,recibida,A,12761,2025-10-13,2025-10-15,EOK870428F5T,Gestoría y Enlace San Nicolás S de RL de CV,TIN091214KL3,Talleres Industriales del Norte SA de CV,G03,03,PUE,80101500,Servicios de gestión y enlace comercial,1.0,64000.0,64000,10240.0,74240.0,MXN,PO00093,S00004,E00002
F4BE28B4-4CD7-E6F7-433E-CD2C276E1D67,recibida,A,84058,2025-10-14,2025-10-16,DGQ240803D6V,Ferretera San Nicolás SA de CV,TIN091214KL3,Talleres Industriales del Norte SA de CV,G03,03,PPD,31161500,Discos de corte,1.0,21540.5,21540.5,3446.48,24986.98,MXN,PO00285,S00011,E00002
80F58B81-2B7C-5EE3-42A2-79502DEB5687,emitida,F,1503,2025-10-14,2025-10-14,TIN091214KL3,Talleres Industriales del Norte SA de CV,YCA050705OHS,Autopartes Martínez SAPI de CV,G01,03,PPD,23271800,Corte y doblez,1.0,54805.0,54805.0,8768.8,63573.8,MXN,,C00017,E00007
D703262F-B5CB-E3F5-6A66-C1847DE1BF5D,recibida,A,58276,2025-10-15,2025-10-16,UWP921026BTX,Electrónica Regiomontana SAPI de CV,TIN091214KL3,Talleres Industriales del Norte SA de CV,G03,03,PUE,40141600,Motor eléctrico 5HP,176.0,94.59,16647.8,2663.65,19311.45,MXN,PO00302,S00025,E00002
436D977B-6431-CBBE-0E44-C9DC81B61C87,emitida,F,1442,2025-10-15,2025-10-15,TIN091214KL3,Talleres Industriales del Norte SA de CV,DLJ130219ENL,Grupo Martínez SAPI de CV,G01,03,PPD,23271800,Corte y doblez,1.0,347566.53,347566.53,55610.64,403177.17,MXN,,C00014,E00007
7E4CE29F-F8CB-AB4C-9779-0E845E472E22,recibida,A,25714,2025-10-16,2025-10-18,WGM241113MRL,Distribuidora Industrial S de RL de CV,TIN091214KL3,Talleres Industriales del Norte SA de CV,G03,03,PUE,31161500,Electrodos 6013,119.0,378.57,45049.9,7207.98,52257.88,MXN,PO00344,S00031,E00002
B22A55A6-0539-1557-4441-22A56BD1F826,emitida,F,1448,2025-10-20,2025-10-20,TIN091214KL3,Talleres Industriales del Norte SA de CV,TVB051103QYM,Grupo Chapa S de RL de CV,G01,03,PPD,23271800,Corte y doblez,1.0,225313.54,225313.54,36050.17,261363.71,MXN,,C00006,E00007
7A9E8394-BB4C-CB14-1CC0-B764B06BEFCA,recibida,A,5353,2025-10-21,2025-10-21,DGQ240803D6V,Ferretera San Nicolás SA de CV,TIN091214KL3,Talleres Industriales del Norte SA de CV,G03,03,PUE,31161500,Guantes de carnaza,87.0,231.03,20099.9,3215.98,23315.88,MXN,PO00402,S00011,E00002
64976593-C92E-8C93-D105-C8D647C1C017,recibida,A,47943,2025-10-22,2025-10-22,FBY870108HAF,Pinturas del Norte SAPI de CV,TIN091214KL3,Talleres Industriales del Norte SA de CV,G03,03,PUE,78101800,Flete foráneo,1.0,179382.4,179382.4,28701.18,208083.58,MXN,PO00007,S00018,E00002
DBEAE9F8-E8FB-5A96-3B85-F6E1C40F5405,recibida,A,11086,2025-10-22,2025-10-23,DZI910804SQ0,Pinturas San Nicolás S de RL de CV,TIN091214KL3,Talleres Industriales del Norte SA de CV,G03,03,PPD,30102000,Tubo estructural,123.0,34.88,4290.5,686.48,4976.98,MXN,PO00314,S00034,E00002
31094211-B73F-6E64-378D-2F8D8761F9DA,emitida,F,1418,2025-10-24,2025-10-24,TIN091214KL3,Talleres Industriales del Norte SA de CV,MAQ03062825L,Envases Rodríguez SAPI de CV,G01,03,PPD,23271800,Soldadura industrial,1.0,314767.85,314767.85,50362.86,365130.71,MXN,,C00015,E00007
0979F5D3-4A70-3330-FFC0-31368DE6E6B3,emitida,F,1544,2025-10-24,2025-10-24,TIN091214KL3,Talleres Industriales del Norte SA de CV,LSC21020236H,Envases López SAPI de CV,G01,03,PPD,23271800,Corte y doblez,1.0,254502.24,254502.24,40720.36,295222.6,MXN,,C00013,E00007
1EE89A4C-6811-34E2-5064-7C59774F6354,recibida,A,70344,2025-10-27,2025-10-28,PMN121218LZJ,Servicios San Nicolás SAPI de CV,TIN091214KL3,Talleres Industriales del Norte SA de CV,G03,03,PUE,30102000,Placa de acero A36,116.0,571.64,66310,10609.6,76919.6,MXN,PO00230,S00017,E00002
013CA998-2B2B-F58C-6DA5-8DADF56AABC0,recibida,A,41153,2025-10-27,2025-10-27,WWH110626S3K,Grupo Monterrey S de RL de CV,TIN091214KL3,Talleres Industriales del Norte SA de CV,G03,03,PUE,30102000,Tubo estructural,81.0,114.81,9299.9,1487.98,10787.88,MXN,PO00148,S00035,E00002
E4DC4306-8B20-CE3E-42B7-C0488D3543BE,recibida,A,70836,2025-10-27,2025-10-28,WWH110626S3K,Grupo Monterrey S de RL de CV,TIN091214KL3,Talleres Industriales del Norte SA de CV,G03,03,PUE,30102000,Placa de acero A36,10.0,1825.99,18259.9,2921.58,21181.48,MXN,PO00435,S00035,E00002
5E85643C-0FFA-2366-4B4F-AFAFDA3DC780,recibida,A,72043,2025-10-27,2025-10-27,ILK110504O8G,Metálica San Nicolás SA de CV,TIN091214KL3,Talleres Industriales del Norte SA de CV,G03,03,PUE,30102000,Perfil PTR 2x2,33.0,1498.78,49459.9,7913.58,57373.48,MXN,PO00328,S00040,E00002
80E9B300-4471-9067-E5DE-F08E5A4B4FDB,recibida,A,89258,2025-10-27,2025-10-28,LJA880717NNC,Ferretera Monterrey S de RL de CV,TIN091214KL3,Talleres Industriales del Norte SA de CV,G03,03,PPD,40141600,Bandas industriales,83.0,585.43,48590.5,7774.48,56364.98,MXN,PO00419,S00039,E00002
C9E55C47-A237-A8C1-61F6-DFBE114B3C79,recibida,A,28985,2025-10-28,2025-10-30,CZT910806Y6B,Servicios Escobedo SAPI de CV,TIN091214KL3,Talleres Industriales del Norte SA de CV,G03,03,PUE,31161500,Discos de corte,67.0,719.97,48237.8,7718.05,55955.85,MXN,PO00336,S00014,E00002
9FB209B1-732F-C932-AB96-2697C1E1F813,emitida,F,1533,2025-10-28,2025-10-28,TIN091214KL3,Talleres Industriales del Norte SA de CV,QSB920810FY7,Envases García S de RL de CV,G01,03,PPD,23271800,Soldadura industrial,1.0,300674.09,300674.09,48107.85,348781.94,MXN,,C00008,E00007
34E50699-C8EB-E27A-23A4-E70E9DBC15C0,recibida,A,27224,2025-10-29,2025-10-29,UWP921026BTX,Electrónica Regiomontana SAPI de CV,TIN091214KL3,Talleres Industriales del Norte SA de CV,G03,03,PPD,40141600,Motor eléctrico 5HP,43.0,478.37,20569.9,3291.18,23861.08,MXN,PO00428,S00025,E00002
6593B659-172E-8C68-82AA-5C4680499BBF,recibida,A,47792,2025-10-29,2025-10-31,WWH110626S3K,Grupo Monterrey S de RL de CV,TIN091214KL3,Talleres Industriales del Norte SA de CV,G03,03,PUE,30102000,Placa de acero A36,119.0,179.94,21412.4,3425.98,24838.38,MXN,PO00399,S00035,E00002
2E4C16E2-1B79-9E6B-F52E-F4A6AC6C2E1B,emitida,F,1420,2025-10-29,2025-10-29,TIN091214KL3,Talleres Industriales del Norte SA de CV,IHL120323PQ0,Construcciones Hernández SA de CV,G01,03,PPD,23271800,Soldadura industrial,1.0,106645.28,106645.28,17063.24,123708.52,MXN,,C00009,E00007
5BCD236C-C777-4FAE-6137-58C39C7FACA6,recibida,A,80231,2025-10-30,2025-10-30,ZLV900812OLD,Transportes Apodaca SAPI de CV,TIN091214KL3,Talleres Industriales del Norte SA de CV,G03,03,PUE,31161500,Guantes de carnaza,47.0,2748.72,129189.9,20670.38,149860.28,MXN,PO00094,S00022,E00002
6241CBA3-7B7C-E7CC-F950-F7FA28B58DB5,recibida,A,8758,2025-10-30,2025-10-31,ILK110504O8G,Metálica San Nicolás SA de CV,TIN091214KL3,Talleres Industriales del Norte SA de CV,G03,03,PUE,30102000,Placa de acero A36,141.0,833.76,117559.9,18809.58,136369.48,MXN,PO00319,S00040,E00002
CF3EE4AA-594F-FD27-5DCD-0D40D6415102,emitida,F,1444,2025-10-30,2025-10-30,TIN091214KL3,Talleres Industriales del Norte SA de CV,ZZR890918KKF,Grupo López SAPI de CV,G01,03,PPD,23271800,Maquinado de piezas,1.0,56242.64,56242.64,8998.82,65241.46,MXN,,C00001,E00007
88B04B77-7FEB-4CF3-4EC7-7371A4B65CFA,recibida,A,58991,2025-10-31,2025-10-31,YMF930303K2S,Aceros de México S de RL de CV,TIN091214KL3,Talleres Industriales del Norte SA de CV,G03,03,PUE,31161500,Discos de corte,139.0,42.5,5907.8,945.25,6853.05,MXN,PO00337,S00023,E00002
88A613B4-A3B8-1F92-A3C9-0C6A86017633,recibida,A,40687,2025-11-03,2025-11-04,GTT9311046XL,Servicios Guadalupe S de RL de CV,TIN091214KL3,Talleres Industriales del Norte SA de CV,G03,03,PPD,80101500,Servicios de limpieza,1.0,15689.9,15689.9,2510.38,18200.28,MXN,PO00176,S00028,E00002
9E5F8273-AF9A-1168-1766-17957FFAB493,recibida,A,44457,2025-11-03,2025-11-05,DGN090812Y08,Herramientas Monterrey SA de CV,TIN091214KL3,Talleres Industriales del Norte SA de CV,G03,03,PUE,31161500,Electrodos 6013,41.0,902.93,37020,5923.2,42943.2,MXN,PO00174,S00019,E00002
94010DFE-7921-0C7C-A119-CEEE0FB91307,recibida,A,22261,2025-11-03,2025-11-05,DFP890325WQU,Soldadura de México SAPI de CV,TIN091214KL3,Talleres Industriales del Norte SA de CV,G03,03,PUE,80131500,Servicio de energía,1.0,21839.9,21839.9,3494.38,25334.28,MXN,PO00406,S00005,E00002
50F32AB5-DF58-6EFF-5296-5CF38B30BB4C,emitida,F,1403,2025-11-03,2025-11-03,TIN091214KL3,Talleres Industriales del Norte SA de CV,TJB001222W10,Grupo Montemayor S de RL de CV,G01,03,PPD,23271800,Soldadura industrial,1.0,310946.26,310946.26,49751.4,360697.66,MXN,,C00011,E00007
3D75E423-2D92-1DAB-4152-6BFF661B9738,emitida,F,1520,2025-11-05,2025-11-05,TIN091214KL3,Talleres Industriales del Norte SA de CV,YSD241219IB6,Autopartes Quintanilla S de RL de CV,G01,03,PPD,23271800,Corte y doblez,1.0,177300.73,177300.73,28368.12,205668.85,MXN,,C00004,E00007
A4C31AF7-514A-36BF-4733-4B73225F52AB,recibida,A,99779,2025-11-06,2025-11-06,OEF190714EHM,Promotora Comercial Chapa SA de CV,TIN091214KL3,Talleres Industriales del Norte SA de CV,G03,03,PPD,80101500,Promoción y desarrollo de mercado,1.0,450000.0,450000,72000.0,522000.0,MXN,PO00407,S00021,E00002
2488C84D-99D0-90FD-6928-043ED492B51A,recibida,A,76468,2025-11-07,2025-11-07,DZI910804SQ0,Pinturas San Nicolás S de RL de CV,TIN091214KL3,Talleres Industriales del Norte SA de CV,G03,03,PPD,30102000,Placa de acero A36,57.0,251.89,14357.8,2297.25,16655.05,MXN,PO00256,S00034,E00002
C571F9AB-4158-9D90-F504-4D156FB138C2,recibida,A,98610,2025-11-07,2025-11-09,JMK241214132,Electrónica Industrial S de RL de CV,TIN091214KL3,Talleres Industriales del Norte SA de CV,G03,03,PPD,40141600,Bandas industriales,196.0,255.1,50000,8000.0,58000.0,MXN,PO00441,S00009,E00002
13EB22C9-BECE-D21A-54C7-743B2401342A,recibida,A,31294,2025-11-10,2025-11-11,OSD160228AKR,Aceros Santa Catarina SA de CV,TIN091214KL3,Talleres Industriales del Norte SA de CV,G03,03,PPD,30102000,Lámina de acero cal. 14,128.0,665.7,85209.9,13633.58,98843.48,MXN,PO00385,S00008,E00002
A3FE0479-46C7-9B36-FD05-39635616AF7E,recibida,A,42716,2025-11-10,2025-11-11,ZLV900812OLD,Transportes Apodaca SAPI de CV,TIN091214KL3,Talleres Industriales del Norte SA de CV,G03,03,PPD,31161500,Guantes de carnaza,17.0,5617.06,95490,15278.4,110768.4,MXN,PO00056,S00022,E00002
ED56C714-5A96-21F5-9F8C-EDA5FEB9EA24,recibida,A,17101,2025-11-10,2025-11-12,FNI920522YRY,Hidráulica Apodaca SAPI de CV,TIN091214KL3,Talleres Industriales del Norte SA de CV,G03,03,PPD,40141600,Válvulas neumáticas,148.0,1286.77,190442.4,30470.78,220913.18,MXN,PO00191,S00027,E00002
74F8A913-00CA-280F-19A5-3942CE67B962,recibida,A,91628,2025-11-10,2025-11-11,SZC9707063JK,Refacciones San Nicolás S de RL de CV,TIN091214KL3,Talleres Industriales del Norte SA de CV,G03,03,PUE,31161500,Brocas HSS,85.0,81.36,6915.86,1106.54,8022.4,MXN,PO00329,S00007,E00002
F2DEC75C-90FC-C9F1-2DDC-756B28C2CCE9,recibida,A,74262,2025-11-11,2025-11-13,WWH110626S3K,Grupo Monterrey S de RL de CV,TIN091214KL3,Talleres Industriales del Norte SA de CV,G03,03,PUE,30102000,Placa de acero A36,115.0,178.0,20469.9,3275.18,23745.08,MXN,PO00020,S00035,E00002
7F383A3E-33A6-7403-6F9D-1D74F82C6AD8,emitida,F,1451,2025-11-11,2025-11-11,TIN091214KL3,Talleres Industriales del Norte SA de CV,TVB051103QYM,Grupo Chapa S de RL de CV,G01,03,PPD,23271800,Maquinado de piezas,1.0,147827.52,147827.52,23652.4,171479.92,MXN,,C00006,E00007
91FDA27F-4CBB-7460-510C-8C48E09EF2A3,recibida,A,89171,2025-11-12,2025-11-13,ILK110504O8G,Metálica San Nicolás SA de CV,TIN091214KL3,Talleres Industriales del Norte SA de CV,G03,03,PPD,30102000,Placa de acero A36,175.0,829.09,145090.5,23214.48,168304.98,MXN,PO00303,S00040,E00002
3D877034-7217-3FA3-5893-EF12AB3F8D22,recibida,A,84282,2025-11-13,2025-11-15,WWH110626S3K,Grupo Monterrey S de RL de CV,TIN091214KL3,Talleres Industriales del Norte SA de CV,G03,03,PUE,30102000,Lámina de acero cal. 14,30.0,574.66,17239.9,2758.38,19998.28,MXN,PO00353,S00035,E00002
A9B92A1D-4574-98CA-A90E-319D637E3F94,recibida,A,86620,2025-11-13,2025-11-14,BTN8908152SD,Servicios Guadalupe S de RL de CV,TIN091214KL3,Talleres Industriales del Norte SA de CV,G03,03,PUE,40141600,Rodamientos SKF,18.0,5200.99,93617.8,14978.85,108596.65,MXN,PO00421,S00001,E00002
A42D10F5-9BAF-CC20-0E16-AF3F538CC0CA,recibida,A,25678,2025-11-13,2025-11-15,DGQ240803D6V,Ferretera San Nicolás SA de CV,TIN091214KL3,Talleres Industriales del Norte SA de CV,G03,03,PUE,31161500,Brocas HSS,24.0,987.41,23697.8,3791.65,27489.45,MXN,PO00300,S00011,E00002
AC7E5CC6-B0CF-3E7F-5C58-B8BA9DE2FD3F,emitida,F,1537,2025-11-13,2025-11-13,TIN091214KL3,Talleres Industriales del Norte SA de CV,QSB920810FY7,Envases García S de RL de CV,G01,03,PPD,23271800,Corte y doblez,1.0,332727.69,332727.69,53236.43,385964.12,MXN,,C00008,E00007
54CE20EA-BB9D-92C0-D8D0-B8DB3AA06694,emitida,F,1572,2025-11-13,2025-11-13,TIN091214KL3,Talleres Industriales del Norte SA de CV,PZS930606W5L,Comercializadora Hernández SAPI de CV,G01,03,PPD,23271800,Fabricación de estructura (lote especial),1.0,380172.41,380172.41,60827.59,441000.0,MXN,,C00005,E00007
D2D33488-D0C3-0018-6E3C-DD4F55B145E4,recibida,A,85432,2025-11-14,2025-11-16,FBY870108HAF,Pinturas del Norte SAPI de CV,TIN091214KL3,Talleres Industriales del Norte SA de CV,G03,03,PUE,78101800,Flete foráneo,1.0,111832.4,111832.4,17893.18,129725.58,MXN,PO00376,S00018,E00002
5E244824-A5CB-3C6E-B5A4-C55BB4629214,recibida,A,99073,2025-11-14,2025-11-16,BGD030823RBW,Ferretera de México SAPI de CV,TIN091214KL3,Talleres Industriales del Norte SA de CV,G03,03,PUE,30102000,Placa de acero A36,163.0,1190.23,194007.8,31041.25,225049.05,MXN,PO00004,S00003,E00002
4DFE1117-22AF-711F-1B62-8A9D75366B9F,recibida,A,987,2025-11-17,2025-11-18,FBY870108HAF,Pinturas del Norte SAPI de CV,TIN091214KL3,Talleres Industriales del Norte SA de CV,G03,03,PPD,78101800,Flete local,1.0,131389.9,131389.9,21022.38,152412.28,MXN,PO00010,S00018,E00002
C8B648E0-12A8-50C5-5BAB-7F4A8CD74C27,recibida,A,92857,2025-11-17,2025-11-18,BGD030823RBW,Ferretera de México SAPI de CV,TIN091214KL3,Talleres Industriales del Norte SA de CV,G03,03,PUE,30102000,Perfil PTR 2x2,147.0,1030.15,151432.4,24229.18,175661.58,MXN,PO00422,S00003,E00002
94047909-D81C-A1A0-B7BB-A2AA178A8C73,emitida,F,1453,2025-11-17,2025-11-17,TIN091214KL3,Talleres Industriales del Norte SA de CV,TVB051103QYM,Grupo Chapa S de RL de CV,G01,03,PPD,23271800,Maquinado de piezas,1.0,307439.69,307439.69,49190.35,356630.04,MXN,,C00006,E00007
25D287D0-7665-8707-5D41-1AC5335DAB46,emitida,F,1460,2025-11-17,2025-11-17,TIN091214KL3,Talleres Industriales del Norte SA de CV,QPC951019FXZ,Envases Villarreal SA de CV,G01,03,PPD,23271800,Fabricación de estructura,1.0,61557.4,61557.4,9849.18,71406.58,MXN,,C00012,E00007
17D50F59-C4D5-98F7-E14F-E093CB6AD0C7,recibida,A,52902,2025-11-18,2025-11-20,WGM241113MRL,Distribuidora Industrial S de RL de CV,TIN091214KL3,Talleres Industriales del Norte SA de CV,G03,03,PPD,31161500,Discos de corte,163.0,180.6,29437.8,4710.05,34147.85,MXN,PO00027,S00031,E00002
EA074D80-BA23-6C22-E92A-7B9751DB1A37,recibida,A,8883,2025-11-18,2025-11-18,HQP910421HXF,Neumática Apodaca S de RL de CV,TIN091214KL3,Talleres Industriales del Norte SA de CV,G03,03,PPD,80101500,Capacitación,1.0,36519.9,36519.9,5843.18,42363.08,MXN,PO00008,S00006,E00002
A73D2746-0E18-AB96-25F4-1DD62F51AC6E,recibida,A,45846,2025-11-18,2025-11-18,HTX0701065UO,Grupo del Norte SAPI de CV,TIN091214KL3,Talleres Industriales del Norte SA de CV,G03,03,PUE,78101800,Flete local,1.0,70830.5,70830.5,11332.88,82163.38,MXN,PO00079,S00024,E00002
54555290-017C-75C5-A873-19FE981DC530,emitida,F,1517,2025-11-18,2025-11-18,TIN091214KL3,Talleres Industriales del Norte SA de CV,YSD241219IB6,Autopartes Quintanilla S de RL de CV,G01,03,PPD,23271800,Maquinado de piezas,1.0,383872.55,383872.55,61419.61,445292.16,MXN,,C00004,E00007
13325C31-D010-318A-EADC-9960424211E2,recibida,A,2957,2025-11-19,2025-11-19,PMN121218LZJ,Servicios San Nicolás SAPI de CV,TIN091214KL3,Talleres Industriales del Norte SA de CV,G03,03,PUE,30102000,Barra redonda 1018,151.0,1360.99,205510,32881.6,238391.6,MXN,PO00220,S00017,E00002
915D9A63-DBC6-C928-8FE8-4E20403FD582,recibida,A,6353,2025-11-19,2025-11-20,LIP121209QK9,Aceros Apodaca S de RL de CV,TIN091214KL3,Talleres Industriales del Norte SA de CV,G03,03,PUE,40141600,Motor eléctrico 5HP,77.0,1751.59,134872.4,21579.58,156451.98,MXN,PO00327,S00013,E00002
2DEE003E-01D9-6E96-01A0-204714AA3CA3,recibida,A,11783,2025-11-20,2025-11-22,YMF930303K2S,Aceros de México S de RL de CV,TIN091214KL3,Talleres Industriales del Norte SA de CV,G03,03,PPD,31161500,Discos de corte,125.0,80.48,10060.5,1609.68,11670.18,MXN,PO00260,S00023,E00002
12EF6101-6082-786F-CA00-EF586C521D13,recibida,A,58960,2025-11-21,2025-11-23,UWP921026BTX,Electrónica Regiomontana SAPI de CV,TIN091214KL3,Talleres Industriales del Norte SA de CV,G03,03,PPD,40141600,Bandas industriales,184.0,67.24,12372.4,1979.58,14351.98,MXN,PO00042,S00025,E00002
57F2A45F-E751-5D4B-0D82-9D529CF021B8,recibida,A,70227,2025-11-21,2025-11-21,DFP890325WQU,Soldadura de México SAPI de CV,TIN091214KL3,Talleres Industriales del Norte SA de CV,G03,03,PPD,80131500,Servicio de energía,1.0,17419.9,17419.9,2787.18,20207.08,MXN,PO00122,S00005,E00002
4BED523C-085F-F4D1-87EA-651B5539562B,recibida,A,55923,2025-11-21,2025-11-22,LJA880717NNC,Ferretera Monterrey S de RL de CV,TIN091214KL3,Talleres Industriales del Norte SA de CV,G03,03,PUE,40141600,Motor eléctrico 5HP,177.0,68.14,12060,1929.6,13989.6,MXN,PO00229,S00039,E00002
A976DC4D-0C47-2187-FEA3-5D37980B6853,recibida,A,14270,2025-11-24,2025-11-26,ZLV900812OLD,Transportes Apodaca SAPI de CV,TIN091214KL3,Talleres Industriales del Norte SA de CV,G03,03,PUE,31161500,Solvente industrial,13.0,7005.38,91069.9,14571.18,105641.08,MXN,PO00096,S00022,E00002
1690636B-6F74-E55D-99A9-AF6AED054732,recibida,A,8499,2025-11-24,2025-11-25,DZI910804SQ0,Pinturas San Nicolás S de RL de CV,TIN091214KL3,Talleres Industriales del Norte SA de CV,G03,03,PUE,30102000,Placa de acero A36,121.0,26.94,3260,521.6,3781.6,MXN,PO00120,S00034,E00002
D1CCC8D3-C167-6505-43AF-6C46A46B3932,recibida,A,15303,2025-11-24,2025-11-24,JPY870826UGV,Soldadura Industrial SA de CV,TIN091214KL3,Talleres Industriales del Norte SA de CV,G03,03,PUE,30102000,Tubo estructural,14.0,5442.85,76199.9,12191.98,88391.88,MXN,PO00311,S00010,E00002
E8266484-C4E4-FE52-DA4F-706B9D4AC78B,emitida,F,1459,2025-11-24,2025-11-24,TIN091214KL3,Talleres Industriales del Norte SA de CV,QPC951019FXZ,Envases Villarreal SA de CV,G01,03,PPD,23271800,Corte y doblez,1.0,231778.96,231778.96,37084.63,268863.59,MXN,,C00012,E00007
AF6C6F61-CFEF-A2A2-E735-4DB25CE4124B,emitida,F,1477,2025-11-24,2025-11-24,TIN091214KL3,Talleres Industriales del Norte SA de CV,MNM040801DOQ,Construcciones Elizondo SA de CV,G01,03,PPD,23271800,Maquinado de piezas,1.0,385054.1,385054.1,61608.66,446662.76,MXN,,C00003,E00007
CEF66A14-6FDC-C21B-DB2C-0EB7F75C0751,recibida,A,30687,2025-11-25,2025-11-25,LPK240212P77,Aceros Escobedo S de RL de CV,TIN091214KL3,Talleres Industriales del Norte SA de CV,G03,03,PPD,78101800,Flete local — carta porte anexa,1.0,14991.15,14991.15,2398.58,17389.73,MXN,PO00006,S00026,E00002
A0152B5B-6C17-E150-1447-16CC4352ACEA,recibida,A,31499,2025-11-27,2025-11-29,ZWS100912DOJ,Refacciones Regiomontana S de RL de CV,TIN091214KL3,Talleres Industriales del Norte SA de CV,G03,03,PPD,80101500,Consultoría de procesos,1.0,28407.8,28407.8,4545.25,32953.05,MXN,PO00152,S00037,E00002
A4B1CF6A-9D2C-E51B-37E8-2D716E66A273,recibida,A,14026,2025-11-27,2025-11-28,JPY870826UGV,Soldadura Industrial SA de CV,TIN091214KL3,Talleres Industriales del Norte SA de CV,G03,03,PPD,30102000,Barra redonda 1018,197.0,663.3,130670.5,20907.28,151577.78,MXN,PO00384,S00010,E00002
CE1E8D1F-9DE7-DF7B-5594-552B405A8E7E,recibida,A,99506,2025-11-27,2025-11-28,ZUX97062289Q,Maquinados Apodaca SA de CV,TIN091214KL3,Talleres Industriales del Norte SA de CV,G03,03,PUE,80131500,Servicio de energía,1.0,7280.5,7280.5,1164.88,8445.38,MXN,PO00132,S00029,E00002
8C68720E-D787-463D-87B8-F95CB265A6C2,recibida,A,58460,2025-11-27,2025-11-28,LJA880717NNC,Ferretera Monterrey S de RL de CV,TIN091214KL3,Talleres Industriales del Norte SA de CV,G03,03,PPD,40141600,Válvulas neumáticas,171.0,263.67,45087.8,7214.05,52301.85,MXN,PO00338,S00039,E00002
30C36756-D453-F867-B97E-6224891F6912,recibida,A,6855,2025-11-28,2025-11-29,IXC940413YZC,Industrias Apodaca SA de CV,TIN091214KL3,Talleres Industriales del Norte SA de CV,G03,03,PPD,31161500,Brocas HSS,24.0,639.91,15357.8,2457.25,17815.05,MXN,PO00237,S00042,E00002
9F690CDE-7EAA-7A91-1DEF-D401792CAD76,emitida,F,1547,2025-11-28,2025-11-28,TIN091214KL3,Talleres Industriales del Norte SA de CV,LSC21020236H,Envases López SAPI de CV,G01,03,PPD,23271800,Soldadura industrial,1.0,190169.48,190169.48,30427.12,220596.6,MXN,,C00013,E00007
D1151FFF-DCB9-1D5F-593C-572B4347DBCA,recibida,A,11501,2025-12-01,2025-12-02,UWP921026BTX,Electrónica Regiomontana SAPI de CV,TIN091214KL3,Talleres Industriales del Norte SA de CV,G03,03,PUE,40141600,Rodamientos SKF,116.0,187.87,21792.4,3486.78,25279.18,MXN,PO00349,S00025,E00002
5F31273D-1519-830C-4019-83035C457E4D,recibida,A,87198,2025-12-01,2025-12-03,WGM241113MRL,Distribuidora Industrial S de RL de CV,TIN091214KL3,Talleres Industriales del Norte SA de CV,G03,03,PUE,31161500,Discos de corte,168.0,146.98,24692.4,3950.78,28643.18,MXN,PO00332,S00031,E00002
6965D1D1-EB7E-2E64-26C0-747EBF8E8BFA,recibida,A,80850,2025-12-01,2025-12-03,WGM241113MRL,Distribuidora Industrial S de RL de CV,TIN091214KL3,Talleres Industriales del Norte SA de CV,G03,03,PPD,31161500,Electrodos 6013,161.0,117.41,18902.4,3024.38,21926.78,MXN,PO00103,S00031,E00002
C5F833CF-F4CE-8477-F8BC-A9AC2ADA62CE,recibida,A,70613,2025-12-01,2025-12-03,WWH110626S3K,Grupo Monterrey S de RL de CV,TIN091214KL3,Talleres Industriales del Norte SA de CV,G03,03,PUE,30102000,Lámina de acero cal. 14,25.0,405.6,10139.9,1622.38,11762.28,MXN,PO00035,S00035,E00002
E8410A39-F901-2B9C-6057-153A4067F790,recibida,A,29315,2025-12-01,2025-12-03,DZI910804SQ0,Pinturas San Nicolás S de RL de CV,TIN091214KL3,Talleres Industriales del Norte SA de CV,G03,03,PPD,30102000,Lámina de acero cal. 14,133.0,56.69,7539.9,1206.38,8746.28,MXN,PO00351,S00034,E00002
468B22AF-9CA4-364D-5D9A-D9F1908E3A95,recibida,A,89308,2025-12-01,2025-12-02,DZI910804SQ0,Pinturas San Nicolás S de RL de CV,TIN091214KL3,Talleres Industriales del Norte SA de CV,G03,03,PUE,30102000,Barra redonda 1018,109.0,89.66,9772.4,1563.58,11335.98,MXN,PO00071,S00034,E00002
2EB23CA3-1186-DA93-DA7D-CC533020CF06,recibida,A,18007,2025-12-01,2025-12-02,ZWS100912DOJ,Refacciones Regiomontana S de RL de CV,TIN091214KL3,Talleres Industriales del Norte SA de CV,G03,03,PUE,80101500,Servicios de limpieza,1.0,43212.4,43212.4,6913.98,50126.38,MXN,PO00123,S00037,E00002
7C12D198-50C1-B8F7-E764-28C4197FA0FD,recibida,A,78363,2025-12-01,2025-12-03,BTN8908152SD,Servicios Guadalupe S de RL de CV,TIN091214KL3,Talleres Industriales del Norte SA de CV,G03,03,PUE,40141600,Válvulas neumáticas,182.0,620.76,112977.8,18076.45,131054.25,MXN,PO00427,S00001,E00002
3F5FBF4F-D417-6230-5274-EE11B61DF906,recibida,A,99907,2025-12-02,2025-12-04,UWP921026BTX,Electrónica Regiomontana SAPI de CV,TIN091214KL3,Talleres Industriales del Norte SA de CV,G03,03,PPD,40141600,Bandas industriales,38.0,227.91,8660.5,1385.68,10046.18,MXN,PO00117,S00025,E00002
1B02FA24-BF00-F56C-6A49-89A68EE25E54,recibida,A,83805,2025-12-03,2025-12-05,FQZ88060892H,Industrias Nuevo León SA de CV,TIN091214KL3,Talleres Industriales del Norte SA de CV,G03,03,PPD,30102000,Barra redonda 1018,192.0,233.86,44900.5,7184.08,52084.58,MXN,PO00025,S00012,E00002
B9676DC6-D6FD-D1A5-F173-12F4659AE9F2,emitida,F,1468,2025-12-03,2025-12-03,TIN091214KL3,Talleres Industriales del Norte SA de CV,MNM040801DOQ,Construcciones Elizondo SA de CV,G01,03,PPD,23271800,Fabricación de estructura,1.0,358858.97,358858.97,57417.44,416276.41,MXN,,C00003,E00007
260C037E-305D-0EF7-0D9F-F83D70A32883,emitida,F,1508,2025-12-03,2025-12-03,TIN091214KL3,Talleres Industriales del Norte SA de CV,HYZ031207YRR,Autopartes Villarreal SAPI de CV,G01,03,PPD,23271800,Maquinado de piezas,1.0,269194.79,269194.79,43071.17,312265.96,MXN,,C00007,E00007
01AEC505-99A0-4ABB-99E9-54331453E17E,recibida,A,32175,2025-12-04,2025-12-06,HTX0701065UO,Grupo del Norte SAPI de CV,TIN091214KL3,Talleres Industriales del Norte SA de CV,G03,03,PPD,78101800,Flete foráneo,1.0,63997.8,63997.8,10239.65,74237.45,MXN,PO00162,S00024,E00002
E8956041-1E71-AFA9-7815-C7DF0F2C01B7,emitida,F,1413,2025-12-04,2025-12-04,TIN091214KL3,Talleres Industriales del Norte SA de CV,MAQ03062825L,Envases Rodríguez SAPI de CV,G01,03,PPD,23271800,Soldadura industrial,1.0,224852.51,224852.51,35976.4,260828.91,MXN,,C00015,E00007
B73C62AB-FE4C-EFED-6F55-2C9E1B000F9F,recibida,A,3930,2025-12-04,2025-12-04,LPK240212P77,Aceros Escobedo S de RL de CV,TIN091214KL3,Talleres Industriales del Norte SA de CV,G03,03,PPD,78101800,Flete local — carta porte anexa,1.0,13798.73,13798.73,2207.8,16006.53,MXN,PO00043,S00026,E00002
A3607681-2BBB-A89D-34FA-DEE106969D48,recibida,A,38348,2025-12-05,2025-12-05,OSD160228AKR,Aceros Santa Catarina SA de CV,TIN091214KL3,Talleres Industriales del Norte SA de CV,G03,03,PPD,30102000,Placa de acero A36,25.0,6122.31,153057.8,24489.25,177547.05,MXN,PO00211,S00008,E00002
CBF925B5-6418-16B7-BF2B-43B422E9E527,recibida,A,71629,2025-12-05,2025-12-06,WWH110626S3K,Grupo Monterrey S de RL de CV,TIN091214KL3,Talleres Industriales del Norte SA de CV,G03,03,PUE,30102000,Barra redonda 1018,57.0,116.68,6650.5,1064.08,7714.58,MXN,PO00290,S00035,E00002
BFD467E7-7491-050C-F75E-FED82D6B5953,recibida,A,75986,2025-12-05,2025-12-06,FNI920522YRY,Hidráulica Apodaca SAPI de CV,TIN091214KL3,Talleres Industriales del Norte SA de CV,G03,03,PUE,40141600,Válvulas neumáticas,144.0,1140.76,164269.9,26283.18,190553.08,MXN,PO00312,S00027,E00002
CF51A203-A2D9-99BA-C146-ED52E73BC913,recibida,A,124,2025-12-05,2025-12-05,ILK110504O8G,Metálica San Nicolás SA de CV,TIN091214KL3,Talleres Industriales del Norte SA de CV,G03,03,PUE,30102000,Placa de acero A36,149.0,391.48,58330.5,9332.88,67663.38,MXN,PO00184,S00040,E00002
A590FD3C-AD6E-CC57-A520-C3D0FBCDBF5E,recibida,A,52478,2025-12-08,2025-12-09,UWP921026BTX,Electrónica Regiomontana SAPI de CV,TIN091214KL3,Talleres Industriales del Norte SA de CV,G03,03,PPD,40141600,Rodamientos SKF,145.0,93.52,13559.9,2169.58,15729.48,MXN,PO00297,S00025,E00002
96F84FF7-C1A7-2883-F880-287869FB0763,recibida,A,29920,2025-12-08,2025-12-10,HQP910421HXF,Neumática Apodaca S de RL de CV,TIN091214KL3,Talleres Industriales del Norte SA de CV,G03,03,PUE,80101500,Asesoría fiscal,1.0,32132.4,32132.4,5141.18,37273.58,MXN,PO00201,S00006,E00002
56673E49-8133-8BDC-66CC-73768CCA8963,recibida,A,86284,2025-12-08,2025-12-08,FQZ88060892H,Industrias Nuevo León SA de CV,TIN091214KL3,Talleres Industriales del Norte SA de CV,G03,03,PPD,30102000,Placa de acero A36,47.0,1273.83,59870,9579.2,69449.2,MXN,PO00394,S00012,E00002
1CE62A9F-79AF-8348-10BB-C60D07BF63EE,recibida,A,46164,2025-12-08,2025-12-09,ILK110504O8G,Metálica San Nicolás SA de CV,TIN091214KL3,Talleres Industriales del Norte SA de CV,G03,03,PPD,30102000,Perfil PTR 2x2,125.0,828.1,103512.4,16561.98,120074.38,MXN,PO00039,S00040,E00002
010E622B-F8BC-920C-FF7D-39F795635C97,emitida,F,1513,2025-12-08,2025-12-08,TIN091214KL3,Talleres Industriales del Norte SA de CV,HYZ031207YRR,Autopartes Villarreal SAPI de CV,G01,03,PPD,23271800,Fabricación de estructura,1.0,250843.86,250843.86,40135.02,290978.88,MXN,,C00007,E00007
9645F0E4-647D-C392-9C7E-B575637DDCD6,recibida,A,15072,2025-12-10,2025-12-11,UWP921026BTX,Electrónica Regiomontana SAPI de CV,TIN091214KL3,Talleres Industriales del Norte SA de CV,G03,03,PPD,40141600,Sellos hidráulicos,153.0,158.3,24219.9,3875.18,28095.08,MXN,PO00325,S00025,E00002
B173FCDF-3FE1-E8F3-35AD-DE8843E4F668,recibida,A,8985,2025-12-10,2025-12-11,OSD160228AKR,Aceros Santa Catarina SA de CV,TIN091214KL3,Talleres Industriales del Norte SA de CV,G03,03,PPD,30102000,Perfil PTR 2x2,3.0,51794.13,155382.4,24861.18,180243.58,MXN,PO00052,S00008,E00002
74577D47-D825-3010-3911-2943D10BF4DC,recibida,A,43612,2025-12-10,2025-12-12,BGD030823RBW,Ferretera de México SAPI de CV,TIN091214KL3,Talleres Industriales del Norte SA de CV,G03,03,PPD,30102000,Tubo estructural,14.0,8903.74,124652.4,19944.38,144596.78,MXN,PO00115,S00003,E00002
B3E6F4C6-D428-DF6C-89AA-429334A0DCD4,recibida,A,97273,2025-12-10,2025-12-11,WWH110626S3K,Grupo Monterrey S de RL de CV,TIN091214KL3,Talleres Industriales del Norte SA de CV,G03,03,PUE,30102000,Perfil PTR 2x2,27.0,711.87,19220.5,3075.28,22295.78,MXN,PO00308,S00035,E00002
515A6B43-3189-1F48-E66E-2C1111DEFEBF,recibida,A,63782,2025-12-10,2025-12-11,WWH110626S3K,Grupo Monterrey S de RL de CV,TIN091214KL3,Talleres Industriales del Norte SA de CV,G03,03,PPD,30102000,Tubo estructural,159.0,124.28,19760,3161.6,22921.6,MXN,PO00015,S00035,E00002
B8A9B014-24DC-EA07-0405-6D2BA5FCD671,recibida,A,63892,2025-12-10,2025-12-12,DFP890325WQU,Soldadura de México SAPI de CV,TIN091214KL3,Talleres Industriales del Norte SA de CV,G03,03,PPD,80131500,Renta de nave industrial,1.0,8640.0,8640,1382.4,10022.4,MXN,PO00069,S00005,E00002
CF5285F7-BF8C-C6F9-B5A6-1D619925BC9B,emitida,F,1501,2025-12-10,2025-12-10,TIN091214KL3,Talleres Industriales del Norte SA de CV,YCA050705OHS,Autopartes Martínez SAPI de CV,G01,03,PPD,23271800,Maquinado de piezas,1.0,388195.54,388195.54,62111.29,450306.83,MXN,,C00017,E00007
502CF0EE-224A-66A6-AC0F-680115B24E1D,recibida,A,15548,2025-12-11,2025-12-11,UWP921026BTX,Electrónica Regiomontana SAPI de CV,TIN091214KL3,Talleres Industriales del Norte SA de CV,G03,03,PPD,40141600,Válvulas neumáticas,152.0,137.12,20842.4,3334.78,24177.18,MXN,PO00257,S00025,E00002
A090360D-27C7-655A-7B43-4A7222C0C475,recibida,A,60474,2025-12-11,2025-12-13,FNI920522YRY,Hidráulica Apodaca SAPI de CV,TIN091214KL3,Talleres Industriales del Norte SA de CV,G03,03,PPD,40141600,Rodamientos SKF,166.0,774.26,128527.8,20564.45,149092.25,MXN,PO00105,S00027,E00002
E5DFC7AF-6403-C4BC-1486-0C2D1659DDCC,recibida,A,23537,2025-12-11,2025-12-12,LJA880717NNC,Ferretera Monterrey S de RL de CV,TIN091214KL3,Talleres Industriales del Norte SA de CV,G03,03,PUE,40141600,Bandas industriales,118.0,438.22,51710,8273.6,59983.6,MXN,PO00307,S00039,E00002
927C5EA7-8A15-9E92-AF74-AE638DC4C81F,emitida,F,1441,2025-12-12,2025-12-12,TIN091214KL3,Talleres Industriales del Norte SA de CV,DLJ130219ENL,Grupo Martínez SAPI de CV,G01,03,PPD,23271800,Corte y doblez,1.0,216599.34,216599.34,34655.89,251255.23,MXN,,C00014,E00007
B1AC040D-6C1C-C405-DC3F-42E0FCF7B842,recibida,A,17424,2025-12-15,2025-12-16,WGM241113MRL,Distribuidora Industrial S de RL de CV,TIN091214KL3,Talleres Industriales del Norte SA de CV,G03,03,PUE,31161500,Brocas HSS,31.0,990.0,30690,4910.4,35600.4,MXN,PO00270,S00031,E00002
87A20E22-B298-B811-0B1E-C578DFF47C51,recibida,A,56324,2025-12-15,2025-12-15,DZI910804SQ0,Pinturas San Nicolás S de RL de CV,TIN091214KL3,Talleres Industriales del Norte SA de CV,G03,03,PPD,30102000,Perfil PTR 2x2,95.0,111.26,10569.9,1691.18,12261.08,MXN,PO00322,S00034,E00002
255C82C7-CADE-E3EC-6895-09082E2CB850,emitida,F,1496,2025-12-15,2025-12-15,TIN091214KL3,Talleres Industriales del Norte SA de CV,YCA050705OHS,Autopartes Martínez SAPI de CV,G01,03,PPD,23271800,Maquinado de piezas,1.0,108170.74,108170.74,17307.32,125478.06,MXN,,C00017,E00007
97206C66-5FA1-8468-64E8-4FFC1F3ACC68,emitida,F,1515,2025-12-15,2025-12-15,TIN091214KL3,Talleres Industriales del Norte SA de CV,YSD241219IB6,Autopartes Quintanilla S de RL de CV,G01,03,PPD,23271800,Maquinado de piezas,1.0,393280.41,393280.41,62924.87,456205.28,MXN,,C00004,E00007
4A94AE9F-CC35-1E4F-703E-957F35AB8466,recibida,A,90911,2025-12-16,2025-12-16,UWP921026BTX,Electrónica Regiomontana SAPI de CV,TIN091214KL3,Talleres Industriales del Norte SA de CV,G03,03,PPD,40141600,Motor eléctrico 5HP,182.0,121.54,22120,3539.2,25659.2,MXN,PO00078,S00025,E00002
E2280FE3-722D-CE13-47A4-8C4246653497,recibida,A,19581,2025-12-16,2025-12-16,PMN121218LZJ,Servicios San Nicolás SAPI de CV,TIN091214KL3,Talleres Industriales del Norte SA de CV,G03,03,PUE,30102000,Placa de acero A36,48.0,2493.59,119692.4,19150.78,138843.18,MXN,PO00053,S00017,E00002
F5FF3705-DA74-A056-88DD-44CC5D87EDD2,recibida,A,44672,2025-12-16,2025-12-16,CRH230311CX7,Metálica Escobedo SAPI de CV,TIN091214KL3,Talleres Industriales del Norte SA de CV,G03,03,PPD,80101500,Servicio de mantenimiento,1.0,98880.0,98880,15820.8,114700.8,MXN,PO00154,S00016,E00002
8D7DD772-608E-2F5C-6117-727067C0518B,recibida,A,62490,2025-12-17,2025-12-17,LAI101206479,Grupo Guadalupe SA de CV,TIN091214KL3,Talleres Industriales del Norte SA de CV,G03,03,PUE,31161500,Discos de corte,24.0,7796.25,187110,29937.6,217047.6,MXN,PO00086,S00033,E00002
DC70CE22-24CA-F1B8-394A-97FDF28BF846,recibida,A,80963,2025-12-17,2025-12-18,ILK110504O8G,Metálica San Nicolás SA de CV,TIN091214KL3,Talleres Industriales del Norte SA de CV,G03,03,PPD,30102000,Perfil PTR 2x2,60.0,2604.96,156297.8,25007.65,181305.45,MXN,PO00282,S00040,E00002
947DEFCF-88CF-C53D-1888-89CE5CCE495D,emitida,F,1404,2025-12-17,2025-12-17,TIN091214KL3,Talleres Industriales del Norte SA de CV,TJB001222W10,Grupo Montemayor S de RL de CV,G01,03,PPD,23271800,Soldadura industrial,1.0,291268.3,291268.3,46602.93,337871.23,MXN,,C00011,E00007
5193412D-6906-D118-6F75-A3B2D8186112,emitida,F,1461,2025-12-17,2025-12-17,TIN091214KL3,Talleres Industriales del Norte SA de CV,QPC951019FXZ,Envases Villarreal SA de CV,G01,03,PPD,23271800,Maquinado de piezas,1.0,315590.83,315590.83,50494.53,366085.36,MXN,,C00012,E00007
7A7628E6-7394-D796-51C4-243BF07DB671,emitida,F,1487,2025-12-18,2025-12-18,TIN091214KL3,Talleres Industriales del Norte SA de CV,BNT021022VED,Construcciones Quintanilla S de RL de CV,G01,03,PPD,23271800,Fabricación de estructura,1.0,187713.83,187713.83,30034.21,217748.04,MXN,,C00010,E00007
32DBA028-4823-DEBE-CCAD-E92E53DC4FAE,emitida,F,1488,2025-12-18,2025-12-18,TIN091214KL3,Talleres Industriales del Norte SA de CV,IVN2105163NY,Grupo Salinas SAPI de CV,G01,03,PPD,23271800,Maquinado de piezas,1.0,253487.35,253487.35,40557.98,294045.33,MXN,,C00019,E00007
D6B361E4-3B6D-CA0D-6FE5-040B1901EF87,recibida,A,10063,2025-12-19,2025-12-20,LAI101206479,Grupo Guadalupe SA de CV,TIN091214KL3,Talleres Industriales del Norte SA de CV,G03,03,PPD,31161500,Brocas HSS,14.0,12125.71,169759.9,27161.58,196921.48,MXN,PO00316,S00033,E00002
8F1C3FA0-7000-0009-B4E5-70BA7C3CC2BC,recibida,A,38728,2025-12-19,2025-12-21,DGN090812Y08,Herramientas Monterrey SA de CV,TIN091214KL3,Talleres Industriales del Norte SA de CV,G03,03,PPD,31161500,Brocas HSS,11.0,5066.41,55730.5,8916.88,64647.38,MXN,PO00207,S00019,E00002
B6697D0A-8837-6BBC-D898-06FD86912EFE,emitida,F,1407,2025-12-22,2025-12-22,TIN091214KL3,Talleres Industriales del Norte SA de CV,MAQ03062825L,Envases Rodríguez SAPI de CV,G01,03,PPD,23271800,Maquinado de piezas,1.0,339309.83,339309.83,54289.57,393599.4,MXN,,C00015,E00007
8D7F9371-40C3-7CBC-3D5B-6535ABEDE2B6,emitida,F,1476,2025-12-22,2025-12-22,TIN091214KL3,Talleres Industriales del Norte SA de CV,MNM040801DOQ,Construcciones Elizondo SA de CV,G01,03,PPD,23271800,Corte y doblez,1.0,370284.62,370284.62,59245.54,429530.16,MXN,,C00003,E00007
