entry_id,fecha,account_code,account_name,debit,credit,descripcion,invoice_uuid,txn_id
GL00001,2025-01-02,1200,Clientes,213716.39,0,Venta 1485 Construcciones Quintanilla S de RL de CV,93683DD6-5050-127E-4E38-5D03A0D80651,
GL00002,2025-01-02,4000,Ventas,0,184238.27,Venta 1485 Construcciones Quintanilla S de RL de CV,93683DD6-5050-127E-4E38-5D03A0D80651,
GL00003,2025-01-02,2180,IVA trasladado,0,29478.12,IVA venta 1485,93683DD6-5050-127E-4E38-5D03A0D80651,
GL00004,2025-01-03,1200,Clientes,452966.97,0,Venta 1419 Construcciones Hernández SA de CV,EBA46463-36C9-B657-EC9A-799E19437791,
GL00005,2025-01-03,4000,Ventas,0,390488.77,Venta 1419 Construcciones Hernández SA de CV,EBA46463-36C9-B657-EC9A-799E19437791,
GL00006,2025-01-03,2180,IVA trasladado,0,62478.2,IVA venta 1419,EBA46463-36C9-B657-EC9A-799E19437791,
GL00007,2025-01-06,6000,Gastos materia_prima,17719.9,0,Factura 51753 Grupo Monterrey S de RL de CV,98BE5FF0-929D-AF9F-0149-A2AF0AB1A504,
GL00008,2025-01-06,1180,IVA acreditable,2835.18,0,IVA factura 51753,98BE5FF0-929D-AF9F-0149-A2AF0AB1A504,
GL00009,2025-01-06,2100,Proveedores,0,20555.08,Factura 51753 Grupo Monterrey S de RL de CV,98BE5FF0-929D-AF9F-0149-A2AF0AB1A504,
GL00010,2025-01-06,6000,Gastos materia_prima,9670,0,Factura 41505 Pinturas San Nicolás S de RL de CV,B0117B0A-3496-51D6-A790-55B06001F54D,
GL00011,2025-01-06,1180,IVA acreditable,1547.2,0,IVA factura 41505,B0117B0A-3496-51D6-A790-55B06001F54D,
GL00012,2025-01-06,2100,Proveedores,0,11217.2,Factura 41505 Pinturas San Nicolás S de RL de CV,B0117B0A-3496-51D6-A790-55B06001F54D,
GL00013,2025-01-06,6000,Gastos materia_prima,5559.9,0,Factura 67708 Pinturas San Nicolás S de RL de CV,82B34384-9979-CF26-C8B1-90E1089A9F4F,
GL00014,2025-01-06,1180,IVA acreditable,889.58,0,IVA factura 67708,82B34384-9979-CF26-C8B1-90E1089A9F4F,
GL00015,2025-01-06,2100,Proveedores,0,6449.48,Factura 67708 Pinturas San Nicolás S de RL de CV,82B34384-9979-CF26-C8B1-90E1089A9F4F,
GL00016,2025-01-06,6000,Gastos refacciones,67132.4,0,Factura 3916 Hidráulica Apodaca SAPI de CV,F5C9F459-9DB1-BD5E-91A4-D796B9720EEC,
GL00017,2025-01-06,1180,IVA acreditable,10741.18,0,IVA factura 3916,F5C9F459-9DB1-BD5E-91A4-D796B9720EEC,
GL00018,2025-01-06,2100,Proveedores,0,77873.58,Factura 3916 Hidráulica Apodaca SAPI de CV,F5C9F459-9DB1-BD5E-91A4-D796B9720EEC,
GL00019,2025-01-06,1200,Clientes,242204.96,0,Venta 1498 Autopartes Martínez SAPI de CV,B169FDED-F972-3977-52C0-3F9BDF16EB70,
GL00020,2025-01-06,4000,Ventas,0,208797.38,Venta 1498 Autopartes Martínez SAPI de CV,B169FDED-F972-3977-52C0-3F9BDF16EB70,
GL00021,2025-01-06,2180,IVA trasladado,0,33407.58,IVA venta 1498,B169FDED-F972-3977-52C0-3F9BDF16EB70,
GL00022,2025-01-07,6000,Gastos consumibles,22307.8,0,Factura 4735 Distribuidora Industrial S de RL de CV,EE6081AC-2DD0-622E-266B-F2EAEB93F78C,
GL00023,2025-01-07,1180,IVA acreditable,3569.25,0,IVA factura 4735,EE6081AC-2DD0-622E-266B-F2EAEB93F78C,
GL00024,2025-01-07,2100,Proveedores,0,25877.05,Factura 4735 Distribuidora Industrial S de RL de CV,EE6081AC-2DD0-622E-266B-F2EAEB93F78C,
GL00025,2025-01-07,1200,Clientes,103590.09,0,Venta 1405 Grupo Montemayor S de RL de CV,7C2257A0-C75F-F368-5F7D-DBB1480AFE9F,
GL00026,2025-01-07,4000,Ventas,0,89301.8,Venta 1405 Grupo Montemayor S de RL de CV,7C2257A0-C75F-F368-5F7D-DBB1480AFE9F,
GL00027,2025-01-07,2180,IVA trasladado,0,14288.29,IVA venta 1405,7C2257A0-C75F-F368-5F7D-DBB1480AFE9F,
GL00028,2025-01-10,1200,Clientes,369911.51,0,Venta 1412 Envases Rodríguez SAPI de CV,32440F07-0AE2-63E0-6E66-3C0AC1E0A4A1,
GL00029,2025-01-10,4000,Ventas,0,318889.23,Venta 1412 Envases Rodríguez SAPI de CV,32440F07-0AE2-63E0-6E66-3C0AC1E0A4A1,
GL00030,2025-01-10,2180,IVA trasladado,0,51022.28,IVA venta 1412,32440F07-0AE2-63E0-6E66-3C0AC1E0A4A1,
GL00031,2025-01-13,6000,Gastos refacciones,16152.4,0,Factura 18669 Electrónica Regiomontana SAPI de CV,BAEB286B-F0D0-270F-D4D1-3D551DB6B844,
GL00032,2025-01-13,1180,IVA acreditable,2584.38,0,IVA factura 18669,BAEB286B-F0D0-270F-D4D1-3D551DB6B844,
GL00033,2025-01-13,2100,Proveedores,0,18736.78,Factura 18669 Electrónica Regiomontana SAPI de CV,BAEB286B-F0D0-270F-D4D1-3D551DB6B844,
GL00034,2025-01-13,1200,Clientes,458055.37,0,Venta 1449 Grupo Chapa S de RL de CV,528A34F3-63EA-C0A1-9202-B09C60B36938,
GL00035,2025-01-13,4000,Ventas,0,394875.32,Venta 1449 Grupo Chapa S de RL de CV,528A34F3-63EA-C0A1-9202-B09C60B36938,
GL00036,2025-01-13,2180,IVA trasladado,0,63180.05,IVA venta 1449,528A34F3-63EA-C0A1-9202-B09C60B36938,
GL00037,2025-01-13,1200,Clientes,431891.72,0,Venta 1490 Grupo Salinas SAPI de CV,3A8C8ED5-A06A-A68A-9CAC-3D21A5A8C8AF,
GL00038,2025-01-13,4000,Ventas,0,372320.45,Venta 1490 Grupo Salinas SAPI de CV,3A8C8ED5-A06A-A68A-9CAC-3D21A5A8C8AF,
GL00039,2025-01-13,2180,IVA trasladado,0,59571.27,IVA venta 1490,3A8C8ED5-A06A-A68A-9CAC-3D21A5A8C8AF,
GL00040,2025-01-13,1200,Clientes,402339.62,0,Venta 1521 Autopartes Quintanilla S de RL de CV,67037089-C78C-D2C3-6374-ED1429B67B14,
GL00041,2025-01-13,4000,Ventas,0,346844.5,Venta 1521 Autopartes Quintanilla S de RL de CV,67037089-C78C-D2C3-6374-ED1429B67B14,
GL00042,2025-01-13,2180,IVA trasladado,0,55495.12,IVA venta 1521,67037089-C78C-D2C3-6374-ED1429B67B14,
GL00043,2025-01-13,1200,Clientes,405451.0,0,Venta 1542 Envases López SAPI de CV,4B7A123E-338A-EA2D-3E1C-FA1495D16384,
GL00044,2025-01-13,4000,Ventas,0,349526.72,Venta 1542 Envases López SAPI de CV,4B7A123E-338A-EA2D-3E1C-FA1495D16384,
GL00045,2025-01-13,2180,IVA trasladado,0,55924.28,IVA venta 1542,4B7A123E-338A-EA2D-3E1C-FA1495D16384,
GL00046,2025-01-14,6000,Gastos consumibles,63159.9,0,Factura 50593 Grupo Guadalupe SA de CV,DD1CA267-530D-DDA6-C8D0-F9E5991965EA,
GL00047,2025-01-14,1180,IVA acreditable,10105.58,0,IVA factura 50593,DD1CA267-530D-DDA6-C8D0-F9E5991965EA,
GL00048,2025-01-14,2100,Proveedores,0,73265.48,Factura 50593 Grupo Guadalupe SA de CV,DD1CA267-530D-DDA6-C8D0-F9E5991965EA,
GL00049,2025-01-14,6000,Gastos materia_prima,96190,0,Factura 33136 Soldadura Industrial SA de CV,4721194B-C8A4-AE21-D9F8-50E913AD3EAD,
GL00050,2025-01-14,1180,IVA acreditable,15390.4,0,IVA factura 33136,4721194B-C8A4-AE21-D9F8-50E913AD3EAD,
GL00051,2025-01-14,2100,Proveedores,0,111580.4,Factura 33136 Soldadura Industrial SA de CV,4721194B-C8A4-AE21-D9F8-50E913AD3EAD,
GL00052,2025-01-14,1200,Clientes,133774.23,0,Venta 1539 Envases García S de RL de CV,3DE54EE2-A655-596C-2528-D32DA60C2BED,
GL00053,2025-01-14,4000,Ventas,0,115322.61,Venta 1539 Envases García S de RL de CV,3DE54EE2-A655-596C-2528-D32DA60C2BED,
GL00054,2025-01-14,2180,IVA trasladado,0,18451.62,IVA venta 1539,3DE54EE2-A655-596C-2528-D32DA60C2BED,
GL00055,2025-01-15,1200,Clientes,364600.95,0,Venta 1484 Construcciones Quintanilla S de RL de CV,A151ED02-2F09-8F4D-A43F-683AA43101E4,
GL00056,2025-01-15,4000,Ventas,0,314311.16,Venta 1484 Construcciones Quintanilla S de RL de CV,A151ED02-2F09-8F4D-A43F-683AA43101E4,
GL00057,2025-01-15,2180,IVA trasladado,0,50289.79,IVA venta 1484,A151ED02-2F09-8F4D-A43F-683AA43101E4,
GL00058,2025-01-17,6000,Gastos consumibles,72007.8,0,Factura 6533 Herramientas Monterrey SA de CV,4185300D-971D-F5FD-B389-50CE9FBC879E,
GL00059,2025-01-17,1180,IVA acreditable,11521.25,0,IVA factura 6533,4185300D-971D-F5FD-B389-50CE9FBC879E,
GL00060,2025-01-17,2100,Proveedores,0,83529.05,Factura 6533 Herramientas Monterrey SA de CV,4185300D-971D-F5FD-B389-50CE9FBC879E,
GL00061,2025-01-17,6000,Gastos logistica,80129.9,0,Factura 14372 Grupo del Norte SAPI de CV,0C8D51D2-1673-AEFB-EB9E-54E054C3B22E,
GL00062,2025-01-17,1180,IVA acreditable,12820.78,0,IVA factura 14372,0C8D51D2-1673-AEFB-EB9E-54E054C3B22E,
GL00063,2025-01-17,2100,Proveedores,0,92950.68,Factura 14372 Grupo del Norte SAPI de CV,0C8D51D2-1673-AEFB-EB9E-54E054C3B22E,
GL00064,2025-01-20,6000,Gastos materia_prima,11347.8,0,Factura 78411 Pinturas San Nicolás S de RL de CV,F6A9E3E3-B62B-CCB1-4956-0C3685609E8A,
GL00065,2025-01-20,1180,IVA acreditable,1815.65,0,IVA factura 78411,F6A9E3E3-B62B-CCB1-4956-0C3685609E8A,
GL00066,2025-01-20,2100,Proveedores,0,13163.45,Factura 78411 Pinturas San Nicolás S de RL de CV,F6A9E3E3-B62B-CCB1-4956-0C3685609E8A,
GL00067,2025-01-21,6000,Gastos materia_prima,14192.4,0,Factura 35947 Pinturas San Nicolás S de RL de CV,D463C183-A231-7211-8578-B1C6F7EBC69A,
GL00068,2025-01-21,1180,IVA acreditable,2270.78,0,IVA factura 35947,D463C183-A231-7211-8578-B1C6F7EBC69A,
GL00069,2025-01-21,2100,Proveedores,0,16463.18,Factura 35947 Pinturas San Nicolás S de RL de CV,D463C183-A231-7211-8578-B1C6F7EBC69A,
GL00070,2025-01-21,6000,Gastos materia_prima,85692.4,0,Factura 95149 Industrias Nuevo León SA de CV,19E9E3A4-18DC-CEB6-84FC-FCB0F5E90352,
GL00071,2025-01-21,1180,IVA acreditable,13710.78,0,IVA factura 95149,19E9E3A4-18DC-CEB6-84FC-FCB0F5E90352,
GL00072,2025-01-21,2100,Proveedores,0,99403.18,Factura 95149 Industrias Nuevo León SA de CV,19E9E3A4-18DC-CEB6-84FC-FCB0F5E90352,
GL00073,2025-01-21,1200,Clientes,80746.74,0,Venta 1423 Construcciones Hernández SA de CV,489AC27E-6281-03F0-1D9F-FF257E63F654,
GL00074,2025-01-21,4000,Ventas,0,69609.26,Venta 1423 Construcciones Hernández SA de CV,489AC27E-6281-03F0-1D9F-FF257E63F654,
GL00075,2025-01-21,2180,IVA trasladado,0,11137.48,IVA venta 1423,489AC27E-6281-03F0-1D9F-FF257E63F654,
GL00076,2025-01-22,6000,Gastos refacciones,101749.9,0,Factura 6721 Servicios Guadalupe S de RL de CV,2737F345-3886-29FF-B2A0-F778809D6444,
GL00077,2025-01-22,1180,IVA acreditable,16279.98,0,IVA factura 6721,2737F345-3886-29FF-B2A0-F778809D6444,
GL00078,2025-01-22,2100,Proveedores,0,118029.88,Factura 6721 Servicios Guadalupe S de RL de CV,2737F345-3886-29FF-B2A0-F778809D6444,
GL00079,2025-01-22,6000,Gastos consumibles,7740.5,0,Factura 70428 Aceros de México S de RL de CV,DFCF338C-DEC5-6DC3-AD96-8213F0A9B97F,
GL00080,2025-01-22,1180,IVA acreditable,1238.48,0,IVA factura 70428,DFCF338C-DEC5-6DC3-AD96-8213F0A9B97F,
GL00081,2025-01-22,2100,Proveedores,0,8978.98,Factura 70428 Aceros de México S de RL de CV,DFCF338C-DEC5-6DC3-AD96-8213F0A9B97F,
GL00082,2025-01-24,6000,Gastos refacciones,104179.9,0,Factura 33447 Hidráulica Apodaca SAPI de CV,4818B004-B0A4-F557-3381-001FA3FF8FD2,
GL00083,2025-01-24,1180,IVA acreditable,16668.78,0,IVA factura 33447,4818B004-B0A4-F557-3381-001FA3FF8FD2,
GL00084,2025-01-24,2100,Proveedores,0,120848.68,Factura 33447 Hidráulica Apodaca SAPI de CV,4818B004-B0A4-F557-3381-001FA3FF8FD2,
GL00085,2025-01-27,6000,Gastos materia_prima,140977.8,0,Factura 23326 Ferretera de México SAPI de CV,EBD14B0C-C7F4-F4F9-8222-1AD3ECA391D4,
GL00086,2025-01-27,1180,IVA acreditable,22556.45,0,IVA factura 23326,EBD14B0C-C7F4-F4F9-8222-1AD3ECA391D4,
GL00087,2025-01-27,2100,Proveedores,0,163534.25,Factura 23326 Ferretera de México SAPI de CV,EBD14B0C-C7F4-F4F9-8222-1AD3ECA391D4,
GL00088,2025-01-27,6000,Gastos renta_util,13560.5,0,Factura 15312 Maquinados Apodaca SA de CV,83D0BAE7-7C2C-FBCF-0770-D18FC9160147,
GL00089,2025-01-27,1180,IVA acreditable,2169.68,0,IVA factura 15312,83D0BAE7-7C2C-FBCF-0770-D18FC9160147,
GL00090,2025-01-27,2100,Proveedores,0,15730.18,Factura 15312 Maquinados Apodaca SA de CV,83D0BAE7-7C2C-FBCF-0770-D18FC9160147,
GL00091,2025-01-27,1200,Clientes,381130.61,0,Venta 1519 Autopartes Quintanilla S de RL de CV,0E378B07-CC53-5C3E-52BB-530D486FAC8F,
GL00092,2025-01-27,4000,Ventas,0,328560.87,Venta 1519 Autopartes Quintanilla S de RL de CV,0E378B07-CC53-5C3E-52BB-530D486FAC8F,
GL00093,2025-01-27,2180,IVA trasladado,0,52569.74,IVA venta 1519,0E378B07-CC53-5C3E-52BB-530D486FAC8F,
GL00094,2025-01-28,6100,Sueldos y salarios,433992.65,0,Nómina,,TX00001
GL00095,2025-01-28,1020,Bancos,0,433992.65,Nómina,,TX00001
GL00096,2025-01-29,2100,Proveedores,25877.05,0,Pago Distribuidora Industrial S de RL de CV,EE6081AC-2DD0-622E-266B-F2EAEB93F78C,TX00002
GL00097,2025-01-29,1020,Bancos,0,25877.05,Pago Distribuidora Industrial S de RL de CV,EE6081AC-2DD0-622E-266B-F2EAEB93F78C,TX00002
GL00098,2025-01-29,6000,Gastos materia_prima,101452.4,0,Factura 29816 Industrias Nuevo León SA de CV,1EDBBE71-DE2A-2DDF-EE24-9B726AA12ABD,
GL00099,2025-01-29,1180,IVA acreditable,16232.38,0,IVA factura 29816,1EDBBE71-DE2A-2DDF-EE24-9B726AA12ABD,
GL00100,2025-01-29,2100,Proveedores,0,117684.78,Factura 29816 Industrias Nuevo León SA de CV,1EDBBE71-DE2A-2DDF-EE24-9B726AA12ABD,
GL00101,2025-01-29,6000,Gastos refacciones,188312.4,0,Factura 2553 Hidráulica Apodaca SAPI de CV,892FCA69-8E20-17E1-50C4-CB4BAD9E5C1E,
GL00102,2025-01-29,1180,IVA acreditable,30129.98,0,IVA factura 2553,892FCA69-8E20-17E1-50C4-CB4BAD9E5C1E,
GL00103,2025-01-29,2100,Proveedores,0,218442.38,Factura 2553 Hidráulica Apodaca SAPI de CV,892FCA69-8E20-17E1-50C4-CB4BAD9E5C1E,
GL00104,2025-01-29,2100,Proveedores,111580.4,0,Pago Soldadura Industrial SA de CV,4721194B-C8A4-AE21-D9F8-50E913AD3EAD,TX00003
GL00105,2025-01-29,1020,Bancos,0,111580.4,Pago Soldadura Industrial SA de CV,4721194B-C8A4-AE21-D9F8-50E913AD3EAD,TX00003
GL00106,2025-01-29,1200,Clientes,322533.82,0,Venta 1446 Grupo López SAPI de CV,4FE5C13B-A5E8-C198-3C10-316D3F63A065,
GL00107,2025-01-29,4000,Ventas,0,278046.4,Venta 1446 Grupo López SAPI de CV,4FE5C13B-A5E8-C198-3C10-316D3F63A065,
GL00108,2025-01-29,2180,IVA trasladado,0,44487.42,IVA venta 1446,4FE5C13B-A5E8-C198-3C10-316D3F63A065,
GL00109,2025-01-29,1200,Clientes,251173.74,0,Venta 1473 Construcciones Elizondo SA de CV,1CEB08FE-F2DE-B798-B31A-25B55FECAA6E,
GL00110,2025-01-29,4000,Ventas,0,216529.09,Venta 1473 Construcciones Elizondo SA de CV,1CEB08FE-F2DE-B798-B31A-25B55FECAA6E,
GL00111,2025-01-29,2180,IVA trasladado,0,34644.65,IVA venta 1473,1CEB08FE-F2DE-B798-B31A-25B55FECAA6E,
GL00112,2025-01-29,1020,Bancos,213716.39,0,Cobro Construcciones Quintanilla S de RL de CV,93683DD6-5050-127E-4E38-5D03A0D80651,TX00004
GL00113,2025-01-29,1200,Clientes,0,213716.39,Cobro Construcciones Quintanilla S de RL de CV,93683DD6-5050-127E-4E38-5D03A0D80651,TX00004
GL00114,2025-01-31,1200,Clientes,68162.23,0,Venta 1500 Autopartes Martínez SAPI de CV,E88188C3-788F-06ED-3C1E-919BEE5A4007,
GL00115,2025-01-31,4000,Ventas,0,58760.54,Venta 1500 Autopartes Martínez SAPI de CV,E88188C3-788F-06ED-3C1E-919BEE5A4007,
GL00116,2025-01-31,2180,IVA trasladado,0,9401.69,IVA venta 1500,E88188C3-788F-06ED-3C1E-919BEE5A4007,
GL00117,2025-02-03,6000,Gastos logistica,76102.4,0,Factura 47433 Pinturas del Norte SAPI de CV,13B11E59-C85C-D714-7BF6-95524CBC9044,
GL00118,2025-02-03,1180,IVA acreditable,12176.38,0,IVA factura 47433,13B11E59-C85C-D714-7BF6-95524CBC9044,
GL00119,2025-02-03,2100,Proveedores,0,88278.78,Factura 47433 Pinturas del Norte SAPI de CV,13B11E59-C85C-D714-7BF6-95524CBC9044,
GL00120,2025-02-03,2100,Proveedores,11217.2,0,Pago Pinturas San Nicolás S de RL de CV,B0117B0A-3496-51D6-A790-55B06001F54D,TX00005
GL00121,2025-02-03,1020,Bancos,0,11217.2,Pago Pinturas San Nicolás S de RL de CV,B0117B0A-3496-51D6-A790-55B06001F54D,TX00005
GL00122,2025-02-03,6000,Gastos consumibles,79399.9,0,Factura 72381 Herramientas Monterrey SA de CV,C4072654-7F5F-61AA-AEE7-C7A586296FBE,
GL00123,2025-02-03,1180,IVA acreditable,12703.98,0,IVA factura 72381,C4072654-7F5F-61AA-AEE7-C7A586296FBE,
GL00124,2025-02-03,2100,Proveedores,0,92103.88,Factura 72381 Herramientas Monterrey SA de CV,C4072654-7F5F-61AA-AEE7-C7A586296FBE,
GL00125,2025-02-03,2100,Proveedores,83529.05,0,Pago Herramientas Monterrey SA de CV,4185300D-971D-F5FD-B389-50CE9FBC879E,TX00006
GL00126,2025-02-03,1020,Bancos,0,83529.05,Pago Herramientas Monterrey SA de CV,4185300D-971D-F5FD-B389-50CE9FBC879E,TX00006
GL00127,2025-02-03,6000,Gastos materia_prima,112322.4,0,Factura 57847 Soldadura Industrial SA de CV,2D8CC973-43C1-136C-D013-B7A3F4A29332,
GL00128,2025-02-03,1180,IVA acreditable,17971.58,0,IVA factura 57847,2D8CC973-43C1-136C-D013-B7A3F4A29332,
GL00129,2025-02-03,2100,Proveedores,0,130293.98,Factura 57847 Soldadura Industrial SA de CV,2D8CC973-43C1-136C-D013-B7A3F4A29332,
GL00130,2025-02-03,6000,Gastos consumibles,4550.5,0,Factura 57596 Aceros de México S de RL de CV,2A3DD769-8DAC-210D-5EB3-8EF5B24070CA,
GL00131,2025-02-03,1180,IVA acreditable,728.08,0,IVA factura 57596,2A3DD769-8DAC-210D-5EB3-8EF5B24070CA,
GL00132,2025-02-03,2100,Proveedores,0,5278.58,Factura 57596 Aceros de México S de RL de CV,2A3DD769-8DAC-210D-5EB3-8EF5B24070CA,
GL00133,2025-02-03,1020,Bancos,369911.51,0,Cobro Envases Rodríguez SAPI de CV,32440F07-0AE2-63E0-6E66-3C0AC1E0A4A1,TX00007
GL00134,2025-02-03,1200,Clientes,0,369911.51,Cobro Envases Rodríguez SAPI de CV,32440F07-0AE2-63E0-6E66-3C0AC1E0A4A1,TX00007
GL00135,2025-02-03,1200,Clientes,172367.29,0,Venta 1414 Envases Rodríguez SAPI de CV,C8497436-18B4-75B1-C12A-34F402A13629,
GL00136,2025-02-03,4000,Ventas,0,148592.49,Venta 1414 Envases Rodríguez SAPI de CV,C8497436-18B4-75B1-C12A-34F402A13629,
GL00137,2025-02-03,2180,IVA trasladado,0,23774.8,IVA venta 1414,C8497436-18B4-75B1-C12A-34F402A13629,
GL00138,2025-02-03,1200,Clientes,193335.2,0,Venta 1483 Construcciones Quintanilla S de RL de CV,8C37E264-D03C-D20A-BAAE-EBF89A244525,
GL00139,2025-02-03,4000,Ventas,0,166668.28,Venta 1483 Construcciones Quintanilla S de RL de CV,8C37E264-D03C-D20A-BAAE-EBF89A244525,
GL00140,2025-02-03,2180,IVA trasladado,0,26666.92,IVA venta 1483,8C37E264-D03C-D20A-BAAE-EBF89A244525,
GL00141,2025-02-03,1200,Clientes,267021.76,0,Venta 1546 Envases López SAPI de CV,8DA22A39-50DB-8E34-938F-2B906C087D6C,
GL00142,2025-02-03,4000,Ventas,0,230191.17,Venta 1546 Envases López SAPI de CV,8DA22A39-50DB-8E34-938F-2B906C087D6C,
GL00143,2025-02-03,2180,IVA trasladado,0,36830.59,IVA venta 1546,8DA22A39-50DB-8E34-938F-2B906C087D6C,
GL00144,2025-02-03,6000,Gastos consumibles,10257.29,0,Factura 12793 Refacciones San Nicolás S de RL de CV,0AB74B5D-FCD4-9681-CA09-7B17951B2503,
GL00145,2025-02-03,1180,IVA acreditable,1641.17,0,IVA factura 12793,0AB74B5D-FCD4-9681-CA09-7B17951B2503,
GL00146,2025-02-03,2100,Proveedores,0,11898.46,Factura 12793 Refacciones San Nicolás S de RL de CV,0AB74B5D-FCD4-9681-CA09-7B17951B2503,
GL00147,2025-02-05,6000,Gastos consumibles,50709.9,0,Factura 45725 Servicios Escobedo SAPI de CV,953B0F1F-EA3E-072A-8F22-1604D46B7756,
GL00148,2025-02-05,1180,IVA acreditable,8113.58,0,IVA factura 45725,953B0F1F-EA3E-072A-8F22-1604D46B7756,
GL00149,2025-02-05,2100,Proveedores,0,58823.48,Factura 45725 Servicios Escobedo SAPI de CV,953B0F1F-EA3E-072A-8F22-1604D46B7756,
GL00150,2025-02-05,6000,Gastos servicios,138740,0,Factura 63285 Metálica Escobedo SAPI de CV,C7A2EE6F-D166-EB08-B073-6DD1F443864C,
GL00151,2025-02-05,1180,IVA acreditable,22198.4,0,IVA factura 63285,C7A2EE6F-D166-EB08-B073-6DD1F443864C,
GL00152,2025-02-05,2100,Proveedores,0,160938.4,Factura 63285 Metálica Escobedo SAPI de CV,C7A2EE6F-D166-EB08-B073-6DD1F443864C,
GL00153,2025-02-05,1020,Bancos,405451.0,0,Cobro Envases López SAPI de CV,4B7A123E-338A-EA2D-3E1C-FA1495D16384,TX00008
GL00154,2025-02-05,1200,Clientes,0,405451.0,Cobro Envases López SAPI de CV,4B7A123E-338A-EA2D-3E1C-FA1495D16384,TX00008
GL00155,2025-02-06,6000,Gastos refacciones,61302.4,0,Factura 35158 Aceros Apodaca S de RL de CV,B5DEF807-4A96-5478-A72B-DDDD511EEEB8,
GL00156,2025-02-06,1180,IVA acreditable,9808.38,0,IVA factura 35158,B5DEF807-4A96-5478-A72B-DDDD511EEEB8,
GL00157,2025-02-06,2100,Proveedores,0,71110.78,Factura 35158 Aceros Apodaca S de RL de CV,B5DEF807-4A96-5478-A72B-DDDD511EEEB8,
GL00158,2025-02-06,6000,Gastos refacciones,92767.8,0,Factura 88147 Servicios Guadalupe S de RL de CV,1CCEC1EF-16EF-ACDF-9375-EE61EC94503E,
GL00159,2025-02-06,1180,IVA acreditable,14842.85,0,IVA factura 88147,1CCEC1EF-16EF-ACDF-9375-EE61EC94503E,
GL00160,2025-02-06,2100,Proveedores,0,107610.65,Factura 88147 Servicios Guadalupe S de RL de CV,1CCEC1EF-16EF-ACDF-9375-EE61EC94503E,
GL00161,2025-02-06,2100,Proveedores,92950.68,0,Pago Grupo del Norte SAPI de CV,0C8D51D2-1673-AEFB-EB9E-54E054C3B22E,TX00009
GL00162,2025-02-06,1020,Bancos,0,92950.68,Pago Grupo del Norte SAPI de CV,0C8D51D2-1673-AEFB-EB9E-54E054C3B22E,TX00009
GL00163,2025-02-07,6000,Gastos consumibles,19999.9,0,Factura 43742 Industrias Apodaca SA de CV,E8334DA5-DE95-D695-3579-C1437AB99428,
GL00164,2025-02-07,1180,IVA acreditable,3199.98,0,IVA factura 43742,E8334DA5-DE95-D695-3579-C1437AB99428,
GL00165,2025-02-07,2100,Proveedores,0,23199.88,Factura 43742 Industrias Apodaca SA de CV,E8334DA5-DE95-D695-3579-C1437AB99428,
GL00166,2025-02-07,6000,Gastos materia_prima,13609.9,0,Factura 11438 Grupo Monterrey S de RL de CV,9B47E639-4D25-51EB-AF95-BE79C971BF51,
GL00167,2025-02-07,1180,IVA acreditable,2177.58,0,IVA factura 11438,9B47E639-4D25-51EB-AF95-BE79C971BF51,
GL00168,2025-02-07,2100,Proveedores,0,15787.48,Factura 11438 Grupo Monterrey S de RL de CV,9B47E639-4D25-51EB-AF95-BE79C971BF51,
GL00169,2025-02-10,6000,Gastos consumibles,51700,0,Factura 9008 Industrias Apodaca SA de CV,3B3F3800-A175-A9C3-D7B1-02A92332A50E,
GL00170,2025-02-10,1180,IVA acreditable,8272.0,0,IVA factura 9008,3B3F3800-A175-A9C3-D7B1-02A92332A50E,
GL00171,2025-02-10,2100,Proveedores,0,59972.0,Factura 9008 Industrias Apodaca SA de CV,3B3F3800-A175-A9C3-D7B1-02A92332A50E,
GL00172,2025-02-10,6000,Gastos consumibles,162992.4,0,Factura 41320 Grupo Guadalupe SA de CV,EDC3A1C3-2DEA-2D2D-086C-405FA879D8F8,
GL00173,2025-02-10,1180,IVA acreditable,26078.78,0,IVA factura 41320,EDC3A1C3-2DEA-2D2D-086C-405FA879D8F8,
GL00174,2025-02-10,2100,Proveedores,0,189071.18,Factura 41320 Grupo Guadalupe SA de CV,EDC3A1C3-2DEA-2D2D-086C-405FA879D8F8,
GL00175,2025-02-10,6000,Gastos materia_prima,139900,0,Factura 92440 Aceros Santa Catarina SA de CV,7B94A34D-E4AA-786D-9D17-D218FC3B0DE5,
GL00176,2025-02-10,1180,IVA acreditable,22384.0,0,IVA factura 92440,7B94A34D-E4AA-786D-9D17-D218FC3B0DE5,
GL00177,2025-02-10,2100,Proveedores,0,162284.0,Factura 92440 Aceros Santa Catarina SA de CV,7B94A34D-E4AA-786D-9D17-D218FC3B0DE5,
GL00178,2025-02-10,6000,Gastos servicios,57160,0,Factura 75005 Neumática Apodaca S de RL de CV,CCEA5031-844E-250B-E684-390C923B7820,
GL00179,2025-02-10,1180,IVA acreditable,9145.6,0,IVA factura 75005,CCEA5031-844E-250B-E684-390C923B7820,
GL00180,2025-02-10,2100,Proveedores,0,66305.6,Factura 75005 Neumática Apodaca S de RL de CV,CCEA5031-844E-250B-E684-390C923B7820,
GL00181,2025-02-10,6000,Gastos materia_prima,63320,0,Factura 48474 Industrias Nuevo León SA de CV,6A7BE8B1-E3F3-42A8-F030-BFD4BE54898E,
GL00182,2025-02-10,1180,IVA acreditable,10131.2,0,IVA factura 48474,6A7BE8B1-E3F3-42A8-F030-BFD4BE54898E,
GL00183,2025-02-10,2100,Proveedores,0,73451.2,Factura 48474 Industrias Nuevo León SA de CV,6A7BE8B1-E3F3-42A8-F030-BFD4BE54898E,
GL00184,2025-02-10,6000,Gastos materia_prima,84817.8,0,Factura 75627 Industrias Nuevo León SA de CV,B3EDD6ED-B089-4DE4-E626-7164D3616B3A,
GL00185,2025-02-10,1180,IVA acreditable,13570.85,0,IVA factura 75627,B3EDD6ED-B089-4DE4-E626-7164D3616B3A,
GL00186,2025-02-10,2100,Proveedores,0,98388.65,Factura 75627 Industrias Nuevo León SA de CV,B3EDD6ED-B089-4DE4-E626-7164D3616B3A,
GL00187,2025-02-10,6000,Gastos consumibles,81837.8,0,Factura 85240 Suministros Monterrey S de RL de CV,B646E2B1-7800-E27A-9ACE-63CCD89C83F6,
GL00188,2025-02-10,1180,IVA acreditable,13094.05,0,IVA factura 85240,B646E2B1-7800-E27A-9ACE-63CCD89C83F6,
GL00189,2025-02-10,2100,Proveedores,0,94931.85,Factura 85240 Suministros Monterrey S de RL de CV,B646E2B1-7800-E27A-9ACE-63CCD89C83F6,
GL00190,2025-02-10,6000,Gastos renta_util,17089.9,0,Factura 87097 Soldadura de México SAPI de CV,BDDF2416-A173-1ED8-78F2-961C3EC77A8F,
GL00191,2025-02-10,1180,IVA acreditable,2734.38,0,IVA factura 87097,BDDF2416-A173-1ED8-78F2-961C3EC77A8F,
GL00192,2025-02-10,2100,Proveedores,0,19824.28,Factura 87097 Soldadura de México SAPI de CV,BDDF2416-A173-1ED8-78F2-961C3EC77A8F,
GL00193,2025-02-10,1200,Clientes,318481.77,0,Venta 1455 Envases Villarreal SA de CV,4CC6D67E-CDDB-3F9E-8130-0E684D45D885,
GL00194,2025-02-10,4000,Ventas,0,274553.25,Venta 1455 Envases Villarreal SA de CV,4CC6D67E-CDDB-3F9E-8130-0E684D45D885,
GL00195,2025-02-10,2180,IVA trasladado,0,43928.52,IVA venta 1455,4CC6D67E-CDDB-3F9E-8130-0E684D45D885,
GL00196,2025-02-10,1020,Bancos,242204.96,0,Cobro Autopartes Martínez SAPI de CV,B169FDED-F972-3977-52C0-3F9BDF16EB70,TX00010
GL00197,2025-02-10,1200,Clientes,0,242204.96,Cobro Autopartes Martínez SAPI de CV,B169FDED-F972-3977-52C0-3F9BDF16EB70,TX00010
GL00198,2025-02-10,1200,Clientes,149195.35,0,Venta 1514 Autopartes Villarreal SAPI de CV,E32A8787-1824-6315-AD49-E0727F843004,
GL00199,2025-02-10,4000,Ventas,0,128616.68,Venta 1514 Autopartes Villarreal SAPI de CV,E32A8787-1824-6315-AD49-E0727F843004,
GL00200,2025-02-10,2180,IVA trasladado,0,20578.67,IVA venta 1514,E32A8787-1824-6315-AD49-E0727F843004,
GL00201,2025-02-11,2100,Proveedores,6449.48,0,Pago Pinturas San Nicolás S de RL de CV,82B34384-9979-CF26-C8B1-90E1089A9F4F,TX00011
GL00202,2025-02-11,1020,Bancos,0,6449.48,Pago Pinturas San Nicolás S de RL de CV,82B34384-9979-CF26-C8B1-90E1089A9F4F,TX00011
GL00203,2025-02-11,1200,Clientes,390167.39,0,Venta 1481 Construcciones Quintanilla S de RL de CV,BCA83A82-7899-7035-7DDF-8484F0C44ECB,
GL00204,2025-02-11,4000,Ventas,0,336351.2,Venta 1481 Construcciones Quintanilla S de RL de CV,BCA83A82-7899-7035-7DDF-8484F0C44ECB,
GL00205,2025-02-11,2180,IVA trasladado,0,53816.19,IVA venta 1481,BCA83A82-7899-7035-7DDF-8484F0C44ECB,
GL00206,2025-02-11,1020,Bancos,402339.62,0,Cobro Autopartes Quintanilla S de RL de CV,67037089-C78C-D2C3-6374-ED1429B67B14,TX00012
GL00207,2025-02-11,1200,Clientes,0,402339.62,Cobro Autopartes Quintanilla S de RL de CV,67037089-C78C-D2C3-6374-ED1429B67B14,TX00012
GL00208,2025-02-12,6000,Gastos consumibles,25119.9,0,Factura 83238 Distribuidora Industrial S de RL de CV,9620BEE6-6406-FACE-53A5-E8508950DDD6,
GL00209,2025-02-12,1180,IVA acreditable,4019.18,0,IVA factura 83238,9620BEE6-6406-FACE-53A5-E8508950DDD6,
GL00210,2025-02-12,2100,Proveedores,0,29139.08,Factura 83238 Distribuidora Industrial S de RL de CV,9620BEE6-6406-FACE-53A5-E8508950DDD6,
GL00211,2025-02-12,6000,Gastos servicios,8279.9,0,Factura 51197 Servicios Guadalupe S de RL de CV,E2AE3F87-EE7C-A782-A7A3-1D2515956C42,
GL00212,2025-02-12,1180,IVA acreditable,1324.78,0,IVA factura 51197,E2AE3F87-EE7C-A782-A7A3-1D2515956C42,
GL00213,2025-02-12,2100,Proveedores,0,9604.68,Factura 51197 Servicios Guadalupe S de RL de CV,E2AE3F87-EE7C-A782-A7A3-1D2515956C42,
GL00214,2025-02-12,6000,Gastos consumibles,17347.8,0,Factura 79158 Ferretera San Nicolás SA de CV,51589375-7D8F-2350-31C7-7A4464F8F226,
GL00215,2025-02-12,1180,IVA acreditable,2775.65,0,IVA factura 79158,51589375-7D8F-2350-31C7-7A4464F8F226,
GL00216,2025-02-12,2100,Proveedores,0,20123.45,Factura 79158 Ferretera San Nicolás SA de CV,51589375-7D8F-2350-31C7-7A4464F8F226,
GL00217,2025-02-12,1200,Clientes,177486.64,0,Venta 1467 Grupo Salinas S de RL de CV,E68C1348-1046-E3DF-DDFE-F8494C485CFC,
GL00218,2025-02-12,4000,Ventas,0,153005.72,Venta 1467 Grupo Salinas S de RL de CV,E68C1348-1046-E3DF-DDFE-F8494C485CFC,
GL00219,2025-02-12,2180,IVA trasladado,0,24480.92,IVA venta 1467,E68C1348-1046-E3DF-DDFE-F8494C485CFC,
GL00220,2025-02-12,1020,Bancos,364600.95,0,Cobro Construcciones Quintanilla S de RL de CV,A151ED02-2F09-8F4D-A43F-683AA43101E4,TX00013
GL00221,2025-02-12,1200,Clientes,0,364600.95,Cobro Construcciones Quintanilla S de RL de CV,A151ED02-2F09-8F4D-A43F-683AA43101E4,TX00013
GL00222,2025-02-12,6000,Gastos servicios,250000,0,Factura 43386 Metálica Santa Catarina SA de CV,FA2C9E79-2758-4F1A-239E-5593EC11A44D,
GL00223,2025-02-12,1180,IVA acreditable,40000.0,0,IVA factura 43386,FA2C9E79-2758-4F1A-239E-5593EC11A44D,
GL00224,2025-02-12,2100,Proveedores,0,290000.0,Factura 43386 Metálica Santa Catarina SA de CV,FA2C9E79-2758-4F1A-239E-5593EC11A44D,
GL00225,2025-02-13,6000,Gastos materia_prima,145669.9,0,Factura 74525 Servicios San Nicolás SAPI de CV,97867B12-1328-1726-64F4-34D6D1E91691,
GL00226,2025-02-13,1180,IVA acreditable,23307.18,0,IVA factura 74525,97867B12-1328-1726-64F4-34D6D1E91691,
GL00227,2025-02-13,2100,Proveedores,0,168977.08,Factura 74525 Servicios San Nicolás SAPI de CV,97867B12-1328-1726-64F4-34D6D1E91691,
GL00228,2025-02-13,2100,Proveedores,20555.08,0,Pago Grupo Monterrey S de RL de CV,98BE5FF0-929D-AF9F-0149-A2AF0AB1A504,TX00014
GL00229,2025-02-13,1020,Bancos,0,20555.08,Pago Grupo Monterrey S de RL de CV,98BE5FF0-929D-AF9F-0149-A2AF0AB1A504,TX00014
GL00230,2025-02-13,2100,Proveedores,118029.88,0,Pago Servicios Guadalupe S de RL de CV,2737F345-3886-29FF-B2A0-F778809D6444,TX00015
GL00231,2025-02-13,1020,Bancos,0,118029.88,Pago Servicios Guadalupe S de RL de CV,2737F345-3886-29FF-B2A0-F778809D6444,TX00015
GL00232,2025-02-13,6000,Gastos renta_util,8917.8,0,Factura 55897 Soldadura de México SAPI de CV,9ABBE46B-B205-1CEC-C9F7-369FE4C1D210,
GL00233,2025-02-13,1180,IVA acreditable,1426.85,0,IVA factura 55897,9ABBE46B-B205-1CEC-C9F7-369FE4C1D210,
GL00234,2025-02-13,2100,Proveedores,0,10344.65,Factura 55897 Soldadura de México SAPI de CV,9ABBE46B-B205-1CEC-C9F7-369FE4C1D210,
GL00235,2025-02-14,2100,Proveedores,163534.25,0,Pago Ferretera de México SAPI de CV,EBD14B0C-C7F4-F4F9-8222-1AD3ECA391D4,TX00016
GL00236,2025-02-14,1020,Bancos,0,163534.25,Pago Ferretera de México SAPI de CV,EBD14B0C-C7F4-F4F9-8222-1AD3ECA391D4,TX00016
GL00237,2025-02-14,2100,Proveedores,117684.78,0,Pago Industrias Nuevo León SA de CV,1EDBBE71-DE2A-2DDF-EE24-9B726AA12ABD,TX00017
GL00238,2025-02-14,1020,Bancos,0,117684.78,Pago Industrias Nuevo León SA de CV,1EDBBE71-DE2A-2DDF-EE24-9B726AA12ABD,TX00017
GL00239,2025-02-14,6000,Gastos materia_prima,119650.5,0,Factura 58536 Metálica San Nicolás SA de CV,B3099E0D-B0AC-0677-D60F-8680A124FDB2,
GL00240,2025-02-14,1180,IVA acreditable,19144.08,0,IVA factura 58536,B3099E0D-B0AC-0677-D60F-8680A124FDB2,
GL00241,2025-02-14,2100,Proveedores,0,138794.58,Factura 58536 Metálica San Nicolás SA de CV,B3099E0D-B0AC-0677-D60F-8680A124FDB2,
GL00242,2025-02-14,1200,Clientes,98637.38,0,Venta 1538 Envases García S de RL de CV,D0E34B2B-1CA6-4C33-30D8-67CD038D5F5A,
GL00243,2025-02-14,4000,Ventas,0,85032.22,Venta 1538 Envases García S de RL de CV,D0E34B2B-1CA6-4C33-30D8-67CD038D5F5A,
GL00244,2025-02-14,2180,IVA trasladado,0,13605.16,IVA venta 1538,D0E34B2B-1CA6-4C33-30D8-67CD038D5F5A,
GL00245,2025-02-17,6000,Gastos consumibles,48882.4,0,Factura 11542 Grupo Guadalupe SA de CV,21EBFAA9-1A2B-D69C-450F-69EEC2E79A98,
GL00246,2025-02-17,1180,IVA acreditable,7821.18,0,IVA factura 11542,21EBFAA9-1A2B-D69C-450F-69EEC2E79A98,
GL00247,2025-02-17,2100,Proveedores,0,56703.58,Factura 11542 Grupo Guadalupe SA de CV,21EBFAA9-1A2B-D69C-450F-69EEC2E79A98,
GL00248,2025-02-17,2100,Proveedores,16463.18,0,Pago Pinturas San Nicolás S de RL de CV,D463C183-A231-7211-8578-B1C6F7EBC69A,TX00018
GL00249,2025-02-17,1020,Bancos,0,16463.18,Pago Pinturas San Nicolás S de RL de CV,D463C183-A231-7211-8578-B1C6F7EBC69A,TX00018
GL00250,2025-02-17,2100,Proveedores,218442.38,0,Pago Hidráulica Apodaca SAPI de CV,892FCA69-8E20-17E1-50C4-CB4BAD9E5C1E,TX00019
GL00251,2025-02-17,1020,Bancos,0,218442.38,Pago Hidráulica Apodaca SAPI de CV,892FCA69-8E20-17E1-50C4-CB4BAD9E5C1E,TX00019
GL00252,2025-02-17,1020,Bancos,103590.09,0,Cobro Grupo Montemayor S de RL de CV,7C2257A0-C75F-F368-5F7D-DBB1480AFE9F,TX00020
GL00253,2025-02-17,1200,Clientes,0,103590.09,Cobro Grupo Montemayor S de RL de CV,7C2257A0-C75F-F368-5F7D-DBB1480AFE9F,TX00020
GL00254,2025-02-17,1020,Bancos,452966.97,0,Cobro Construcciones Hernández SA de CV,EBA46463-36C9-B657-EC9A-799E19437791,TX00021
GL00255,2025-02-17,1200,Clientes,0,452966.97,Cobro Construcciones Hernández SA de CV,EBA46463-36C9-B657-EC9A-799E19437791,TX00021
GL00256,2025-02-17,1200,Clientes,145820.9,0,Venta 1470 Construcciones Elizondo SA de CV,503BA8C3-CE83-0E27-C5EF-D6701F4D88CE,
GL00257,2025-02-17,4000,Ventas,0,125707.67,Venta 1470 Construcciones Elizondo SA de CV,503BA8C3-CE83-0E27-C5EF-D6701F4D88CE,
GL00258,2025-02-17,2180,IVA trasladado,0,20113.23,IVA venta 1470,503BA8C3-CE83-0E27-C5EF-D6701F4D88CE,
GL00259,2025-02-17,6000,Gastos servicios,150000,0,Factura 96805 Metálica Santa Catarina SA de CV,4E39F65A-20DB-4294-DFAE-180393D797E7,
GL00260,2025-02-17,1180,IVA acreditable,24000.0,0,IVA factura 96805,4E39F65A-20DB-4294-DFAE-180393D797E7,
GL00261,2025-02-17,2100,Proveedores,0,174000.0,Factura 96805 Metálica Santa Catarina SA de CV,4E39F65A-20DB-4294-DFAE-180393D797E7,
GL00262,2025-02-17,2100,Proveedores,290000.0,0,Pago Metálica Santa Catarina SA de CV,FA2C9E79-2758-4F1A-239E-5593EC11A44D,TX00022
GL00263,2025-02-17,1020,Bancos,0,290000.0,Pago Metálica Santa Catarina SA de CV,FA2C9E79-2758-4F1A-239E-5593EC11A44D,TX00022
GL00264,2025-02-18,6000,Gastos materia_prima,120720.5,0,Factura 19584 Ferretera de México SAPI de CV,62874624-A433-1510-AD21-B4CCA9E8F0D8,
GL00265,2025-02-18,1180,IVA acreditable,19315.28,0,IVA factura 19584,62874624-A433-1510-AD21-B4CCA9E8F0D8,
GL00266,2025-02-18,2100,Proveedores,0,140035.78,Factura 19584 Ferretera de México SAPI de CV,62874624-A433-1510-AD21-B4CCA9E8F0D8,
GL00267,2025-02-18,2100,Proveedores,13163.45,0,Pago Pinturas San Nicolás S de RL de CV,F6A9E3E3-B62B-CCB1-4956-0C3685609E8A,TX00023
GL00268,2025-02-18,1020,Bancos,0,13163.45,Pago Pinturas San Nicolás S de RL de CV,F6A9E3E3-B62B-CCB1-4956-0C3685609E8A,TX00023
GL00269,2025-02-19,2100,Proveedores,77873.58,0,Pago Hidráulica Apodaca SAPI de CV,F5C9F459-9DB1-BD5E-91A4-D796B9720EEC,TX00024
GL00270,2025-02-19,1020,Bancos,0,77873.58,Pago Hidráulica Apodaca SAPI de CV,F5C9F459-9DB1-BD5E-91A4-D796B9720EEC,TX00024
GL00271,2025-02-20,6000,Gastos consumibles,38337.8,0,Factura 59936 Distribuidora Industrial S de RL de CV,70F81DBA-2871-9B9B-DB8F-0E32EDEF5003,
GL00272,2025-02-20,1180,IVA acreditable,6134.05,0,IVA factura 59936,70F81DBA-2871-9B9B-DB8F-0E32EDEF5003,
GL00273,2025-02-20,2100,Proveedores,0,44471.85,Factura 59936 Distribuidora Industrial S de RL de CV,70F81DBA-2871-9B9B-DB8F-0E32EDEF5003,
GL00274,2025-02-21,6000,Gastos consumibles,17880,0,Factura 41322 Distribuidora Industrial S de RL de CV,6DEC6BBD-F697-77A1-59FE-3D53624FEA4B,
GL00275,2025-02-21,1180,IVA acreditable,2860.8,0,IVA factura 41322,6DEC6BBD-F697-77A1-59FE-3D53624FEA4B,
GL00276,2025-02-21,2100,Proveedores,0,20740.8,Factura 41322 Distribuidora Industrial S de RL de CV,6DEC6BBD-F697-77A1-59FE-3D53624FEA4B,
GL00277,2025-02-21,6000,Gastos consumibles,159312.4,0,Factura 13851 Transportes Apodaca SAPI de CV,D4A5A81E-6B38-2A0A-231D-260BB362CD55,
GL00278,2025-02-21,1180,IVA acreditable,25489.98,0,IVA factura 13851,D4A5A81E-6B38-2A0A-231D-260BB362CD55,
GL00279,2025-02-21,2100,Proveedores,0,184802.38,Factura 13851 Transportes Apodaca SAPI de CV,D4A5A81E-6B38-2A0A-231D-260BB362CD55,
GL00280,2025-02-21,2100,Proveedores,99403.18,0,Pago Industrias Nuevo León SA de CV,19E9E3A4-18DC-CEB6-84FC-FCB0F5E90352,TX00025
GL00281,2025-02-21,1020,Bancos,0,99403.18,Pago Industrias Nuevo León SA de CV,19E9E3A4-18DC-CEB6-84FC-FCB0F5E90352,TX00025
GL00282,2025-02-21,1200,Clientes,334904.79,0,Venta 1450 Grupo Chapa S de RL de CV,80B57013-7F29-C9E7-5601-F6A534B6685D,
GL00283,2025-02-21,4000,Ventas,0,288711.03,Venta 1450 Grupo Chapa S de RL de CV,80B57013-7F29-C9E7-5601-F6A534B6685D,
GL00284,2025-02-21,2180,IVA trasladado,0,46193.76,IVA venta 1450,80B57013-7F29-C9E7-5601-F6A534B6685D,
GL00285,2025-02-24,2100,Proveedores,73265.48,0,Pago Grupo Guadalupe SA de CV,DD1CA267-530D-DDA6-C8D0-F9E5991965EA,TX00026
GL00286,2025-02-24,1020,Bancos,0,73265.48,Pago Grupo Guadalupe SA de CV,DD1CA267-530D-DDA6-C8D0-F9E5991965EA,TX00026
GL00287,2025-02-24,2100,Proveedores,18736.78,0,Pago Electrónica Regiomontana SAPI de CV,BAEB286B-F0D0-270F-D4D1-3D551DB6B844,TX00027
GL00288,2025-02-24,1020,Bancos,0,18736.78,Pago Electrónica Regiomontana SAPI de CV,BAEB286B-F0D0-270F-D4D1-3D551DB6B844,TX00027
GL00289,2025-02-24,6000,Gastos consumibles,16342.4,0,Factura 17551 Distribuidora Industrial S de RL de CV,C0CEF31B-D038-E153-C601-818B61FA01BA,
GL00290,2025-02-24,1180,IVA acreditable,2614.78,0,IVA factura 17551,C0CEF31B-D038-E153-C601-818B61FA01BA,
GL00291,2025-02-24,2100,Proveedores,0,18957.18,Factura 17551 Distribuidora Industrial S de RL de CV,C0CEF31B-D038-E153-C601-818B61FA01BA,
GL00292,2025-02-24,6000,Gastos consumibles,131719.9,0,Factura 26533 Transportes Apodaca SAPI de CV,F91E5FCD-85EC-E729-D4DD-1B56435391B2,
GL00293,2025-02-24,1180,IVA acreditable,21075.18,0,IVA factura 26533,F91E5FCD-85EC-E729-D4DD-1B56435391B2,
GL00294,2025-02-24,2100,Proveedores,0,152795.08,Factura 26533 Transportes Apodaca SAPI de CV,F91E5FCD-85EC-E729-D4DD-1B56435391B2,
GL00295,2025-02-24,6000,Gastos materia_prima,52250.5,0,Factura 21194 Ferretera de México SAPI de CV,C00C200C-4458-B006-332C-CE0A0E7DA698,
GL00296,2025-02-24,1180,IVA acreditable,8360.08,0,IVA factura 21194,C00C200C-4458-B006-332C-CE0A0E7DA698,
GL00297,2025-02-24,2100,Proveedores,0,60610.58,Factura 21194 Ferretera de México SAPI de CV,C00C200C-4458-B006-332C-CE0A0E7DA698,
GL00298,2025-02-24,6000,Gastos servicios,23850.5,0,Factura 19850 Refacciones Regiomontana S de RL de CV,17172654-3B99-7815-0219-A9C7BA23B07A,
GL00299,2025-02-24,1180,IVA acreditable,3816.08,0,IVA factura 19850,17172654-3B99-7815-0219-A9C7BA23B07A,
GL00300,2025-02-24,2100,Proveedores,0,27666.58,Factura 19850 Refacciones Regiomontana S de RL de CV,17172654-3B99-7815-0219-A9C7BA23B07A,
GL00301,2025-02-24,2100,Proveedores,130293.98,0,Pago Soldadura Industrial SA de CV,2D8CC973-43C1-136C-D013-B7A3F4A29332,TX00028
GL00302,2025-02-24,1020,Bancos,0,130293.98,Pago Soldadura Industrial SA de CV,2D8CC973-43C1-136C-D013-B7A3F4A29332,TX00028
GL00303,2025-02-24,6000,Gastos servicios,153952.4,0,Factura 96480 Metálica Escobedo SAPI de CV,701FB3EA-A1FE-9BC6-E29D-650A15B98C20,
GL00304,2025-02-24,1180,IVA acreditable,24632.38,0,IVA factura 96480,701FB3EA-A1FE-9BC6-E29D-650A15B98C20,
GL00305,2025-02-24,2100,Proveedores,0,178584.78,Factura 96480 Metálica Escobedo SAPI de CV,701FB3EA-A1FE-9BC6-E29D-650A15B98C20,
GL00306,2025-02-24,1200,Clientes,356022.07,0,Venta 1428 Construcciones Hernández SA de CV,1090DC9D-2B31-71DC-FA54-9893E476231A,
GL00307,2025-02-24,4000,Ventas,0,306915.58,Venta 1428 Construcciones Hernández SA de CV,1090DC9D-2B31-71DC-FA54-9893E476231A,
GL00308,2025-02-24,2180,IVA trasladado,0,49106.49,IVA venta 1428,1090DC9D-2B31-71DC-FA54-9893E476231A,
GL00309,2025-02-24,1020,Bancos,322533.82,0,Cobro Grupo López SAPI de CV,4FE5C13B-A5E8-C198-3C10-316D3F63A065,TX00029
GL00310,2025-02-24,1200,Clientes,0,322533.82,Cobro Grupo López SAPI de CV,4FE5C13B-A5E8-C198-3C10-316D3F63A065,TX00029
GL00311,2025-02-24,1200,Clientes,119544.41,0,Venta 1472 Construcciones Elizondo SA de CV,688B4CFB-7081-75FD-4648-BBE8F84CE7A9,
GL00312,2025-02-24,4000,Ventas,0,103055.53,Venta 1472 Construcciones Elizondo SA de CV,688B4CFB-7081-75FD-4648-BBE8F84CE7A9,
GL00313,2025-02-24,2180,IVA trasladado,0,16488.88,IVA venta 1472,688B4CFB-7081-75FD-4648-BBE8F84CE7A9,
GL00314,2025-02-24,2100,Proveedores,174000.0,0,Pago Metálica Santa Catarina SA de CV,4E39F65A-20DB-4294-DFAE-180393D797E7,TX00030
GL00315,2025-02-24,1020,Bancos,0,174000.0,Pago Metálica Santa Catarina SA de CV,4E39F65A-20DB-4294-DFAE-180393D797E7,TX00030
GL00316,2025-02-25,1200,Clientes,259648.1,0,Venta 1530 Envases García S de RL de CV,A92DCF4F-76F3-BA50-1830-208269BBA3C4,
GL00317,2025-02-25,4000,Ventas,0,223834.57,Venta 1530 Envases García S de RL de CV,A92DCF4F-76F3-BA50-1830-208269BBA3C4,
GL00318,2025-02-25,2180,IVA trasladado,0,35813.53,IVA venta 1530,A92DCF4F-76F3-BA50-1830-208269BBA3C4,
GL00319,2025-02-26,6000,Gastos materia_prima,190222.4,0,Factura 76910 Aceros Santa Catarina SA de CV,6545C030-A981-FA54-F121-E129B45C9A54,
GL00320,2025-02-26,1180,IVA acreditable,30435.58,0,IVA factura 76910,6545C030-A981-FA54-F121-E129B45C9A54,
GL00321,2025-02-26,2100,Proveedores,0,220657.98,Factura 76910 Aceros Santa Catarina SA de CV,6545C030-A981-FA54-F121-E129B45C9A54,
GL00322,2025-02-27,2100,Proveedores,98388.65,0,Pago Industrias Nuevo León SA de CV,B3EDD6ED-B089-4DE4-E626-7164D3616B3A,TX00031
GL00323,2025-02-27,1020,Bancos,0,98388.65,Pago Industrias Nuevo León SA de CV,B3EDD6ED-B089-4DE4-E626-7164D3616B3A,TX00031
GL00324,2025-02-27,2100,Proveedores,107610.65,0,Pago Servicios Guadalupe S de RL de CV,1CCEC1EF-16EF-ACDF-9375-EE61EC94503E,TX00032
GL00325,2025-02-27,1020,Bancos,0,107610.65,Pago Servicios Guadalupe S de RL de CV,1CCEC1EF-16EF-ACDF-9375-EE61EC94503E,TX00032
GL00326,2025-02-27,6000,Gastos materia_prima,149539.9,0,Factura 34342 Soldadura Industrial SA de CV,2CE6F908-CECE-A5D3-5EA9-09EF7257DCB6,
GL00327,2025-02-27,1180,IVA acreditable,23926.38,0,IVA factura 34342,2CE6F908-CECE-A5D3-5EA9-09EF7257DCB6,
GL00328,2025-02-27,2100,Proveedores,0,173466.28,Factura 34342 Soldadura Industrial SA de CV,2CE6F908-CECE-A5D3-5EA9-09EF7257DCB6,
GL00329,2025-02-27,6000,Gastos refacciones,41317.8,0,Factura 38526 Ferretera Monterrey S de RL de CV,05CF079E-A095-2C4D-F3BD-2348854BC8FA,
GL00330,2025-02-27,1180,IVA acreditable,6610.85,0,IVA factura 38526,05CF079E-A095-2C4D-F3BD-2348854BC8FA,
GL00331,2025-02-27,2100,Proveedores,0,47928.65,Factura 38526 Ferretera Monterrey S de RL de CV,05CF079E-A095-2C4D-F3BD-2348854BC8FA,
GL00332,2025-02-27,1200,Clientes,284838.49,0,Venta 1469 Construcciones Elizondo SA de CV,859F02BB-1EE2-6F39-EED4-DB8980104995,
GL00333,2025-02-27,4000,Ventas,0,245550.42,Venta 1469 Construcciones Elizondo SA de CV,859F02BB-1EE2-6F39-EED4-DB8980104995,
GL00334,2025-02-27,2180,IVA trasladado,0,39288.07,IVA venta 1469,859F02BB-1EE2-6F39-EED4-DB8980104995,
GL00335,2025-02-27,6100,Sueldos y salarios,435335.94,0,Nómina,,TX00033
GL00336,2025-02-27,1020,Bancos,0,435335.94,Nómina,,TX00033
GL00337,2025-02-27,6000,Gastos logistica,5247.95,0,Factura 97698 Aceros Escobedo S de RL de CV,302B0401-EFED-098B-979A-7368BD96BB0A,
GL00338,2025-02-27,1180,IVA acreditable,839.67,0,IVA factura 97698,302B0401-EFED-098B-979A-7368BD96BB0A,
GL00339,2025-02-27,2100,Proveedores,0,6087.62,Factura 97698 Aceros Escobedo S de RL de CV,302B0401-EFED-098B-979A-7368BD96BB0A,
GL00340,2025-02-28,6000,Gastos refacciones,11729.9,0,Factura 94338 Electrónica Regiomontana SAPI de CV,C28FA16B-0AA6-FCB9-C1BC-BE59D296A12D,
GL00341,2025-02-28,1180,IVA acreditable,1876.78,0,IVA factura 94338,C28FA16B-0AA6-FCB9-C1BC-BE59D296A12D,
GL00342,2025-02-28,2100,Proveedores,0,13606.68,Factura 94338 Electrónica Regiomontana SAPI de CV,C28FA16B-0AA6-FCB9-C1BC-BE59D296A12D,
GL00343,2025-02-28,2100,Proveedores,66305.6,0,Pago Neumática Apodaca S de RL de CV,CCEA5031-844E-250B-E684-390C923B7820,TX00034
GL00344,2025-02-28,1020,Bancos,0,66305.6,Pago Neumática Apodaca S de RL de CV,CCEA5031-844E-250B-E684-390C923B7820,TX00034
GL00345,2025-02-28,6000,Gastos materia_prima,14199.9,0,Factura 49246 Grupo Monterrey S de RL de CV,C53F1DB3-D275-BD43-8451-7303E94D4FBE,
GL00346,2025-02-28,1180,IVA acreditable,2271.98,0,IVA factura 49246,C53F1DB3-D275-BD43-8451-7303E94D4FBE,
GL00347,2025-02-28,2100,Proveedores,0,16471.88,Factura 49246 Grupo Monterrey S de RL de CV,C53F1DB3-D275-BD43-8451-7303E94D4FBE,
GL00348,2025-02-28,6000,Gastos materia_prima,50659.9,0,Factura 72106 Metálica San Nicolás SA de CV,59AE7302-8AE3-297E-34E2-41421A354475,
GL00349,2025-02-28,1180,IVA acreditable,8105.58,0,IVA factura 72106,59AE7302-8AE3-297E-34E2-41421A354475,
GL00350,2025-02-28,2100,Proveedores,0,58765.48,Factura 72106 Metálica San Nicolás SA de CV,59AE7302-8AE3-297E-34E2-41421A354475,
GL00351,2025-02-28,1200,Clientes,187379.36,0,Venta 1447 Grupo Chapa S de RL de CV,0991946D-537C-64B0-89D5-AF23050BD848,
GL00352,2025-02-28,4000,Ventas,0,161533.93,Venta 1447 Grupo Chapa S de RL de CV,0991946D-537C-64B0-89D5-AF23050BD848,
GL00353,2025-02-28,2180,IVA trasladado,0,25845.43,IVA venta 1447,0991946D-537C-64B0-89D5-AF23050BD848,
GL00354,2025-03-03,6000,Gastos consumibles,43407.8,0,Factura 31469 Industrias Apodaca SA de CV,6589ADA1-345A-F934-B42A-2D939ABA0F15,
GL00355,2025-03-03,1180,IVA acreditable,6945.25,0,IVA factura 31469,6589ADA1-345A-F934-B42A-2D939ABA0F15,
GL00356,2025-03-03,2100,Proveedores,0,50353.05,Factura 31469 Industrias Apodaca SA de CV,6589ADA1-345A-F934-B42A-2D939ABA0F15,
GL00357,2025-03-03,6000,Gastos consumibles,193777.8,0,Factura 19862 Transportes Apodaca SAPI de CV,DAAF7529-DEEF-F82A-0DD7-015869C165AE,
GL00358,2025-03-03,1180,IVA acreditable,31004.45,0,IVA factura 19862,DAAF7529-DEEF-F82A-0DD7-015869C165AE,
GL00359,2025-03-03,2100,Proveedores,0,224782.25,Factura 19862 Transportes Apodaca SAPI de CV,DAAF7529-DEEF-F82A-0DD7-015869C165AE,
GL00360,2025-03-03,6000,Gastos materia_prima,175909.9,0,Factura 54819 Ferretera de México SAPI de CV,B5CAA993-AACA-D101-F153-0F689215583A,
GL00361,2025-03-03,1180,IVA acreditable,28145.58,0,IVA factura 54819,B5CAA993-AACA-D101-F153-0F689215583A,
GL00362,2025-03-03,2100,Proveedores,0,204055.48,Factura 54819 Ferretera de México SAPI de CV,B5CAA993-AACA-D101-F153-0F689215583A,
GL00363,2025-03-03,6000,Gastos refacciones,165347.8,0,Factura 49832 Aceros Apodaca S de RL de CV,35F3DE4A-AC92-04B4-0306-A2580227B8D5,
GL00364,2025-03-03,1180,IVA acreditable,26455.65,0,IVA factura 49832,35F3DE4A-AC92-04B4-0306-A2580227B8D5,
GL00365,2025-03-03,2100,Proveedores,0,191803.45,Factura 49832 Aceros Apodaca S de RL de CV,35F3DE4A-AC92-04B4-0306-A2580227B8D5,
GL00366,2025-03-03,6000,Gastos materia_prima,48690,0,Factura 13613 Metálica San Nicolás SA de CV,0BCFD0FC-E3A1-AF97-7785-2DDB55527A3C,
GL00367,2025-03-03,1180,IVA acreditable,7790.4,0,IVA factura 13613,0BCFD0FC-E3A1-AF97-7785-2DDB55527A3C,
GL00368,2025-03-03,2100,Proveedores,0,56480.4,Factura 13613 Metálica San Nicolás SA de CV,0BCFD0FC-E3A1-AF97-7785-2DDB55527A3C,
GL00369,2025-03-03,6000,Gastos materia_prima,62609.9,0,Factura 74295 Soldadura Industrial SA de CV,A5DD2836-E65F-A9FA-C38C-2EAFA8097A77,
GL00370,2025-03-03,1180,IVA acreditable,10017.58,0,IVA factura 74295,A5DD2836-E65F-A9FA-C38C-2EAFA8097A77,
GL00371,2025-03-03,2100,Proveedores,0,72627.48,Factura 74295 Soldadura Industrial SA de CV,A5DD2836-E65F-A9FA-C38C-2EAFA8097A77,
GL00372,2025-03-03,2100,Proveedores,160938.4,0,Pago Metálica Escobedo SAPI de CV,C7A2EE6F-D166-EB08-B073-6DD1F443864C,TX00035
GL00373,2025-03-03,1020,Bancos,0,160938.4,Pago Metálica Escobedo SAPI de CV,C7A2EE6F-D166-EB08-B073-6DD1F443864C,TX00035
GL00374,2025-03-03,2100,Proveedores,8978.98,0,Pago Aceros de México S de RL de CV,DFCF338C-DEC5-6DC3-AD96-8213F0A9B97F,TX00036
GL00375,2025-03-03,1020,Bancos,0,8978.98,Pago Aceros de México S de RL de CV,DFCF338C-DEC5-6DC3-AD96-8213F0A9B97F,TX00036
GL00376,2025-03-03,1020,Bancos,431891.72,0,Cobro Grupo Salinas SAPI de CV,3A8C8ED5-A06A-A68A-9CAC-3D21A5A8C8AF,TX00037
GL00377,2025-03-03,1200,Clientes,0,431891.72,Cobro Grupo Salinas SAPI de CV,3A8C8ED5-A06A-A68A-9CAC-3D21A5A8C8AF,TX00037
GL00378,2025-03-03,1200,Clientes,177221.39,0,Venta 1505 Autopartes Martínez SAPI de CV,DF266424-7FCC-4456-20BC-2FA0FA801062,
GL00379,2025-03-03,4000,Ventas,0,152777.06,Venta 1505 Autopartes Martínez SAPI de CV,DF266424-7FCC-4456-20BC-2FA0FA801062,
GL00380,2025-03-03,2180,IVA trasladado,0,24444.33,IVA venta 1505,DF266424-7FCC-4456-20BC-2FA0FA801062,
GL00381,2025-03-03,1020,Bancos,149195.35,0,Cobro Autopartes Villarreal SAPI de CV,E32A8787-1824-6315-AD49-E0727F843004,TX00038
GL00382,2025-03-03,1200,Clientes,0,149195.35,Cobro Autopartes Villarreal SAPI de CV,E32A8787-1824-6315-AD49-E0727F843004,TX00038
GL00383,2025-03-03,1200,Clientes,115765.66,0,Venta 1541 Envases López SAPI de CV,71FCF2E6-B3DD-7820-BD20-C36A270524CB,
GL00384,2025-03-03,4000,Ventas,0,99797.98,Venta 1541 Envases López SAPI de CV,71FCF2E6-B3DD-7820-BD20-C36A270524CB,
GL00385,2025-03-03,2180,IVA trasladado,0,15967.68,IVA venta 1541,71FCF2E6-B3DD-7820-BD20-C36A270524CB,
GL00386,2025-03-04,6000,Gastos refacciones,107079.9,0,Factura 22977 Aceros Apodaca S de RL de CV,89D716EF-A62D-7221-A65D-958E936DD1A8,
GL00387,2025-03-04,1180,IVA acreditable,17132.78,0,IVA factura 22977,89D716EF-A62D-7221-A65D-958E936DD1A8,
GL00388,2025-03-04,2100,Proveedores,0,124212.68,Factura 22977 Aceros Apodaca S de RL de CV,89D716EF-A62D-7221-A65D-958E936DD1A8,
GL00389,2025-03-04,2100,Proveedores,120848.68,0,Pago Hidráulica Apodaca SAPI de CV,4818B004-B0A4-F557-3381-001FA3FF8FD2,TX00039
GL00390,2025-03-04,1020,Bancos,0,120848.68,Pago Hidráulica Apodaca SAPI de CV,4818B004-B0A4-F557-3381-001FA3FF8FD2,TX00039
GL00391,2025-03-05,1020,Bancos,458055.37,0,Cobro Grupo Chapa S de RL de CV,528A34F3-63EA-C0A1-9202-B09C60B36938,TX00040
GL00392,2025-03-05,1200,Clientes,0,458055.37,Cobro Grupo Chapa S de RL de CV,528A34F3-63EA-C0A1-9202-B09C60B36938,TX00040
GL00393,2025-03-06,2100,Proveedores,58823.48,0,Pago Servicios Escobedo SAPI de CV,953B0F1F-EA3E-072A-8F22-1604D46B7756,TX00041
GL00394,2025-03-06,1020,Bancos,0,58823.48,Pago Servicios Escobedo SAPI de CV,953B0F1F-EA3E-072A-8F22-1604D46B7756,TX00041
GL00395,2025-03-06,2100,Proveedores,9604.68,0,Pago Servicios Guadalupe S de RL de CV,E2AE3F87-EE7C-A782-A7A3-1D2515956C42,TX00042
GL00396,2025-03-06,1020,Bancos,0,9604.68,Pago Servicios Guadalupe S de RL de CV,E2AE3F87-EE7C-A782-A7A3-1D2515956C42,TX00042
GL00397,2025-03-06,6000,Gastos consumibles,5522.4,0,Factura 80124 Aceros de México S de RL de CV,2CAF3D2F-F026-A418-3D3F-BBEC697AE294,
GL00398,2025-03-06,1180,IVA acreditable,883.58,0,IVA factura 80124,2CAF3D2F-F026-A418-3D3F-BBEC697AE294,
GL00399,2025-03-06,2100,Proveedores,0,6405.98,Factura 80124 Aceros de México S de RL de CV,2CAF3D2F-F026-A418-3D3F-BBEC697AE294,
GL00400,2025-03-06,2100,Proveedores,15730.18,0,Pago Maquinados Apodaca SA de CV,83D0BAE7-7C2C-FBCF-0770-D18FC9160147,TX00043
GL00401,2025-03-06,1020,Bancos,0,15730.18,Pago Maquinados Apodaca SA de CV,83D0BAE7-7C2C-FBCF-0770-D18FC9160147,TX00043
GL00402,2025-03-07,2100,Proveedores,56703.58,0,Pago Grupo Guadalupe SA de CV,21EBFAA9-1A2B-D69C-450F-69EEC2E79A98,TX00044
GL00403,2025-03-07,1020,Bancos,0,56703.58,Pago Grupo Guadalupe SA de CV,21EBFAA9-1A2B-D69C-450F-69EEC2E79A98,TX00044
GL00404,2025-03-07,2100,Proveedores,168977.08,0,Pago Servicios San Nicolás SAPI de CV,97867B12-1328-1726-64F4-34D6D1E91691,TX00045
GL00405,2025-03-07,1020,Bancos,0,168977.08,Pago Servicios San Nicolás SAPI de CV,97867B12-1328-1726-64F4-34D6D1E91691,TX00045
GL00406,2025-03-07,6000,Gastos materia_prima,63462.4,0,Factura 75320 Servicios San Nicolás SAPI de CV,2B015723-0CF6-97A5-7603-C36CF1394E3C,
GL00407,2025-03-07,1180,IVA acreditable,10153.98,0,IVA factura 75320,2B015723-0CF6-97A5-7603-C36CF1394E3C,
GL00408,2025-03-07,2100,Proveedores,0,73616.38,Factura 75320 Servicios San Nicolás SAPI de CV,2B015723-0CF6-97A5-7603-C36CF1394E3C,
GL00409,2025-03-07,6000,Gastos consumibles,172569.9,0,Factura 29231 Transportes Apodaca SAPI de CV,16DC5A6E-A789-0770-55EC-024AE64B9B37,
GL00410,2025-03-07,1180,IVA acreditable,27611.18,0,IVA factura 29231,16DC5A6E-A789-0770-55EC-024AE64B9B37,
GL00411,2025-03-07,2100,Proveedores,0,200181.08,Factura 29231 Transportes Apodaca SAPI de CV,16DC5A6E-A789-0770-55EC-024AE64B9B37,
GL00412,2025-03-10,6000,Gastos refacciones,39289.9,0,Factura 40137 Grupo Nuevo León SAPI de CV,F168C605-CE1A-1669-9BBC-6CBC409CA8F2,
GL00413,2025-03-10,1180,IVA acreditable,6286.38,0,IVA factura 40137,F168C605-CE1A-1669-9BBC-6CBC409CA8F2,
GL00414,2025-03-10,2100,Proveedores,0,45576.28,Factura 40137 Grupo Nuevo León SAPI de CV,F168C605-CE1A-1669-9BBC-6CBC409CA8F2,
GL00415,2025-03-10,2100,Proveedores,92103.88,0,Pago Herramientas Monterrey SA de CV,C4072654-7F5F-61AA-AEE7-C7A586296FBE,TX00046
GL00416,2025-03-10,1020,Bancos,0,92103.88,Pago Herramientas Monterrey SA de CV,C4072654-7F5F-61AA-AEE7-C7A586296FBE,TX00046
GL00417,2025-03-10,6000,Gastos consumibles,39619.9,0,Factura 78266 Suministros Monterrey S de RL de CV,3B1D0181-9CC3-C1F5-9129-BC759B08E5A8,
GL00418,2025-03-10,1180,IVA acreditable,6339.18,0,IVA factura 78266,3B1D0181-9CC3-C1F5-9129-BC759B08E5A8,
GL00419,2025-03-10,2100,Proveedores,0,45959.08,Factura 78266 Suministros Monterrey S de RL de CV,3B1D0181-9CC3-C1F5-9129-BC759B08E5A8,
GL00420,2025-03-10,1200,Clientes,196336.88,0,Venta 1523 Manufacturas López SAPI de CV,833D3DF1-5E11-A680-D501-6ADA189AC35D,
GL00421,2025-03-10,4000,Ventas,0,169255.93,Venta 1523 Manufacturas López SAPI de CV,833D3DF1-5E11-A680-D501-6ADA189AC35D,
GL00422,2025-03-10,2180,IVA trasladado,0,27080.95,IVA venta 1523,833D3DF1-5E11-A680-D501-6ADA189AC35D,
GL00423,2025-03-11,2100,Proveedores,20123.45,0,Pago Ferretera San Nicolás SA de CV,51589375-7D8F-2350-31C7-7A4464F8F226,TX00047
GL00424,2025-03-11,1020,Bancos,0,20123.45,Pago Ferretera San Nicolás SA de CV,51589375-7D8F-2350-31C7-7A4464F8F226,TX00047
GL00425,2025-03-12,6000,Gastos consumibles,41460.5,0,Factura 94572 Distribuidora Industrial S de RL de CV,D28FCF68-C871-D7B3-8468-B74D85E3ADE5,
GL00426,2025-03-12,1180,IVA acreditable,6633.68,0,IVA factura 94572,D28FCF68-C871-D7B3-8468-B74D85E3ADE5,
GL00427,2025-03-12,2100,Proveedores,0,48094.18,Factura 94572 Distribuidora Industrial S de RL de CV,D28FCF68-C871-D7B3-8468-B74D85E3ADE5,
GL00428,2025-03-12,2100,Proveedores,152795.08,0,Pago Transportes Apodaca SAPI de CV,F91E5FCD-85EC-E729-D4DD-1B56435391B2,TX00048
GL00429,2025-03-12,1020,Bancos,0,152795.08,Pago Transportes Apodaca SAPI de CV,F91E5FCD-85EC-E729-D4DD-1B56435391B2,TX00048
GL00430,2025-03-12,2100,Proveedores,94931.85,0,Pago Suministros Monterrey S de RL de CV,B646E2B1-7800-E27A-9ACE-63CCD89C83F6,TX00049
GL00431,2025-03-12,1020,Bancos,0,94931.85,Pago Suministros Monterrey S de RL de CV,B646E2B1-7800-E27A-9ACE-63CCD89C83F6,TX00049
GL00432,2025-03-12,6000,Gastos consumibles,37760.5,0,Factura 35470 Suministros Monterrey S de RL de CV,ECE9504B-03D7-F962-F804-43EEC3B8D179,
GL00433,2025-03-12,1180,IVA acreditable,6041.68,0,IVA factura 35470,ECE9504B-03D7-F962-F804-43EEC3B8D179,
GL00434,2025-03-12,2100,Proveedores,0,43802.18,Factura 35470 Suministros Monterrey S de RL de CV,ECE9504B-03D7-F962-F804-43EEC3B8D179,
GL00435,2025-03-12,2100,Proveedores,178584.78,0,Pago Metálica Escobedo SAPI de CV,701FB3EA-A1FE-9BC6-E29D-650A15B98C20,TX00050
GL00436,2025-03-12,1020,Bancos,0,178584.78,Pago Metálica Escobedo SAPI de CV,701FB3EA-A1FE-9BC6-E29D-650A15B98C20,TX00050
GL00437,2025-03-12,1020,Bancos,267021.76,0,Cobro Envases López SAPI de CV,8DA22A39-50DB-8E34-938F-2B906C087D6C,TX00051
GL00438,2025-03-12,1200,Clientes,0,267021.76,Cobro Envases López SAPI de CV,8DA22A39-50DB-8E34-938F-2B906C087D6C,TX00051
GL00439,2025-03-13,2100,Proveedores,59972.0,0,Pago Industrias Apodaca SA de CV,3B3F3800-A175-A9C3-D7B1-02A92332A50E,TX00052
GL00440,2025-03-13,1020,Bancos,0,59972.0,Pago Industrias Apodaca SA de CV,3B3F3800-A175-A9C3-D7B1-02A92332A50E,TX00052
GL00441,2025-03-13,2100,Proveedores,88278.78,0,Pago Pinturas del Norte SAPI de CV,13B11E59-C85C-D714-7BF6-95524CBC9044,TX00053
GL00442,2025-03-13,1020,Bancos,0,88278.78,Pago Pinturas del Norte SAPI de CV,13B11E59-C85C-D714-7BF6-95524CBC9044,TX00053
GL00443,2025-03-13,2100,Proveedores,73451.2,0,Pago Industrias Nuevo León SA de CV,6A7BE8B1-E3F3-42A8-F030-BFD4BE54898E,TX00054
GL00444,2025-03-13,1020,Bancos,0,73451.2,Pago Industrias Nuevo León SA de CV,6A7BE8B1-E3F3-42A8-F030-BFD4BE54898E,TX00054
GL00445,2025-03-14,6000,Gastos refacciones,16767.8,0,Factura 63888 Electrónica Regiomontana SAPI de CV,2F8D8DED-6C4C-450B-623A-D0FC93267D25,
GL00446,2025-03-14,1180,IVA acreditable,2682.85,0,IVA factura 63888,2F8D8DED-6C4C-450B-623A-D0FC93267D25,
GL00447,2025-03-14,2100,Proveedores,0,19450.65,Factura 63888 Electrónica Regiomontana SAPI de CV,2F8D8DED-6C4C-450B-623A-D0FC93267D25,
GL00448,2025-03-14,2100,Proveedores,10344.65,0,Pago Soldadura de México SAPI de CV,9ABBE46B-B205-1CEC-C9F7-369FE4C1D210,TX00055
GL00449,2025-03-14,1020,Bancos,0,10344.65,Pago Soldadura de México SAPI de CV,9ABBE46B-B205-1CEC-C9F7-369FE4C1D210,TX00055
GL00450,2025-03-14,6000,Gastos consumibles,8680,0,Factura 17209 Aceros de México S de RL de CV,A616DDE4-B388-300A-3E20-718A0BB9A8F6,
GL00451,2025-03-14,1180,IVA acreditable,1388.8,0,IVA factura 17209,A616DDE4-B388-300A-3E20-718A0BB9A8F6,
GL00452,2025-03-14,2100,Proveedores,0,10068.8,Factura 17209 Aceros de México S de RL de CV,A616DDE4-B388-300A-3E20-718A0BB9A8F6,
GL00453,2025-03-17,6000,Gastos consumibles,45840,0,Factura 17675 Industrias Apodaca SA de CV,87AD8B26-8EAA-5841-6AA0-426DF7C0D5F7,
GL00454,2025-03-17,1180,IVA acreditable,7334.4,0,IVA factura 17675,87AD8B26-8EAA-5841-6AA0-426DF7C0D5F7,
GL00455,2025-03-17,2100,Proveedores,0,53174.4,Factura 17675 Industrias Apodaca SA de CV,87AD8B26-8EAA-5841-6AA0-426DF7C0D5F7,
GL00456,2025-03-17,2100,Proveedores,20740.8,0,Pago Distribuidora Industrial S de RL de CV,6DEC6BBD-F697-77A1-59FE-3D53624FEA4B,TX00056
GL00457,2025-03-17,1020,Bancos,0,20740.8,Pago Distribuidora Industrial S de RL de CV,6DEC6BBD-F697-77A1-59FE-3D53624FEA4B,TX00056
GL00458,2025-03-17,2100,Proveedores,220657.98,0,Pago Aceros Santa Catarina SA de CV,6545C030-A981-FA54-F121-E129B45C9A54,TX00057
GL00459,2025-03-17,1020,Bancos,0,220657.98,Pago Aceros Santa Catarina SA de CV,6545C030-A981-FA54-F121-E129B45C9A54,TX00057
GL00460,2025-03-17,2100,Proveedores,162284.0,0,Pago Aceros Santa Catarina SA de CV,7B94A34D-E4AA-786D-9D17-D218FC3B0DE5,TX00058
GL00461,2025-03-17,1020,Bancos,0,162284.0,Pago Aceros Santa Catarina SA de CV,7B94A34D-E4AA-786D-9D17-D218FC3B0DE5,TX00058
GL00462,2025-03-17,2100,Proveedores,71110.78,0,Pago Aceros Apodaca S de RL de CV,B5DEF807-4A96-5478-A72B-DDDD511EEEB8,TX00059
GL00463,2025-03-17,1020,Bancos,0,71110.78,Pago Aceros Apodaca S de RL de CV,B5DEF807-4A96-5478-A72B-DDDD511EEEB8,TX00059
GL00464,2025-03-17,2100,Proveedores,27666.58,0,Pago Refacciones Regiomontana S de RL de CV,17172654-3B99-7815-0219-A9C7BA23B07A,TX00060
GL00465,2025-03-17,1020,Bancos,0,27666.58,Pago Refacciones Regiomontana S de RL de CV,17172654-3B99-7815-0219-A9C7BA23B07A,TX00060
GL00466,2025-03-17,6000,Gastos consumibles,85082.4,0,Factura 83572 Suministros Monterrey S de RL de CV,EF0B743E-BEE0-4762-7168-BDEC4DA838B7,
GL00467,2025-03-17,1180,IVA acreditable,13613.18,0,IVA factura 83572,EF0B743E-BEE0-4762-7168-BDEC4DA838B7,
GL00468,2025-03-17,2100,Proveedores,0,98695.58,Factura 83572 Suministros Monterrey S de RL de CV,EF0B743E-BEE0-4762-7168-BDEC4DA838B7,
GL00469,2025-03-17,2100,Proveedores,5278.58,0,Pago Aceros de México S de RL de CV,2A3DD769-8DAC-210D-5EB3-8EF5B24070CA,TX00061
GL00470,2025-03-17,1020,Bancos,0,5278.58,Pago Aceros de México S de RL de CV,2A3DD769-8DAC-210D-5EB3-8EF5B24070CA,TX00061
GL00471,2025-03-17,6000,Gastos consumibles,21077.8,0,Factura 46152 Ferretera San Nicolás SA de CV,584CB0F7-48DE-D8BE-031E-EF965F71DCC4,
GL00472,2025-03-17,1180,IVA acreditable,3372.45,0,IVA factura 46152,584CB0F7-48DE-D8BE-031E-EF965F71DCC4,
GL00473,2025-03-17,2100,Proveedores,0,24450.25,Factura 46152 Ferretera San Nicolás SA de CV,584CB0F7-48DE-D8BE-031E-EF965F71DCC4,
GL00474,2025-03-17,1200,Clientes,399631.77,0,Venta 1416 Envases Rodríguez SAPI de CV,946A95A6-F2E4-01AF-4702-1755F11CC0A4,
GL00475,2025-03-17,4000,Ventas,0,344510.15,Venta 1416 Envases Rodríguez SAPI de CV,946A95A6-F2E4-01AF-4702-1755F11CC0A4,
GL00476,2025-03-17,2180,IVA trasladado,0,55121.62,IVA venta 1416,946A95A6-F2E4-01AF-4702-1755F11CC0A4,
GL00477,2025-03-17,1020,Bancos,133774.23,0,Cobro Envases García S de RL de CV,3DE54EE2-A655-596C-2528-D32DA60C2BED,TX00062
GL00478,2025-03-17,1200,Clientes,0,133774.23,Cobro Envases García S de RL de CV,3DE54EE2-A655-596C-2528-D32DA60C2BED,TX00062
GL00479,2025-03-17,6000,Gastos servicios,150000,0,Factura 54847 Metálica Santa Catarina SA de CV,B2AC4768-F122-4F43-C527-4F356DC56044,
GL00480,2025-03-17,1180,IVA acreditable,24000.0,0,IVA factura 54847,B2AC4768-F122-4F43-C527-4F356DC56044,
GL00481,2025-03-17,2100,Proveedores,0,174000.0,Factura 54847 Metálica Santa Catarina SA de CV,B2AC4768-F122-4F43-C527-4F356DC56044,
GL00482,2025-03-18,6000,Gastos consumibles,134910.5,0,Factura 18440 Transportes Apodaca SAPI de CV,AE46024D-51D0-5EF3-A918-83FC6772FE9F,
GL00483,2025-03-18,1180,IVA acreditable,21585.68,0,IVA factura 18440,AE46024D-51D0-5EF3-A918-83FC6772FE9F,
GL00484,2025-03-18,2100,Proveedores,0,156496.18,Factura 18440 Transportes Apodaca SAPI de CV,AE46024D-51D0-5EF3-A918-83FC6772FE9F,
GL00485,2025-03-18,2100,Proveedores,19824.28,0,Pago Soldadura de México SAPI de CV,BDDF2416-A173-1ED8-78F2-961C3EC77A8F,TX00063
GL00486,2025-03-18,1020,Bancos,0,19824.28,Pago Soldadura de México SAPI de CV,BDDF2416-A173-1ED8-78F2-961C3EC77A8F,TX00063
GL00487,2025-03-18,1020,Bancos,98637.38,0,Cobro Envases García S de RL de CV,D0E34B2B-1CA6-4C33-30D8-67CD038D5F5A,TX00064
GL00488,2025-03-18,1200,Clientes,0,98637.38,Cobro Envases García S de RL de CV,D0E34B2B-1CA6-4C33-30D8-67CD038D5F5A,TX00064
GL00489,2025-03-19,6000,Gastos refacciones,105457.8,0,Factura 88966 Servicios Guadalupe S de RL de CV,F5EA4128-854D-C3BF-61D8-5365BADA0C94,
GL00490,2025-03-19,1180,IVA acreditable,16873.25,0,IVA factura 88966,F5EA4128-854D-C3BF-61D8-5365BADA0C94,
GL00491,2025-03-19,2100,Proveedores,0,122331.05,Factura 88966 Servicios Guadalupe S de RL de CV,F5EA4128-854D-C3BF-61D8-5365BADA0C94,
GL00492,2025-03-19,6000,Gastos servicios,165647.8,0,Factura 64414 Metálica Escobedo SAPI de CV,F09E0302-B525-A4D9-83F0-23FD00F2BAA4,
GL00493,2025-03-19,1180,IVA acreditable,26503.65,0,IVA factura 64414,F09E0302-B525-A4D9-83F0-23FD00F2BAA4,
GL00494,2025-03-19,2100,Proveedores,0,192151.45,Factura 64414 Metálica Escobedo SAPI de CV,F09E0302-B525-A4D9-83F0-23FD00F2BAA4,
GL00495,2025-03-19,2100,Proveedores,11898.46,0,Pago Refacciones San Nicolás S de RL de CV,0AB74B5D-FCD4-9681-CA09-7B17951B2503,TX00065
GL00496,2025-03-19,1020,Bancos,0,11898.46,Pago Refacciones San Nicolás S de RL de CV,0AB74B5D-FCD4-9681-CA09-7B17951B2503,TX00065
GL00497,2025-03-20,2100,Proveedores,15787.48,0,Pago Grupo Monterrey S de RL de CV,9B47E639-4D25-51EB-AF95-BE79C971BF51,TX00066
GL00498,2025-03-20,1020,Bancos,0,15787.48,Pago Grupo Monterrey S de RL de CV,9B47E639-4D25-51EB-AF95-BE79C971BF51,TX00066
GL00499,2025-03-20,6000,Gastos consumibles,82910,0,Factura 84595 Herramientas Monterrey SA de CV,8EF00DE1-FB4F-1972-5115-D7EE3B90908E,
GL00500,2025-03-20,1180,IVA acreditable,13265.6,0,IVA factura 84595,8EF00DE1-FB4F-1972-5115-D7EE3B90908E,
GL00501,2025-03-20,2100,Proveedores,0,96175.6,Factura 84595 Herramientas Monterrey SA de CV,8EF00DE1-FB4F-1972-5115-D7EE3B90908E,
GL00502,2025-03-20,1020,Bancos,80746.74,0,Cobro Construcciones Hernández SA de CV,489AC27E-6281-03F0-1D9F-FF257E63F654,TX00067
GL00503,2025-03-20,1200,Clientes,0,80746.74,Cobro Construcciones Hernández SA de CV,489AC27E-6281-03F0-1D9F-FF257E63F654,TX00067
GL00504,2025-03-20,1200,Clientes,58457.99,0,Venta 1516 Autopartes Quintanilla S de RL de CV,A8D791B6-B52C-4358-D4A8-B45A75D1D776,
GL00505,2025-03-20,4000,Ventas,0,50394.82,Venta 1516 Autopartes Quintanilla S de RL de CV,A8D791B6-B52C-4358-D4A8-B45A75D1D776,
GL00506,2025-03-20,2180,IVA trasladado,0,8063.17,IVA venta 1516,A8D791B6-B52C-4358-D4A8-B45A75D1D776,
GL00507,2025-03-21,2100,Proveedores,189071.18,0,Pago Grupo Guadalupe SA de CV,EDC3A1C3-2DEA-2D2D-086C-405FA879D8F8,TX00068
GL00508,2025-03-21,1020,Bancos,0,189071.18,Pago Grupo Guadalupe SA de CV,EDC3A1C3-2DEA-2D2D-086C-405FA879D8F8,TX00068
GL00509,2025-03-21,2100,Proveedores,140035.78,0,Pago Ferretera de México SAPI de CV,62874624-A433-1510-AD21-B4CCA9E8F0D8,TX00069
GL00510,2025-03-21,1020,Bancos,0,140035.78,Pago Ferretera de México SAPI de CV,62874624-A433-1510-AD21-B4CCA9E8F0D8,TX00069
GL00511,2025-03-21,6000,Gastos servicios,48000,0,Factura 60642 Gestoría y Enlace San Nicolás S de RL de CV,BFEEB533-ACF5-9149-B1C9-D0DCA38CC35F,
GL00512,2025-03-21,1180,IVA acreditable,7680.0,0,IVA factura 60642,BFEEB533-ACF5-9149-B1C9-D0DCA38CC35F,
GL00513,2025-03-21,2100,Proveedores,0,55680.0,Factura 60642 Gestoría y Enlace San Nicolás S de RL de CV,BFEEB533-ACF5-9149-B1C9-D0DCA38CC35F,
GL00514,2025-03-24,2100,Proveedores,23199.88,0,Pago Industrias Apodaca SA de CV,E8334DA5-DE95-D695-3579-C1437AB99428,TX00070
GL00515,2025-03-24,1020,Bancos,0,23199.88,Pago Industrias Apodaca SA de CV,E8334DA5-DE95-D695-3579-C1437AB99428,TX00070
GL00516,2025-03-24,2100,Proveedores,29139.08,0,Pago Distribuidora Industrial S de RL de CV,9620BEE6-6406-FACE-53A5-E8508950DDD6,TX00071
GL00517,2025-03-24,1020,Bancos,0,29139.08,Pago Distribuidora Industrial S de RL de CV,9620BEE6-6406-FACE-53A5-E8508950DDD6,TX00071
GL00518,2025-03-24,6000,Gastos materia_prima,171077.8,0,Factura 73759 Aceros Santa Catarina SA de CV,F7FF88D4-B509-F08A-2C98-8BCA51397C06,
GL00519,2025-03-24,1180,IVA acreditable,27372.45,0,IVA factura 73759,F7FF88D4-B509-F08A-2C98-8BCA51397C06,
GL00520,2025-03-24,2100,Proveedores,0,198450.25,Factura 73759 Aceros Santa Catarina SA de CV,F7FF88D4-B509-F08A-2C98-8BCA51397C06,
GL00521,2025-03-24,6000,Gastos materia_prima,146122.4,0,Factura 5335 Ferretera de México SAPI de CV,27A158A0-EFFF-A2F4-B5AE-329D77617D80,
GL00522,2025-03-24,1180,IVA acreditable,23379.58,0,IVA factura 5335,27A158A0-EFFF-A2F4-B5AE-329D77617D80,
GL00523,2025-03-24,2100,Proveedores,0,169501.98,Factura 5335 Ferretera de México SAPI de CV,27A158A0-EFFF-A2F4-B5AE-329D77617D80,
GL00524,2025-03-24,2100,Proveedores,16471.88,0,Pago Grupo Monterrey S de RL de CV,C53F1DB3-D275-BD43-8451-7303E94D4FBE,TX00072
GL00525,2025-03-24,1020,Bancos,0,16471.88,Pago Grupo Monterrey S de RL de CV,C53F1DB3-D275-BD43-8451-7303E94D4FBE,TX00072
GL00526,2025-03-24,6000,Gastos materia_prima,7260,0,Factura 63213 Pinturas San Nicolás S de RL de CV,1D03C3D5-B862-ACC3-5489-9C37CFA9026B,
GL00527,2025-03-24,1180,IVA acreditable,1161.6,0,IVA factura 63213,1D03C3D5-B862-ACC3-5489-9C37CFA9026B,
GL00528,2025-03-24,2100,Proveedores,0,8421.6,Factura 63213 Pinturas San Nicolás S de RL de CV,1D03C3D5-B862-ACC3-5489-9C37CFA9026B,
GL00529,2025-03-24,6000,Gastos materia_prima,10487.8,0,Factura 21219 Pinturas San Nicolás S de RL de CV,97A418B8-92D0-0319-20BD-14220B0B81DE,
GL00530,2025-03-24,1180,IVA acreditable,1678.05,0,IVA factura 21219,97A418B8-92D0-0319-20BD-14220B0B81DE,
GL00531,2025-03-24,2100,Proveedores,0,12165.85,Factura 21219 Pinturas San Nicolás S de RL de CV,97A418B8-92D0-0319-20BD-14220B0B81DE,
GL00532,2025-03-24,1200,Clientes,403505.66,0,Venta 1417 Envases Rodríguez SAPI de CV,3DE814AC-9CEA-B67B-BA82-854AC7E2A618,
GL00533,2025-03-24,4000,Ventas,0,347849.71,Venta 1417 Envases Rodríguez SAPI de CV,3DE814AC-9CEA-B67B-BA82-854AC7E2A618,
GL00534,2025-03-24,2180,IVA trasladado,0,55655.95,IVA venta 1417,3DE814AC-9CEA-B67B-BA82-854AC7E2A618,
GL00535,2025-03-24,1020,Bancos,334904.79,0,Cobro Grupo Chapa S de RL de CV,80B57013-7F29-C9E7-5601-F6A534B6685D,TX00073
GL00536,2025-03-24,1200,Clientes,0,334904.79,Cobro Grupo Chapa S de RL de CV,80B57013-7F29-C9E7-5601-F6A534B6685D,TX00073
GL00537,2025-03-24,1200,Clientes,160284.52,0,Venta 1465 Grupo Salinas S de RL de CV,CDB4ADAB-CA27-CD69-4226-4BA40775D778,
GL00538,2025-03-24,4000,Ventas,0,138176.31,Venta 1465 Grupo Salinas S de RL de CV,CDB4ADAB-CA27-CD69-4226-4BA40775D778,
GL00539,2025-03-24,2180,IVA trasladado,0,22108.21,IVA venta 1465,CDB4ADAB-CA27-CD69-4226-4BA40775D778,
GL00540,2025-03-24,1020,Bancos,251173.74,0,Cobro Construcciones Elizondo SA de CV,1CEB08FE-F2DE-B798-B31A-25B55FECAA6E,TX00074
GL00541,2025-03-24,1200,Clientes,0,251173.74,Cobro Construcciones Elizondo SA de CV,1CEB08FE-F2DE-B798-B31A-25B55FECAA6E,TX00074
GL00542,2025-03-24,1020,Bancos,390167.39,0,Cobro Construcciones Quintanilla S de RL de CV,BCA83A82-7899-7035-7DDF-8484F0C44ECB,TX00075
GL00543,2025-03-24,1200,Clientes,0,390167.39,Cobro Construcciones Quintanilla S de RL de CV,BCA83A82-7899-7035-7DDF-8484F0C44ECB,TX00075
GL00544,2025-03-24,1020,Bancos,193335.2,0,Cobro Construcciones Quintanilla S de RL de CV,8C37E264-D03C-D20A-BAAE-EBF89A244525,TX00076
GL00545,2025-03-24,1200,Clientes,0,193335.2,Cobro Construcciones Quintanilla S de RL de CV,8C37E264-D03C-D20A-BAAE-EBF89A244525,TX00076
GL00546,2025-03-24,1200,Clientes,150634.44,0,Venta 1486 Construcciones Quintanilla S de RL de CV,D4A39A51-C481-EA69-F83B-F029B6AC2048,
GL00547,2025-03-24,4000,Ventas,0,129857.28,Venta 1486 Construcciones Quintanilla S de RL de CV,D4A39A51-C481-EA69-F83B-F029B6AC2048,
GL00548,2025-03-24,2180,IVA trasladado,0,20777.16,IVA venta 1486,D4A39A51-C481-EA69-F83B-F029B6AC2048,
GL00549,2025-03-24,1020,Bancos,381130.61,0,Cobro Autopartes Quintanilla S de RL de CV,0E378B07-CC53-5C3E-52BB-530D486FAC8F,TX00077
GL00550,2025-03-24,1200,Clientes,0,381130.61,Cobro Autopartes Quintanilla S de RL de CV,0E378B07-CC53-5C3E-52BB-530D486FAC8F,TX00077
GL00551,2025-03-24,2100,Proveedores,174000.0,0,Pago Metálica Santa Catarina SA de CV,B2AC4768-F122-4F43-C527-4F356DC56044,TX00078
GL00552,2025-03-24,1020,Bancos,0,174000.0,Pago Metálica Santa Catarina SA de CV,B2AC4768-F122-4F43-C527-4F356DC56044,TX00078
GL00553,2025-03-24,6000,Gastos servicios,48000,0,Factura 17988 Gestoría y Enlace San Nicolás S de RL de CV,EAC97D37-B587-8D33-1D5B-D8B04027B283,
GL00554,2025-03-24,1180,IVA acreditable,7680.0,0,IVA factura 17988,EAC97D37-B587-8D33-1D5B-D8B04027B283,
GL00555,2025-03-24,2100,Proveedores,0,55680.0,Factura 17988 Gestoría y Enlace San Nicolás S de RL de CV,EAC97D37-B587-8D33-1D5B-D8B04027B283,
GL00556,2025-03-25,6000,Gastos refacciones,47860.5,0,Factura 85504 Grupo Nuevo León SAPI de CV,44E2A94B-34EC-5264-AD7D-6F8139A0F145,
GL00557,2025-03-25,1180,IVA acreditable,7657.68,0,IVA factura 85504,44E2A94B-34EC-5264-AD7D-6F8139A0F145,
GL00558,2025-03-25,2100,Proveedores,0,55518.18,Factura 85504 Grupo Nuevo León SAPI de CV,44E2A94B-34EC-5264-AD7D-6F8139A0F145,
GL00559,2025-03-25,1200,Clientes,89169.7,0,Venta 1406 Grupo Montemayor S de RL de CV,D4E20134-389A-E4FD-80DD-B3862790E92F,
GL00560,2025-03-25,4000,Ventas,0,76870.43,Venta 1406 Grupo Montemayor S de RL de CV,D4E20134-389A-E4FD-80DD-B3862790E92F,
GL00561,2025-03-25,2180,IVA trasladado,0,12299.27,IVA venta 1406,D4E20134-389A-E4FD-80DD-B3862790E92F,
GL00562,2025-03-25,2100,Proveedores,55680.0,0,Pago Gestoría y Enlace San Nicolás S de RL de CV,BFEEB533-ACF5-9149-B1C9-D0DCA38CC35F,TX00079
GL00563,2025-03-25,1020,Bancos,0,55680.0,Pago Gestoría y Enlace San Nicolás S de RL de CV,BFEEB533-ACF5-9149-B1C9-D0DCA38CC35F,TX00079
GL00564,2025-03-26,6000,Gastos materia_prima,130767.8,0,Factura 51597 Ferretera de México SAPI de CV,1EE93260-3002-D831-3227-E8D89C60C81B,
GL00565,2025-03-26,1180,IVA acreditable,20922.85,0,IVA factura 51597,1EE93260-3002-D831-3227-E8D89C60C81B,
GL00566,2025-03-26,2100,Proveedores,0,151690.65,Factura 51597 Ferretera de México SAPI de CV,1EE93260-3002-D831-3227-E8D89C60C81B,
GL00567,2025-03-26,2100,Proveedores,72627.48,0,Pago Soldadura Industrial SA de CV,A5DD2836-E65F-A9FA-C38C-2EAFA8097A77,TX00080
GL00568,2025-03-26,1020,Bancos,0,72627.48,Pago Soldadura Industrial SA de CV,A5DD2836-E65F-A9FA-C38C-2EAFA8097A77,TX00080
GL00569,2025-03-27,6000,Gastos materia_prima,6090.5,0,Factura 2540 Pinturas San Nicolás S de RL de CV,A33B3DFD-9048-65C6-F820-5AA7996F7E88,
GL00570,2025-03-27,1180,IVA acreditable,974.48,0,IVA factura 2540,A33B3DFD-9048-65C6-F820-5AA7996F7E88,
GL00571,2025-03-27,2100,Proveedores,0,7064.98,Factura 2540 Pinturas San Nicolás S de RL de CV,A33B3DFD-9048-65C6-F820-5AA7996F7E88,
GL00572,2025-03-27,6000,Gastos servicios,14340,0,Factura 7155 Servicios Guadalupe S de RL de CV,8C662766-7922-B440-E0F1-E44CEFD1B588,
GL00573,2025-03-27,1180,IVA acreditable,2294.4,0,IVA factura 7155,8C662766-7922-B440-E0F1-E44CEFD1B588,
GL00574,2025-03-27,2100,Proveedores,0,16634.4,Factura 7155 Servicios Guadalupe S de RL de CV,8C662766-7922-B440-E0F1-E44CEFD1B588,
GL00575,2025-03-27,2100,Proveedores,138794.58,0,Pago Metálica San Nicolás SA de CV,B3099E0D-B0AC-0677-D60F-8680A124FDB2,TX00081
GL00576,2025-03-27,1020,Bancos,0,138794.58,Pago Metálica San Nicolás SA de CV,B3099E0D-B0AC-0677-D60F-8680A124FDB2,TX00081
GL00577,2025-03-27,2100,Proveedores,47928.65,0,Pago Ferretera Monterrey S de RL de CV,05CF079E-A095-2C4D-F3BD-2348854BC8FA,TX00082
GL00578,2025-03-27,1020,Bancos,0,47928.65,Pago Ferretera Monterrey S de RL de CV,05CF079E-A095-2C4D-F3BD-2348854BC8FA,TX00082
GL00579,2025-03-27,1020,Bancos,177486.64,0,Cobro Grupo Salinas S de RL de CV,E68C1348-1046-E3DF-DDFE-F8494C485CFC,TX00083
GL00580,2025-03-27,1200,Clientes,0,177486.64,Cobro Grupo Salinas S de RL de CV,E68C1348-1046-E3DF-DDFE-F8494C485CFC,TX00083
GL00581,2025-03-28,6000,Gastos consumibles,42792.4,0,Factura 71158 Industrias Apodaca SA de CV,2F1DC121-7D02-4C6D-8BEA-75C1B86677AA,
GL00582,2025-03-28,1180,IVA acreditable,6846.78,0,IVA factura 71158,2F1DC121-7D02-4C6D-8BEA-75C1B86677AA,
GL00583,2025-03-28,2100,Proveedores,0,49639.18,Factura 71158 Industrias Apodaca SA de CV,2F1DC121-7D02-4C6D-8BEA-75C1B86677AA,
GL00584,2025-03-28,1020,Bancos,356022.07,0,Cobro Construcciones Hernández SA de CV,1090DC9D-2B31-71DC-FA54-9893E476231A,TX00084
GL00585,2025-03-28,1200,Clientes,0,356022.07,Cobro Construcciones Hernández SA de CV,1090DC9D-2B31-71DC-FA54-9893E476231A,TX00084
GL00586,2025-03-28,6100,Sueldos y salarios,428655.27,0,Nómina,,TX00085
GL00587,2025-03-28,1020,Bancos,0,428655.27,Nómina,,TX00085
GL00588,2025-03-28,2100,Proveedores,55680.0,0,Pago Gestoría y Enlace San Nicolás S de RL de CV,EAC97D37-B587-8D33-1D5B-D8B04027B283,TX00086
GL00589,2025-03-28,1020,Bancos,0,55680.0,Pago Gestoría y Enlace San Nicolás S de RL de CV,EAC97D37-B587-8D33-1D5B-D8B04027B283,TX00086
GL00590,2025-03-28,6000,Gastos logistica,16549.72,0,Factura 70966 Aceros Escobedo S de RL de CV,A9A2E9CD-7B6F-65DF-1D9D-1D80F47E3CA0,
GL00591,2025-03-28,1180,IVA acreditable,2647.96,0,IVA factura 70966,A9A2E9CD-7B6F-65DF-1D9D-1D80F47E3CA0,
GL00592,2025-03-28,2100,Proveedores,0,19197.68,Factura 70966 Aceros Escobedo S de RL de CV,A9A2E9CD-7B6F-65DF-1D9D-1D80F47E3CA0,
GL00593,2025-03-31,2100,Proveedores,18957.18,0,Pago Distribuidora Industrial S de RL de CV,C0CEF31B-D038-E153-C601-818B61FA01BA,TX00087
GL00594,2025-03-31,1020,Bancos,0,18957.18,Pago Distribuidora Industrial S de RL de CV,C0CEF31B-D038-E153-C601-818B61FA01BA,TX00087
GL00595,2025-03-31,6000,Gastos materia_prima,77679.9,0,Factura 3797 Aceros Santa Catarina SA de CV,9770A3DB-E9FA-97E2-5BD9-3609B297A782,
GL00596,2025-03-31,1180,IVA acreditable,12428.78,0,IVA factura 3797,9770A3DB-E9FA-97E2-5BD9-3609B297A782,
GL00597,2025-03-31,2100,Proveedores,0,90108.68,Factura 3797 Aceros Santa Catarina SA de CV,9770A3DB-E9FA-97E2-5BD9-3609B297A782,
GL00598,2025-03-31,6000,Gastos servicios,47130.5,0,Factura 5183 Neumática Apodaca S de RL de CV,66D71D97-B193-C8B8-AE49-C0799BD0D4C7,
GL00599,2025-03-31,1180,IVA acreditable,7540.88,0,IVA factura 5183,66D71D97-B193-C8B8-AE49-C0799BD0D4C7,
GL00600,2025-03-31,2100,Proveedores,0,54671.38,Factura 5183 Neumática Apodaca S de RL de CV,66D71D97-B193-C8B8-AE49-C0799BD0D4C7,
GL00601,2025-03-31,6000,Gastos consumibles,194872.4,0,Factura 12551 Transportes Apodaca SAPI de CV,1DABB10A-BD10-F87C-6D0E-0597500D92A7,
GL00602,2025-03-31,1180,IVA acreditable,31179.58,0,IVA factura 12551,1DABB10A-BD10-F87C-6D0E-0597500D92A7,
GL00603,2025-03-31,2100,Proveedores,0,226051.98,Factura 12551 Transportes Apodaca SAPI de CV,1DABB10A-BD10-F87C-6D0E-0597500D92A7,
GL00604,2025-03-31,6000,Gastos consumibles,17769.9,0,Factura 72696 Ferretera San Nicolás SA de CV,4A1A4219-61BB-A5FB-D510-8BC02F9E1DDB,
GL00605,2025-03-31,1180,IVA acreditable,2843.18,0,IVA factura 72696,4A1A4219-61BB-A5FB-D510-8BC02F9E1DDB,
GL00606,2025-03-31,2100,Proveedores,0,20613.08,Factura 72696 Ferretera San Nicolás SA de CV,4A1A4219-61BB-A5FB-D510-8BC02F9E1DDB,
GL00607,2025-03-31,1020,Bancos,68162.23,0,Cobro Autopartes Martínez SAPI de CV,E88188C3-788F-06ED-3C1E-919BEE5A4007,TX00088
GL00608,2025-03-31,1200,Clientes,0,68162.23,Cobro Autopartes Martínez SAPI de CV,E88188C3-788F-06ED-3C1E-919BEE5A4007,TX00088
GL00609,2025-04-01,2100,Proveedores,50353.05,0,Pago Industrias Apodaca SA de CV,6589ADA1-345A-F934-B42A-2D939ABA0F15,TX00089
GL00610,2025-04-01,1020,Bancos,0,50353.05,Pago Industrias Apodaca SA de CV,6589ADA1-345A-F934-B42A-2D939ABA0F15,TX00089
GL00611,2025-04-01,1200,Clientes,315457.1,0,Venta 1466 Grupo Salinas S de RL de CV,7C602399-B8F4-0E5E-F6BA-BCCC0ACFBD89,
GL00612,2025-04-01,4000,Ventas,0,271945.78,Venta 1466 Grupo Salinas S de RL de CV,7C602399-B8F4-0E5E-F6BA-BCCC0ACFBD89,
GL00613,2025-04-01,2180,IVA trasladado,0,43511.32,IVA venta 1466,7C602399-B8F4-0E5E-F6BA-BCCC0ACFBD89,
GL00614,2025-04-02,2100,Proveedores,184802.38,0,Pago Transportes Apodaca SAPI de CV,D4A5A81E-6B38-2A0A-231D-260BB362CD55,TX00090
GL00615,2025-04-02,1020,Bancos,0,184802.38,Pago Transportes Apodaca SAPI de CV,D4A5A81E-6B38-2A0A-231D-260BB362CD55,TX00090
GL00616,2025-04-02,2100,Proveedores,60610.58,0,Pago Ferretera de México SAPI de CV,C00C200C-4458-B006-332C-CE0A0E7DA698,TX00091
GL00617,2025-04-02,1020,Bancos,0,60610.58,Pago Ferretera de México SAPI de CV,C00C200C-4458-B006-332C-CE0A0E7DA698,TX00091
GL00618,2025-04-02,2100,Proveedores,58765.48,0,Pago Metálica San Nicolás SA de CV,59AE7302-8AE3-297E-34E2-41421A354475,TX00092
GL00619,2025-04-02,1020,Bancos,0,58765.48,Pago Metálica San Nicolás SA de CV,59AE7302-8AE3-297E-34E2-41421A354475,TX00092
GL00620,2025-04-02,6000,Gastos consumibles,16330.5,0,Factura 8845 Ferretera San Nicolás SA de CV,FE8C9AAB-7E38-8A19-46F7-B20AC3C49506,
GL00621,2025-04-02,1180,IVA acreditable,2612.88,0,IVA factura 8845,FE8C9AAB-7E38-8A19-46F7-B20AC3C49506,
GL00622,2025-04-02,2100,Proveedores,0,18943.38,Factura 8845 Ferretera San Nicolás SA de CV,FE8C9AAB-7E38-8A19-46F7-B20AC3C49506,
GL00623,2025-04-02,1020,Bancos,172367.29,0,Cobro Envases Rodríguez SAPI de CV,C8497436-18B4-75B1-C12A-34F402A13629,TX00093
GL00624,2025-04-02,1200,Clientes,0,172367.29,Cobro Envases Rodríguez SAPI de CV,C8497436-18B4-75B1-C12A-34F402A13629,TX00093
GL00625,2025-04-02,1200,Clientes,51739.36,0,Venta 1426 Construcciones Hernández SA de CV,1AEC8B70-AC0E-7307-7DDC-AAF6AC95ADB1,
GL00626,2025-04-02,4000,Ventas,0,44602.9,Venta 1426 Construcciones Hernández SA de CV,1AEC8B70-AC0E-7307-7DDC-AAF6AC95ADB1,
GL00627,2025-04-02,2180,IVA trasladado,0,7136.46,IVA venta 1426,1AEC8B70-AC0E-7307-7DDC-AAF6AC95ADB1,
GL00628,2025-04-03,2100,Proveedores,73616.38,0,Pago Servicios San Nicolás SAPI de CV,2B015723-0CF6-97A5-7603-C36CF1394E3C,TX00094
GL00629,2025-04-03,1020,Bancos,0,73616.38,Pago Servicios San Nicolás SAPI de CV,2B015723-0CF6-97A5-7603-C36CF1394E3C,TX00094
GL00630,2025-04-03,2100,Proveedores,204055.48,0,Pago Ferretera de México SAPI de CV,B5CAA993-AACA-D101-F153-0F689215583A,TX00095
GL00631,2025-04-03,1020,Bancos,0,204055.48,Pago Ferretera de México SAPI de CV,B5CAA993-AACA-D101-F153-0F689215583A,TX00095
GL00632,2025-04-03,6000,Gastos refacciones,196460.5,0,Factura 82080 Hidráulica Apodaca SAPI de CV,7702BEBA-0623-FFBF-1E42-D2B800679B62,
GL00633,2025-04-03,1180,IVA acreditable,31433.68,0,IVA factura 82080,7702BEBA-0623-FFBF-1E42-D2B800679B62,
GL00634,2025-04-03,2100,Proveedores,0,227894.18,Factura 82080 Hidráulica Apodaca SAPI de CV,7702BEBA-0623-FFBF-1E42-D2B800679B62,
GL00635,2025-04-03,1200,Clientes,414262.4,0,Venta 1457 Envases Villarreal SA de CV,DCDA8CC1-8427-4378-B40D-8AEFA0BA6142,
GL00636,2025-04-03,4000,Ventas,0,357122.76,Venta 1457 Envases Villarreal SA de CV,DCDA8CC1-8427-4378-B40D-8AEFA0BA6142,
GL00637,2025-04-03,2180,IVA trasladado,0,57139.64,IVA venta 1457,DCDA8CC1-8427-4378-B40D-8AEFA0BA6142,
GL00638,2025-04-04,2100,Proveedores,44471.85,0,Pago Distribuidora Industrial S de RL de CV,70F81DBA-2871-9B9B-DB8F-0E32EDEF5003,TX00096
GL00639,2025-04-04,1020,Bancos,0,44471.85,Pago Distribuidora Industrial S de RL de CV,70F81DBA-2871-9B9B-DB8F-0E32EDEF5003,TX00096
GL00640,2025-04-04,2100,Proveedores,200181.08,0,Pago Transportes Apodaca SAPI de CV,16DC5A6E-A789-0770-55EC-024AE64B9B37,TX00097
GL00641,2025-04-04,1020,Bancos,0,200181.08,Pago Transportes Apodaca SAPI de CV,16DC5A6E-A789-0770-55EC-024AE64B9B37,TX00097
GL00642,2025-04-04,2100,Proveedores,96175.6,0,Pago Herramientas Monterrey SA de CV,8EF00DE1-FB4F-1972-5115-D7EE3B90908E,TX00098
GL00643,2025-04-04,1020,Bancos,0,96175.6,Pago Herramientas Monterrey SA de CV,8EF00DE1-FB4F-1972-5115-D7EE3B90908E,TX00098
GL00644,2025-04-04,2100,Proveedores,98695.58,0,Pago Suministros Monterrey S de RL de CV,EF0B743E-BEE0-4762-7168-BDEC4DA838B7,TX00099
GL00645,2025-04-04,1020,Bancos,0,98695.58,Pago Suministros Monterrey S de RL de CV,EF0B743E-BEE0-4762-7168-BDEC4DA838B7,TX00099
GL00646,2025-04-04,1200,Clientes,61376.08,0,Venta 1509 Autopartes Villarreal SAPI de CV,7796048F-B4B9-FB73-29DE-BCCC429E09BD,
GL00647,2025-04-04,4000,Ventas,0,52910.41,Venta 1509 Autopartes Villarreal SAPI de CV,7796048F-B4B9-FB73-29DE-BCCC429E09BD,
GL00648,2025-04-04,2180,IVA trasladado,0,8465.67,IVA venta 1509,7796048F-B4B9-FB73-29DE-BCCC429E09BD,
GL00649,2025-04-04,1200,Clientes,398399.15,0,Venta 1532 Envases García S de RL de CV,E07309DE-6A8F-7654-1552-87C70B961346,
GL00650,2025-04-04,4000,Ventas,0,343447.54,Venta 1532 Envases García S de RL de CV,E07309DE-6A8F-7654-1552-87C70B961346,
GL00651,2025-04-04,2180,IVA trasladado,0,54951.61,IVA venta 1532,E07309DE-6A8F-7654-1552-87C70B961346,
GL00652,2025-04-04,6000,Gastos materia_prima,168977.08,0,Pago factura 74525,97867B12-1328-1726-64F4-34D6D1E91691,TX00100
GL00653,2025-04-04,1020,Bancos,0,168977.08,Pago factura 74525,97867B12-1328-1726-64F4-34D6D1E91691,TX00100
GL00654,2025-04-04,6000,Gastos consumibles,18946.86,0,Factura 57867 Refacciones San Nicolás S de RL de CV,68A69E71-DF22-3246-E6FB-61D3FBA26C21,
GL00655,2025-04-04,1180,IVA acreditable,3031.5,0,IVA factura 57867,68A69E71-DF22-3246-E6FB-61D3FBA26C21,
GL00656,2025-04-04,2100,Proveedores,0,21978.36,Factura 57867 Refacciones San Nicolás S de RL de CV,68A69E71-DF22-3246-E6FB-61D3FBA26C21,
GL00657,2025-04-07,6000,Gastos refacciones,9947.8,0,Factura 59026 Electrónica Regiomontana SAPI de CV,3283DAA4-E212-AB7C-9D36-1CB6BCC57BE0,
GL00658,2025-04-07,1180,IVA acreditable,1591.65,0,IVA factura 59026,3283DAA4-E212-AB7C-9D36-1CB6BCC57BE0,
GL00659,2025-04-07,2100,Proveedores,0,11539.45,Factura 59026 Electrónica Regiomontana SAPI de CV,3283DAA4-E212-AB7C-9D36-1CB6BCC57BE0,
GL00660,2025-04-07,2100,Proveedores,13606.68,0,Pago Electrónica Regiomontana SAPI de CV,C28FA16B-0AA6-FCB9-C1BC-BE59D296A12D,TX00101
GL00661,2025-04-07,1020,Bancos,0,13606.68,Pago Electrónica Regiomontana SAPI de CV,C28FA16B-0AA6-FCB9-C1BC-BE59D296A12D,TX00101
GL00662,2025-04-07,6000,Gastos materia_prima,188607.8,0,Factura 7462 Aceros Santa Catarina SA de CV,171B1B80-09B7-FDF7-7D8D-3DDD2CF149CB,
GL00663,2025-04-07,1180,IVA acreditable,30177.25,0,IVA factura 7462,171B1B80-09B7-FDF7-7D8D-3DDD2CF149CB,
GL00664,2025-04-07,2100,Proveedores,0,218785.05,Factura 7462 Aceros Santa Catarina SA de CV,171B1B80-09B7-FDF7-7D8D-3DDD2CF149CB,
GL00665,2025-04-07,2100,Proveedores,224782.25,0,Pago Transportes Apodaca SAPI de CV,DAAF7529-DEEF-F82A-0DD7-015869C165AE,TX00102
GL00666,2025-04-07,1020,Bancos,0,224782.25,Pago Transportes Apodaca SAPI de CV,DAAF7529-DEEF-F82A-0DD7-015869C165AE,TX00102
GL00667,2025-04-07,2100,Proveedores,191803.45,0,Pago Aceros Apodaca S de RL de CV,35F3DE4A-AC92-04B4-0306-A2580227B8D5,TX00103
GL00668,2025-04-07,1020,Bancos,0,191803.45,Pago Aceros Apodaca S de RL de CV,35F3DE4A-AC92-04B4-0306-A2580227B8D5,TX00103
GL00669,2025-04-07,2100,Proveedores,45959.08,0,Pago Suministros Monterrey S de RL de CV,3B1D0181-9CC3-C1F5-9129-BC759B08E5A8,TX00104
GL00670,2025-04-07,1020,Bancos,0,45959.08,Pago Suministros Monterrey S de RL de CV,3B1D0181-9CC3-C1F5-9129-BC759B08E5A8,TX00104
GL00671,2025-04-07,2100,Proveedores,56480.4,0,Pago Metálica San Nicolás SA de CV,0BCFD0FC-E3A1-AF97-7785-2DDB55527A3C,TX00105
GL00672,2025-04-07,1020,Bancos,0,56480.4,Pago Metálica San Nicolás SA de CV,0BCFD0FC-E3A1-AF97-7785-2DDB55527A3C,TX00105
GL00673,2025-04-07,6000,Gastos consumibles,10310,0,Factura 21411 Ferretera San Nicolás SA de CV,8A34B26B-72CC-3FC5-5F77-5A7A25DFAC07,
GL00674,2025-04-07,1180,IVA acreditable,1649.6,0,IVA factura 21411,8A34B26B-72CC-3FC5-5F77-5A7A25DFAC07,
GL00675,2025-04-07,2100,Proveedores,0,11959.6,Factura 21411 Ferretera San Nicolás SA de CV,8A34B26B-72CC-3FC5-5F77-5A7A25DFAC07,
GL00676,2025-04-07,2100,Proveedores,24450.25,0,Pago Ferretera San Nicolás SA de CV,584CB0F7-48DE-D8BE-031E-EF965F71DCC4,TX00106
GL00677,2025-04-07,1020,Bancos,0,24450.25,Pago Ferretera San Nicolás SA de CV,584CB0F7-48DE-D8BE-031E-EF965F71DCC4,TX00106
GL00678,2025-04-07,1020,Bancos,318481.77,0,Cobro Envases Villarreal SA de CV,4CC6D67E-CDDB-3F9E-8130-0E684D45D885,TX00107
GL00679,2025-04-07,1200,Clientes,0,318481.77,Cobro Envases Villarreal SA de CV,4CC6D67E-CDDB-3F9E-8130-0E684D45D885,TX00107
GL00680,2025-04-07,1200,Clientes,134542.15,0,Venta 1534 Envases García S de RL de CV,9AA33580-FB70-8DD7-BF3D-5023140642A8,
GL00681,2025-04-07,4000,Ventas,0,115984.61,Venta 1534 Envases García S de RL de CV,9AA33580-FB70-8DD7-BF3D-5023140642A8,
GL00682,2025-04-07,2180,IVA trasladado,0,18557.54,IVA venta 1534,9AA33580-FB70-8DD7-BF3D-5023140642A8,
GL00683,2025-04-07,6000,Gastos servicios,64000,0,Factura 61807 Gestoría y Enlace San Nicolás S de RL de CV,23E7CD20-700E-A842-F334-685DB6AD478C,
GL00684,2025-04-07,1180,IVA acreditable,10240.0,0,IVA factura 61807,23E7CD20-700E-A842-F334-685DB6AD478C,
GL00685,2025-04-07,2100,Proveedores,0,74240.0,Factura 61807 Gestoría y Enlace San Nicolás S de RL de CV,23E7CD20-700E-A842-F334-685DB6AD478C,
GL00686,2025-04-07,6000,Gastos consumibles,17264.76,0,Factura 59169 Refacciones San Nicolás S de RL de CV,1C3892E8-F2CF-CD63-80AB-4B7F2E968660,
GL00687,2025-04-07,1180,IVA acreditable,2762.36,0,IVA factura 59169,1C3892E8-F2CF-CD63-80AB-4B7F2E968660,
GL00688,2025-04-07,2100,Proveedores,0,20027.12,Factura 59169 Refacciones San Nicolás S de RL de CV,1C3892E8-F2CF-CD63-80AB-4B7F2E968660,
GL00689,2025-04-08,2100,Proveedores,173466.28,0,Pago Soldadura Industrial SA de CV,2CE6F908-CECE-A5D3-5EA9-09EF7257DCB6,TX00108
GL00690,2025-04-08,1020,Bancos,0,173466.28,Pago Soldadura Industrial SA de CV,2CE6F908-CECE-A5D3-5EA9-09EF7257DCB6,TX00108
GL00691,2025-04-08,1020,Bancos,259648.1,0,Cobro Envases García S de RL de CV,A92DCF4F-76F3-BA50-1830-208269BBA3C4,TX00109
GL00692,2025-04-08,1200,Clientes,0,259648.1,Cobro Envases García S de RL de CV,A92DCF4F-76F3-BA50-1830-208269BBA3C4,TX00109
GL00693,2025-04-08,1200,Clientes,82352.67,0,Venta 1540 Envases López SAPI de CV,7957595F-25EE-2F0F-76A3-0EB0C50C71F4,
GL00694,2025-04-08,4000,Ventas,0,70993.68,Venta 1540 Envases López SAPI de CV,7957595F-25EE-2F0F-76A3-0EB0C50C71F4,
GL00695,2025-04-08,2180,IVA trasladado,0,11358.99,IVA venta 1540,7957595F-25EE-2F0F-76A3-0EB0C50C71F4,
GL00696,2025-04-09,2100,Proveedores,12165.85,0,Pago Pinturas San Nicolás S de RL de CV,97A418B8-92D0-0319-20BD-14220B0B81DE,TX00110
GL00697,2025-04-09,1020,Bancos,0,12165.85,Pago Pinturas San Nicolás S de RL de CV,97A418B8-92D0-0319-20BD-14220B0B81DE,TX00110
GL00698,2025-04-09,2100,Proveedores,74240.0,0,Pago Gestoría y Enlace San Nicolás S de RL de CV,23E7CD20-700E-A842-F334-685DB6AD478C,TX00111
GL00699,2025-04-09,1020,Bancos,0,74240.0,Pago Gestoría y Enlace San Nicolás S de RL de CV,23E7CD20-700E-A842-F334-685DB6AD478C,TX00111
GL00700,2025-04-09,6000,Gastos servicios,64000,0,Factura 51329 Gestoría y Enlace San Nicolás S de RL de CV,BDCF6FD4-88DF-12C1-1FC8-628D4B4D1079,
GL00701,2025-04-09,1180,IVA acreditable,10240.0,0,IVA factura 51329,BDCF6FD4-88DF-12C1-1FC8-628D4B4D1079,
GL00702,2025-04-09,2100,Proveedores,0,74240.0,Factura 51329 Gestoría y Enlace San Nicolás S de RL de CV,BDCF6FD4-88DF-12C1-1FC8-628D4B4D1079,
GL00703,2025-04-10,2100,Proveedores,74240.0,0,Pago Gestoría y Enlace San Nicolás S de RL de CV,BDCF6FD4-88DF-12C1-1FC8-628D4B4D1079,TX00112
GL00704,2025-04-10,1020,Bancos,0,74240.0,Pago Gestoría y Enlace San Nicolás S de RL de CV,BDCF6FD4-88DF-12C1-1FC8-628D4B4D1079,TX00112
GL00705,2025-04-11,2100,Proveedores,53174.4,0,Pago Industrias Apodaca SA de CV,87AD8B26-8EAA-5841-6AA0-426DF7C0D5F7,TX00113
GL00706,2025-04-11,1020,Bancos,0,53174.4,Pago Industrias Apodaca SA de CV,87AD8B26-8EAA-5841-6AA0-426DF7C0D5F7,TX00113
GL00707,2025-04-11,2100,Proveedores,156496.18,0,Pago Transportes Apodaca SAPI de CV,AE46024D-51D0-5EF3-A918-83FC6772FE9F,TX00114
GL00708,2025-04-11,1020,Bancos,0,156496.18,Pago Transportes Apodaca SAPI de CV,AE46024D-51D0-5EF3-A918-83FC6772FE9F,TX00114
GL00709,2025-04-14,2100,Proveedores,19450.65,0,Pago Electrónica Regiomontana SAPI de CV,2F8D8DED-6C4C-450B-623A-D0FC93267D25,TX00115
GL00710,2025-04-14,1020,Bancos,0,19450.65,Pago Electrónica Regiomontana SAPI de CV,2F8D8DED-6C4C-450B-623A-D0FC93267D25,TX00115
GL00711,2025-04-14,6000,Gastos refacciones,23547.8,0,Factura 4105 Grupo Nuevo León SAPI de CV,AE61716A-1FB6-21AE-EC4E-8CBBA2AA378C,
GL00712,2025-04-14,1180,IVA acreditable,3767.65,0,IVA factura 4105,AE61716A-1FB6-21AE-EC4E-8CBBA2AA378C,
GL00713,2025-04-14,2100,Proveedores,0,27315.45,Factura 4105 Grupo Nuevo León SAPI de CV,AE61716A-1FB6-21AE-EC4E-8CBBA2AA378C,
GL00714,2025-04-14,2100,Proveedores,151690.65,0,Pago Ferretera de México SAPI de CV,1EE93260-3002-D831-3227-E8D89C60C81B,TX00116
GL00715,2025-04-14,1020,Bancos,0,151690.65,Pago Ferretera de México SAPI de CV,1EE93260-3002-D831-3227-E8D89C60C81B,TX00116
GL00716,2025-04-14,2100,Proveedores,124212.68,0,Pago Aceros Apodaca S de RL de CV,89D716EF-A62D-7221-A65D-958E936DD1A8,TX00117
GL00717,2025-04-14,1020,Bancos,0,124212.68,Pago Aceros Apodaca S de RL de CV,89D716EF-A62D-7221-A65D-958E936DD1A8,TX00117
GL00718,2025-04-14,6000,Gastos materia_prima,167869.9,0,Factura 12278 Metálica San Nicolás SA de CV,21BD55EB-915A-A3C0-7737-CFB5C3B1927B,
GL00719,2025-04-14,1180,IVA acreditable,26859.18,0,IVA factura 12278,21BD55EB-915A-A3C0-7737-CFB5C3B1927B,
GL00720,2025-04-14,2100,Proveedores,0,194729.08,Factura 12278 Metálica San Nicolás SA de CV,21BD55EB-915A-A3C0-7737-CFB5C3B1927B,
GL00721,2025-04-14,6000,Gastos consumibles,8007.8,0,Factura 18100 Aceros de México S de RL de CV,8BBF1B30-9372-92E6-AF20-6A9DF9D18507,
GL00722,2025-04-14,1180,IVA acreditable,1281.25,0,IVA factura 18100,8BBF1B30-9372-92E6-AF20-6A9DF9D18507,
GL00723,2025-04-14,2100,Proveedores,0,9289.05,Factura 18100 Aceros de México S de RL de CV,8BBF1B30-9372-92E6-AF20-6A9DF9D18507,
GL00724,2025-04-14,2100,Proveedores,6405.98,0,Pago Aceros de México S de RL de CV,2CAF3D2F-F026-A418-3D3F-BBEC697AE294,TX00118
GL00725,2025-04-14,1020,Bancos,0,6405.98,Pago Aceros de México S de RL de CV,2CAF3D2F-F026-A418-3D3F-BBEC697AE294,TX00118
GL00726,2025-04-14,6000,Gastos refacciones,26110,0,Factura 61118 Ferretera Monterrey S de RL de CV,DA05D2FC-1C71-A821-22F1-C32B47D5AC92,
GL00727,2025-04-14,1180,IVA acreditable,4177.6,0,IVA factura 61118,DA05D2FC-1C71-A821-22F1-C32B47D5AC92,
GL00728,2025-04-14,2100,Proveedores,0,30287.6,Factura 61118 Ferretera Monterrey S de RL de CV,DA05D2FC-1C71-A821-22F1-C32B47D5AC92,
GL00729,2025-04-14,1200,Clientes,168991.89,0,Venta 1436 Grupo Martínez SAPI de CV,42FC7EDF-813A-3AA5-7D81-0C217F764FCE,
GL00730,2025-04-14,4000,Ventas,0,145682.66,Venta 1436 Grupo Martínez SAPI de CV,42FC7EDF-813A-3AA5-7D81-0C217F764FCE,
GL00731,2025-04-14,2180,IVA trasladado,0,23309.23,IVA venta 1436,42FC7EDF-813A-3AA5-7D81-0C217F764FCE,
GL00732,2025-04-14,1200,Clientes,155720.65,0,Venta 1491 Grupo Salinas SAPI de CV,66AA394C-0CBE-938D-2B33-9734DA119684,
GL00733,2025-04-14,4000,Ventas,0,134241.94,Venta 1491 Grupo Salinas SAPI de CV,66AA394C-0CBE-938D-2B33-9734DA119684,
GL00734,2025-04-14,2180,IVA trasladado,0,21478.71,IVA venta 1491,66AA394C-0CBE-938D-2B33-9734DA119684,
GL00735,2025-04-14,2100,Proveedores,6087.62,0,Pago Aceros Escobedo S de RL de CV,302B0401-EFED-098B-979A-7368BD96BB0A,TX00119
GL00736,2025-04-14,1020,Bancos,0,6087.62,Pago Aceros Escobedo S de RL de CV,302B0401-EFED-098B-979A-7368BD96BB0A,TX00119
GL00737,2025-04-15,6000,Gastos consumibles,29597.8,0,Factura 32446 Suministros Monterrey S de RL de CV,7521AA18-DDE4-F5C1-532C-5C01B017C533,
GL00738,2025-04-15,1180,IVA acreditable,4735.65,0,IVA factura 32446,7521AA18-DDE4-F5C1-532C-5C01B017C533,
GL00739,2025-04-15,2100,Proveedores,0,34333.45,Factura 32446 Suministros Monterrey S de RL de CV,7521AA18-DDE4-F5C1-532C-5C01B017C533,
GL00740,2025-04-15,2100,Proveedores,192151.45,0,Pago Metálica Escobedo SAPI de CV,F09E0302-B525-A4D9-83F0-23FD00F2BAA4,TX00120
GL00741,2025-04-15,1020,Bancos,0,192151.45,Pago Metálica Escobedo SAPI de CV,F09E0302-B525-A4D9-83F0-23FD00F2BAA4,TX00120
GL00742,2025-04-15,1020,Bancos,145820.9,0,Cobro Construcciones Elizondo SA de CV,503BA8C3-CE83-0E27-C5EF-D6701F4D88CE,TX00121
GL00743,2025-04-15,1200,Clientes,0,145820.9,Cobro Construcciones Elizondo SA de CV,503BA8C3-CE83-0E27-C5EF-D6701F4D88CE,TX00121
GL00744,2025-04-15,1020,Bancos,177221.39,0,Cobro Autopartes Martínez SAPI de CV,DF266424-7FCC-4456-20BC-2FA0FA801062,TX00122
GL00745,2025-04-15,1200,Clientes,0,177221.39,Cobro Autopartes Martínez SAPI de CV,DF266424-7FCC-4456-20BC-2FA0FA801062,TX00122
GL00746,2025-04-15,1200,Clientes,408949.09,0,Venta 1512 Autopartes Villarreal SAPI de CV,BFFBD93B-2B15-619E-D5BF-85F32E3F674C,
GL00747,2025-04-15,4000,Ventas,0,352542.32,Venta 1512 Autopartes Villarreal SAPI de CV,BFFBD93B-2B15-619E-D5BF-85F32E3F674C,
GL00748,2025-04-15,2180,IVA trasladado,0,56406.77,IVA venta 1512,BFFBD93B-2B15-619E-D5BF-85F32E3F674C,
GL00749,2025-04-16,6000,Gastos materia_prima,7509.9,0,Factura 6480 Aceros Regiomontana S de RL de CV,DF495037-B40A-9181-AC09-BDB799086E47,
GL00750,2025-04-16,1180,IVA acreditable,1201.58,0,IVA factura 6480,DF495037-B40A-9181-AC09-BDB799086E47,
GL00751,2025-04-16,2100,Proveedores,0,8711.48,Factura 6480 Aceros Regiomontana S de RL de CV,DF495037-B40A-9181-AC09-BDB799086E47,
GL00752,2025-04-16,6000,Gastos refacciones,16952.4,0,Factura 41900 Electrónica Regiomontana SAPI de CV,73D39457-B25F-13DF-B8D4-9848702BA49F,
GL00753,2025-04-16,1180,IVA acreditable,2712.38,0,IVA factura 41900,73D39457-B25F-13DF-B8D4-9848702BA49F,
GL00754,2025-04-16,2100,Proveedores,0,19664.78,Factura 41900 Electrónica Regiomontana SAPI de CV,73D39457-B25F-13DF-B8D4-9848702BA49F,
GL00755,2025-04-16,1200,Clientes,291783.04,0,Venta 1415 Envases Rodríguez SAPI de CV,59FE1C45-ABAC-7BF8-2F4D-DC9B3334CD07,
GL00756,2025-04-16,4000,Ventas,0,251537.1,Venta 1415 Envases Rodríguez SAPI de CV,59FE1C45-ABAC-7BF8-2F4D-DC9B3334CD07,
GL00757,2025-04-16,2180,IVA trasladado,0,40245.94,IVA venta 1415,59FE1C45-ABAC-7BF8-2F4D-DC9B3334CD07,
GL00758,2025-04-16,1020,Bancos,187379.36,0,Cobro Grupo Chapa S de RL de CV,0991946D-537C-64B0-89D5-AF23050BD848,TX00123
GL00759,2025-04-16,1200,Clientes,0,187379.36,Cobro Grupo Chapa S de RL de CV,0991946D-537C-64B0-89D5-AF23050BD848,TX00123
GL00760,2025-04-17,6000,Gastos consumibles,12469.9,0,Factura 49353 Ferretera San Nicolás SA de CV,C190B0CF-9736-BB4F-F5C8-CE3CEEE31D47,
GL00761,2025-04-17,1180,IVA acreditable,1995.18,0,IVA factura 49353,C190B0CF-9736-BB4F-F5C8-CE3CEEE31D47,
GL00762,2025-04-17,2100,Proveedores,0,14465.08,Factura 49353 Ferretera San Nicolás SA de CV,C190B0CF-9736-BB4F-F5C8-CE3CEEE31D47,
GL00763,2025-04-18,6000,Gastos consumibles,175880.5,0,Factura 11639 Transportes Apodaca SAPI de CV,C37944C1-C903-94EA-7D54-EC82288F3435,
GL00764,2025-04-18,1180,IVA acreditable,28140.88,0,IVA factura 11639,C37944C1-C903-94EA-7D54-EC82288F3435,
GL00765,2025-04-18,2100,Proveedores,0,204021.38,Factura 11639 Transportes Apodaca SAPI de CV,C37944C1-C903-94EA-7D54-EC82288F3435,
GL00766,2025-04-18,6000,Gastos refacciones,164999.9,0,Factura 69430 Hidráulica Apodaca SAPI de CV,A104BDCE-FAB6-AD91-BACF-7CFC92451CC4,
GL00767,2025-04-18,1180,IVA acreditable,26399.98,0,IVA factura 69430,A104BDCE-FAB6-AD91-BACF-7CFC92451CC4,
GL00768,2025-04-18,2100,Proveedores,0,191399.88,Factura 69430 Hidráulica Apodaca SAPI de CV,A104BDCE-FAB6-AD91-BACF-7CFC92451CC4,
GL00769,2025-04-18,6000,Gastos materia_prima,101910.5,0,Factura 88065 Metálica San Nicolás SA de CV,70ECF41B-C5D5-6016-51B3-CCF588433A38,
GL00770,2025-04-18,1180,IVA acreditable,16305.68,0,IVA factura 88065,70ECF41B-C5D5-6016-51B3-CCF588433A38,
GL00771,2025-04-18,2100,Proveedores,0,118216.18,Factura 88065 Metálica San Nicolás SA de CV,70ECF41B-C5D5-6016-51B3-CCF588433A38,
GL00772,2025-04-21,6000,Gastos refacciones,10320,0,Factura 48045 Electrónica Regiomontana SAPI de CV,2FDC9992-8971-8EEA-DF3A-098ACCAC2FB5,
GL00773,2025-04-21,1180,IVA acreditable,1651.2,0,IVA factura 48045,2FDC9992-8971-8EEA-DF3A-098ACCAC2FB5,
GL00774,2025-04-21,2100,Proveedores,0,11971.2,Factura 48045 Electrónica Regiomontana SAPI de CV,2FDC9992-8971-8EEA-DF3A-098ACCAC2FB5,
GL00775,2025-04-21,2100,Proveedores,48094.18,0,Pago Distribuidora Industrial S de RL de CV,D28FCF68-C871-D7B3-8468-B74D85E3ADE5,TX00124
GL00776,2025-04-21,1020,Bancos,0,48094.18,Pago Distribuidora Industrial S de RL de CV,D28FCF68-C871-D7B3-8468-B74D85E3ADE5,TX00124
GL00777,2025-04-21,2100,Proveedores,198450.25,0,Pago Aceros Santa Catarina SA de CV,F7FF88D4-B509-F08A-2C98-8BCA51397C06,TX00125
GL00778,2025-04-21,1020,Bancos,0,198450.25,Pago Aceros Santa Catarina SA de CV,F7FF88D4-B509-F08A-2C98-8BCA51397C06,TX00125
GL00779,2025-04-21,2100,Proveedores,45576.28,0,Pago Grupo Nuevo León SAPI de CV,F168C605-CE1A-1669-9BBC-6CBC409CA8F2,TX00126
GL00780,2025-04-21,1020,Bancos,0,45576.28,Pago Grupo Nuevo León SAPI de CV,F168C605-CE1A-1669-9BBC-6CBC409CA8F2,TX00126
GL00781,2025-04-21,6000,Gastos refacciones,184757.8,0,Factura 47326 Aceros Apodaca S de RL de CV,5C6801D6-4280-3AA0-55AC-0D06BE9DA951,
GL00782,2025-04-21,1180,IVA acreditable,29561.25,0,IVA factura 47326,5C6801D6-4280-3AA0-55AC-0D06BE9DA951,
GL00783,2025-04-21,2100,Proveedores,0,214319.05,Factura 47326 Aceros Apodaca S de RL de CV,5C6801D6-4280-3AA0-55AC-0D06BE9DA951,
GL00784,2025-04-21,2100,Proveedores,122331.05,0,Pago Servicios Guadalupe S de RL de CV,F5EA4128-854D-C3BF-61D8-5365BADA0C94,TX00127
GL00785,2025-04-21,1020,Bancos,0,122331.05,Pago Servicios Guadalupe S de RL de CV,F5EA4128-854D-C3BF-61D8-5365BADA0C94,TX00127
GL00786,2025-04-21,2100,Proveedores,43802.18,0,Pago Suministros Monterrey S de RL de CV,ECE9504B-03D7-F962-F804-43EEC3B8D179,TX00128
GL00787,2025-04-21,1020,Bancos,0,43802.18,Pago Suministros Monterrey S de RL de CV,ECE9504B-03D7-F962-F804-43EEC3B8D179,TX00128
GL00788,2025-04-21,1020,Bancos,403505.66,0,Cobro Envases Rodríguez SAPI de CV,3DE814AC-9CEA-B67B-BA82-854AC7E2A618,TX00129
GL00789,2025-04-21,1200,Clientes,0,403505.66,Cobro Envases Rodríguez SAPI de CV,3DE814AC-9CEA-B67B-BA82-854AC7E2A618,TX00129
GL00790,2025-04-21,1200,Clientes,166399.68,0,Venta 1452 Grupo Chapa S de RL de CV,92D2408E-FF08-C739-4C1D-2E430C2B03E4,
GL00791,2025-04-21,4000,Ventas,0,143448.0,Venta 1452 Grupo Chapa S de RL de CV,92D2408E-FF08-C739-4C1D-2E430C2B03E4,
GL00792,2025-04-21,2180,IVA trasladado,0,22951.68,IVA venta 1452,92D2408E-FF08-C739-4C1D-2E430C2B03E4,
GL00793,2025-04-21,1020,Bancos,284838.49,0,Cobro Construcciones Elizondo SA de CV,859F02BB-1EE2-6F39-EED4-DB8980104995,TX00130
GL00794,2025-04-21,1200,Clientes,0,284838.49,Cobro Construcciones Elizondo SA de CV,859F02BB-1EE2-6F39-EED4-DB8980104995,TX00130
GL00795,2025-04-21,2100,Proveedores,21978.36,0,Pago Refacciones San Nicolás S de RL de CV,68A69E71-DF22-3246-E6FB-61D3FBA26C21,TX00131
GL00796,2025-04-21,1020,Bancos,0,21978.36,Pago Refacciones San Nicolás S de RL de CV,68A69E71-DF22-3246-E6FB-61D3FBA26C21,TX00131
GL00797,2025-04-22,2100,Proveedores,218785.05,0,Pago Aceros Santa Catarina SA de CV,171B1B80-09B7-FDF7-7D8D-3DDD2CF149CB,TX00132
GL00798,2025-04-22,1020,Bancos,0,218785.05,Pago Aceros Santa Catarina SA de CV,171B1B80-09B7-FDF7-7D8D-3DDD2CF149CB,TX00132
GL00799,2025-04-22,6000,Gastos refacciones,198262.4,0,Factura 65504 Aceros Apodaca S de RL de CV,30AED12D-E8F1-0194-EE25-356AAEE01EC9,
GL00800,2025-04-22,1180,IVA acreditable,31721.98,0,IVA factura 65504,30AED12D-E8F1-0194-EE25-356AAEE01EC9,
GL00801,2025-04-22,2100,Proveedores,0,229984.38,Factura 65504 Aceros Apodaca S de RL de CV,30AED12D-E8F1-0194-EE25-356AAEE01EC9,
GL00802,2025-04-22,1020,Bancos,119544.41,0,Cobro Construcciones Elizondo SA de CV,688B4CFB-7081-75FD-4648-BBE8F84CE7A9,TX00133
GL00803,2025-04-22,1200,Clientes,0,119544.41,Cobro Construcciones Elizondo SA de CV,688B4CFB-7081-75FD-4648-BBE8F84CE7A9,TX00133
GL00804,2025-04-22,1020,Bancos,115765.66,0,Cobro Envases López SAPI de CV,71FCF2E6-B3DD-7820-BD20-C36A270524CB,TX00134
GL00805,2025-04-22,1200,Clientes,0,115765.66,Cobro Envases López SAPI de CV,71FCF2E6-B3DD-7820-BD20-C36A270524CB,TX00134
GL00806,2025-04-23,6000,Gastos refacciones,12142.4,0,Factura 74240 Electrónica Regiomontana SAPI de CV,751303B9-C7DE-96EA-2B0F-BE4449E64C22,
GL00807,2025-04-23,1180,IVA acreditable,1942.78,0,IVA factura 74240,751303B9-C7DE-96EA-2B0F-BE4449E64C22,
GL00808,2025-04-23,2100,Proveedores,0,14085.18,Factura 74240 Electrónica Regiomontana SAPI de CV,751303B9-C7DE-96EA-2B0F-BE4449E64C22,
GL00809,2025-04-23,2100,Proveedores,20027.12,0,Pago Refacciones San Nicolás S de RL de CV,1C3892E8-F2CF-CD63-80AB-4B7F2E968660,TX00135
GL00810,2025-04-23,1020,Bancos,0,20027.12,Pago Refacciones San Nicolás S de RL de CV,1C3892E8-F2CF-CD63-80AB-4B7F2E968660,TX00135
GL00811,2025-04-24,2100,Proveedores,55518.18,0,Pago Grupo Nuevo León SAPI de CV,44E2A94B-34EC-5264-AD7D-6F8139A0F145,TX00136
GL00812,2025-04-24,1020,Bancos,0,55518.18,Pago Grupo Nuevo León SAPI de CV,44E2A94B-34EC-5264-AD7D-6F8139A0F145,TX00136
GL00813,2025-04-24,6000,Gastos refacciones,174030.5,0,Factura 70979 Aceros Apodaca S de RL de CV,F08D312E-7A73-2F35-6C55-40F0CC9CF41C,
GL00814,2025-04-24,1180,IVA acreditable,27844.88,0,IVA factura 70979,F08D312E-7A73-2F35-6C55-40F0CC9CF41C,
GL00815,2025-04-24,2100,Proveedores,0,201875.38,Factura 70979 Aceros Apodaca S de RL de CV,F08D312E-7A73-2F35-6C55-40F0CC9CF41C,
GL00816,2025-04-24,6000,Gastos materia_prima,42062.4,0,Factura 36270 Industrias Nuevo León SA de CV,D284B528-B091-6FB7-F17F-3F92D26AA790,
GL00817,2025-04-24,1180,IVA acreditable,6729.98,0,IVA factura 36270,D284B528-B091-6FB7-F17F-3F92D26AA790,
GL00818,2025-04-24,2100,Proveedores,0,48792.38,Factura 36270 Industrias Nuevo León SA de CV,D284B528-B091-6FB7-F17F-3F92D26AA790,
GL00819,2025-04-24,1020,Bancos,315457.1,0,Cobro Grupo Salinas S de RL de CV,7C602399-B8F4-0E5E-F6BA-BCCC0ACFBD89,TX00137
GL00820,2025-04-24,1200,Clientes,0,315457.1,Cobro Grupo Salinas S de RL de CV,7C602399-B8F4-0E5E-F6BA-BCCC0ACFBD89,TX00137
GL00821,2025-04-25,2100,Proveedores,226051.98,0,Pago Transportes Apodaca SAPI de CV,1DABB10A-BD10-F87C-6D0E-0597500D92A7,TX00138
GL00822,2025-04-25,1020,Bancos,0,226051.98,Pago Transportes Apodaca SAPI de CV,1DABB10A-BD10-F87C-6D0E-0597500D92A7,TX00138
GL00823,2025-04-25,2100,Proveedores,7064.98,0,Pago Pinturas San Nicolás S de RL de CV,A33B3DFD-9048-65C6-F820-5AA7996F7E88,TX00139
GL00824,2025-04-25,1020,Bancos,0,7064.98,Pago Pinturas San Nicolás S de RL de CV,A33B3DFD-9048-65C6-F820-5AA7996F7E88,TX00139
GL00825,2025-04-25,1200,Clientes,344384.21,0,Venta 1494 Autopartes Martínez SAPI de CV,D03BCBFC-DCA7-E284-F230-7C2230C7809B,
GL00826,2025-04-25,4000,Ventas,0,296882.94,Venta 1494 Autopartes Martínez SAPI de CV,D03BCBFC-DCA7-E284-F230-7C2230C7809B,
GL00827,2025-04-25,2180,IVA trasladado,0,47501.27,IVA venta 1494,D03BCBFC-DCA7-E284-F230-7C2230C7809B,
GL00828,2025-04-25,6000,Gastos logistica,17044.92,0,Factura 84508 Aceros Escobedo S de RL de CV,108E04AC-99C6-207F-EC81-4510C42EAFC8,
GL00829,2025-04-25,1180,IVA acreditable,2727.19,0,IVA factura 84508,108E04AC-99C6-207F-EC81-4510C42EAFC8,
GL00830,2025-04-25,2100,Proveedores,0,19772.11,Factura 84508 Aceros Escobedo S de RL de CV,108E04AC-99C6-207F-EC81-4510C42EAFC8,
GL00831,2025-04-28,2100,Proveedores,8421.6,0,Pago Pinturas San Nicolás S de RL de CV,1D03C3D5-B862-ACC3-5489-9C37CFA9026B,TX00140
GL00832,2025-04-28,1020,Bancos,0,8421.6,Pago Pinturas San Nicolás S de RL de CV,1D03C3D5-B862-ACC3-5489-9C37CFA9026B,TX00140
GL00833,2025-04-28,6000,Gastos materia_prima,8200.5,0,Factura 72265 Pinturas San Nicolás S de RL de CV,56A3DCCC-C93C-9CC6-668B-28DA8222CD7F,
GL00834,2025-04-28,1180,IVA acreditable,1312.08,0,IVA factura 72265,56A3DCCC-C93C-9CC6-668B-28DA8222CD7F,
GL00835,2025-04-28,2100,Proveedores,0,9512.58,Factura 72265 Pinturas San Nicolás S de RL de CV,56A3DCCC-C93C-9CC6-668B-28DA8222CD7F,
GL00836,2025-04-28,2100,Proveedores,16634.4,0,Pago Servicios Guadalupe S de RL de CV,8C662766-7922-B440-E0F1-E44CEFD1B588,TX00141
GL00837,2025-04-28,1020,Bancos,0,16634.4,Pago Servicios Guadalupe S de RL de CV,8C662766-7922-B440-E0F1-E44CEFD1B588,TX00141
GL00838,2025-04-28,6000,Gastos servicios,22937.8,0,Factura 39889 Servicios Guadalupe S de RL de CV,27DD1AC4-4282-B6E4-6986-305A5DA3F9CF,
GL00839,2025-04-28,1180,IVA acreditable,3670.05,0,IVA factura 39889,27DD1AC4-4282-B6E4-6986-305A5DA3F9CF,
GL00840,2025-04-28,2100,Proveedores,0,26607.85,Factura 39889 Servicios Guadalupe S de RL de CV,27DD1AC4-4282-B6E4-6986-305A5DA3F9CF,
GL00841,2025-04-28,2100,Proveedores,10068.8,0,Pago Aceros de México S de RL de CV,A616DDE4-B388-300A-3E20-718A0BB9A8F6,TX00142
GL00842,2025-04-28,1020,Bancos,0,10068.8,Pago Aceros de México S de RL de CV,A616DDE4-B388-300A-3E20-718A0BB9A8F6,TX00142
GL00843,2025-04-28,6000,Gastos renta_util,4337.8,0,Factura 61833 Maquinados Apodaca SA de CV,12D2D7E6-387D-5ADD-E430-81AA6022E3FF,
GL00844,2025-04-28,1180,IVA acreditable,694.05,0,IVA factura 61833,12D2D7E6-387D-5ADD-E430-81AA6022E3FF,
GL00845,2025-04-28,2100,Proveedores,0,5031.85,Factura 61833 Maquinados Apodaca SA de CV,12D2D7E6-387D-5ADD-E430-81AA6022E3FF,
GL00846,2025-04-28,1020,Bancos,399631.77,0,Cobro Envases Rodríguez SAPI de CV,946A95A6-F2E4-01AF-4702-1755F11CC0A4,TX00143
GL00847,2025-04-28,1200,Clientes,0,399631.77,Cobro Envases Rodríguez SAPI de CV,946A95A6-F2E4-01AF-4702-1755F11CC0A4,TX00143
GL00848,2025-04-28,6100,Sueldos y salarios,418473.72,0,Nómina,,TX00144
GL00849,2025-04-28,1020,Bancos,0,418473.72,Nómina,,TX00144
GL00850,2025-04-28,6000,Gastos consumibles,1570.45,0,Factura 51455 Ferretera San Nicolás SA de CV,BA3696CC-7CCD-1AC6-DB55-DAF52DD4450C,
GL00851,2025-04-28,1180,IVA acreditable,251.27,0,IVA factura 51455,BA3696CC-7CCD-1AC6-DB55-DAF52DD4450C,
GL00852,2025-04-28,2100,Proveedores,0,1821.72,Factura 51455 Ferretera San Nicolás SA de CV,BA3696CC-7CCD-1AC6-DB55-DAF52DD4450C,
GL00853,2025-04-29,6000,Gastos servicios,45559.9,0,Factura 57392 Refacciones Regiomontana S de RL de CV,8F807D8B-E1D5-5F85-6967-858630463008,
GL00854,2025-04-29,1180,IVA acreditable,7289.58,0,IVA factura 57392,8F807D8B-E1D5-5F85-6967-858630463008,
GL00855,2025-04-29,2100,Proveedores,0,52849.48,Factura 57392 Refacciones Regiomontana S de RL de CV,8F807D8B-E1D5-5F85-6967-858630463008,
GL00856,2025-04-29,1200,Clientes,308807.74,0,Venta 1433 Grupo Martínez SAPI de CV,BCE05A63-197F-9B8D-079B-F5E62275B1E2,
GL00857,2025-04-29,4000,Ventas,0,266213.57,Venta 1433 Grupo Martínez SAPI de CV,BCE05A63-197F-9B8D-079B-F5E62275B1E2,
GL00858,2025-04-29,2180,IVA trasladado,0,42594.17,IVA venta 1433,BCE05A63-197F-9B8D-079B-F5E62275B1E2,
GL00859,2025-04-29,1020,Bancos,82352.67,0,Cobro Envases López SAPI de CV,7957595F-25EE-2F0F-76A3-0EB0C50C71F4,TX00145
GL00860,2025-04-29,1200,Clientes,0,82352.67,Cobro Envases López SAPI de CV,7957595F-25EE-2F0F-76A3-0EB0C50C71F4,TX00145
GL00861,2025-04-29,1200,Clientes,258388.77,0,Venta 1549 Envases López SAPI de CV,56D2BB12-AF5A-7636-E8B8-D2529670CD19,
GL00862,2025-04-29,4000,Ventas,0,222748.94,Venta 1549 Envases López SAPI de CV,56D2BB12-AF5A-7636-E8B8-D2529670CD19,
GL00863,2025-04-29,2180,IVA trasladado,0,35639.83,IVA venta 1549,56D2BB12-AF5A-7636-E8B8-D2529670CD19,
GL00864,2025-04-30,6000,Gastos refacciones,81562.4,0,Factura 97038 Servicios Guadalupe S de RL de CV,1CC464ED-15F7-EF61-DA4E-C04CBA7E1B86,
GL00865,2025-04-30,1180,IVA acreditable,13049.98,0,IVA factura 97038,1CC464ED-15F7-EF61-DA4E-C04CBA7E1B86,
GL00866,2025-04-30,2100,Proveedores,0,94612.38,Factura 97038 Servicios Guadalupe S de RL de CV,1CC464ED-15F7-EF61-DA4E-C04CBA7E1B86,
GL00867,2025-04-30,2100,Proveedores,20613.08,0,Pago Ferretera San Nicolás SA de CV,4A1A4219-61BB-A5FB-D510-8BC02F9E1DDB,TX00146
GL00868,2025-04-30,1020,Bancos,0,20613.08,Pago Ferretera San Nicolás SA de CV,4A1A4219-61BB-A5FB-D510-8BC02F9E1DDB,TX00146
GL00869,2025-04-30,1020,Bancos,196336.88,0,Cobro Manufacturas López SAPI de CV,833D3DF1-5E11-A680-D501-6ADA189AC35D,TX00147
GL00870,2025-04-30,1200,Clientes,0,196336.88,Cobro Manufacturas López SAPI de CV,833D3DF1-5E11-A680-D501-6ADA189AC35D,TX00147
GL00871,2025-05-01,2100,Proveedores,19664.78,0,Pago Electrónica Regiomontana SAPI de CV,73D39457-B25F-13DF-B8D4-9848702BA49F,TX00148
GL00872,2025-05-01,1020,Bancos,0,19664.78,Pago Electrónica Regiomontana SAPI de CV,73D39457-B25F-13DF-B8D4-9848702BA49F,TX00148
GL00873,2025-05-01,6000,Gastos materia_prima,61277.8,0,Factura 41526 Ferretera de México SAPI de CV,72730E7B-7F9A-D277-DB49-6E6D1688782F,
GL00874,2025-05-01,1180,IVA acreditable,9804.45,0,IVA factura 41526,72730E7B-7F9A-D277-DB49-6E6D1688782F,
GL00875,2025-05-01,2100,Proveedores,0,71082.25,Factura 41526 Ferretera de México SAPI de CV,72730E7B-7F9A-D277-DB49-6E6D1688782F,
GL00876,2025-05-01,6000,Gastos refacciones,141337.8,0,Factura 62095 Aceros Apodaca S de RL de CV,2648C819-BD11-16EE-F58A-B7C7CCCF4130,
GL00877,2025-05-01,1180,IVA acreditable,22614.05,0,IVA factura 62095,2648C819-BD11-16EE-F58A-B7C7CCCF4130,
GL00878,2025-05-01,2100,Proveedores,0,163951.85,Factura 62095 Aceros Apodaca S de RL de CV,2648C819-BD11-16EE-F58A-B7C7CCCF4130,
GL00879,2025-05-01,6000,Gastos consumibles,77172.4,0,Factura 51979 Herramientas Monterrey SA de CV,1EA15B0F-95AE-B18B-46AE-7E06CB5D2B59,
GL00880,2025-05-01,1180,IVA acreditable,12347.58,0,IVA factura 51979,1EA15B0F-95AE-B18B-46AE-7E06CB5D2B59,
GL00881,2025-05-01,2100,Proveedores,0,89519.98,Factura 51979 Herramientas Monterrey SA de CV,1EA15B0F-95AE-B18B-46AE-7E06CB5D2B59,
GL00882,2025-05-01,2100,Proveedores,227894.18,0,Pago Hidráulica Apodaca SAPI de CV,7702BEBA-0623-FFBF-1E42-D2B800679B62,TX00149
GL00883,2025-05-01,1020,Bancos,0,227894.18,Pago Hidráulica Apodaca SAPI de CV,7702BEBA-0623-FFBF-1E42-D2B800679B62,TX00149
GL00884,2025-05-01,1020,Bancos,61376.08,0,Cobro Autopartes Villarreal SAPI de CV,7796048F-B4B9-FB73-29DE-BCCC429E09BD,TX00150
GL00885,2025-05-01,1200,Clientes,0,61376.08,Cobro Autopartes Villarreal SAPI de CV,7796048F-B4B9-FB73-29DE-BCCC429E09BD,TX00150
GL00886,2025-05-02,6000,Gastos materia_prima,118530,0,Factura 30439 Servicios San Nicolás SAPI de CV,EBD8A3B1-0B3D-0C36-17D0-981047A2A10B,
GL00887,2025-05-02,1180,IVA acreditable,18964.8,0,IVA factura 30439,EBD8A3B1-0B3D-0C36-17D0-981047A2A10B,
GL00888,2025-05-02,2100,Proveedores,0,137494.8,Factura 30439 Servicios San Nicolás SAPI de CV,EBD8A3B1-0B3D-0C36-17D0-981047A2A10B,
GL00889,2025-05-02,6000,Gastos materia_prima,64147.8,0,Factura 47394 Aceros Santa Catarina SA de CV,0DF407B8-2751-AB86-7DAE-C949D700B461,
GL00890,2025-05-02,1180,IVA acreditable,10263.65,0,IVA factura 47394,0DF407B8-2751-AB86-7DAE-C949D700B461,
GL00891,2025-05-02,2100,Proveedores,0,74411.45,Factura 47394 Aceros Santa Catarina SA de CV,0DF407B8-2751-AB86-7DAE-C949D700B461,
GL00892,2025-05-02,6000,Gastos servicios,28177.8,0,Factura 39822 Neumática Apodaca S de RL de CV,567E642E-052D-FB9A-5F58-4603E5A3D8E9,
GL00893,2025-05-02,1180,IVA acreditable,4508.45,0,IVA factura 39822,567E642E-052D-FB9A-5F58-4603E5A3D8E9,
GL00894,2025-05-02,2100,Proveedores,0,32686.25,Factura 39822 Neumática Apodaca S de RL de CV,567E642E-052D-FB9A-5F58-4603E5A3D8E9,
GL00895,2025-05-02,2100,Proveedores,169501.98,0,Pago Ferretera de México SAPI de CV,27A158A0-EFFF-A2F4-B5AE-329D77617D80,TX00151
GL00896,2025-05-02,1020,Bancos,0,169501.98,Pago Ferretera de México SAPI de CV,27A158A0-EFFF-A2F4-B5AE-329D77617D80,TX00151
GL00897,2025-05-02,6000,Gastos renta_util,20962.4,0,Factura 4485 Soldadura de México SAPI de CV,5DF1BF6F-938B-D3F8-8BD1-8D4BED3353FC,
GL00898,2025-05-02,1180,IVA acreditable,3353.98,0,IVA factura 4485,5DF1BF6F-938B-D3F8-8BD1-8D4BED3353FC,
GL00899,2025-05-02,2100,Proveedores,0,24316.38,Factura 4485 Soldadura de México SAPI de CV,5DF1BF6F-938B-D3F8-8BD1-8D4BED3353FC,
GL00900,2025-05-02,1200,Clientes,404553.45,0,Venta 1478 Construcciones Elizondo SA de CV,F5F3943A-E8E7-F030-0203-83406372D635,
GL00901,2025-05-02,4000,Ventas,0,348752.97,Venta 1478 Construcciones Elizondo SA de CV,F5F3943A-E8E7-F030-0203-83406372D635,
GL00902,2025-05-02,2180,IVA trasladado,0,55800.48,IVA venta 1478,F5F3943A-E8E7-F030-0203-83406372D635,
GL00903,2025-05-05,6000,Gastos logistica,144090.5,0,Factura 39569 Pinturas del Norte SAPI de CV,44D7DF9A-238B-05B7-2B64-777C6177A771,
GL00904,2025-05-05,1180,IVA acreditable,23054.48,0,IVA factura 39569,44D7DF9A-238B-05B7-2B64-777C6177A771,
GL00905,2025-05-05,2100,Proveedores,0,167144.98,Factura 39569 Pinturas del Norte SAPI de CV,44D7DF9A-238B-05B7-2B64-777C6177A771,
GL00906,2025-05-05,6000,Gastos consumibles,14430,0,Factura 40639 Distribuidora Industrial S de RL de CV,0E165B12-9BDC-70D1-9CBF-7B8C74102D5D,
GL00907,2025-05-05,1180,IVA acreditable,2308.8,0,IVA factura 40639,0E165B12-9BDC-70D1-9CBF-7B8C74102D5D,
GL00908,2025-05-05,2100,Proveedores,0,16738.8,Factura 40639 Distribuidora Industrial S de RL de CV,0E165B12-9BDC-70D1-9CBF-7B8C74102D5D,
GL00909,2025-05-05,2100,Proveedores,90108.68,0,Pago Aceros Santa Catarina SA de CV,9770A3DB-E9FA-97E2-5BD9-3609B297A782,TX00152
GL00910,2025-05-05,1020,Bancos,0,90108.68,Pago Aceros Santa Catarina SA de CV,9770A3DB-E9FA-97E2-5BD9-3609B297A782,TX00152
GL00911,2025-05-05,2100,Proveedores,27315.45,0,Pago Grupo Nuevo León SAPI de CV,AE61716A-1FB6-21AE-EC4E-8CBBA2AA378C,TX00153
GL00912,2025-05-05,1020,Bancos,0,27315.45,Pago Grupo Nuevo León SAPI de CV,AE61716A-1FB6-21AE-EC4E-8CBBA2AA378C,TX00153
GL00913,2025-05-05,6000,Gastos consumibles,39510.5,0,Factura 51892 Servicios Escobedo SAPI de CV,AB6EF8DD-5A66-9316-6641-4954C798A445,
GL00914,2025-05-05,1180,IVA acreditable,6321.68,0,IVA factura 51892,AB6EF8DD-5A66-9316-6641-4954C798A445,
GL00915,2025-05-05,2100,Proveedores,0,45832.18,Factura 51892 Servicios Escobedo SAPI de CV,AB6EF8DD-5A66-9316-6641-4954C798A445,
GL00916,2025-05-05,2100,Proveedores,11959.6,0,Pago Ferretera San Nicolás SA de CV,8A34B26B-72CC-3FC5-5F77-5A7A25DFAC07,TX00154
GL00917,2025-05-05,1020,Bancos,0,11959.6,Pago Ferretera San Nicolás SA de CV,8A34B26B-72CC-3FC5-5F77-5A7A25DFAC07,TX00154
GL00918,2025-05-05,2100,Proveedores,18943.38,0,Pago Ferretera San Nicolás SA de CV,FE8C9AAB-7E38-8A19-46F7-B20AC3C49506,TX00155
GL00919,2025-05-05,1020,Bancos,0,18943.38,Pago Ferretera San Nicolás SA de CV,FE8C9AAB-7E38-8A19-46F7-B20AC3C49506,TX00155
GL00920,2025-05-05,1200,Clientes,93822.06,0,Venta 1463 Grupo Salinas S de RL de CV,CC0B200D-3EDE-C38E-0717-9EF331216863,
GL00921,2025-05-05,4000,Ventas,0,80881.09,Venta 1463 Grupo Salinas S de RL de CV,CC0B200D-3EDE-C38E-0717-9EF331216863,
GL00922,2025-05-05,2180,IVA trasladado,0,12940.97,IVA venta 1463,CC0B200D-3EDE-C38E-0717-9EF331216863,
GL00923,2025-05-05,1020,Bancos,134542.15,0,Cobro Envases García S de RL de CV,9AA33580-FB70-8DD7-BF3D-5023140642A8,TX00156
GL00924,2025-05-05,1200,Clientes,0,134542.15,Cobro Envases García S de RL de CV,9AA33580-FB70-8DD7-BF3D-5023140642A8,TX00156
GL00925,2025-05-05,6000,Gastos servicios,64000,0,Factura 12078 Gestoría y Enlace San Nicolás S de RL de CV,3332432B-3D10-FA95-E8A4-42385FE8B710,
GL00926,2025-05-05,1180,IVA acreditable,10240.0,0,IVA factura 12078,3332432B-3D10-FA95-E8A4-42385FE8B710,
GL00927,2025-05-05,2100,Proveedores,0,74240.0,Factura 12078 Gestoría y Enlace San Nicolás S de RL de CV,3332432B-3D10-FA95-E8A4-42385FE8B710,
GL00928,2025-05-06,6000,Gastos materia_prima,76782.4,0,Factura 3900 Metálica San Nicolás SA de CV,214C87B1-0CFC-6420-7192-E4438A6342CA,
GL00929,2025-05-06,1180,IVA acreditable,12285.18,0,IVA factura 3900,214C87B1-0CFC-6420-7192-E4438A6342CA,
GL00930,2025-05-06,2100,Proveedores,0,89067.58,Factura 3900 Metálica San Nicolás SA de CV,214C87B1-0CFC-6420-7192-E4438A6342CA,
GL00931,2025-05-06,2100,Proveedores,30287.6,0,Pago Ferretera Monterrey S de RL de CV,DA05D2FC-1C71-A821-22F1-C32B47D5AC92,TX00157
GL00932,2025-05-06,1020,Bancos,0,30287.6,Pago Ferretera Monterrey S de RL de CV,DA05D2FC-1C71-A821-22F1-C32B47D5AC92,TX00157
GL00933,2025-05-06,2100,Proveedores,74240.0,0,Pago Gestoría y Enlace San Nicolás S de RL de CV,3332432B-3D10-FA95-E8A4-42385FE8B710,TX00158
GL00934,2025-05-06,1020,Bancos,0,74240.0,Pago Gestoría y Enlace San Nicolás S de RL de CV,3332432B-3D10-FA95-E8A4-42385FE8B710,TX00158
GL00935,2025-05-06,2100,Proveedores,19197.68,0,Pago Aceros Escobedo S de RL de CV,A9A2E9CD-7B6F-65DF-1D9D-1D80F47E3CA0,TX00159
GL00936,2025-05-06,1020,Bancos,0,19197.68,Pago Aceros Escobedo S de RL de CV,A9A2E9CD-7B6F-65DF-1D9D-1D80F47E3CA0,TX00159
GL00937,2025-05-07,6000,Gastos consumibles,167800,0,Factura 20321 Grupo Guadalupe SA de CV,A247541D-C8AD-0899-B630-794D6147ADEB,
GL00938,2025-05-07,1180,IVA acreditable,26848.0,0,IVA factura 20321,A247541D-C8AD-0899-B630-794D6147ADEB,
GL00939,2025-05-07,2100,Proveedores,0,194648.0,Factura 20321 Grupo Guadalupe SA de CV,A247541D-C8AD-0899-B630-794D6147ADEB,
GL00940,2025-05-07,2100,Proveedores,54671.38,0,Pago Neumática Apodaca S de RL de CV,66D71D97-B193-C8B8-AE49-C0799BD0D4C7,TX00160
GL00941,2025-05-07,1020,Bancos,0,54671.38,Pago Neumática Apodaca S de RL de CV,66D71D97-B193-C8B8-AE49-C0799BD0D4C7,TX00160
GL00942,2025-05-08,2100,Proveedores,8711.48,0,Pago Aceros Regiomontana S de RL de CV,DF495037-B40A-9181-AC09-BDB799086E47,TX00161
GL00943,2025-05-08,1020,Bancos,0,8711.48,Pago Aceros Regiomontana S de RL de CV,DF495037-B40A-9181-AC09-BDB799086E47,TX00161
GL00944,2025-05-08,2100,Proveedores,49639.18,0,Pago Industrias Apodaca SA de CV,2F1DC121-7D02-4C6D-8BEA-75C1B86677AA,TX00162
GL00945,2025-05-08,1020,Bancos,0,49639.18,Pago Industrias Apodaca SA de CV,2F1DC121-7D02-4C6D-8BEA-75C1B86677AA,TX00162
GL00946,2025-05-08,6000,Gastos materia_prima,210727.8,0,Factura 22889 Servicios San Nicolás SAPI de CV,D1F16485-429A-4A7C-4C80-D33AAD5BE3C8,
GL00947,2025-05-08,1180,IVA acreditable,33716.45,0,IVA factura 22889,D1F16485-429A-4A7C-4C80-D33AAD5BE3C8,
GL00948,2025-05-08,2100,Proveedores,0,244444.25,Factura 22889 Servicios San Nicolás SAPI de CV,D1F16485-429A-4A7C-4C80-D33AAD5BE3C8,
GL00949,2025-05-08,6000,Gastos consumibles,86022.4,0,Factura 40223 Transportes Apodaca SAPI de CV,96B31F4A-80DA-A8CA-6230-5D271A4B1606,
GL00950,2025-05-08,1180,IVA acreditable,13763.58,0,IVA factura 40223,96B31F4A-80DA-A8CA-6230-5D271A4B1606,
GL00951,2025-05-08,2100,Proveedores,0,99785.98,Factura 40223 Transportes Apodaca SAPI de CV,96B31F4A-80DA-A8CA-6230-5D271A4B1606,
GL00952,2025-05-08,2100,Proveedores,194729.08,0,Pago Metálica San Nicolás SA de CV,21BD55EB-915A-A3C0-7737-CFB5C3B1927B,TX00163
GL00953,2025-05-08,1020,Bancos,0,194729.08,Pago Metálica San Nicolás SA de CV,21BD55EB-915A-A3C0-7737-CFB5C3B1927B,TX00163
GL00954,2025-05-08,1020,Bancos,58457.99,0,Cobro Autopartes Quintanilla S de RL de CV,A8D791B6-B52C-4358-D4A8-B45A75D1D776,TX00164
GL00955,2025-05-08,1200,Clientes,0,58457.99,Cobro Autopartes Quintanilla S de RL de CV,A8D791B6-B52C-4358-D4A8-B45A75D1D776,TX00164
GL00956,2025-05-09,6000,Gastos servicios,178580,0,Factura 5059 Metálica Escobedo SAPI de CV,0038DC84-A3ED-033A-A722-2EA2261B5048,
GL00957,2025-05-09,1180,IVA acreditable,28572.8,0,IVA factura 5059,0038DC84-A3ED-033A-A722-2EA2261B5048,
GL00958,2025-05-09,2100,Proveedores,0,207152.8,Factura 5059 Metálica Escobedo SAPI de CV,0038DC84-A3ED-033A-A722-2EA2261B5048,
GL00959,2025-05-09,2100,Proveedores,9289.05,0,Pago Aceros de México S de RL de CV,8BBF1B30-9372-92E6-AF20-6A9DF9D18507,TX00165
GL00960,2025-05-09,1020,Bancos,0,9289.05,Pago Aceros de México S de RL de CV,8BBF1B30-9372-92E6-AF20-6A9DF9D18507,TX00165
GL00961,2025-05-12,6000,Gastos consumibles,92580.5,0,Factura 8457 Refacciones Apodaca S de RL de CV,B34C6C73-5833-0B30-6C77-6E950B981CCD,
GL00962,2025-05-12,1180,IVA acreditable,14812.88,0,IVA factura 8457,B34C6C73-5833-0B30-6C77-6E950B981CCD,
GL00963,2025-05-12,2100,Proveedores,0,107393.38,Factura 8457 Refacciones Apodaca S de RL de CV,B34C6C73-5833-0B30-6C77-6E950B981CCD,
GL00964,2025-05-12,6000,Gastos logistica,25067.8,0,Factura 64779 Grupo del Norte SAPI de CV,9BA4D5A6-0178-DE26-CEB5-57AC8B22E445,
GL00965,2025-05-12,1180,IVA acreditable,4010.85,0,IVA factura 64779,9BA4D5A6-0178-DE26-CEB5-57AC8B22E445,
GL00966,2025-05-12,2100,Proveedores,0,29078.65,Factura 64779 Grupo del Norte SAPI de CV,9BA4D5A6-0178-DE26-CEB5-57AC8B22E445,
GL00967,2025-05-12,2100,Proveedores,118216.18,0,Pago Metálica San Nicolás SA de CV,70ECF41B-C5D5-6016-51B3-CCF588433A38,TX00166
GL00968,2025-05-12,1020,Bancos,0,118216.18,Pago Metálica San Nicolás SA de CV,70ECF41B-C5D5-6016-51B3-CCF588433A38,TX00166
GL00969,2025-05-12,1020,Bancos,291783.04,0,Cobro Envases Rodríguez SAPI de CV,59FE1C45-ABAC-7BF8-2F4D-DC9B3334CD07,TX00167
GL00970,2025-05-12,1200,Clientes,0,291783.04,Cobro Envases Rodríguez SAPI de CV,59FE1C45-ABAC-7BF8-2F4D-DC9B3334CD07,TX00167
GL00971,2025-05-12,1200,Clientes,257096.74,0,Venta 1502 Autopartes Martínez SAPI de CV,650AD9AA-FA3F-012E-4D71-1F28618521AB,
GL00972,2025-05-12,4000,Ventas,0,221635.12,Venta 1502 Autopartes Martínez SAPI de CV,650AD9AA-FA3F-012E-4D71-1F28618521AB,
GL00973,2025-05-12,2180,IVA trasladado,0,35461.62,IVA venta 1502,650AD9AA-FA3F-012E-4D71-1F28618521AB,
GL00974,2025-05-12,1200,Clientes,290933.15,0,Venta 1531 Envases García S de RL de CV,1D2AE042-042A-2F64-80E1-BE4DC4C608EB,
GL00975,2025-05-12,4000,Ventas,0,250804.44,Venta 1531 Envases García S de RL de CV,1D2AE042-042A-2F64-80E1-BE4DC4C608EB,
GL00976,2025-05-12,2180,IVA trasladado,0,40128.71,IVA venta 1531,1D2AE042-042A-2F64-80E1-BE4DC4C608EB,
GL00977,2025-05-12,6000,Gastos logistica,13323.06,0,Factura 87325 Aceros Escobedo S de RL de CV,1F835B8D-ABAC-8660-E5C3-45FCF395C213,
GL00978,2025-05-12,1180,IVA acreditable,2131.69,0,IVA factura 87325,1F835B8D-ABAC-8660-E5C3-45FCF395C213,
GL00979,2025-05-12,2100,Proveedores,0,15454.75,Factura 87325 Aceros Escobedo S de RL de CV,1F835B8D-ABAC-8660-E5C3-45FCF395C213,
GL00980,2025-05-13,6000,Gastos refacciones,10759.9,0,Factura 49136 Electrónica Regiomontana SAPI de CV,721E8B1F-3895-8939-9342-A09FB00AC64C,
GL00981,2025-05-13,1180,IVA acreditable,1721.58,0,IVA factura 49136,721E8B1F-3895-8939-9342-A09FB00AC64C,
GL00982,2025-05-13,2100,Proveedores,0,12481.48,Factura 49136 Electrónica Regiomontana SAPI de CV,721E8B1F-3895-8939-9342-A09FB00AC64C,
GL00983,2025-05-13,6000,Gastos consumibles,200397.8,0,Factura 75078 Transportes Apodaca SAPI de CV,FEA82E3A-B544-01CB-9541-0A9D090AAA93,
GL00984,2025-05-13,1180,IVA acreditable,32063.65,0,IVA factura 75078,FEA82E3A-B544-01CB-9541-0A9D090AAA93,
GL00985,2025-05-13,2100,Proveedores,0,232461.45,Factura 75078 Transportes Apodaca SAPI de CV,FEA82E3A-B544-01CB-9541-0A9D090AAA93,
GL00986,2025-05-13,6000,Gastos refacciones,79452.4,0,Factura 48062 Aceros Apodaca S de RL de CV,57D52B78-9CF3-137E-F562-037B78AA16EA,
GL00987,2025-05-13,1180,IVA acreditable,12712.38,0,IVA factura 48062,57D52B78-9CF3-137E-F562-037B78AA16EA,
GL00988,2025-05-13,2100,Proveedores,0,92164.78,Factura 48062 Aceros Apodaca S de RL de CV,57D52B78-9CF3-137E-F562-037B78AA16EA,
GL00989,2025-05-13,1200,Clientes,308651.15,0,Venta 1398 Grupo Montemayor S de RL de CV,D17AD9BD-B1BA-0BEA-F969-057979DDCDD4,
GL00990,2025-05-13,4000,Ventas,0,266078.58,Venta 1398 Grupo Montemayor S de RL de CV,D17AD9BD-B1BA-0BEA-F969-057979DDCDD4,
GL00991,2025-05-13,2180,IVA trasladado,0,42572.57,IVA venta 1398,D17AD9BD-B1BA-0BEA-F969-057979DDCDD4,
GL00992,2025-05-14,2100,Proveedores,11539.45,0,Pago Electrónica Regiomontana SAPI de CV,3283DAA4-E212-AB7C-9D36-1CB6BCC57BE0,TX00168
GL00993,2025-05-14,1020,Bancos,0,11539.45,Pago Electrónica Regiomontana SAPI de CV,3283DAA4-E212-AB7C-9D36-1CB6BCC57BE0,TX00168
GL00994,2025-05-14,2100,Proveedores,11971.2,0,Pago Electrónica Regiomontana SAPI de CV,2FDC9992-8971-8EEA-DF3A-098ACCAC2FB5,TX00169
GL00995,2025-05-14,1020,Bancos,0,11971.2,Pago Electrónica Regiomontana SAPI de CV,2FDC9992-8971-8EEA-DF3A-098ACCAC2FB5,TX00169
GL00996,2025-05-14,2100,Proveedores,5031.85,0,Pago Maquinados Apodaca SA de CV,12D2D7E6-387D-5ADD-E430-81AA6022E3FF,TX00170
GL00997,2025-05-14,1020,Bancos,0,5031.85,Pago Maquinados Apodaca SA de CV,12D2D7E6-387D-5ADD-E430-81AA6022E3FF,TX00170
GL00998,2025-05-14,6000,Gastos consumibles,10772.4,0,Factura 37374 Ferretera San Nicolás SA de CV,5A66219E-25F9-8046-0C1D-180ED8739636,
GL00999,2025-05-14,1180,IVA acreditable,1723.58,0,IVA factura 37374,5A66219E-25F9-8046-0C1D-180ED8739636,
GL01000,2025-05-14,2100,Proveedores,0,12495.98,Factura 37374 Ferretera San Nicolás SA de CV,5A66219E-25F9-8046-0C1D-180ED8739636,
GL01001,2025-05-14,1200,Clientes,108727.3,0,Venta 1492 Grupo Salinas SAPI de CV,F27E8CE7-2B8D-2C49-5E30-03E1F541A44E,
GL01002,2025-05-14,4000,Ventas,0,93730.43,Venta 1492 Grupo Salinas SAPI de CV,F27E8CE7-2B8D-2C49-5E30-03E1F541A44E,
GL01003,2025-05-14,2180,IVA trasladado,0,14996.87,IVA venta 1492,F27E8CE7-2B8D-2C49-5E30-03E1F541A44E,
GL01004,2025-05-14,1020,Bancos,398399.15,0,Cobro Envases García S de RL de CV,E07309DE-6A8F-7654-1552-87C70B961346,TX00171
GL01005,2025-05-14,1200,Clientes,0,398399.15,Cobro Envases García S de RL de CV,E07309DE-6A8F-7654-1552-87C70B961346,TX00171
GL01006,2025-05-15,6000,Gastos consumibles,21060,0,Factura 54551 Distribuidora Industrial S de RL de CV,8044BEB2-B66E-DBF4-A0EA-0251495743A2,
GL01007,2025-05-15,1180,IVA acreditable,3369.6,0,IVA factura 54551,8044BEB2-B66E-DBF4-A0EA-0251495743A2,
GL01008,2025-05-15,2100,Proveedores,0,24429.6,Factura 54551 Distribuidora Industrial S de RL de CV,8044BEB2-B66E-DBF4-A0EA-0251495743A2,
GL01009,2025-05-15,2100,Proveedores,204021.38,0,Pago Transportes Apodaca SAPI de CV,C37944C1-C903-94EA-7D54-EC82288F3435,TX00172
GL01010,2025-05-15,1020,Bancos,0,204021.38,Pago Transportes Apodaca SAPI de CV,C37944C1-C903-94EA-7D54-EC82288F3435,TX00172
GL01011,2025-05-15,6000,Gastos consumibles,69527.8,0,Factura 24418 Herramientas Monterrey SA de CV,BBD0FE6C-6108-FFCC-8186-722BA355AD05,
GL01012,2025-05-15,1180,IVA acreditable,11124.45,0,IVA factura 24418,BBD0FE6C-6108-FFCC-8186-722BA355AD05,
GL01013,2025-05-15,2100,Proveedores,0,80652.25,Factura 24418 Herramientas Monterrey SA de CV,BBD0FE6C-6108-FFCC-8186-722BA355AD05,
GL01014,2025-05-15,2100,Proveedores,14465.08,0,Pago Ferretera San Nicolás SA de CV,C190B0CF-9736-BB4F-F5C8-CE3CEEE31D47,TX00173
GL01015,2025-05-15,1020,Bancos,0,14465.08,Pago Ferretera San Nicolás SA de CV,C190B0CF-9736-BB4F-F5C8-CE3CEEE31D47,TX00173
GL01016,2025-05-15,1200,Clientes,144738.8,0,Venta 1497 Autopartes Martínez SAPI de CV,5EA0942C-3F91-C419-E846-A9DF73733554,
GL01017,2025-05-15,4000,Ventas,0,124774.83,Venta 1497 Autopartes Martínez SAPI de CV,5EA0942C-3F91-C419-E846-A9DF73733554,
GL01018,2025-05-15,2180,IVA trasladado,0,19963.97,IVA venta 1497,5EA0942C-3F91-C419-E846-A9DF73733554,
GL01019,2025-05-15,6000,Gastos servicios,85000,0,Factura 79378 Neumática Regiomontana SAPI de CV,663463E9-D317-D8C9-1060-573A721B7707,
GL01020,2025-05-15,1180,IVA acreditable,13600.0,0,IVA factura 79378,663463E9-D317-D8C9-1060-573A721B7707,
GL01021,2025-05-15,2100,Proveedores,0,98600.0,Factura 79378 Neumática Regiomontana SAPI de CV,663463E9-D317-D8C9-1060-573A721B7707,
GL01022,2025-05-16,6000,Gastos materia_prima,191220,0,Factura 79176 Servicios San Nicolás SAPI de CV,B266986C-B467-88BD-D38E-13E44DE1087B,
GL01023,2025-05-16,1180,IVA acreditable,30595.2,0,IVA factura 79176,B266986C-B467-88BD-D38E-13E44DE1087B,
GL01024,2025-05-16,2100,Proveedores,0,221815.2,Factura 79176 Servicios San Nicolás SAPI de CV,B266986C-B467-88BD-D38E-13E44DE1087B,
GL01025,2025-05-16,6000,Gastos refacciones,82740.5,0,Factura 15812 Aceros Apodaca S de RL de CV,1B4FFD5F-C768-8339-27EF-53575B249C2A,
GL01026,2025-05-16,1180,IVA acreditable,13238.48,0,IVA factura 15812,1B4FFD5F-C768-8339-27EF-53575B249C2A,
GL01027,2025-05-16,2100,Proveedores,0,95978.98,Factura 15812 Aceros Apodaca S de RL de CV,1B4FFD5F-C768-8339-27EF-53575B249C2A,
GL01028,2025-05-16,2100,Proveedores,191399.88,0,Pago Hidráulica Apodaca SAPI de CV,A104BDCE-FAB6-AD91-BACF-7CFC92451CC4,TX00174
GL01029,2025-05-16,1020,Bancos,0,191399.88,Pago Hidráulica Apodaca SAPI de CV,A104BDCE-FAB6-AD91-BACF-7CFC92451CC4,TX00174
GL01030,2025-05-19,6000,Gastos consumibles,42780,0,Factura 8471 Distribuidora Industrial S de RL de CV,861B4F5B-45A0-8539-6DE8-370ACE9E9EBD,
GL01031,2025-05-19,1180,IVA acreditable,6844.8,0,IVA factura 8471,861B4F5B-45A0-8539-6DE8-370ACE9E9EBD,
GL01032,2025-05-19,2100,Proveedores,0,49624.8,Factura 8471 Distribuidora Industrial S de RL de CV,861B4F5B-45A0-8539-6DE8-370ACE9E9EBD,
GL01033,2025-05-19,2100,Proveedores,71082.25,0,Pago Ferretera de México SAPI de CV,72730E7B-7F9A-D277-DB49-6E6D1688782F,TX00175
GL01034,2025-05-19,1020,Bancos,0,71082.25,Pago Ferretera de México SAPI de CV,72730E7B-7F9A-D277-DB49-6E6D1688782F,TX00175
GL01035,2025-05-19,2100,Proveedores,214319.05,0,Pago Aceros Apodaca S de RL de CV,5C6801D6-4280-3AA0-55AC-0D06BE9DA951,TX00176
GL01036,2025-05-19,1020,Bancos,0,214319.05,Pago Aceros Apodaca S de RL de CV,5C6801D6-4280-3AA0-55AC-0D06BE9DA951,TX00176
GL01037,2025-05-19,2100,Proveedores,52849.48,0,Pago Refacciones Regiomontana S de RL de CV,8F807D8B-E1D5-5F85-6967-858630463008,TX00177
GL01038,2025-05-19,1020,Bancos,0,52849.48,Pago Refacciones Regiomontana S de RL de CV,8F807D8B-E1D5-5F85-6967-858630463008,TX00177
GL01039,2025-05-19,6000,Gastos servicios,44580,0,Factura 32878 Refacciones Regiomontana S de RL de CV,E54C8739-3133-839E-2E7D-952B785B8A07,
GL01040,2025-05-19,1180,IVA acreditable,7132.8,0,IVA factura 32878,E54C8739-3133-839E-2E7D-952B785B8A07,
GL01041,2025-05-19,2100,Proveedores,0,51712.8,Factura 32878 Refacciones Regiomontana S de RL de CV,E54C8739-3133-839E-2E7D-952B785B8A07,
GL01042,2025-05-19,6000,Gastos materia_prima,92870,0,Factura 88611 Soldadura Industrial SA de CV,C5ED3982-760B-3673-6422-A73E958C9CFD,
GL01043,2025-05-19,1180,IVA acreditable,14859.2,0,IVA factura 88611,C5ED3982-760B-3673-6422-A73E958C9CFD,
GL01044,2025-05-19,2100,Proveedores,0,107729.2,Factura 88611 Soldadura Industrial SA de CV,C5ED3982-760B-3673-6422-A73E958C9CFD,
GL01045,2025-05-19,1020,Bancos,89169.7,0,Cobro Grupo Montemayor S de RL de CV,D4E20134-389A-E4FD-80DD-B3862790E92F,TX00178
GL01046,2025-05-19,1200,Clientes,0,89169.7,Cobro Grupo Montemayor S de RL de CV,D4E20134-389A-E4FD-80DD-B3862790E92F,TX00178
GL01047,2025-05-19,1020,Bancos,160284.52,0,Cobro Grupo Salinas S de RL de CV,CDB4ADAB-CA27-CD69-4226-4BA40775D778,TX00179
GL01048,2025-05-19,1200,Clientes,0,160284.52,Cobro Grupo Salinas S de RL de CV,CDB4ADAB-CA27-CD69-4226-4BA40775D778,TX00179
GL01049,2025-05-19,6000,Gastos servicios,200000,0,Factura 99402 Metálica Santa Catarina SA de CV,8D783178-C935-A278-9645-DEC1840D214B,
GL01050,2025-05-19,1180,IVA acreditable,32000.0,0,IVA factura 99402,8D783178-C935-A278-9645-DEC1840D214B,
GL01051,2025-05-19,2100,Proveedores,0,232000.0,Factura 99402 Metálica Santa Catarina SA de CV,8D783178-C935-A278-9645-DEC1840D214B,
GL01052,2025-05-20,6000,Gastos consumibles,179677.8,0,Factura 56703 Grupo Guadalupe SA de CV,601BFBCB-F0EE-BCCE-8D93-E14A5B167158,
GL01053,2025-05-20,1180,IVA acreditable,28748.45,0,IVA factura 56703,601BFBCB-F0EE-BCCE-8D93-E14A5B167158,
GL01054,2025-05-20,2100,Proveedores,0,208426.25,Factura 56703 Grupo Guadalupe SA de CV,601BFBCB-F0EE-BCCE-8D93-E14A5B167158,
GL01055,2025-05-20,2100,Proveedores,163951.85,0,Pago Aceros Apodaca S de RL de CV,2648C819-BD11-16EE-F58A-B7C7CCCF4130,TX00180
GL01056,2025-05-20,1020,Bancos,0,163951.85,Pago Aceros Apodaca S de RL de CV,2648C819-BD11-16EE-F58A-B7C7CCCF4130,TX00180
GL01057,2025-05-20,1020,Bancos,51739.36,0,Cobro Construcciones Hernández SA de CV,1AEC8B70-AC0E-7307-7DDC-AAF6AC95ADB1,TX00181
GL01058,2025-05-20,1200,Clientes,0,51739.36,Cobro Construcciones Hernández SA de CV,1AEC8B70-AC0E-7307-7DDC-AAF6AC95ADB1,TX00181
GL01059,2025-05-20,1200,Clientes,74491.86,0,Venta 1454 Envases Villarreal SA de CV,6D56CFD5-79AB-3018-87F3-C9A4CD1A810D,
GL01060,2025-05-20,4000,Ventas,0,64217.12,Venta 1454 Envases Villarreal SA de CV,6D56CFD5-79AB-3018-87F3-C9A4CD1A810D,
GL01061,2025-05-20,2180,IVA trasladado,0,10274.74,IVA venta 1454,6D56CFD5-79AB-3018-87F3-C9A4CD1A810D,
GL01062,2025-05-21,6000,Gastos consumibles,34512.4,0,Factura 23596 Industrias Apodaca SA de CV,6E3A0BA8-AC8D-6C7D-B2A6-E468D02B1243,
GL01063,2025-05-21,1180,IVA acreditable,5521.98,0,IVA factura 23596,6E3A0BA8-AC8D-6C7D-B2A6-E468D02B1243,
GL01064,2025-05-21,2100,Proveedores,0,40034.38,Factura 23596 Industrias Apodaca SA de CV,6E3A0BA8-AC8D-6C7D-B2A6-E468D02B1243,
GL01065,2025-05-21,1020,Bancos,150634.44,0,Cobro Construcciones Quintanilla S de RL de CV,D4A39A51-C481-EA69-F83B-F029B6AC2048,TX00182
GL01066,2025-05-21,1200,Clientes,0,150634.44,Cobro Construcciones Quintanilla S de RL de CV,D4A39A51-C481-EA69-F83B-F029B6AC2048,TX00182
GL01067,2025-05-21,2100,Proveedores,98600.0,0,Pago Neumática Regiomontana SAPI de CV,663463E9-D317-D8C9-1060-573A721B7707,TX00183
GL01068,2025-05-21,1020,Bancos,0,98600.0,Pago Neumática Regiomontana SAPI de CV,663463E9-D317-D8C9-1060-573A721B7707,TX00183
GL01069,2025-05-22,2100,Proveedores,89067.58,0,Pago Metálica San Nicolás SA de CV,214C87B1-0CFC-6420-7192-E4438A6342CA,TX00184
GL01070,2025-05-22,1020,Bancos,0,89067.58,Pago Metálica San Nicolás SA de CV,214C87B1-0CFC-6420-7192-E4438A6342CA,TX00184
GL01071,2025-05-23,2100,Proveedores,201875.38,0,Pago Aceros Apodaca S de RL de CV,F08D312E-7A73-2F35-6C55-40F0CC9CF41C,TX00185
GL01072,2025-05-23,1020,Bancos,0,201875.38,Pago Aceros Apodaca S de RL de CV,F08D312E-7A73-2F35-6C55-40F0CC9CF41C,TX00185
GL01073,2025-05-23,2100,Proveedores,48792.38,0,Pago Industrias Nuevo León SA de CV,D284B528-B091-6FB7-F17F-3F92D26AA790,TX00186
GL01074,2025-05-23,1020,Bancos,0,48792.38,Pago Industrias Nuevo León SA de CV,D284B528-B091-6FB7-F17F-3F92D26AA790,TX00186
GL01075,2025-05-23,2100,Proveedores,34333.45,0,Pago Suministros Monterrey S de RL de CV,7521AA18-DDE4-F5C1-532C-5C01B017C533,TX00187
GL01076,2025-05-23,1020,Bancos,0,34333.45,Pago Suministros Monterrey S de RL de CV,7521AA18-DDE4-F5C1-532C-5C01B017C533,TX00187
GL01077,2025-05-23,1200,Clientes,107943.43,0,Venta 1432 Grupo Martínez SAPI de CV,402D35E8-1F47-D902-1BA8-4A917462F144,
GL01078,2025-05-23,4000,Ventas,0,93054.68,Venta 1432 Grupo Martínez SAPI de CV,402D35E8-1F47-D902-1BA8-4A917462F144,
GL01079,2025-05-23,2180,IVA trasladado,0,14888.75,IVA venta 1432,402D35E8-1F47-D902-1BA8-4A917462F144,
GL01080,2025-05-23,1020,Bancos,308807.74,0,Cobro Grupo Martínez SAPI de CV,BCE05A63-197F-9B8D-079B-F5E62275B1E2,TX00188
GL01081,2025-05-23,1200,Clientes,0,308807.74,Cobro Grupo Martínez SAPI de CV,BCE05A63-197F-9B8D-079B-F5E62275B1E2,TX00188
GL01082,2025-05-23,2100,Proveedores,232000.0,0,Pago Metálica Santa Catarina SA de CV,8D783178-C935-A278-9645-DEC1840D214B,TX00189
GL01083,2025-05-23,1020,Bancos,0,232000.0,Pago Metálica Santa Catarina SA de CV,8D783178-C935-A278-9645-DEC1840D214B,TX00189
GL01084,2025-05-23,2100,Proveedores,1821.72,0,Pago Ferretera San Nicolás SA de CV,BA3696CC-7CCD-1AC6-DB55-DAF52DD4450C,TX00190
GL01085,2025-05-23,1020,Bancos,0,1821.72,Pago Ferretera San Nicolás SA de CV,BA3696CC-7CCD-1AC6-DB55-DAF52DD4450C,TX00190
GL01086,2025-05-26,2100,Proveedores,194648.0,0,Pago Grupo Guadalupe SA de CV,A247541D-C8AD-0899-B630-794D6147ADEB,TX00191
GL01087,2025-05-26,1020,Bancos,0,194648.0,Pago Grupo Guadalupe SA de CV,A247541D-C8AD-0899-B630-794D6147ADEB,TX00191
GL01088,2025-05-26,2100,Proveedores,167144.98,0,Pago Pinturas del Norte SAPI de CV,44D7DF9A-238B-05B7-2B64-777C6177A771,TX00192
GL01089,2025-05-26,1020,Bancos,0,167144.98,Pago Pinturas del Norte SAPI de CV,44D7DF9A-238B-05B7-2B64-777C6177A771,TX00192
GL01090,2025-05-26,2100,Proveedores,14085.18,0,Pago Electrónica Regiomontana SAPI de CV,751303B9-C7DE-96EA-2B0F-BE4449E64C22,TX00193
GL01091,2025-05-26,1020,Bancos,0,14085.18,Pago Electrónica Regiomontana SAPI de CV,751303B9-C7DE-96EA-2B0F-BE4449E64C22,TX00193
GL01092,2025-05-26,2100,Proveedores,244444.25,0,Pago Servicios San Nicolás SAPI de CV,D1F16485-429A-4A7C-4C80-D33AAD5BE3C8,TX00194
GL01093,2025-05-26,1020,Bancos,0,244444.25,Pago Servicios San Nicolás SAPI de CV,D1F16485-429A-4A7C-4C80-D33AAD5BE3C8,TX00194
GL01094,2025-05-26,6000,Gastos materia_prima,24030.5,0,Factura 10122 Grupo Monterrey S de RL de CV,A06A187D-E2E6-E7A6-BBC9-94734363589C,
GL01095,2025-05-26,1180,IVA acreditable,3844.88,0,IVA factura 10122,A06A187D-E2E6-E7A6-BBC9-94734363589C,
GL01096,2025-05-26,2100,Proveedores,0,27875.38,Factura 10122 Grupo Monterrey S de RL de CV,A06A187D-E2E6-E7A6-BBC9-94734363589C,
GL01097,2025-05-26,6000,Gastos servicios,15310.5,0,Factura 4707 Servicios Guadalupe S de RL de CV,075072D6-2BAC-F712-D6A9-19E886D895E5,
GL01098,2025-05-26,1180,IVA acreditable,2449.68,0,IVA factura 4707,075072D6-2BAC-F712-D6A9-19E886D895E5,
GL01099,2025-05-26,2100,Proveedores,0,17760.18,Factura 4707 Servicios Guadalupe S de RL de CV,075072D6-2BAC-F712-D6A9-19E886D895E5,
GL01100,2025-05-26,6000,Gastos refacciones,189252.4,0,Factura 79488 Hidráulica Apodaca SAPI de CV,922BDA48-2A7C-F9E9-D7A7-E7B188C62063,
GL01101,2025-05-26,1180,IVA acreditable,30280.38,0,IVA factura 79488,922BDA48-2A7C-F9E9-D7A7-E7B188C62063,
GL01102,2025-05-26,2100,Proveedores,0,219532.78,Factura 79488 Hidráulica Apodaca SAPI de CV,922BDA48-2A7C-F9E9-D7A7-E7B188C62063,
GL01103,2025-05-26,6000,Gastos materia_prima,193430.5,0,Factura 93393 Metálica San Nicolás SA de CV,5170CA8A-A00E-0B60-64EE-C4C19714FADC,
GL01104,2025-05-26,1180,IVA acreditable,30948.88,0,IVA factura 93393,5170CA8A-A00E-0B60-64EE-C4C19714FADC,
GL01105,2025-05-26,2100,Proveedores,0,224379.38,Factura 93393 Metálica San Nicolás SA de CV,5170CA8A-A00E-0B60-64EE-C4C19714FADC,
GL01106,2025-05-26,1020,Bancos,166399.68,0,Cobro Grupo Chapa S de RL de CV,92D2408E-FF08-C739-4C1D-2E430C2B03E4,TX00195
GL01107,2025-05-26,1200,Clientes,0,166399.68,Cobro Grupo Chapa S de RL de CV,92D2408E-FF08-C739-4C1D-2E430C2B03E4,TX00195
GL01108,2025-05-27,6000,Gastos consumibles,58340.5,0,Factura 49579 Refacciones Apodaca S de RL de CV,72D35458-61EA-2F30-E42E-707AFE2BD987,
GL01109,2025-05-27,1180,IVA acreditable,9334.48,0,IVA factura 49579,72D35458-61EA-2F30-E42E-707AFE2BD987,
GL01110,2025-05-27,2100,Proveedores,0,67674.98,Factura 49579 Refacciones Apodaca S de RL de CV,72D35458-61EA-2F30-E42E-707AFE2BD987,
GL01111,2025-05-27,6000,Gastos servicios,96882.4,0,Factura 75076 Neumática Apodaca S de RL de CV,7C4F48E4-A7A0-2A3D-620F-230B439E754C,
GL01112,2025-05-27,1180,IVA acreditable,15501.18,0,IVA factura 75076,7C4F48E4-A7A0-2A3D-620F-230B439E754C,
GL01113,2025-05-27,2100,Proveedores,0,112383.58,Factura 75076 Neumática Apodaca S de RL de CV,7C4F48E4-A7A0-2A3D-620F-230B439E754C,
GL01114,2025-05-27,6000,Gastos servicios,31710,0,Factura 1297 Refacciones Regiomontana S de RL de CV,4CB34663-7A21-1151-C166-A8B3F26BCEBF,
GL01115,2025-05-27,1180,IVA acreditable,5073.6,0,IVA factura 1297,4CB34663-7A21-1151-C166-A8B3F26BCEBF,
GL01116,2025-05-27,2100,Proveedores,0,36783.6,Factura 1297 Refacciones Regiomontana S de RL de CV,4CB34663-7A21-1151-C166-A8B3F26BCEBF,
GL01117,2025-05-27,1020,Bancos,258388.77,0,Cobro Envases López SAPI de CV,56D2BB12-AF5A-7636-E8B8-D2529670CD19,TX00196
GL01118,2025-05-27,1200,Clientes,0,258388.77,Cobro Envases López SAPI de CV,56D2BB12-AF5A-7636-E8B8-D2529670CD19,TX00196
GL01119,2025-05-28,2100,Proveedores,107393.38,0,Pago Refacciones Apodaca S de RL de CV,B34C6C73-5833-0B30-6C77-6E950B981CCD,TX00197
GL01120,2025-05-28,1020,Bancos,0,107393.38,Pago Refacciones Apodaca S de RL de CV,B34C6C73-5833-0B30-6C77-6E950B981CCD,TX00197
GL01121,2025-05-28,6000,Gastos refacciones,8962.4,0,Factura 1356 Electrónica Regiomontana SAPI de CV,F3ABEA0D-5BE9-FDB3-DD92-DD7C0DB977A9,
GL01122,2025-05-28,1180,IVA acreditable,1433.98,0,IVA factura 1356,F3ABEA0D-5BE9-FDB3-DD92-DD7C0DB977A9,
GL01123,2025-05-28,2100,Proveedores,0,10396.38,Factura 1356 Electrónica Regiomontana SAPI de CV,F3ABEA0D-5BE9-FDB3-DD92-DD7C0DB977A9,
GL01124,2025-05-28,6000,Gastos refacciones,50310,0,Factura 97094 Servicios Guadalupe S de RL de CV,3581A632-54F5-DF70-05D2-D205789FED96,
GL01125,2025-05-28,1180,IVA acreditable,8049.6,0,IVA factura 97094,3581A632-54F5-DF70-05D2-D205789FED96,
GL01126,2025-05-28,2100,Proveedores,0,58359.6,Factura 97094 Servicios Guadalupe S de RL de CV,3581A632-54F5-DF70-05D2-D205789FED96,
GL01127,2025-05-28,6100,Sueldos y salarios,432477.63,0,Nómina,,TX00198
GL01128,2025-05-28,1020,Bancos,0,432477.63,Nómina,,TX00198
GL01129,2025-05-29,6000,Gastos consumibles,124699.9,0,Factura 17636 Transportes Apodaca SAPI de CV,AFD0D2F7-E352-4444-6F04-AF36567C5D44,
GL01130,2025-05-29,1180,IVA acreditable,19951.98,0,IVA factura 17636,AFD0D2F7-E352-4444-6F04-AF36567C5D44,
GL01131,2025-05-29,2100,Proveedores,0,144651.88,Factura 17636 Transportes Apodaca SAPI de CV,AFD0D2F7-E352-4444-6F04-AF36567C5D44,
GL01132,2025-05-29,2100,Proveedores,26607.85,0,Pago Servicios Guadalupe S de RL de CV,27DD1AC4-4282-B6E4-6986-305A5DA3F9CF,TX00199
GL01133,2025-05-29,1020,Bancos,0,26607.85,Pago Servicios Guadalupe S de RL de CV,27DD1AC4-4282-B6E4-6986-305A5DA3F9CF,TX00199
GL01134,2025-05-29,6000,Gastos servicios,156830.5,0,Factura 25135 Metálica Escobedo SAPI de CV,A925DE85-6258-8CE9-F7AE-EDE80A119BAC,
GL01135,2025-05-29,1180,IVA acreditable,25092.88,0,IVA factura 25135,A925DE85-6258-8CE9-F7AE-EDE80A119BAC,
GL01136,2025-05-29,2100,Proveedores,0,181923.38,Factura 25135 Metálica Escobedo SAPI de CV,A925DE85-6258-8CE9-F7AE-EDE80A119BAC,
GL01137,2025-05-29,1020,Bancos,414262.4,0,Cobro Envases Villarreal SA de CV,DCDA8CC1-8427-4378-B40D-8AEFA0BA6142,TX00200
GL01138,2025-05-29,1200,Clientes,0,414262.4,Cobro Envases Villarreal SA de CV,DCDA8CC1-8427-4378-B40D-8AEFA0BA6142,TX00200
GL01139,2025-05-30,6000,Gastos materia_prima,91862.4,0,Factura 59443 Servicios San Nicolás SAPI de CV,516C3B0A-5385-3918-BC40-15FAD4F76322,
GL01140,2025-05-30,1180,IVA acreditable,14697.98,0,IVA factura 59443,516C3B0A-5385-3918-BC40-15FAD4F76322,
GL01141,2025-05-30,2100,Proveedores,0,106560.38,Factura 59443 Servicios San Nicolás SAPI de CV,516C3B0A-5385-3918-BC40-15FAD4F76322,
GL01142,2025-05-30,2100,Proveedores,19772.11,0,Pago Aceros Escobedo S de RL de CV,108E04AC-99C6-207F-EC81-4510C42EAFC8,TX00201
GL01143,2025-05-30,1020,Bancos,0,19772.11,Pago Aceros Escobedo S de RL de CV,108E04AC-99C6-207F-EC81-4510C42EAFC8,TX00201
GL01144,2025-06-02,2100,Proveedores,137494.8,0,Pago Servicios San Nicolás SAPI de CV,EBD8A3B1-0B3D-0C36-17D0-981047A2A10B,TX00202
GL01145,2025-06-02,1020,Bancos,0,137494.8,Pago Servicios San Nicolás SAPI de CV,EBD8A3B1-0B3D-0C36-17D0-981047A2A10B,TX00202
GL01146,2025-06-02,2100,Proveedores,221815.2,0,Pago Servicios San Nicolás SAPI de CV,B266986C-B467-88BD-D38E-13E44DE1087B,TX00203
GL01147,2025-06-02,1020,Bancos,0,221815.2,Pago Servicios San Nicolás SAPI de CV,B266986C-B467-88BD-D38E-13E44DE1087B,TX00203
GL01148,2025-06-02,6000,Gastos materia_prima,82369.9,0,Factura 88642 Ferretera de México SAPI de CV,9DB94EEE-1A3C-2131-73DD-3BC6D06405A8,
GL01149,2025-06-02,1180,IVA acreditable,13179.18,0,IVA factura 88642,9DB94EEE-1A3C-2131-73DD-3BC6D06405A8,
GL01150,2025-06-02,2100,Proveedores,0,95549.08,Factura 88642 Ferretera de México SAPI de CV,9DB94EEE-1A3C-2131-73DD-3BC6D06405A8,
GL01151,2025-06-02,6000,Gastos materia_prima,126450,0,Factura 87600 Soldadura Industrial SA de CV,E744AA30-B135-6D67-6D4E-C8A4C4F4B844,
GL01152,2025-06-02,1180,IVA acreditable,20232.0,0,IVA factura 87600,E744AA30-B135-6D67-6D4E-C8A4C4F4B844,
GL01153,2025-06-02,2100,Proveedores,0,146682.0,Factura 87600 Soldadura Industrial SA de CV,E744AA30-B135-6D67-6D4E-C8A4C4F4B844,
GL01154,2025-06-02,2100,Proveedores,207152.8,0,Pago Metálica Escobedo SAPI de CV,0038DC84-A3ED-033A-A722-2EA2261B5048,TX00204
GL01155,2025-06-02,1020,Bancos,0,207152.8,Pago Metálica Escobedo SAPI de CV,0038DC84-A3ED-033A-A722-2EA2261B5048,TX00204
GL01156,2025-06-02,6000,Gastos refacciones,37449.9,0,Factura 11434 Ferretera Monterrey S de RL de CV,3ACDC514-DAE1-8B28-8D81-64B0F85AD287,
GL01157,2025-06-02,1180,IVA acreditable,5991.98,0,IVA factura 11434,3ACDC514-DAE1-8B28-8D81-64B0F85AD287,
GL01158,2025-06-02,2100,Proveedores,0,43441.88,Factura 11434 Ferretera Monterrey S de RL de CV,3ACDC514-DAE1-8B28-8D81-64B0F85AD287,
GL01159,2025-06-02,1020,Bancos,344384.21,0,Cobro Autopartes Martínez SAPI de CV,D03BCBFC-DCA7-E284-F230-7C2230C7809B,TX00205
GL01160,2025-06-02,1200,Clientes,0,344384.21,Cobro Autopartes Martínez SAPI de CV,D03BCBFC-DCA7-E284-F230-7C2230C7809B,TX00205
GL01161,2025-06-02,1200,Clientes,251376.92,0,Venta 1522 Manufacturas López SAPI de CV,EBF484D0-CE6D-29BF-BC63-3D6C6EAF0A90,
GL01162,2025-06-02,4000,Ventas,0,216704.24,Venta 1522 Manufacturas López SAPI de CV,EBF484D0-CE6D-29BF-BC63-3D6C6EAF0A90,
GL01163,2025-06-02,2180,IVA trasladado,0,34672.68,IVA venta 1522,EBF484D0-CE6D-29BF-BC63-3D6C6EAF0A90,
GL01164,2025-06-02,1200,Clientes,348322.71,0,Venta 1550 Envases López SAPI de CV,D544C79B-6AB7-6840-F5B5-AC7163EF5E69,
GL01165,2025-06-02,4000,Ventas,0,300278.2,Venta 1550 Envases López SAPI de CV,D544C79B-6AB7-6840-F5B5-AC7163EF5E69,
GL01166,2025-06-02,2180,IVA trasladado,0,48044.51,IVA venta 1550,D544C79B-6AB7-6840-F5B5-AC7163EF5E69,
GL01167,2025-06-02,6000,Gastos consumibles,7371.31,0,Factura 30873 Refacciones San Nicolás S de RL de CV,95ECEC2C-0798-3BC0-5797-44BA107380CB,
GL01168,2025-06-02,1180,IVA acreditable,1179.41,0,IVA factura 30873,95ECEC2C-0798-3BC0-5797-44BA107380CB,
GL01169,2025-06-02,2100,Proveedores,0,8550.72,Factura 30873 Refacciones San Nicolás S de RL de CV,95ECEC2C-0798-3BC0-5797-44BA107380CB,
GL01170,2025-06-03,2100,Proveedores,229984.38,0,Pago Aceros Apodaca S de RL de CV,30AED12D-E8F1-0194-EE25-356AAEE01EC9,TX00206
GL01171,2025-06-03,1020,Bancos,0,229984.38,Pago Aceros Apodaca S de RL de CV,30AED12D-E8F1-0194-EE25-356AAEE01EC9,TX00206
GL01172,2025-06-03,1020,Bancos,108727.3,0,Cobro Grupo Salinas SAPI de CV,F27E8CE7-2B8D-2C49-5E30-03E1F541A44E,TX00207
GL01173,2025-06-03,1200,Clientes,0,108727.3,Cobro Grupo Salinas SAPI de CV,F27E8CE7-2B8D-2C49-5E30-03E1F541A44E,TX00207
GL01174,2025-06-04,6000,Gastos materia_prima,24499.9,0,Factura 77650 Aceros Regiomontana S de RL de CV,8E85140D-0F9A-EB70-4670-7CD64CEDA164,
GL01175,2025-06-04,1180,IVA acreditable,3919.98,0,IVA factura 77650,8E85140D-0F9A-EB70-4670-7CD64CEDA164,
GL01176,2025-06-04,2100,Proveedores,0,28419.88,Factura 77650 Aceros Regiomontana S de RL de CV,8E85140D-0F9A-EB70-4670-7CD64CEDA164,
GL01177,2025-06-04,6000,Gastos refacciones,77412.4,0,Factura 66421 Hidráulica Apodaca SAPI de CV,719B2DD6-17B4-E75B-E9D1-8EC233BCB8A9,
GL01178,2025-06-04,1180,IVA acreditable,12385.98,0,IVA factura 66421,719B2DD6-17B4-E75B-E9D1-8EC233BCB8A9,
GL01179,2025-06-04,2100,Proveedores,0,89798.38,Factura 66421 Hidráulica Apodaca SAPI de CV,719B2DD6-17B4-E75B-E9D1-8EC233BCB8A9,
GL01180,2025-06-04,6000,Gastos materia_prima,128109.9,0,Factura 34522 Soldadura Industrial SA de CV,797EB3E4-63DB-A8C8-B4A2-B699AEFA823B,
GL01181,2025-06-04,1180,IVA acreditable,20497.58,0,IVA factura 34522,797EB3E4-63DB-A8C8-B4A2-B699AEFA823B,
GL01182,2025-06-04,2100,Proveedores,0,148607.48,Factura 34522 Soldadura Industrial SA de CV,797EB3E4-63DB-A8C8-B4A2-B699AEFA823B,
GL01183,2025-06-04,1200,Clientes,84088.54,0,Venta 1479 Construcciones Elizondo SA de CV,4C23E844-3C47-22F3-C1B4-FD44D29CF92A,
GL01184,2025-06-04,4000,Ventas,0,72490.12,Venta 1479 Construcciones Elizondo SA de CV,4C23E844-3C47-22F3-C1B4-FD44D29CF92A,
GL01185,2025-06-04,2180,IVA trasladado,0,11598.42,IVA venta 1479,4C23E844-3C47-22F3-C1B4-FD44D29CF92A,
GL01186,2025-06-05,6000,Gastos materia_prima,22262.4,0,Factura 7249 Suministros Regiomontana S de RL de CV,EB45BC38-9CF6-5E33-4B5F-174B6C267B56,
GL01187,2025-06-05,1180,IVA acreditable,3561.98,0,IVA factura 7249,EB45BC38-9CF6-5E33-4B5F-174B6C267B56,
GL01188,2025-06-05,2100,Proveedores,0,25824.38,Factura 7249 Suministros Regiomontana S de RL de CV,EB45BC38-9CF6-5E33-4B5F-174B6C267B56,
GL01189,2025-06-05,1200,Clientes,58409.98,0,Venta 1410 Envases Rodríguez SAPI de CV,20F36E92-38EC-71AA-1E5C-5DA8D087EDCB,
GL01190,2025-06-05,4000,Ventas,0,50353.43,Venta 1410 Envases Rodríguez SAPI de CV,20F36E92-38EC-71AA-1E5C-5DA8D087EDCB,
GL01191,2025-06-05,2180,IVA trasladado,0,8056.55,IVA venta 1410,20F36E92-38EC-71AA-1E5C-5DA8D087EDCB,
GL01192,2025-06-05,1200,Clientes,306133.31,0,Venta 1435 Grupo Martínez SAPI de CV,A93C9413-1396-A289-C29A-988F18A95210,
GL01193,2025-06-05,4000,Ventas,0,263908.03,Venta 1435 Grupo Martínez SAPI de CV,A93C9413-1396-A289-C29A-988F18A95210,
GL01194,2025-06-05,2180,IVA trasladado,0,42225.28,IVA venta 1435,A93C9413-1396-A289-C29A-988F18A95210,
GL01195,2025-06-06,6000,Gastos consumibles,42490.5,0,Factura 28073 Distribuidora Industrial S de RL de CV,00473139-185D-F528-B425-8E191758D47E,
GL01196,2025-06-06,1180,IVA acreditable,6798.48,0,IVA factura 28073,00473139-185D-F528-B425-8E191758D47E,
GL01197,2025-06-06,2100,Proveedores,0,49288.98,Factura 28073 Distribuidora Industrial S de RL de CV,00473139-185D-F528-B425-8E191758D47E,
GL01198,2025-06-06,2100,Proveedores,51712.8,0,Pago Refacciones Regiomontana S de RL de CV,E54C8739-3133-839E-2E7D-952B785B8A07,TX00208
GL01199,2025-06-06,1020,Bancos,0,51712.8,Pago Refacciones Regiomontana S de RL de CV,E54C8739-3133-839E-2E7D-952B785B8A07,TX00208
GL01200,2025-06-09,2100,Proveedores,12481.48,0,Pago Electrónica Regiomontana SAPI de CV,721E8B1F-3895-8939-9342-A09FB00AC64C,TX00209
GL01201,2025-06-09,1020,Bancos,0,12481.48,Pago Electrónica Regiomontana SAPI de CV,721E8B1F-3895-8939-9342-A09FB00AC64C,TX00209
GL01202,2025-06-09,2100,Proveedores,24429.6,0,Pago Distribuidora Industrial S de RL de CV,8044BEB2-B66E-DBF4-A0EA-0251495743A2,TX00210
GL01203,2025-06-09,1020,Bancos,0,24429.6,Pago Distribuidora Industrial S de RL de CV,8044BEB2-B66E-DBF4-A0EA-0251495743A2,TX00210
GL01204,2025-06-09,6000,Gastos materia_prima,171322.4,0,Factura 75182 Aceros Santa Catarina SA de CV,B3B6D344-F2E3-C6F0-0075-D3D5BA94AA66,
GL01205,2025-06-09,1180,IVA acreditable,27411.58,0,IVA factura 75182,B3B6D344-F2E3-C6F0-0075-D3D5BA94AA66,
GL01206,2025-06-09,2100,Proveedores,0,198733.98,Factura 75182 Aceros Santa Catarina SA de CV,B3B6D344-F2E3-C6F0-0075-D3D5BA94AA66,
GL01207,2025-06-09,2100,Proveedores,89519.98,0,Pago Herramientas Monterrey SA de CV,1EA15B0F-95AE-B18B-46AE-7E06CB5D2B59,TX00211
GL01208,2025-06-09,1020,Bancos,0,89519.98,Pago Herramientas Monterrey SA de CV,1EA15B0F-95AE-B18B-46AE-7E06CB5D2B59,TX00211
GL01209,2025-06-09,2100,Proveedores,80652.25,0,Pago Herramientas Monterrey SA de CV,BBD0FE6C-6108-FFCC-8186-722BA355AD05,TX00212
GL01210,2025-06-09,1020,Bancos,0,80652.25,Pago Herramientas Monterrey SA de CV,BBD0FE6C-6108-FFCC-8186-722BA355AD05,TX00212
GL01211,2025-06-09,6000,Gastos consumibles,100432.4,0,Factura 76256 Suministros Monterrey S de RL de CV,2379C05F-A708-7280-34EE-0B6721BBD183,
GL01212,2025-06-09,1180,IVA acreditable,16069.18,0,IVA factura 76256,2379C05F-A708-7280-34EE-0B6721BBD183,
GL01213,2025-06-09,2100,Proveedores,0,116501.58,Factura 76256 Suministros Monterrey S de RL de CV,2379C05F-A708-7280-34EE-0B6721BBD183,
GL01214,2025-06-09,6000,Gastos logistica,50037.8,0,Factura 17345 Grupo del Norte SAPI de CV,E606D7C2-1E18-046D-2E42-1840A05F36C8,
GL01215,2025-06-09,1180,IVA acreditable,8006.05,0,IVA factura 17345,E606D7C2-1E18-046D-2E42-1840A05F36C8,
GL01216,2025-06-09,2100,Proveedores,0,58043.85,Factura 17345 Grupo del Norte SAPI de CV,E606D7C2-1E18-046D-2E42-1840A05F36C8,
GL01217,2025-06-09,6000,Gastos refacciones,166492.4,0,Factura 31248 Hidráulica Apodaca SAPI de CV,E0864418-7F3E-F59B-1638-613769F35B2D,
GL01218,2025-06-09,1180,IVA acreditable,26638.78,0,IVA factura 31248,E0864418-7F3E-F59B-1638-613769F35B2D,
GL01219,2025-06-09,2100,Proveedores,0,193131.18,Factura 31248 Hidráulica Apodaca SAPI de CV,E0864418-7F3E-F59B-1638-613769F35B2D,
GL01220,2025-06-09,2100,Proveedores,24316.38,0,Pago Soldadura de México SAPI de CV,5DF1BF6F-938B-D3F8-8BD1-8D4BED3353FC,TX00213
GL01221,2025-06-09,1020,Bancos,0,24316.38,Pago Soldadura de México SAPI de CV,5DF1BF6F-938B-D3F8-8BD1-8D4BED3353FC,TX00213
GL01222,2025-06-09,6000,Gastos consumibles,12390,0,Factura 14037 Aceros de México S de RL de CV,105F86AA-974E-8F83-D5D9-A3852BB24CBC,
GL01223,2025-06-09,1180,IVA acreditable,1982.4,0,IVA factura 14037,105F86AA-974E-8F83-D5D9-A3852BB24CBC,
GL01224,2025-06-09,2100,Proveedores,0,14372.4,Factura 14037 Aceros de México S de RL de CV,105F86AA-974E-8F83-D5D9-A3852BB24CBC,
GL01225,2025-06-09,1200,Clientes,98743.74,0,Venta 1411 Envases Rodríguez SAPI de CV,6CC0067F-141F-746E-FB29-FF362155FBA8,
GL01226,2025-06-09,4000,Ventas,0,85123.91,Venta 1411 Envases Rodríguez SAPI de CV,6CC0067F-141F-746E-FB29-FF362155FBA8,
GL01227,2025-06-09,2180,IVA trasladado,0,13619.83,IVA venta 1411,6CC0067F-141F-746E-FB29-FF362155FBA8,
GL01228,2025-06-09,1200,Clientes,333310.64,0,Venta 1424 Construcciones Hernández SA de CV,8DCD6E9B-39D2-D74A-71A7-1782D751AF9C,
GL01229,2025-06-09,4000,Ventas,0,287336.76,Venta 1424 Construcciones Hernández SA de CV,8DCD6E9B-39D2-D74A-71A7-1782D751AF9C,
GL01230,2025-06-09,2180,IVA trasladado,0,45973.88,IVA venta 1424,8DCD6E9B-39D2-D74A-71A7-1782D751AF9C,
GL01231,2025-06-09,1020,Bancos,168991.89,0,Cobro Grupo Martínez SAPI de CV,42FC7EDF-813A-3AA5-7D81-0C217F764FCE,TX00214
GL01232,2025-06-09,1200,Clientes,0,168991.89,Cobro Grupo Martínez SAPI de CV,42FC7EDF-813A-3AA5-7D81-0C217F764FCE,TX00214
GL01233,2025-06-09,1020,Bancos,404553.45,0,Cobro Construcciones Elizondo SA de CV,F5F3943A-E8E7-F030-0203-83406372D635,TX00215
GL01234,2025-06-09,1200,Clientes,0,404553.45,Cobro Construcciones Elizondo SA de CV,F5F3943A-E8E7-F030-0203-83406372D635,TX00215
GL01235,2025-06-09,1020,Bancos,144738.8,0,Cobro Autopartes Martínez SAPI de CV,5EA0942C-3F91-C419-E846-A9DF73733554,TX00216
GL01236,2025-06-09,1200,Clientes,0,144738.8,Cobro Autopartes Martínez SAPI de CV,5EA0942C-3F91-C419-E846-A9DF73733554,TX00216
GL01237,2025-06-09,1020,Bancos,257096.74,0,Cobro Autopartes Martínez SAPI de CV,650AD9AA-FA3F-012E-4D71-1F28618521AB,TX00217
GL01238,2025-06-09,1200,Clientes,0,257096.74,Cobro Autopartes Martínez SAPI de CV,650AD9AA-FA3F-012E-4D71-1F28618521AB,TX00217
GL01239,2025-06-10,6000,Gastos consumibles,29489.9,0,Factura 76650 Industrias Apodaca SA de CV,8DA5D39B-42C2-1797-0426-FCC9255B30E2,
GL01240,2025-06-10,1180,IVA acreditable,4718.38,0,IVA factura 76650,8DA5D39B-42C2-1797-0426-FCC9255B30E2,
GL01241,2025-06-10,2100,Proveedores,0,34208.28,Factura 76650 Industrias Apodaca SA de CV,8DA5D39B-42C2-1797-0426-FCC9255B30E2,
GL01242,2025-06-10,2100,Proveedores,92164.78,0,Pago Aceros Apodaca S de RL de CV,57D52B78-9CF3-137E-F562-037B78AA16EA,TX00218
GL01243,2025-06-10,1020,Bancos,0,92164.78,Pago Aceros Apodaca S de RL de CV,57D52B78-9CF3-137E-F562-037B78AA16EA,TX00218
GL01244,2025-06-10,6000,Gastos consumibles,57209.9,0,Factura 5147 Suministros Monterrey S de RL de CV,B440B852-E033-500E-A432-62B38675820E,
GL01245,2025-06-10,1180,IVA acreditable,9153.58,0,IVA factura 5147,B440B852-E033-500E-A432-62B38675820E,
GL01246,2025-06-10,2100,Proveedores,0,66363.48,Factura 5147 Suministros Monterrey S de RL de CV,B440B852-E033-500E-A432-62B38675820E,
GL01247,2025-06-10,1200,Clientes,129952.14,0,Venta 1456 Envases Villarreal SA de CV,83EF3CE9-9FFD-A1E7-4052-E3A566FD3215,
GL01248,2025-06-10,4000,Ventas,0,112027.71,Venta 1456 Envases Villarreal SA de CV,83EF3CE9-9FFD-A1E7-4052-E3A566FD3215,
GL01249,2025-06-10,2180,IVA trasladado,0,17924.43,IVA venta 1456,83EF3CE9-9FFD-A1E7-4052-E3A566FD3215,
GL01250,2025-06-10,1020,Bancos,408949.09,0,Cobro Autopartes Villarreal SAPI de CV,BFFBD93B-2B15-619E-D5BF-85F32E3F674C,TX00219
GL01251,2025-06-10,1200,Clientes,0,408949.09,Cobro Autopartes Villarreal SAPI de CV,BFFBD93B-2B15-619E-D5BF-85F32E3F674C,TX00219
GL01252,2025-06-11,2100,Proveedores,16738.8,0,Pago Distribuidora Industrial S de RL de CV,0E165B12-9BDC-70D1-9CBF-7B8C74102D5D,TX00220
GL01253,2025-06-11,1020,Bancos,0,16738.8,Pago Distribuidora Industrial S de RL de CV,0E165B12-9BDC-70D1-9CBF-7B8C74102D5D,TX00220
GL01254,2025-06-11,2100,Proveedores,94612.38,0,Pago Servicios Guadalupe S de RL de CV,1CC464ED-15F7-EF61-DA4E-C04CBA7E1B86,TX00221
GL01255,2025-06-11,1020,Bancos,0,94612.38,Pago Servicios Guadalupe S de RL de CV,1CC464ED-15F7-EF61-DA4E-C04CBA7E1B86,TX00221
GL01256,2025-06-11,1020,Bancos,155720.65,0,Cobro Grupo Salinas SAPI de CV,66AA394C-0CBE-938D-2B33-9734DA119684,TX00222
GL01257,2025-06-11,1200,Clientes,0,155720.65,Cobro Grupo Salinas SAPI de CV,66AA394C-0CBE-938D-2B33-9734DA119684,TX00222
GL01258,2025-06-12,2100,Proveedores,40034.38,0,Pago Industrias Apodaca SA de CV,6E3A0BA8-AC8D-6C7D-B2A6-E468D02B1243,TX00223
GL01259,2025-06-12,1020,Bancos,0,40034.38,Pago Industrias Apodaca SA de CV,6E3A0BA8-AC8D-6C7D-B2A6-E468D02B1243,TX00223
GL01260,2025-06-12,6000,Gastos consumibles,17639.9,0,Factura 61836 Distribuidora Industrial S de RL de CV,C34201DB-2C3A-ACDC-AED5-4A468BDE005B,
GL01261,2025-06-12,1180,IVA acreditable,2822.38,0,IVA factura 61836,C34201DB-2C3A-ACDC-AED5-4A468BDE005B,
GL01262,2025-06-12,2100,Proveedores,0,20462.28,Factura 61836 Distribuidora Industrial S de RL de CV,C34201DB-2C3A-ACDC-AED5-4A468BDE005B,
GL01263,2025-06-12,2100,Proveedores,74411.45,0,Pago Aceros Santa Catarina SA de CV,0DF407B8-2751-AB86-7DAE-C949D700B461,TX00224
GL01264,2025-06-12,1020,Bancos,0,74411.45,Pago Aceros Santa Catarina SA de CV,0DF407B8-2751-AB86-7DAE-C949D700B461,TX00224
GL01265,2025-06-12,2100,Proveedores,112383.58,0,Pago Neumática Apodaca S de RL de CV,7C4F48E4-A7A0-2A3D-620F-230B439E754C,TX00225
GL01266,2025-06-12,1020,Bancos,0,112383.58,Pago Neumática Apodaca S de RL de CV,7C4F48E4-A7A0-2A3D-620F-230B439E754C,TX00225
GL01267,2025-06-12,2100,Proveedores,32686.25,0,Pago Neumática Apodaca S de RL de CV,567E642E-052D-FB9A-5F58-4603E5A3D8E9,TX00226
GL01268,2025-06-12,1020,Bancos,0,32686.25,Pago Neumática Apodaca S de RL de CV,567E642E-052D-FB9A-5F58-4603E5A3D8E9,TX00226
GL01269,2025-06-12,2100,Proveedores,9512.58,0,Pago Pinturas San Nicolás S de RL de CV,56A3DCCC-C93C-9CC6-668B-28DA8222CD7F,TX00227
GL01270,2025-06-12,1020,Bancos,0,9512.58,Pago Pinturas San Nicolás S de RL de CV,56A3DCCC-C93C-9CC6-668B-28DA8222CD7F,TX00227
GL01271,2025-06-12,2100,Proveedores,45832.18,0,Pago Servicios Escobedo SAPI de CV,AB6EF8DD-5A66-9316-6641-4954C798A445,TX00228
GL01272,2025-06-12,1020,Bancos,0,45832.18,Pago Servicios Escobedo SAPI de CV,AB6EF8DD-5A66-9316-6641-4954C798A445,TX00228
GL01273,2025-06-12,1020,Bancos,290933.15,0,Cobro Envases García S de RL de CV,1D2AE042-042A-2F64-80E1-BE4DC4C608EB,TX00229
GL01274,2025-06-12,1200,Clientes,0,290933.15,Cobro Envases García S de RL de CV,1D2AE042-042A-2F64-80E1-BE4DC4C608EB,TX00229
GL01275,2025-06-13,1200,Clientes,238931.96,0,Venta 1400 Grupo Montemayor S de RL de CV,29CE9BFA-5B7D-9D2D-22AF-F503B17AFF6D,
GL01276,2025-06-13,4000,Ventas,0,205975.83,Venta 1400 Grupo Montemayor S de RL de CV,29CE9BFA-5B7D-9D2D-22AF-F503B17AFF6D,
GL01277,2025-06-13,2180,IVA trasladado,0,32956.13,IVA venta 1400,29CE9BFA-5B7D-9D2D-22AF-F503B17AFF6D,
GL01278,2025-06-16,6000,Gastos logistica,149340.5,0,Factura 41930 Pinturas del Norte SAPI de CV,65F30779-F6EE-5CDB-2D79-A2D1506E50C7,
GL01279,2025-06-16,1180,IVA acreditable,23894.48,0,IVA factura 41930,65F30779-F6EE-5CDB-2D79-A2D1506E50C7,
GL01280,2025-06-16,2100,Proveedores,0,173234.98,Factura 41930 Pinturas del Norte SAPI de CV,65F30779-F6EE-5CDB-2D79-A2D1506E50C7,
GL01281,2025-06-16,6000,Gastos servicios,24187.8,0,Factura 17809 Servicios Guadalupe S de RL de CV,71E15B9F-8C6D-768E-45BC-F3BAEF52D36E,
GL01282,2025-06-16,1180,IVA acreditable,3870.05,0,IVA factura 17809,71E15B9F-8C6D-768E-45BC-F3BAEF52D36E,
GL01283,2025-06-16,2100,Proveedores,0,28057.85,Factura 17809 Servicios Guadalupe S de RL de CV,71E15B9F-8C6D-768E-45BC-F3BAEF52D36E,
GL01284,2025-06-16,6000,Gastos consumibles,37320,0,Factura 39266 Herramientas Monterrey SA de CV,A3760C2D-7B31-DCDC-40D9-1A8E1F44AA88,
GL01285,2025-06-16,1180,IVA acreditable,5971.2,0,IVA factura 39266,A3760C2D-7B31-DCDC-40D9-1A8E1F44AA88,
GL01286,2025-06-16,2100,Proveedores,0,43291.2,Factura 39266 Herramientas Monterrey SA de CV,A3760C2D-7B31-DCDC-40D9-1A8E1F44AA88,
GL01287,2025-06-16,6000,Gastos consumibles,33379.9,0,Factura 4199 Herramientas Monterrey SA de CV,2DBB45BD-2138-E2E6-F013-A170D5CF3B4C,
GL01288,2025-06-16,1180,IVA acreditable,5340.78,0,IVA factura 4199,2DBB45BD-2138-E2E6-F013-A170D5CF3B4C,
GL01289,2025-06-16,2100,Proveedores,0,38720.68,Factura 4199 Herramientas Monterrey SA de CV,2DBB45BD-2138-E2E6-F013-A170D5CF3B4C,
GL01290,2025-06-16,6000,Gastos materia_prima,95007.8,0,Factura 71616 Industrias Nuevo León SA de CV,902A405C-3D9F-FE59-9BC0-FA9352CDADEF,
GL01291,2025-06-16,1180,IVA acreditable,15201.25,0,IVA factura 71616,902A405C-3D9F-FE59-9BC0-FA9352CDADEF,
GL01292,2025-06-16,2100,Proveedores,0,110209.05,Factura 71616 Industrias Nuevo León SA de CV,902A405C-3D9F-FE59-9BC0-FA9352CDADEF,
GL01293,2025-06-16,6000,Gastos refacciones,105880,0,Factura 58061 Servicios Guadalupe S de RL de CV,D2535515-9DC0-A8B5-5987-038AFCD6C18E,
GL01294,2025-06-16,1180,IVA acreditable,16940.8,0,IVA factura 58061,D2535515-9DC0-A8B5-5987-038AFCD6C18E,
GL01295,2025-06-16,2100,Proveedores,0,122820.8,Factura 58061 Servicios Guadalupe S de RL de CV,D2535515-9DC0-A8B5-5987-038AFCD6C18E,
GL01296,2025-06-16,2100,Proveedores,29078.65,0,Pago Grupo del Norte SAPI de CV,9BA4D5A6-0178-DE26-CEB5-57AC8B22E445,TX00230
GL01297,2025-06-16,1020,Bancos,0,29078.65,Pago Grupo del Norte SAPI de CV,9BA4D5A6-0178-DE26-CEB5-57AC8B22E445,TX00230
GL01298,2025-06-17,2100,Proveedores,8550.72,0,Pago Refacciones San Nicolás S de RL de CV,95ECEC2C-0798-3BC0-5797-44BA107380CB,TX00231
GL01299,2025-06-17,1020,Bancos,0,8550.72,Pago Refacciones San Nicolás S de RL de CV,95ECEC2C-0798-3BC0-5797-44BA107380CB,TX00231
GL01300,2025-06-18,6000,Gastos consumibles,21759.9,0,Factura 44345 Industrias Apodaca SA de CV,AF521B94-F186-E47A-A794-63208CF6E8B8,
GL01301,2025-06-18,1180,IVA acreditable,3481.58,0,IVA factura 44345,AF521B94-F186-E47A-A794-63208CF6E8B8,
GL01302,2025-06-18,2100,Proveedores,0,25241.48,Factura 44345 Industrias Apodaca SA de CV,AF521B94-F186-E47A-A794-63208CF6E8B8,
GL01303,2025-06-18,2100,Proveedores,106560.38,0,Pago Servicios San Nicolás SAPI de CV,516C3B0A-5385-3918-BC40-15FAD4F76322,TX00232
GL01304,2025-06-18,1020,Bancos,0,106560.38,Pago Servicios San Nicolás SAPI de CV,516C3B0A-5385-3918-BC40-15FAD4F76322,TX00232
GL01305,2025-06-18,2100,Proveedores,232461.45,0,Pago Transportes Apodaca SAPI de CV,FEA82E3A-B544-01CB-9541-0A9D090AAA93,TX00233
GL01306,2025-06-18,1020,Bancos,0,232461.45,Pago Transportes Apodaca SAPI de CV,FEA82E3A-B544-01CB-9541-0A9D090AAA93,TX00233
GL01307,2025-06-18,2100,Proveedores,144651.88,0,Pago Transportes Apodaca SAPI de CV,AFD0D2F7-E352-4444-6F04-AF36567C5D44,TX00234
GL01308,2025-06-18,1020,Bancos,0,144651.88,Pago Transportes Apodaca SAPI de CV,AFD0D2F7-E352-4444-6F04-AF36567C5D44,TX00234
GL01309,2025-06-19,2100,Proveedores,49624.8,0,Pago Distribuidora Industrial S de RL de CV,861B4F5B-45A0-8539-6DE8-370ACE9E9EBD,TX00235
GL01310,2025-06-19,1020,Bancos,0,49624.8,Pago Distribuidora Industrial S de RL de CV,861B4F5B-45A0-8539-6DE8-370ACE9E9EBD,TX00235
GL01311,2025-06-19,6000,Gastos materia_prima,202210.5,0,Factura 42513 Aceros Santa Catarina SA de CV,CD6BB03B-EB35-37A0-2D6E-0291B7893986,
GL01312,2025-06-19,1180,IVA acreditable,32353.68,0,IVA factura 42513,CD6BB03B-EB35-37A0-2D6E-0291B7893986,
GL01313,2025-06-19,2100,Proveedores,0,234564.18,Factura 42513 Aceros Santa Catarina SA de CV,CD6BB03B-EB35-37A0-2D6E-0291B7893986,
GL01314,2025-06-19,6000,Gastos consumibles,110539.9,0,Factura 83251 Transportes Apodaca SAPI de CV,0DBDC5DA-7875-15B9-1E26-ED31D9E92758,
GL01315,2025-06-19,1180,IVA acreditable,17686.38,0,IVA factura 83251,0DBDC5DA-7875-15B9-1E26-ED31D9E92758,
GL01316,2025-06-19,2100,Proveedores,0,128226.28,Factura 83251 Transportes Apodaca SAPI de CV,0DBDC5DA-7875-15B9-1E26-ED31D9E92758,
GL01317,2025-06-19,2100,Proveedores,107729.2,0,Pago Soldadura Industrial SA de CV,C5ED3982-760B-3673-6422-A73E958C9CFD,TX00236
GL01318,2025-06-19,1020,Bancos,0,107729.2,Pago Soldadura Industrial SA de CV,C5ED3982-760B-3673-6422-A73E958C9CFD,TX00236
GL01319,2025-06-20,2100,Proveedores,12495.98,0,Pago Ferretera San Nicolás SA de CV,5A66219E-25F9-8046-0C1D-180ED8739636,TX00237
GL01320,2025-06-20,1020,Bancos,0,12495.98,Pago Ferretera San Nicolás SA de CV,5A66219E-25F9-8046-0C1D-180ED8739636,TX00237
GL01321,2025-06-20,1200,Clientes,49688.3,0,Venta 1543 Envases López SAPI de CV,6E89A7A8-B68D-4037-D8FE-3FB8A1628ABF,
GL01322,2025-06-20,4000,Ventas,0,42834.74,Venta 1543 Envases López SAPI de CV,6E89A7A8-B68D-4037-D8FE-3FB8A1628ABF,
GL01323,2025-06-20,2180,IVA trasladado,0,6853.56,IVA venta 1543,6E89A7A8-B68D-4037-D8FE-3FB8A1628ABF,
GL01324,2025-06-23,2100,Proveedores,99785.98,0,Pago Transportes Apodaca SAPI de CV,96B31F4A-80DA-A8CA-6230-5D271A4B1606,TX00238
GL01325,2025-06-23,1020,Bancos,0,99785.98,Pago Transportes Apodaca SAPI de CV,96B31F4A-80DA-A8CA-6230-5D271A4B1606,TX00238
GL01326,2025-06-23,2100,Proveedores,25824.38,0,Pago Suministros Regiomontana S de RL de CV,EB45BC38-9CF6-5E33-4B5F-174B6C267B56,TX00239
GL01327,2025-06-23,1020,Bancos,0,25824.38,Pago Suministros Regiomontana S de RL de CV,EB45BC38-9CF6-5E33-4B5F-174B6C267B56,TX00239
GL01328,2025-06-23,6000,Gastos materia_prima,161860.5,0,Factura 9006 Soldadura Industrial SA de CV,D4E99A65-022B-7E76-AC3C-BE3402B53D3D,
GL01329,2025-06-23,1180,IVA acreditable,25897.68,0,IVA factura 9006,D4E99A65-022B-7E76-AC3C-BE3402B53D3D,
GL01330,2025-06-23,2100,Proveedores,0,187758.18,Factura 9006 Soldadura Industrial SA de CV,D4E99A65-022B-7E76-AC3C-BE3402B53D3D,
GL01331,2025-06-23,6000,Gastos refacciones,42900,0,Factura 50294 Ferretera Monterrey S de RL de CV,1C684DB0-0D33-3496-E352-85395D2E7B90,
GL01332,2025-06-23,1180,IVA acreditable,6864.0,0,IVA factura 50294,1C684DB0-0D33-3496-E352-85395D2E7B90,
GL01333,2025-06-23,2100,Proveedores,0,49764.0,Factura 50294 Ferretera Monterrey S de RL de CV,1C684DB0-0D33-3496-E352-85395D2E7B90,
GL01334,2025-06-23,1200,Clientes,130030.04,0,Venta 1429 Construcciones Hernández SA de CV,1F6D5768-677F-7C73-FD9B-FAF3D8125123,
GL01335,2025-06-23,4000,Ventas,0,112094.86,Venta 1429 Construcciones Hernández SA de CV,1F6D5768-677F-7C73-FD9B-FAF3D8125123,
GL01336,2025-06-23,2180,IVA trasladado,0,17935.18,IVA venta 1429,1F6D5768-677F-7C73-FD9B-FAF3D8125123,
GL01337,2025-06-23,1020,Bancos,93822.06,0,Cobro Grupo Salinas S de RL de CV,CC0B200D-3EDE-C38E-0717-9EF331216863,TX00240
GL01338,2025-06-23,1200,Clientes,0,93822.06,Cobro Grupo Salinas S de RL de CV,CC0B200D-3EDE-C38E-0717-9EF331216863,TX00240
GL01339,2025-06-23,6000,Gastos refacciones,75000,0,Factura 19415 Electrónica Industrial S de RL de CV,AE5A5F99-F1BB-5D9B-7499-BB6B9AFDD464,
GL01340,2025-06-23,1180,IVA acreditable,12000.0,0,IVA factura 19415,AE5A5F99-F1BB-5D9B-7499-BB6B9AFDD464,
GL01341,2025-06-23,2100,Proveedores,0,87000.0,Factura 19415 Electrónica Industrial S de RL de CV,AE5A5F99-F1BB-5D9B-7499-BB6B9AFDD464,
GL01342,2025-06-23,2100,Proveedores,15454.75,0,Pago Aceros Escobedo S de RL de CV,1F835B8D-ABAC-8660-E5C3-45FCF395C213,TX00241
GL01343,2025-06-23,1020,Bancos,0,15454.75,Pago Aceros Escobedo S de RL de CV,1F835B8D-ABAC-8660-E5C3-45FCF395C213,TX00241
GL01344,2025-06-24,2100,Proveedores,95549.08,0,Pago Ferretera de México SAPI de CV,9DB94EEE-1A3C-2131-73DD-3BC6D06405A8,TX00242
GL01345,2025-06-24,1020,Bancos,0,95549.08,Pago Ferretera de México SAPI de CV,9DB94EEE-1A3C-2131-73DD-3BC6D06405A8,TX00242
GL01346,2025-06-24,2100,Proveedores,95978.98,0,Pago Aceros Apodaca S de RL de CV,1B4FFD5F-C768-8339-27EF-53575B249C2A,TX00243
GL01347,2025-06-24,1020,Bancos,0,95978.98,Pago Aceros Apodaca S de RL de CV,1B4FFD5F-C768-8339-27EF-53575B249C2A,TX00243
GL01348,2025-06-24,6000,Gastos refacciones,203269.9,0,Factura 12978 Hidráulica Apodaca SAPI de CV,DF2E37E7-C4FC-BB84-24AE-FBEA53CC6B95,
GL01349,2025-06-24,1180,IVA acreditable,32523.18,0,IVA factura 12978,DF2E37E7-C4FC-BB84-24AE-FBEA53CC6B95,
GL01350,2025-06-24,2100,Proveedores,0,235793.08,Factura 12978 Hidráulica Apodaca SAPI de CV,DF2E37E7-C4FC-BB84-24AE-FBEA53CC6B95,
GL01351,2025-06-24,1200,Clientes,205327.45,0,Venta 1445 Grupo López SAPI de CV,5B7C57E8-FDF0-2450-585B-4B176D9B1EB1,
GL01352,2025-06-24,4000,Ventas,0,177006.42,Venta 1445 Grupo López SAPI de CV,5B7C57E8-FDF0-2450-585B-4B176D9B1EB1,
GL01353,2025-06-24,2180,IVA trasladado,0,28321.03,IVA venta 1445,5B7C57E8-FDF0-2450-585B-4B176D9B1EB1,
GL01354,2025-06-25,6000,Gastos refacciones,19610.5,0,Factura 73480 Electrónica Regiomontana SAPI de CV,54BBBCF8-28FE-A761-8D49-FE3F2CA8F783,
GL01355,2025-06-25,1180,IVA acreditable,3137.68,0,IVA factura 73480,54BBBCF8-28FE-A761-8D49-FE3F2CA8F783,
GL01356,2025-06-25,2100,Proveedores,0,22748.18,Factura 73480 Electrónica Regiomontana SAPI de CV,54BBBCF8-28FE-A761-8D49-FE3F2CA8F783,
GL01357,2025-06-25,6000,Gastos materia_prima,211077.8,0,Factura 98197 Ferretera de México SAPI de CV,E2ED8686-B334-22CB-9A3F-0AD169A9AFF9,
GL01358,2025-06-25,1180,IVA acreditable,33772.45,0,IVA factura 98197,E2ED8686-B334-22CB-9A3F-0AD169A9AFF9,
GL01359,2025-06-25,2100,Proveedores,0,244850.25,Factura 98197 Ferretera de México SAPI de CV,E2ED8686-B334-22CB-9A3F-0AD169A9AFF9,
GL01360,2025-06-25,6000,Gastos servicios,29687.8,0,Factura 43386 Refacciones Regiomontana S de RL de CV,081FEC82-CA9A-CF77-B26A-51A576B40672,
GL01361,2025-06-25,1180,IVA acreditable,4750.05,0,IVA factura 43386,081FEC82-CA9A-CF77-B26A-51A576B40672,
GL01362,2025-06-25,2100,Proveedores,0,34437.85,Factura 43386 Refacciones Regiomontana S de RL de CV,081FEC82-CA9A-CF77-B26A-51A576B40672,
GL01363,2025-06-25,2100,Proveedores,89798.38,0,Pago Hidráulica Apodaca SAPI de CV,719B2DD6-17B4-E75B-E9D1-8EC233BCB8A9,TX00244
GL01364,2025-06-25,1020,Bancos,0,89798.38,Pago Hidráulica Apodaca SAPI de CV,719B2DD6-17B4-E75B-E9D1-8EC233BCB8A9,TX00244
GL01365,2025-06-25,2100,Proveedores,146682.0,0,Pago Soldadura Industrial SA de CV,E744AA30-B135-6D67-6D4E-C8A4C4F4B844,TX00245
GL01366,2025-06-25,1020,Bancos,0,146682.0,Pago Soldadura Industrial SA de CV,E744AA30-B135-6D67-6D4E-C8A4C4F4B844,TX00245
GL01367,2025-06-25,1020,Bancos,308651.15,0,Cobro Grupo Montemayor S de RL de CV,D17AD9BD-B1BA-0BEA-F969-057979DDCDD4,TX00246
GL01368,2025-06-25,1200,Clientes,0,308651.15,Cobro Grupo Montemayor S de RL de CV,D17AD9BD-B1BA-0BEA-F969-057979DDCDD4,TX00246
GL01369,2025-06-26,6000,Gastos materia_prima,10549.9,0,Factura 33227 Grupo Monterrey S de RL de CV,D5B211A9-9DEC-2B83-3885-8F7E2F1A25A8,
GL01370,2025-06-26,1180,IVA acreditable,1687.98,0,IVA factura 33227,D5B211A9-9DEC-2B83-3885-8F7E2F1A25A8,
GL01371,2025-06-26,2100,Proveedores,0,12237.88,Factura 33227 Grupo Monterrey S de RL de CV,D5B211A9-9DEC-2B83-3885-8F7E2F1A25A8,
GL01372,2025-06-26,2100,Proveedores,14372.4,0,Pago Aceros de México S de RL de CV,105F86AA-974E-8F83-D5D9-A3852BB24CBC,TX00247
GL01373,2025-06-26,1020,Bancos,0,14372.4,Pago Aceros de México S de RL de CV,105F86AA-974E-8F83-D5D9-A3852BB24CBC,TX00247
GL01374,2025-06-26,6000,Gastos refacciones,31099.9,0,Factura 69942 Ferretera Monterrey S de RL de CV,ADA59CB2-882A-E449-B5B7-1C24785CA87B,
GL01375,2025-06-26,1180,IVA acreditable,4975.98,0,IVA factura 69942,ADA59CB2-882A-E449-B5B7-1C24785CA87B,
GL01376,2025-06-26,2100,Proveedores,0,36075.88,Factura 69942 Ferretera Monterrey S de RL de CV,ADA59CB2-882A-E449-B5B7-1C24785CA87B,
GL01377,2025-06-27,2100,Proveedores,20462.28,0,Pago Distribuidora Industrial S de RL de CV,C34201DB-2C3A-ACDC-AED5-4A468BDE005B,TX00248
GL01378,2025-06-27,1020,Bancos,0,20462.28,Pago Distribuidora Industrial S de RL de CV,C34201DB-2C3A-ACDC-AED5-4A468BDE005B,TX00248
GL01379,2025-06-27,2100,Proveedores,224379.38,0,Pago Metálica San Nicolás SA de CV,5170CA8A-A00E-0B60-64EE-C4C19714FADC,TX00249
GL01380,2025-06-27,1020,Bancos,0,224379.38,Pago Metálica San Nicolás SA de CV,5170CA8A-A00E-0B60-64EE-C4C19714FADC,TX00249
GL01381,2025-06-30,6000,Gastos consumibles,34069.9,0,Factura 555 Refacciones Apodaca S de RL de CV,390239D9-FA8D-AE42-BA54-E9202099D180,
GL01382,2025-06-30,1180,IVA acreditable,5451.18,0,IVA factura 555,390239D9-FA8D-AE42-BA54-E9202099D180,
GL01383,2025-06-30,2100,Proveedores,0,39521.08,Factura 555 Refacciones Apodaca S de RL de CV,390239D9-FA8D-AE42-BA54-E9202099D180,
GL01384,2025-06-30,2100,Proveedores,208426.25,0,Pago Grupo Guadalupe SA de CV,601BFBCB-F0EE-BCCE-8D93-E14A5B167158,TX00250
GL01385,2025-06-30,1020,Bancos,0,208426.25,Pago Grupo Guadalupe SA de CV,601BFBCB-F0EE-BCCE-8D93-E14A5B167158,TX00250
GL01386,2025-06-30,6000,Gastos refacciones,31280.5,0,Factura 52155 Grupo Nuevo León SAPI de CV,9FA4A627-D306-08BE-8548-867BAD5CBA24,
GL01387,2025-06-30,1180,IVA acreditable,5004.88,0,IVA factura 52155,9FA4A627-D306-08BE-8548-867BAD5CBA24,
GL01388,2025-06-30,2100,Proveedores,0,36285.38,Factura 52155 Grupo Nuevo León SAPI de CV,9FA4A627-D306-08BE-8548-867BAD5CBA24,
GL01389,2025-06-30,2100,Proveedores,36783.6,0,Pago Refacciones Regiomontana S de RL de CV,4CB34663-7A21-1151-C166-A8B3F26BCEBF,TX00251
GL01390,2025-06-30,1020,Bancos,0,36783.6,Pago Refacciones Regiomontana S de RL de CV,4CB34663-7A21-1151-C166-A8B3F26BCEBF,TX00251
GL01391,2025-06-30,6000,Gastos consumibles,51227.8,0,Factura 9127 Herramientas Monterrey SA de CV,290C4414-8DF5-0B01-DC4D-B762EA1AF7D2,
GL01392,2025-06-30,1180,IVA acreditable,8196.45,0,IVA factura 9127,290C4414-8DF5-0B01-DC4D-B762EA1AF7D2,
GL01393,2025-06-30,2100,Proveedores,0,59424.25,Factura 9127 Herramientas Monterrey SA de CV,290C4414-8DF5-0B01-DC4D-B762EA1AF7D2,
GL01394,2025-06-30,2100,Proveedores,58359.6,0,Pago Servicios Guadalupe S de RL de CV,3581A632-54F5-DF70-05D2-D205789FED96,TX00252
GL01395,2025-06-30,1020,Bancos,0,58359.6,Pago Servicios Guadalupe S de RL de CV,3581A632-54F5-DF70-05D2-D205789FED96,TX00252
GL01396,2025-06-30,6000,Gastos refacciones,107712.4,0,Factura 33874 Servicios Guadalupe S de RL de CV,A033EDAD-0FDF-DE19-CFD8-35FC469FF562,
GL01397,2025-06-30,1180,IVA acreditable,17233.98,0,IVA factura 33874,A033EDAD-0FDF-DE19-CFD8-35FC469FF562,
GL01398,2025-06-30,2100,Proveedores,0,124946.38,Factura 33874 Servicios Guadalupe S de RL de CV,A033EDAD-0FDF-DE19-CFD8-35FC469FF562,
GL01399,2025-06-30,6000,Gastos materia_prima,149550.5,0,Factura 14122 Metálica San Nicolás SA de CV,CBF85149-B6DA-99CD-D14B-256C67DB0943,
GL01400,2025-06-30,1180,IVA acreditable,23928.08,0,IVA factura 14122,CBF85149-B6DA-99CD-D14B-256C67DB0943,
GL01401,2025-06-30,2100,Proveedores,0,173478.58,Factura 14122 Metálica San Nicolás SA de CV,CBF85149-B6DA-99CD-D14B-256C67DB0943,
GL01402,2025-06-30,1200,Clientes,176513.08,0,Venta 1409 Envases Rodríguez SAPI de CV,7122D7A0-D129-72D3-2396-6B835CD14B22,
GL01403,2025-06-30,4000,Ventas,0,152166.45,Venta 1409 Envases Rodríguez SAPI de CV,7122D7A0-D129-72D3-2396-6B835CD14B22,
GL01404,2025-06-30,2180,IVA trasladado,0,24346.63,IVA venta 1409,7122D7A0-D129-72D3-2396-6B835CD14B22,
GL01405,2025-06-30,6100,Sueldos y salarios,430011.69,0,Nómina,,TX00253
GL01406,2025-06-30,1020,Bancos,0,430011.69,Nómina,,TX00253
GL01407,2025-07-01,2100,Proveedores,67674.98,0,Pago Refacciones Apodaca S de RL de CV,72D35458-61EA-2F30-E42E-707AFE2BD987,TX00254
GL01408,2025-07-01,1020,Bancos,0,67674.98,Pago Refacciones Apodaca S de RL de CV,72D35458-61EA-2F30-E42E-707AFE2BD987,TX00254
GL01409,2025-07-01,2100,Proveedores,34208.28,0,Pago Industrias Apodaca SA de CV,8DA5D39B-42C2-1797-0426-FCC9255B30E2,TX00255
GL01410,2025-07-01,1020,Bancos,0,34208.28,Pago Industrias Apodaca SA de CV,8DA5D39B-42C2-1797-0426-FCC9255B30E2,TX00255
GL01411,2025-07-01,1020,Bancos,74491.86,0,Cobro Envases Villarreal SA de CV,6D56CFD5-79AB-3018-87F3-C9A4CD1A810D,TX00256
GL01412,2025-07-01,1200,Clientes,0,74491.86,Cobro Envases Villarreal SA de CV,6D56CFD5-79AB-3018-87F3-C9A4CD1A810D,TX00256
GL01413,2025-07-02,6000,Gastos materia_prima,37122.4,0,Factura 39461 Industrias Nuevo León SA de CV,CFA28FB8-4199-322E-3BA5-81263FF69F41,
GL01414,2025-07-02,1180,IVA acreditable,5939.58,0,IVA factura 39461,CFA28FB8-4199-322E-3BA5-81263FF69F41,
GL01415,2025-07-02,2100,Proveedores,0,43061.98,Factura 39461 Industrias Nuevo León SA de CV,CFA28FB8-4199-322E-3BA5-81263FF69F41,
GL01416,2025-07-02,1200,Clientes,245105.05,0,Venta 1431 Grupo Martínez SAPI de CV,FCCE5213-6789-9D92-F33C-4C369A690CAD,
GL01417,2025-07-02,4000,Ventas,0,211297.46,Venta 1431 Grupo Martínez SAPI de CV,FCCE5213-6789-9D92-F33C-4C369A690CAD,
GL01418,2025-07-02,2180,IVA trasladado,0,33807.59,IVA venta 1431,FCCE5213-6789-9D92-F33C-4C369A690CAD,
GL01419,2025-07-02,6000,Gastos servicios,300000,0,Factura 87263 Promotora Comercial Chapa SA de CV,EAECF4E0-E819-09CE-0DD7-CAC28A1055C5,
GL01420,2025-07-02,1180,IVA acreditable,48000.0,0,IVA factura 87263,EAECF4E0-E819-09CE-0DD7-CAC28A1055C5,
GL01421,2025-07-02,2100,Proveedores,0,348000.0,Factura 87263 Promotora Comercial Chapa SA de CV,EAECF4E0-E819-09CE-0DD7-CAC28A1055C5,
GL01422,2025-07-03,6000,Gastos consumibles,198379.9,0,Factura 24069 Transportes Apodaca SAPI de CV,57BCAD3A-D0A1-7FE8-5F64-2A5317CBA85D,
GL01423,2025-07-03,1180,IVA acreditable,31740.78,0,IVA factura 24069,57BCAD3A-D0A1-7FE8-5F64-2A5317CBA85D,
GL01424,2025-07-03,2100,Proveedores,0,230120.68,Factura 24069 Transportes Apodaca SAPI de CV,57BCAD3A-D0A1-7FE8-5F64-2A5317CBA85D,
GL01425,2025-07-03,6000,Gastos materia_prima,6887.8,0,Factura 87732 Grupo Monterrey S de RL de CV,0AF57E60-3BE8-A5DF-5E93-4DE043ACE875,
GL01426,2025-07-03,1180,IVA acreditable,1102.05,0,IVA factura 87732,0AF57E60-3BE8-A5DF-5E93-4DE043ACE875,
GL01427,2025-07-03,2100,Proveedores,0,7989.85,Factura 87732 Grupo Monterrey S de RL de CV,0AF57E60-3BE8-A5DF-5E93-4DE043ACE875,
GL01428,2025-07-03,1020,Bancos,98743.74,0,Cobro Envases Rodríguez SAPI de CV,6CC0067F-141F-746E-FB29-FF362155FBA8,TX00257
GL01429,2025-07-03,1200,Clientes,0,98743.74,Cobro Envases Rodríguez SAPI de CV,6CC0067F-141F-746E-FB29-FF362155FBA8,TX00257
GL01430,2025-07-03,6000,Gastos servicios,200000,0,Factura 54501 Neumática Regiomontana SAPI de CV,2CD51392-D98F-5E83-CF5B-294DD2CC4853,
GL01431,2025-07-03,1180,IVA acreditable,32000.0,0,IVA factura 54501,2CD51392-D98F-5E83-CF5B-294DD2CC4853,
GL01432,2025-07-03,2100,Proveedores,0,232000.0,Factura 54501 Neumática Regiomontana SAPI de CV,2CD51392-D98F-5E83-CF5B-294DD2CC4853,
GL01433,2025-07-04,6000,Gastos consumibles,14429.9,0,Factura 75323 Distribuidora Industrial S de RL de CV,1A57F9E4-C5F8-E2F8-414F-499428457780,
GL01434,2025-07-04,1180,IVA acreditable,2308.78,0,IVA factura 75323,1A57F9E4-C5F8-E2F8-414F-499428457780,
GL01435,2025-07-04,2100,Proveedores,0,16738.68,Factura 75323 Distribuidora Industrial S de RL de CV,1A57F9E4-C5F8-E2F8-414F-499428457780,
GL01436,2025-07-04,6000,Gastos materia_prima,8832.4,0,Factura 63928 Grupo Monterrey S de RL de CV,4E336644-C657-20AE-5BD6-7D4D7202FAE5,
GL01437,2025-07-04,1180,IVA acreditable,1413.18,0,IVA factura 63928,4E336644-C657-20AE-5BD6-7D4D7202FAE5,
GL01438,2025-07-04,2100,Proveedores,0,10245.58,Factura 63928 Grupo Monterrey S de RL de CV,4E336644-C657-20AE-5BD6-7D4D7202FAE5,
GL01439,2025-07-04,2100,Proveedores,43291.2,0,Pago Herramientas Monterrey SA de CV,A3760C2D-7B31-DCDC-40D9-1A8E1F44AA88,TX00258
GL01440,2025-07-04,1020,Bancos,0,43291.2,Pago Herramientas Monterrey SA de CV,A3760C2D-7B31-DCDC-40D9-1A8E1F44AA88,TX00258
GL01441,2025-07-04,2100,Proveedores,38720.68,0,Pago Herramientas Monterrey SA de CV,2DBB45BD-2138-E2E6-F013-A170D5CF3B4C,TX00259
GL01442,2025-07-04,1020,Bancos,0,38720.68,Pago Herramientas Monterrey SA de CV,2DBB45BD-2138-E2E6-F013-A170D5CF3B4C,TX00259
GL01443,2025-07-04,1200,Clientes,221589.05,0,Venta 1401 Grupo Montemayor S de RL de CV,0C78947B-5B21-C9F0-F485-2088E97FB025,
GL01444,2025-07-04,4000,Ventas,0,191025.04,Venta 1401 Grupo Montemayor S de RL de CV,0C78947B-5B21-C9F0-F485-2088E97FB025,
GL01445,2025-07-04,2180,IVA trasladado,0,30564.01,IVA venta 1401,0C78947B-5B21-C9F0-F485-2088E97FB025,
GL01446,2025-07-04,1020,Bancos,84088.54,0,Cobro Construcciones Elizondo SA de CV,4C23E844-3C47-22F3-C1B4-FD44D29CF92A,TX00260
GL01447,2025-07-04,1200,Clientes,0,84088.54,Cobro Construcciones Elizondo SA de CV,4C23E844-3C47-22F3-C1B4-FD44D29CF92A,TX00260
GL01448,2025-07-07,2100,Proveedores,28419.88,0,Pago Aceros Regiomontana S de RL de CV,8E85140D-0F9A-EB70-4670-7CD64CEDA164,TX00261
GL01449,2025-07-07,1020,Bancos,0,28419.88,Pago Aceros Regiomontana S de RL de CV,8E85140D-0F9A-EB70-4670-7CD64CEDA164,TX00261
GL01450,2025-07-07,2100,Proveedores,49288.98,0,Pago Distribuidora Industrial S de RL de CV,00473139-185D-F528-B425-8E191758D47E,TX00262
GL01451,2025-07-07,1020,Bancos,0,49288.98,Pago Distribuidora Industrial S de RL de CV,00473139-185D-F528-B425-8E191758D47E,TX00262
GL01452,2025-07-07,2100,Proveedores,27875.38,0,Pago Grupo Monterrey S de RL de CV,A06A187D-E2E6-E7A6-BBC9-94734363589C,TX00263
GL01453,2025-07-07,1020,Bancos,0,27875.38,Pago Grupo Monterrey S de RL de CV,A06A187D-E2E6-E7A6-BBC9-94734363589C,TX00263
GL01454,2025-07-07,6000,Gastos refacciones,173749.9,0,Factura 16489 Aceros Apodaca S de RL de CV,05E9F407-DAAD-A0B1-2F13-2A6D2AD55C0B,
GL01455,2025-07-07,1180,IVA acreditable,27799.98,0,IVA factura 16489,05E9F407-DAAD-A0B1-2F13-2A6D2AD55C0B,
GL01456,2025-07-07,2100,Proveedores,0,201549.88,Factura 16489 Aceros Apodaca S de RL de CV,05E9F407-DAAD-A0B1-2F13-2A6D2AD55C0B,
GL01457,2025-07-07,2100,Proveedores,17760.18,0,Pago Servicios Guadalupe S de RL de CV,075072D6-2BAC-F712-D6A9-19E886D895E5,TX00264
GL01458,2025-07-07,1020,Bancos,0,17760.18,Pago Servicios Guadalupe S de RL de CV,075072D6-2BAC-F712-D6A9-19E886D895E5,TX00264
GL01459,2025-07-07,2100,Proveedores,219532.78,0,Pago Hidráulica Apodaca SAPI de CV,922BDA48-2A7C-F9E9-D7A7-E7B188C62063,TX00265
GL01460,2025-07-07,1020,Bancos,0,219532.78,Pago Hidráulica Apodaca SAPI de CV,922BDA48-2A7C-F9E9-D7A7-E7B188C62063,TX00265
GL01461,2025-07-07,6000,Gastos refacciones,19459.9,0,Factura 43999 Ferretera Monterrey S de RL de CV,236E9007-3468-0B6E-C609-0B78B5971E43,
GL01462,2025-07-07,1180,IVA acreditable,3113.58,0,IVA factura 43999,236E9007-3468-0B6E-C609-0B78B5971E43,
GL01463,2025-07-07,2100,Proveedores,0,22573.48,Factura 43999 Ferretera Monterrey S de RL de CV,236E9007-3468-0B6E-C609-0B78B5971E43,
GL01464,2025-07-07,6000,Gastos servicios,96000,0,Factura 88579 Gestoría y Enlace San Nicolás S de RL de CV,08D16094-B6E3-B91B-3777-D8232D8D7DB8,
GL01465,2025-07-07,1180,IVA acreditable,15360.0,0,IVA factura 88579,08D16094-B6E3-B91B-3777-D8232D8D7DB8,
GL01466,2025-07-07,2100,Proveedores,0,111360.0,Factura 88579 Gestoría y Enlace San Nicolás S de RL de CV,08D16094-B6E3-B91B-3777-D8232D8D7DB8,
GL01467,2025-07-07,2100,Proveedores,348000.0,0,Pago Promotora Comercial Chapa SA de CV,EAECF4E0-E819-09CE-0DD7-CAC28A1055C5,TX00266
GL01468,2025-07-07,1020,Bancos,0,348000.0,Pago Promotora Comercial Chapa SA de CV,EAECF4E0-E819-09CE-0DD7-CAC28A1055C5,TX00266
GL01469,2025-07-08,6000,Gastos refacciones,198790,0,Factura 16093 Hidráulica Apodaca SAPI de CV,227197CA-7887-73ED-4AF7-15B7109EFB40,
GL01470,2025-07-08,1180,IVA acreditable,31806.4,0,IVA factura 16093,227197CA-7887-73ED-4AF7-15B7109EFB40,
GL01471,2025-07-08,2100,Proveedores,0,230596.4,Factura 16093 Hidráulica Apodaca SAPI de CV,227197CA-7887-73ED-4AF7-15B7109EFB40,
GL01472,2025-07-08,6000,Gastos renta_util,8417.8,0,Factura 69097 Soldadura de México SAPI de CV,BB3607B0-BAED-6F49-245F-D841147F0413,
GL01473,2025-07-08,1180,IVA acreditable,1346.85,0,IVA factura 69097,BB3607B0-BAED-6F49-245F-D841147F0413,
GL01474,2025-07-08,2100,Proveedores,0,9764.65,Factura 69097 Soldadura de México SAPI de CV,BB3607B0-BAED-6F49-245F-D841147F0413,
GL01475,2025-07-08,1200,Clientes,122356.95,0,Venta 1489 Grupo Salinas SAPI de CV,D5AD86BC-F1DB-9AD8-6098-0B94E05B1892,
GL01476,2025-07-08,4000,Ventas,0,105480.13,Venta 1489 Grupo Salinas SAPI de CV,D5AD86BC-F1DB-9AD8-6098-0B94E05B1892,
GL01477,2025-07-08,2180,IVA trasladado,0,16876.82,IVA venta 1489,D5AD86BC-F1DB-9AD8-6098-0B94E05B1892,
GL01478,2025-07-08,2100,Proveedores,87000.0,0,Pago Electrónica Industrial S de RL de CV,AE5A5F99-F1BB-5D9B-7499-BB6B9AFDD464,TX00267
GL01479,2025-07-08,1020,Bancos,0,87000.0,Pago Electrónica Industrial S de RL de CV,AE5A5F99-F1BB-5D9B-7499-BB6B9AFDD464,TX00267
GL01480,2025-07-09,6000,Gastos materia_prima,9497.8,0,Factura 52283 Pinturas San Nicolás S de RL de CV,B49B4B72-C631-9C16-5827-BC1D93E0F235,
GL01481,2025-07-09,1180,IVA acreditable,1519.65,0,IVA factura 52283,B49B4B72-C631-9C16-5827-BC1D93E0F235,
GL01482,2025-07-09,2100,Proveedores,0,11017.45,Factura 52283 Pinturas San Nicolás S de RL de CV,B49B4B72-C631-9C16-5827-BC1D93E0F235,
GL01483,2025-07-09,1020,Bancos,58409.98,0,Cobro Envases Rodríguez SAPI de CV,20F36E92-38EC-71AA-1E5C-5DA8D087EDCB,TX00268
GL01484,2025-07-09,1200,Clientes,0,58409.98,Cobro Envases Rodríguez SAPI de CV,20F36E92-38EC-71AA-1E5C-5DA8D087EDCB,TX00268
GL01485,2025-07-09,2100,Proveedores,232000.0,0,Pago Neumática Regiomontana SAPI de CV,2CD51392-D98F-5E83-CF5B-294DD2CC4853,TX00269
GL01486,2025-07-09,1020,Bancos,0,232000.0,Pago Neumática Regiomontana SAPI de CV,2CD51392-D98F-5E83-CF5B-294DD2CC4853,TX00269
GL01487,2025-07-10,6000,Gastos refacciones,109367.8,0,Factura 75583 Aceros Apodaca S de RL de CV,FAB1996A-2192-5613-9247-E8512E0D3860,
GL01488,2025-07-10,1180,IVA acreditable,17498.85,0,IVA factura 75583,FAB1996A-2192-5613-9247-E8512E0D3860,
GL01489,2025-07-10,2100,Proveedores,0,126866.65,Factura 75583 Aceros Apodaca S de RL de CV,FAB1996A-2192-5613-9247-E8512E0D3860,
GL01490,2025-07-10,2100,Proveedores,193131.18,0,Pago Hidráulica Apodaca SAPI de CV,E0864418-7F3E-F59B-1638-613769F35B2D,TX00270
GL01491,2025-07-10,1020,Bancos,0,193131.18,Pago Hidráulica Apodaca SAPI de CV,E0864418-7F3E-F59B-1638-613769F35B2D,TX00270
GL01492,2025-07-11,2100,Proveedores,34437.85,0,Pago Refacciones Regiomontana S de RL de CV,081FEC82-CA9A-CF77-B26A-51A576B40672,TX00271
GL01493,2025-07-11,1020,Bancos,0,34437.85,Pago Refacciones Regiomontana S de RL de CV,081FEC82-CA9A-CF77-B26A-51A576B40672,TX00271
GL01494,2025-07-11,2100,Proveedores,181923.38,0,Pago Metálica Escobedo SAPI de CV,A925DE85-6258-8CE9-F7AE-EDE80A119BAC,TX00272
GL01495,2025-07-11,1020,Bancos,0,181923.38,Pago Metálica Escobedo SAPI de CV,A925DE85-6258-8CE9-F7AE-EDE80A119BAC,TX00272
GL01496,2025-07-11,2100,Proveedores,111360.0,0,Pago Gestoría y Enlace San Nicolás S de RL de CV,08D16094-B6E3-B91B-3777-D8232D8D7DB8,TX00273
GL01497,2025-07-11,1020,Bancos,0,111360.0,Pago Gestoría y Enlace San Nicolás S de RL de CV,08D16094-B6E3-B91B-3777-D8232D8D7DB8,TX00273
GL01498,2025-07-14,6000,Gastos consumibles,93160.5,0,Factura 95130 Refacciones Apodaca S de RL de CV,EFFA2002-3040-413C-4690-FB1527B608DC,
GL01499,2025-07-14,1180,IVA acreditable,14905.68,0,IVA factura 95130,EFFA2002-3040-413C-4690-FB1527B608DC,
GL01500,2025-07-14,2100,Proveedores,0,108066.18,Factura 95130 Refacciones Apodaca S de RL de CV,EFFA2002-3040-413C-4690-FB1527B608DC,
GL01501,2025-07-14,2100,Proveedores,10396.38,0,Pago Electrónica Regiomontana SAPI de CV,F3ABEA0D-5BE9-FDB3-DD92-DD7C0DB977A9,TX00274
GL01502,2025-07-14,1020,Bancos,0,10396.38,Pago Electrónica Regiomontana SAPI de CV,F3ABEA0D-5BE9-FDB3-DD92-DD7C0DB977A9,TX00274
GL01503,2025-07-14,2100,Proveedores,110209.05,0,Pago Industrias Nuevo León SA de CV,902A405C-3D9F-FE59-9BC0-FA9352CDADEF,TX00275
GL01504,2025-07-14,1020,Bancos,0,110209.05,Pago Industrias Nuevo León SA de CV,902A405C-3D9F-FE59-9BC0-FA9352CDADEF,TX00275
GL01505,2025-07-14,2100,Proveedores,58043.85,0,Pago Grupo del Norte SAPI de CV,E606D7C2-1E18-046D-2E42-1840A05F36C8,TX00276
GL01506,2025-07-14,1020,Bancos,0,58043.85,Pago Grupo del Norte SAPI de CV,E606D7C2-1E18-046D-2E42-1840A05F36C8,TX00276
GL01507,2025-07-14,2100,Proveedores,43441.88,0,Pago Ferretera Monterrey S de RL de CV,3ACDC514-DAE1-8B28-8D81-64B0F85AD287,TX00277
GL01508,2025-07-14,1020,Bancos,0,43441.88,Pago Ferretera Monterrey S de RL de CV,3ACDC514-DAE1-8B28-8D81-64B0F85AD287,TX00277
GL01509,2025-07-14,1020,Bancos,107943.43,0,Cobro Grupo Martínez SAPI de CV,402D35E8-1F47-D902-1BA8-4A917462F144,TX00278
GL01510,2025-07-14,1200,Clientes,0,107943.43,Cobro Grupo Martínez SAPI de CV,402D35E8-1F47-D902-1BA8-4A917462F144,TX00278
GL01511,2025-07-14,1200,Clientes,304034.0,0,Venta 1443 Grupo Martínez SAPI de CV,48D0E602-FA4F-FBA8-C437-6D895A4EB9F3,
GL01512,2025-07-14,4000,Ventas,0,262098.28,Venta 1443 Grupo Martínez SAPI de CV,48D0E602-FA4F-FBA8-C437-6D895A4EB9F3,
GL01513,2025-07-14,2180,IVA trasladado,0,41935.72,IVA venta 1443,48D0E602-FA4F-FBA8-C437-6D895A4EB9F3,
GL01514,2025-07-14,1200,Clientes,294000.0,0,Venta 1574 Comercializadora Hernández SAPI de CV,A1396D49-713E-9035-2EFC-D60C5256CD59,
GL01515,2025-07-14,4000,Ventas,0,253448.28,Venta 1574 Comercializadora Hernández SAPI de CV,A1396D49-713E-9035-2EFC-D60C5256CD59,
GL01516,2025-07-14,2180,IVA trasladado,0,40551.72,IVA venta 1574,A1396D49-713E-9035-2EFC-D60C5256CD59,
GL01517,2025-07-15,1020,Bancos,294000.0,0,Cobro Comercializadora Hernández SAPI de CV,A1396D49-713E-9035-2EFC-D60C5256CD59,TX00279
GL01518,2025-07-15,1200,Clientes,0,294000.0,Cobro Comercializadora Hernández SAPI de CV,A1396D49-713E-9035-2EFC-D60C5256CD59,TX00279
GL01519,2025-07-16,2100,Proveedores,116501.58,0,Pago Suministros Monterrey S de RL de CV,2379C05F-A708-7280-34EE-0B6721BBD183,TX00280
GL01520,2025-07-16,1020,Bancos,0,116501.58,Pago Suministros Monterrey S de RL de CV,2379C05F-A708-7280-34EE-0B6721BBD183,TX00280
GL01521,2025-07-16,1200,Clientes,342250.04,0,Venta 1499 Autopartes Martínez SAPI de CV,12B3C5EB-4198-0029-98E1-D54CBC715183,
GL01522,2025-07-16,4000,Ventas,0,295043.14,Venta 1499 Autopartes Martínez SAPI de CV,12B3C5EB-4198-0029-98E1-D54CBC715183,
GL01523,2025-07-16,2180,IVA trasladado,0,47206.9,IVA venta 1499,12B3C5EB-4198-0029-98E1-D54CBC715183,
GL01524,2025-07-17,2100,Proveedores,25241.48,0,Pago Industrias Apodaca SA de CV,AF521B94-F186-E47A-A794-63208CF6E8B8,TX00281
GL01525,2025-07-17,1020,Bancos,0,25241.48,Pago Industrias Apodaca SA de CV,AF521B94-F186-E47A-A794-63208CF6E8B8,TX00281
GL01526,2025-07-17,6000,Gastos materia_prima,121657.8,0,Factura 71668 Aceros Santa Catarina SA de CV,59EA4936-60F3-4EBC-E1BB-B8CD7E3A9F07,
GL01527,2025-07-17,1180,IVA acreditable,19465.25,0,IVA factura 71668,59EA4936-60F3-4EBC-E1BB-B8CD7E3A9F07,
GL01528,2025-07-17,2100,Proveedores,0,141123.05,Factura 71668 Aceros Santa Catarina SA de CV,59EA4936-60F3-4EBC-E1BB-B8CD7E3A9F07,
GL01529,2025-07-17,6000,Gastos consumibles,163937.8,0,Factura 17468 Transportes Apodaca SAPI de CV,1CF14654-2AB2-02C2-CC02-43C6E2D903C8,
GL01530,2025-07-17,1180,IVA acreditable,26230.05,0,IVA factura 17468,1CF14654-2AB2-02C2-CC02-43C6E2D903C8,
GL01531,2025-07-17,2100,Proveedores,0,190167.85,Factura 17468 Transportes Apodaca SAPI de CV,1CF14654-2AB2-02C2-CC02-43C6E2D903C8,
GL01532,2025-07-17,1020,Bancos,333310.64,0,Cobro Construcciones Hernández SA de CV,8DCD6E9B-39D2-D74A-71A7-1782D751AF9C,TX00282
GL01533,2025-07-17,1200,Clientes,0,333310.64,Cobro Construcciones Hernández SA de CV,8DCD6E9B-39D2-D74A-71A7-1782D751AF9C,TX00282
GL01534,2025-07-18,6000,Gastos servicios,92787.8,0,Factura 75166 Neumática Apodaca S de RL de CV,798E175F-EFB5-6207-DDEC-C40BAFE3AF13,
GL01535,2025-07-18,1180,IVA acreditable,14846.05,0,IVA factura 75166,798E175F-EFB5-6207-DDEC-C40BAFE3AF13,
GL01536,2025-07-18,2100,Proveedores,0,107633.85,Factura 75166 Neumática Apodaca S de RL de CV,798E175F-EFB5-6207-DDEC-C40BAFE3AF13,
GL01537,2025-07-18,6000,Gastos materia_prima,158559.9,0,Factura 79922 Ferretera de México SAPI de CV,FAC08FC4-6B2D-9CCC-6279-403CE1A2CFE7,
GL01538,2025-07-18,1180,IVA acreditable,25369.58,0,IVA factura 79922,FAC08FC4-6B2D-9CCC-6279-403CE1A2CFE7,
GL01539,2025-07-18,2100,Proveedores,0,183929.48,Factura 79922 Ferretera de México SAPI de CV,FAC08FC4-6B2D-9CCC-6279-403CE1A2CFE7,
GL01540,2025-07-18,2100,Proveedores,148607.48,0,Pago Soldadura Industrial SA de CV,797EB3E4-63DB-A8C8-B4A2-B699AEFA823B,TX00283
GL01541,2025-07-18,1020,Bancos,0,148607.48,Pago Soldadura Industrial SA de CV,797EB3E4-63DB-A8C8-B4A2-B699AEFA823B,TX00283
GL01542,2025-07-21,6000,Gastos consumibles,24410,0,Factura 83734 Distribuidora Industrial S de RL de CV,7FE4A42E-3DB7-88A6-1CDC-C4C262C965B2,
GL01543,2025-07-21,1180,IVA acreditable,3905.6,0,IVA factura 83734,7FE4A42E-3DB7-88A6-1CDC-C4C262C965B2,
GL01544,2025-07-21,2100,Proveedores,0,28315.6,Factura 83734 Distribuidora Industrial S de RL de CV,7FE4A42E-3DB7-88A6-1CDC-C4C262C965B2,
GL01545,2025-07-21,2100,Proveedores,16738.68,0,Pago Distribuidora Industrial S de RL de CV,1A57F9E4-C5F8-E2F8-414F-499428457780,TX00284
GL01546,2025-07-21,1020,Bancos,0,16738.68,Pago Distribuidora Industrial S de RL de CV,1A57F9E4-C5F8-E2F8-414F-499428457780,TX00284
GL01547,2025-07-21,2100,Proveedores,128226.28,0,Pago Transportes Apodaca SAPI de CV,0DBDC5DA-7875-15B9-1E26-ED31D9E92758,TX00285
GL01548,2025-07-21,1020,Bancos,0,128226.28,Pago Transportes Apodaca SAPI de CV,0DBDC5DA-7875-15B9-1E26-ED31D9E92758,TX00285
GL01549,2025-07-21,2100,Proveedores,28057.85,0,Pago Servicios Guadalupe S de RL de CV,71E15B9F-8C6D-768E-45BC-F3BAEF52D36E,TX00286
GL01550,2025-07-21,1020,Bancos,0,28057.85,Pago Servicios Guadalupe S de RL de CV,71E15B9F-8C6D-768E-45BC-F3BAEF52D36E,TX00286
GL01551,2025-07-21,2100,Proveedores,66363.48,0,Pago Suministros Monterrey S de RL de CV,B440B852-E033-500E-A432-62B38675820E,TX00287
GL01552,2025-07-21,1020,Bancos,0,66363.48,Pago Suministros Monterrey S de RL de CV,B440B852-E033-500E-A432-62B38675820E,TX00287
GL01553,2025-07-21,2100,Proveedores,49764.0,0,Pago Ferretera Monterrey S de RL de CV,1C684DB0-0D33-3496-E352-85395D2E7B90,TX00288
GL01554,2025-07-21,1020,Bancos,0,49764.0,Pago Ferretera Monterrey S de RL de CV,1C684DB0-0D33-3496-E352-85395D2E7B90,TX00288
GL01555,2025-07-21,1020,Bancos,238931.96,0,Cobro Grupo Montemayor S de RL de CV,29CE9BFA-5B7D-9D2D-22AF-F503B17AFF6D,TX00289
GL01556,2025-07-21,1200,Clientes,0,238931.96,Cobro Grupo Montemayor S de RL de CV,29CE9BFA-5B7D-9D2D-22AF-F503B17AFF6D,TX00289
GL01557,2025-07-21,1200,Clientes,382919.46,0,Venta 1471 Construcciones Elizondo SA de CV,6C412493-EF7C-EF26-3C66-7012BE741860,
GL01558,2025-07-21,4000,Ventas,0,330102.98,Venta 1471 Construcciones Elizondo SA de CV,6C412493-EF7C-EF26-3C66-7012BE741860,
GL01559,2025-07-21,2180,IVA trasladado,0,52816.48,IVA venta 1471,6C412493-EF7C-EF26-3C66-7012BE741860,
GL01560,2025-07-22,2100,Proveedores,124946.38,0,Pago Servicios Guadalupe S de RL de CV,A033EDAD-0FDF-DE19-CFD8-35FC469FF562,TX00290
GL01561,2025-07-22,1020,Bancos,0,124946.38,Pago Servicios Guadalupe S de RL de CV,A033EDAD-0FDF-DE19-CFD8-35FC469FF562,TX00290
GL01562,2025-07-22,1020,Bancos,348322.71,0,Cobro Envases López SAPI de CV,D544C79B-6AB7-6840-F5B5-AC7163EF5E69,TX00291
GL01563,2025-07-22,1200,Clientes,0,348322.71,Cobro Envases López SAPI de CV,D544C79B-6AB7-6840-F5B5-AC7163EF5E69,TX00291
GL01564,2025-07-23,6000,Gastos consumibles,204062.4,0,Factura 51107 Grupo Guadalupe SA de CV,D9750F00-D5AB-A8AE-9112-FBC03D8F95F4,
GL01565,2025-07-23,1180,IVA acreditable,32649.98,0,IVA factura 51107,D9750F00-D5AB-A8AE-9112-FBC03D8F95F4,
GL01566,2025-07-23,2100,Proveedores,0,236712.38,Factura 51107 Grupo Guadalupe SA de CV,D9750F00-D5AB-A8AE-9112-FBC03D8F95F4,
GL01567,2025-07-23,2100,Proveedores,198733.98,0,Pago Aceros Santa Catarina SA de CV,B3B6D344-F2E3-C6F0-0075-D3D5BA94AA66,TX00292
GL01568,2025-07-23,1020,Bancos,0,198733.98,Pago Aceros Santa Catarina SA de CV,B3B6D344-F2E3-C6F0-0075-D3D5BA94AA66,TX00292
GL01569,2025-07-23,6000,Gastos servicios,70382.4,0,Factura 91904 Neumática Apodaca S de RL de CV,032A461A-DF9B-7C1F-EACB-1F6D7549C9F9,
GL01570,2025-07-23,1180,IVA acreditable,11261.18,0,IVA factura 91904,032A461A-DF9B-7C1F-EACB-1F6D7549C9F9,
GL01571,2025-07-23,2100,Proveedores,0,81643.58,Factura 91904 Neumática Apodaca S de RL de CV,032A461A-DF9B-7C1F-EACB-1F6D7549C9F9,
GL01572,2025-07-23,2100,Proveedores,235793.08,0,Pago Hidráulica Apodaca SAPI de CV,DF2E37E7-C4FC-BB84-24AE-FBEA53CC6B95,TX00293
GL01573,2025-07-23,1020,Bancos,0,235793.08,Pago Hidráulica Apodaca SAPI de CV,DF2E37E7-C4FC-BB84-24AE-FBEA53CC6B95,TX00293
GL01574,2025-07-24,1020,Bancos,306133.31,0,Cobro Grupo Martínez SAPI de CV,A93C9413-1396-A289-C29A-988F18A95210,TX00294
GL01575,2025-07-24,1200,Clientes,0,306133.31,Cobro Grupo Martínez SAPI de CV,A93C9413-1396-A289-C29A-988F18A95210,TX00294
GL01576,2025-07-25,6000,Gastos consumibles,14927.8,0,Factura 72594 Distribuidora Industrial S de RL de CV,161D5C87-53C9-FE59-4F89-E3B2D847DC53,
GL01577,2025-07-25,1180,IVA acreditable,2388.45,0,IVA factura 72594,161D5C87-53C9-FE59-4F89-E3B2D847DC53,
GL01578,2025-07-25,2100,Proveedores,0,17316.25,Factura 72594 Distribuidora Industrial S de RL de CV,161D5C87-53C9-FE59-4F89-E3B2D847DC53,
GL01579,2025-07-28,2100,Proveedores,234564.18,0,Pago Aceros Santa Catarina SA de CV,CD6BB03B-EB35-37A0-2D6E-0291B7893986,TX00295
GL01580,2025-07-28,1020,Bancos,0,234564.18,Pago Aceros Santa Catarina SA de CV,CD6BB03B-EB35-37A0-2D6E-0291B7893986,TX00295
GL01581,2025-07-28,6000,Gastos consumibles,51210.5,0,Factura 22249 Transportes Apodaca SAPI de CV,812FAA38-96F6-1C09-059C-1BA0BBEC721D,
GL01582,2025-07-28,1180,IVA acreditable,8193.68,0,IVA factura 22249,812FAA38-96F6-1C09-059C-1BA0BBEC721D,
GL01583,2025-07-28,2100,Proveedores,0,59404.18,Factura 22249 Transportes Apodaca SAPI de CV,812FAA38-96F6-1C09-059C-1BA0BBEC721D,
GL01584,2025-07-28,2100,Proveedores,230120.68,0,Pago Transportes Apodaca SAPI de CV,57BCAD3A-D0A1-7FE8-5F64-2A5317CBA85D,TX00296
GL01585,2025-07-28,1020,Bancos,0,230120.68,Pago Transportes Apodaca SAPI de CV,57BCAD3A-D0A1-7FE8-5F64-2A5317CBA85D,TX00296
GL01586,2025-07-28,6000,Gastos materia_prima,117369.9,0,Factura 81242 Ferretera de México SAPI de CV,9AAD10CE-CAB2-4F24-1744-EE3FD36EC1BD,
GL01587,2025-07-28,1180,IVA acreditable,18779.18,0,IVA factura 81242,9AAD10CE-CAB2-4F24-1744-EE3FD36EC1BD,
GL01588,2025-07-28,2100,Proveedores,0,136149.08,Factura 81242 Ferretera de México SAPI de CV,9AAD10CE-CAB2-4F24-1744-EE3FD36EC1BD,
GL01589,2025-07-28,6000,Gastos consumibles,36162.4,0,Factura 66051 Servicios Escobedo SAPI de CV,1287E313-8F02-6C2C-1B41-49998198D1F5,
GL01590,2025-07-28,1180,IVA acreditable,5785.98,0,IVA factura 66051,1287E313-8F02-6C2C-1B41-49998198D1F5,
GL01591,2025-07-28,2100,Proveedores,0,41948.38,Factura 66051 Servicios Escobedo SAPI de CV,1287E313-8F02-6C2C-1B41-49998198D1F5,
GL01592,2025-07-28,2100,Proveedores,173478.58,0,Pago Metálica San Nicolás SA de CV,CBF85149-B6DA-99CD-D14B-256C67DB0943,TX00297
GL01593,2025-07-28,1020,Bancos,0,173478.58,Pago Metálica San Nicolás SA de CV,CBF85149-B6DA-99CD-D14B-256C67DB0943,TX00297
GL01594,2025-07-28,6100,Sueldos y salarios,413872.9,0,Nómina,,TX00298
GL01595,2025-07-28,1020,Bancos,0,413872.9,Nómina,,TX00298
GL01596,2025-07-29,6000,Gastos consumibles,13099.9,0,Factura 44011 Distribuidora Industrial S de RL de CV,0274CE40-E090-16B6-B186-A5A8D6EE526B,
GL01597,2025-07-29,1180,IVA acreditable,2095.98,0,IVA factura 44011,0274CE40-E090-16B6-B186-A5A8D6EE526B,
GL01598,2025-07-29,2100,Proveedores,0,15195.88,Factura 44011 Distribuidora Industrial S de RL de CV,0274CE40-E090-16B6-B186-A5A8D6EE526B,
GL01599,2025-07-29,2100,Proveedores,187758.18,0,Pago Soldadura Industrial SA de CV,D4E99A65-022B-7E76-AC3C-BE3402B53D3D,TX00299
GL01600,2025-07-29,1020,Bancos,0,187758.18,Pago Soldadura Industrial SA de CV,D4E99A65-022B-7E76-AC3C-BE3402B53D3D,TX00299
GL01601,2025-07-29,1020,Bancos,122356.95,0,Cobro Grupo Salinas SAPI de CV,D5AD86BC-F1DB-9AD8-6098-0B94E05B1892,TX00300
GL01602,2025-07-29,1200,Clientes,0,122356.95,Cobro Grupo Salinas SAPI de CV,D5AD86BC-F1DB-9AD8-6098-0B94E05B1892,TX00300
GL01603,2025-07-30,2100,Proveedores,22748.18,0,Pago Electrónica Regiomontana SAPI de CV,54BBBCF8-28FE-A761-8D49-FE3F2CA8F783,TX00301
GL01604,2025-07-30,1020,Bancos,0,22748.18,Pago Electrónica Regiomontana SAPI de CV,54BBBCF8-28FE-A761-8D49-FE3F2CA8F783,TX00301
GL01605,2025-07-30,6000,Gastos consumibles,122040,0,Factura 88957 Transportes Apodaca SAPI de CV,DE4B061E-B45E-9463-032A-09E05071E5F0,
GL01606,2025-07-30,1180,IVA acreditable,19526.4,0,IVA factura 88957,DE4B061E-B45E-9463-032A-09E05071E5F0,
GL01607,2025-07-30,2100,Proveedores,0,141566.4,Factura 88957 Transportes Apodaca SAPI de CV,DE4B061E-B45E-9463-032A-09E05071E5F0,
GL01608,2025-07-30,2100,Proveedores,122820.8,0,Pago Servicios Guadalupe S de RL de CV,D2535515-9DC0-A8B5-5987-038AFCD6C18E,TX00302
GL01609,2025-07-30,1020,Bancos,0,122820.8,Pago Servicios Guadalupe S de RL de CV,D2535515-9DC0-A8B5-5987-038AFCD6C18E,TX00302
GL01610,2025-07-30,1020,Bancos,251376.92,0,Cobro Manufacturas López SAPI de CV,EBF484D0-CE6D-29BF-BC63-3D6C6EAF0A90,TX00303
GL01611,2025-07-30,1200,Clientes,0,251376.92,Cobro Manufacturas López SAPI de CV,EBF484D0-CE6D-29BF-BC63-3D6C6EAF0A90,TX00303
GL01612,2025-07-31,2100,Proveedores,173234.98,0,Pago Pinturas del Norte SAPI de CV,65F30779-F6EE-5CDB-2D79-A2D1506E50C7,TX00304
GL01613,2025-07-31,1020,Bancos,0,173234.98,Pago Pinturas del Norte SAPI de CV,65F30779-F6EE-5CDB-2D79-A2D1506E50C7,TX00304
GL01614,2025-07-31,1020,Bancos,176513.08,0,Cobro Envases Rodríguez SAPI de CV,7122D7A0-D129-72D3-2396-6B835CD14B22,TX00305
GL01615,2025-07-31,1200,Clientes,0,176513.08,Cobro Envases Rodríguez SAPI de CV,7122D7A0-D129-72D3-2396-6B835CD14B22,TX00305
GL01616,2025-07-31,1200,Clientes,157871.95,0,Venta 1462 Grupo Salinas S de RL de CV,41A67C90-291C-0DA1-A563-0D3A497BC13B,
GL01617,2025-07-31,4000,Ventas,0,136096.51,Venta 1462 Grupo Salinas S de RL de CV,41A67C90-291C-0DA1-A563-0D3A497BC13B,
GL01618,2025-07-31,2180,IVA trasladado,0,21775.44,IVA venta 1462,41A67C90-291C-0DA1-A563-0D3A497BC13B,
GL01619,2025-08-01,2100,Proveedores,39521.08,0,Pago Refacciones Apodaca S de RL de CV,390239D9-FA8D-AE42-BA54-E9202099D180,TX00306
GL01620,2025-08-01,1020,Bancos,0,39521.08,Pago Refacciones Apodaca S de RL de CV,390239D9-FA8D-AE42-BA54-E9202099D180,TX00306
GL01621,2025-08-01,6000,Gastos servicios,36669.9,0,Factura 13233 Neumática Apodaca S de RL de CV,F08CE6C2-F6FF-3521-C225-0530952A5345,
GL01622,2025-08-01,1180,IVA acreditable,5867.18,0,IVA factura 13233,F08CE6C2-F6FF-3521-C225-0530952A5345,
GL01623,2025-08-01,2100,Proveedores,0,42537.08,Factura 13233 Neumática Apodaca S de RL de CV,F08CE6C2-F6FF-3521-C225-0530952A5345,
GL01624,2025-08-01,2100,Proveedores,36285.38,0,Pago Grupo Nuevo León SAPI de CV,9FA4A627-D306-08BE-8548-867BAD5CBA24,TX00307
GL01625,2025-08-01,1020,Bancos,0,36285.38,Pago Grupo Nuevo León SAPI de CV,9FA4A627-D306-08BE-8548-867BAD5CBA24,TX00307
GL01626,2025-08-01,6000,Gastos materia_prima,55909.9,0,Factura 77342 Ferretera de México SAPI de CV,A8909E31-7517-5F39-7354-44FBE44A0371,
GL01627,2025-08-01,1180,IVA acreditable,8945.58,0,IVA factura 77342,A8909E31-7517-5F39-7354-44FBE44A0371,
GL01628,2025-08-01,2100,Proveedores,0,64855.48,Factura 77342 Ferretera de México SAPI de CV,A8909E31-7517-5F39-7354-44FBE44A0371,
GL01629,2025-08-01,2100,Proveedores,244850.25,0,Pago Ferretera de México SAPI de CV,E2ED8686-B334-22CB-9A3F-0AD169A9AFF9,TX00308
GL01630,2025-08-01,1020,Bancos,0,244850.25,Pago Ferretera de México SAPI de CV,E2ED8686-B334-22CB-9A3F-0AD169A9AFF9,TX00308
GL01631,2025-08-01,6000,Gastos materia_prima,17437.8,0,Factura 43600 Grupo Monterrey S de RL de CV,A9D049DC-369E-5AF8-E226-49EE38A06FFE,
GL01632,2025-08-01,1180,IVA acreditable,2790.05,0,IVA factura 43600,A9D049DC-369E-5AF8-E226-49EE38A06FFE,
GL01633,2025-08-01,2100,Proveedores,0,20227.85,Factura 43600 Grupo Monterrey S de RL de CV,A9D049DC-369E-5AF8-E226-49EE38A06FFE,
GL01634,2025-08-01,6000,Gastos servicios,150000,0,Factura 52970 Metálica Santa Catarina SA de CV,C0AC1C00-AF8E-26B2-6CFB-F1736B4D3D1A,
GL01635,2025-08-01,1180,IVA acreditable,24000.0,0,IVA factura 52970,C0AC1C00-AF8E-26B2-6CFB-F1736B4D3D1A,
GL01636,2025-08-01,2100,Proveedores,0,174000.0,Factura 52970 Metálica Santa Catarina SA de CV,C0AC1C00-AF8E-26B2-6CFB-F1736B4D3D1A,
GL01637,2025-08-04,6000,Gastos consumibles,50482.4,0,Factura 88354 Distribuidora Industrial S de RL de CV,8085C147-1E91-0F36-5F70-5B2592502E59,
GL01638,2025-08-04,1180,IVA acreditable,8077.18,0,IVA factura 88354,8085C147-1E91-0F36-5F70-5B2592502E59,
GL01639,2025-08-04,2100,Proveedores,0,58559.58,Factura 88354 Distribuidora Industrial S de RL de CV,8085C147-1E91-0F36-5F70-5B2592502E59,
GL01640,2025-08-04,6000,Gastos servicios,74820,0,Factura 53468 Neumática Apodaca S de RL de CV,D2EFA93B-E9D6-BB7E-361D-B014711456DE,
GL01641,2025-08-04,1180,IVA acreditable,11971.2,0,IVA factura 53468,D2EFA93B-E9D6-BB7E-361D-B014711456DE,
GL01642,2025-08-04,2100,Proveedores,0,86791.2,Factura 53468 Neumática Apodaca S de RL de CV,D2EFA93B-E9D6-BB7E-361D-B014711456DE,
GL01643,2025-08-04,1020,Bancos,129952.14,0,Cobro Envases Villarreal SA de CV,83EF3CE9-9FFD-A1E7-4052-E3A566FD3215,TX00309
GL01644,2025-08-04,1200,Clientes,0,129952.14,Cobro Envases Villarreal SA de CV,83EF3CE9-9FFD-A1E7-4052-E3A566FD3215,TX00309
GL01645,2025-08-05,2100,Proveedores,36075.88,0,Pago Ferretera Monterrey S de RL de CV,ADA59CB2-882A-E449-B5B7-1C24785CA87B,TX00310
GL01646,2025-08-05,1020,Bancos,0,36075.88,Pago Ferretera Monterrey S de RL de CV,ADA59CB2-882A-E449-B5B7-1C24785CA87B,TX00310
GL01647,2025-08-05,1020,Bancos,205327.45,0,Cobro Grupo López SAPI de CV,5B7C57E8-FDF0-2450-585B-4B176D9B1EB1,TX00311
GL01648,2025-08-05,1200,Clientes,0,205327.45,Cobro Grupo López SAPI de CV,5B7C57E8-FDF0-2450-585B-4B176D9B1EB1,TX00311
GL01649,2025-08-05,1200,Clientes,244699.08,0,Venta 1474 Construcciones Elizondo SA de CV,E1228E75-4719-8F5C-F69B-D5963F10938C,
GL01650,2025-08-05,4000,Ventas,0,210947.48,Venta 1474 Construcciones Elizondo SA de CV,E1228E75-4719-8F5C-F69B-D5963F10938C,
GL01651,2025-08-05,2180,IVA trasladado,0,33751.6,IVA venta 1474,E1228E75-4719-8F5C-F69B-D5963F10938C,
GL01652,2025-08-05,1200,Clientes,412535.49,0,Venta 1482 Construcciones Quintanilla S de RL de CV,290C42F8-D30B-EF65-19B3-8619D1FB55B1,
GL01653,2025-08-05,4000,Ventas,0,355634.04,Venta 1482 Construcciones Quintanilla S de RL de CV,290C42F8-D30B-EF65-19B3-8619D1FB55B1,
GL01654,2025-08-05,2180,IVA trasladado,0,56901.45,IVA venta 1482,290C42F8-D30B-EF65-19B3-8619D1FB55B1,
GL01655,2025-08-05,1200,Clientes,385071.25,0,Venta 1525 Manufacturas López SAPI de CV,A174A785-6F21-90CB-2FB5-04019D267076,
GL01656,2025-08-05,4000,Ventas,0,331957.97,Venta 1525 Manufacturas López SAPI de CV,A174A785-6F21-90CB-2FB5-04019D267076,
GL01657,2025-08-05,2180,IVA trasladado,0,53113.28,IVA venta 1525,A174A785-6F21-90CB-2FB5-04019D267076,
GL01658,2025-08-05,2100,Proveedores,174000.0,0,Pago Metálica Santa Catarina SA de CV,C0AC1C00-AF8E-26B2-6CFB-F1736B4D3D1A,TX00312
GL01659,2025-08-05,1020,Bancos,0,174000.0,Pago Metálica Santa Catarina SA de CV,C0AC1C00-AF8E-26B2-6CFB-F1736B4D3D1A,TX00312
GL01660,2025-08-05,6000,Gastos refacciones,50000,0,Factura 95172 Electrónica Industrial S de RL de CV,BAF9706D-802D-DCC4-DC95-6E3103491B41,
GL01661,2025-08-05,1180,IVA acreditable,8000.0,0,IVA factura 95172,BAF9706D-802D-DCC4-DC95-6E3103491B41,
GL01662,2025-08-05,2100,Proveedores,0,58000.0,Factura 95172 Electrónica Industrial S de RL de CV,BAF9706D-802D-DCC4-DC95-6E3103491B41,
GL01663,2025-08-05,6000,Gastos consumibles,1545.69,0,Factura 95357 Ferretera San Nicolás SA de CV,8720D00F-1263-01A0-641C-B619643058D9,
GL01664,2025-08-05,1180,IVA acreditable,247.31,0,IVA factura 95357,8720D00F-1263-01A0-641C-B619643058D9,
GL01665,2025-08-05,2100,Proveedores,0,1793.0,Factura 95357 Ferretera San Nicolás SA de CV,8720D00F-1263-01A0-641C-B619643058D9,
GL01666,2025-08-06,2100,Proveedores,141123.05,0,Pago Aceros Santa Catarina SA de CV,59EA4936-60F3-4EBC-E1BB-B8CD7E3A9F07,TX00313
GL01667,2025-08-06,1020,Bancos,0,141123.05,Pago Aceros Santa Catarina SA de CV,59EA4936-60F3-4EBC-E1BB-B8CD7E3A9F07,TX00313
GL01668,2025-08-06,1200,Clientes,135880.82,0,Venta 1421 Construcciones Hernández SA de CV,C2EBBAA2-1CE3-70ED-6857-07AC3A40FE39,
GL01669,2025-08-06,4000,Ventas,0,117138.64,Venta 1421 Construcciones Hernández SA de CV,C2EBBAA2-1CE3-70ED-6857-07AC3A40FE39,
GL01670,2025-08-06,2180,IVA trasladado,0,18742.18,IVA venta 1421,C2EBBAA2-1CE3-70ED-6857-07AC3A40FE39,
GL01671,2025-08-06,1020,Bancos,304034.0,0,Cobro Grupo Martínez SAPI de CV,48D0E602-FA4F-FBA8-C437-6D895A4EB9F3,TX00314
GL01672,2025-08-06,1200,Clientes,0,304034.0,Cobro Grupo Martínez SAPI de CV,48D0E602-FA4F-FBA8-C437-6D895A4EB9F3,TX00314
GL01673,2025-08-07,2100,Proveedores,12237.88,0,Pago Grupo Monterrey S de RL de CV,D5B211A9-9DEC-2B83-3885-8F7E2F1A25A8,TX00315
GL01674,2025-08-07,1020,Bancos,0,12237.88,Pago Grupo Monterrey S de RL de CV,D5B211A9-9DEC-2B83-3885-8F7E2F1A25A8,TX00315
GL01675,2025-08-07,1200,Clientes,169793.13,0,Venta 1529 Envases García S de RL de CV,EAD44E11-1397-A29F-8D0D-F6F60C37EB80,
GL01676,2025-08-07,4000,Ventas,0,146373.39,Venta 1529 Envases García S de RL de CV,EAD44E11-1397-A29F-8D0D-F6F60C37EB80,
GL01677,2025-08-07,2180,IVA trasladado,0,23419.74,IVA venta 1529,EAD44E11-1397-A29F-8D0D-F6F60C37EB80,
GL01678,2025-08-08,6000,Gastos consumibles,46677.8,0,Factura 75850 Distribuidora Industrial S de RL de CV,8C1C8B05-5677-1F36-4899-8E5FD40E53CE,
GL01679,2025-08-08,1180,IVA acreditable,7468.45,0,IVA factura 75850,8C1C8B05-5677-1F36-4899-8E5FD40E53CE,
GL01680,2025-08-08,2100,Proveedores,0,54146.25,Factura 75850 Distribuidora Industrial S de RL de CV,8C1C8B05-5677-1F36-4899-8E5FD40E53CE,
GL01681,2025-08-08,6000,Gastos consumibles,210217.8,0,Factura 1945 Transportes Apodaca SAPI de CV,5F8392D5-BB0C-7919-330C-CFF588A5FA0D,
GL01682,2025-08-08,1180,IVA acreditable,33634.85,0,IVA factura 1945,5F8392D5-BB0C-7919-330C-CFF588A5FA0D,
GL01683,2025-08-08,2100,Proveedores,0,243852.65,Factura 1945 Transportes Apodaca SAPI de CV,5F8392D5-BB0C-7919-330C-CFF588A5FA0D,
GL01684,2025-08-08,2100,Proveedores,230596.4,0,Pago Hidráulica Apodaca SAPI de CV,227197CA-7887-73ED-4AF7-15B7109EFB40,TX00316
GL01685,2025-08-08,1020,Bancos,0,230596.4,Pago Hidráulica Apodaca SAPI de CV,227197CA-7887-73ED-4AF7-15B7109EFB40,TX00316
GL01686,2025-08-08,2100,Proveedores,9764.65,0,Pago Soldadura de México SAPI de CV,BB3607B0-BAED-6F49-245F-D841147F0413,TX00317
GL01687,2025-08-08,1020,Bancos,0,9764.65,Pago Soldadura de México SAPI de CV,BB3607B0-BAED-6F49-245F-D841147F0413,TX00317
GL01688,2025-08-08,1200,Clientes,125236.6,0,Venta 1425 Construcciones Hernández SA de CV,CD6C78DD-D74F-9844-E50E-A3EC11D1E7D5,
GL01689,2025-08-08,4000,Ventas,0,107962.59,Venta 1425 Construcciones Hernández SA de CV,CD6C78DD-D74F-9844-E50E-A3EC11D1E7D5,
GL01690,2025-08-08,2180,IVA trasladado,0,17274.01,IVA venta 1425,CD6C78DD-D74F-9844-E50E-A3EC11D1E7D5,
GL01691,2025-08-11,6000,Gastos materia_prima,74390,0,Factura 72728 Aceros Santa Catarina SA de CV,B27B7BB4-68C6-90B2-30A2-CEE8F9722CC1,
GL01692,2025-08-11,1180,IVA acreditable,11902.4,0,IVA factura 72728,B27B7BB4-68C6-90B2-30A2-CEE8F9722CC1,
GL01693,2025-08-11,2100,Proveedores,0,86292.4,Factura 72728 Aceros Santa Catarina SA de CV,B27B7BB4-68C6-90B2-30A2-CEE8F9722CC1,
GL01694,2025-08-11,2100,Proveedores,107633.85,0,Pago Neumática Apodaca S de RL de CV,798E175F-EFB5-6207-DDEC-C40BAFE3AF13,TX00318
GL01695,2025-08-11,1020,Bancos,0,107633.85,Pago Neumática Apodaca S de RL de CV,798E175F-EFB5-6207-DDEC-C40BAFE3AF13,TX00318
GL01696,2025-08-11,2100,Proveedores,81643.58,0,Pago Neumática Apodaca S de RL de CV,032A461A-DF9B-7C1F-EACB-1F6D7549C9F9,TX00319
GL01697,2025-08-11,1020,Bancos,0,81643.58,Pago Neumática Apodaca S de RL de CV,032A461A-DF9B-7C1F-EACB-1F6D7549C9F9,TX00319
GL01698,2025-08-11,2100,Proveedores,59424.25,0,Pago Herramientas Monterrey SA de CV,290C4414-8DF5-0B01-DC4D-B762EA1AF7D2,TX00320
GL01699,2025-08-11,1020,Bancos,0,59424.25,Pago Herramientas Monterrey SA de CV,290C4414-8DF5-0B01-DC4D-B762EA1AF7D2,TX00320
GL01700,2025-08-11,2100,Proveedores,43061.98,0,Pago Industrias Nuevo León SA de CV,CFA28FB8-4199-322E-3BA5-81263FF69F41,TX00321
GL01701,2025-08-11,1020,Bancos,0,43061.98,Pago Industrias Nuevo León SA de CV,CFA28FB8-4199-322E-3BA5-81263FF69F41,TX00321
GL01702,2025-08-11,6000,Gastos refacciones,96717.8,0,Factura 97789 Servicios Guadalupe S de RL de CV,9249EE3A-79D1-9C4E-1521-AD35560F1E2D,
GL01703,2025-08-11,1180,IVA acreditable,15474.85,0,IVA factura 97789,9249EE3A-79D1-9C4E-1521-AD35560F1E2D,
GL01704,2025-08-11,2100,Proveedores,0,112192.65,Factura 97789 Servicios Guadalupe S de RL de CV,9249EE3A-79D1-9C4E-1521-AD35560F1E2D,
GL01705,2025-08-11,6000,Gastos materia_prima,143302.4,0,Factura 10309 Metálica San Nicolás SA de CV,AB6B3F08-A9A0-F4EF-2C4F-54163C749C16,
GL01706,2025-08-11,1180,IVA acreditable,22928.38,0,IVA factura 10309,AB6B3F08-A9A0-F4EF-2C4F-54163C749C16,
GL01707,2025-08-11,2100,Proveedores,0,166230.78,Factura 10309 Metálica San Nicolás SA de CV,AB6B3F08-A9A0-F4EF-2C4F-54163C749C16,
GL01708,2025-08-11,1020,Bancos,221589.05,0,Cobro Grupo Montemayor S de RL de CV,0C78947B-5B21-C9F0-F485-2088E97FB025,TX00322
GL01709,2025-08-11,1200,Clientes,0,221589.05,Cobro Grupo Montemayor S de RL de CV,0C78947B-5B21-C9F0-F485-2088E97FB025,TX00322
GL01710,2025-08-11,1020,Bancos,130030.04,0,Cobro Construcciones Hernández SA de CV,1F6D5768-677F-7C73-FD9B-FAF3D8125123,TX00323
GL01711,2025-08-11,1200,Clientes,0,130030.04,Cobro Construcciones Hernández SA de CV,1F6D5768-677F-7C73-FD9B-FAF3D8125123,TX00323
GL01712,2025-08-11,1200,Clientes,102562.29,0,Venta 1440 Grupo Martínez SAPI de CV,C3963BF9-7CC9-D887-639A-C771B739A28A,
GL01713,2025-08-11,4000,Ventas,0,88415.77,Venta 1440 Grupo Martínez SAPI de CV,C3963BF9-7CC9-D887-639A-C771B739A28A,
GL01714,2025-08-11,2180,IVA trasladado,0,14146.52,IVA venta 1440,C3963BF9-7CC9-D887-639A-C771B739A28A,
GL01715,2025-08-11,1200,Clientes,164549.69,0,Venta 1506 Autopartes Martínez SAPI de CV,D45FF4DB-9CE9-1544-4362-262DE07EE721,
GL01716,2025-08-11,4000,Ventas,0,141853.18,Venta 1506 Autopartes Martínez SAPI de CV,D45FF4DB-9CE9-1544-4362-262DE07EE721,
GL01717,2025-08-11,2180,IVA trasladado,0,22696.51,IVA venta 1506,D45FF4DB-9CE9-1544-4362-262DE07EE721,
GL01718,2025-08-11,1200,Clientes,269555.42,0,Venta 1535 Envases García S de RL de CV,0367EE2C-1DDE-A07D-651A-6277017F319F,
GL01719,2025-08-11,4000,Ventas,0,232375.36,Venta 1535 Envases García S de RL de CV,0367EE2C-1DDE-A07D-651A-6277017F319F,
GL01720,2025-08-11,2180,IVA trasladado,0,37180.06,IVA venta 1535,0367EE2C-1DDE-A07D-651A-6277017F319F,
GL01721,2025-08-11,1020,Bancos,49688.3,0,Cobro Envases López SAPI de CV,6E89A7A8-B68D-4037-D8FE-3FB8A1628ABF,TX00324
GL01722,2025-08-11,1200,Clientes,0,49688.3,Cobro Envases López SAPI de CV,6E89A7A8-B68D-4037-D8FE-3FB8A1628ABF,TX00324
GL01723,2025-08-12,6000,Gastos renta_util,4919.9,0,Factura 60096 Maquinados Apodaca SA de CV,22EB69B1-5F9C-B7E0-6328-143E2D9563ED,
GL01724,2025-08-12,1180,IVA acreditable,787.18,0,IVA factura 60096,22EB69B1-5F9C-B7E0-6328-143E2D9563ED,
GL01725,2025-08-12,2100,Proveedores,0,5707.08,Factura 60096 Maquinados Apodaca SA de CV,22EB69B1-5F9C-B7E0-6328-143E2D9563ED,
GL01726,2025-08-12,1200,Clientes,419179.75,0,Venta 1507 Autopartes Villarreal SAPI de CV,7DC42F12-FE9B-D0E1-BCA3-765350C76BAA,
GL01727,2025-08-12,4000,Ventas,0,361361.85,Venta 1507 Autopartes Villarreal SAPI de CV,7DC42F12-FE9B-D0E1-BCA3-765350C76BAA,
GL01728,2025-08-12,2180,IVA trasladado,0,57817.9,IVA venta 1507,7DC42F12-FE9B-D0E1-BCA3-765350C76BAA,
GL01729,2025-08-12,1200,Clientes,55088.97,0,Venta 1548 Envases López SAPI de CV,78202426-3134-1AB8-B9E8-D78149BB1313,
GL01730,2025-08-12,4000,Ventas,0,47490.49,Venta 1548 Envases López SAPI de CV,78202426-3134-1AB8-B9E8-D78149BB1313,
GL01731,2025-08-12,2180,IVA trasladado,0,7598.48,IVA venta 1548,78202426-3134-1AB8-B9E8-D78149BB1313,
GL01732,2025-08-13,1200,Clientes,310052.89,0,Venta 1480 Construcciones Elizondo SA de CV,A4F954FC-C449-21B6-CFEF-7811E124C3F2,
GL01733,2025-08-13,4000,Ventas,0,267286.97,Venta 1480 Construcciones Elizondo SA de CV,A4F954FC-C449-21B6-CFEF-7811E124C3F2,
GL01734,2025-08-13,2180,IVA trasladado,0,42765.92,IVA venta 1480,A4F954FC-C449-21B6-CFEF-7811E124C3F2,
GL01735,2025-08-14,2100,Proveedores,190167.85,0,Pago Transportes Apodaca SAPI de CV,1CF14654-2AB2-02C2-CC02-43C6E2D903C8,TX00325
GL01736,2025-08-14,1020,Bancos,0,190167.85,Pago Transportes Apodaca SAPI de CV,1CF14654-2AB2-02C2-CC02-43C6E2D903C8,TX00325
GL01737,2025-08-14,2100,Proveedores,10245.58,0,Pago Grupo Monterrey S de RL de CV,4E336644-C657-20AE-5BD6-7D4D7202FAE5,TX00326
GL01738,2025-08-14,1020,Bancos,0,10245.58,Pago Grupo Monterrey S de RL de CV,4E336644-C657-20AE-5BD6-7D4D7202FAE5,TX00326
GL01739,2025-08-14,2100,Proveedores,22573.48,0,Pago Ferretera Monterrey S de RL de CV,236E9007-3468-0B6E-C609-0B78B5971E43,TX00327
GL01740,2025-08-14,1020,Bancos,0,22573.48,Pago Ferretera Monterrey S de RL de CV,236E9007-3468-0B6E-C609-0B78B5971E43,TX00327
GL01741,2025-08-14,6000,Gastos servicios,380000,0,Factura 90356 Rodríguez y Asociados SC,809BD813-4F13-823B-51F4-A72499503858,
GL01742,2025-08-14,1180,IVA acreditable,60800.0,0,IVA factura 90356,809BD813-4F13-823B-51F4-A72499503858,
GL01743,2025-08-14,2100,Proveedores,0,440800.0,Factura 90356 Rodríguez y Asociados SC,809BD813-4F13-823B-51F4-A72499503858,
GL01744,2025-08-15,6000,Gastos consumibles,44760,0,Factura 87394 Herramientas Monterrey SA de CV,85695F97-180D-C855-C55F-FDE8BC3E1D19,
GL01745,2025-08-15,1180,IVA acreditable,7161.6,0,IVA factura 87394,85695F97-180D-C855-C55F-FDE8BC3E1D19,
GL01746,2025-08-15,2100,Proveedores,0,51921.6,Factura 87394 Herramientas Monterrey SA de CV,85695F97-180D-C855-C55F-FDE8BC3E1D19,
GL01747,2025-08-18,2100,Proveedores,108066.18,0,Pago Refacciones Apodaca S de RL de CV,EFFA2002-3040-413C-4690-FB1527B608DC,TX00328
GL01748,2025-08-18,1020,Bancos,0,108066.18,Pago Refacciones Apodaca S de RL de CV,EFFA2002-3040-413C-4690-FB1527B608DC,TX00328
GL01749,2025-08-18,2100,Proveedores,28315.6,0,Pago Distribuidora Industrial S de RL de CV,7FE4A42E-3DB7-88A6-1CDC-C4C262C965B2,TX00329
GL01750,2025-08-18,1020,Bancos,0,28315.6,Pago Distribuidora Industrial S de RL de CV,7FE4A42E-3DB7-88A6-1CDC-C4C262C965B2,TX00329
GL01751,2025-08-18,2100,Proveedores,17316.25,0,Pago Distribuidora Industrial S de RL de CV,161D5C87-53C9-FE59-4F89-E3B2D847DC53,TX00330
GL01752,2025-08-18,1020,Bancos,0,17316.25,Pago Distribuidora Industrial S de RL de CV,161D5C87-53C9-FE59-4F89-E3B2D847DC53,TX00330
GL01753,2025-08-18,2100,Proveedores,15195.88,0,Pago Distribuidora Industrial S de RL de CV,0274CE40-E090-16B6-B186-A5A8D6EE526B,TX00331
GL01754,2025-08-18,1020,Bancos,0,15195.88,Pago Distribuidora Industrial S de RL de CV,0274CE40-E090-16B6-B186-A5A8D6EE526B,TX00331
GL01755,2025-08-18,6000,Gastos servicios,27787.8,0,Factura 74056 Neumática Apodaca S de RL de CV,44C07A9A-D64A-CB1F-39EB-038A436E3C49,
GL01756,2025-08-18,1180,IVA acreditable,4446.05,0,IVA factura 74056,44C07A9A-D64A-CB1F-39EB-038A436E3C49,
GL01757,2025-08-18,2100,Proveedores,0,32233.85,Factura 74056 Neumática Apodaca S de RL de CV,44C07A9A-D64A-CB1F-39EB-038A436E3C49,
GL01758,2025-08-18,6000,Gastos servicios,38520.5,0,Factura 55592 Neumática Apodaca S de RL de CV,0AECCEC7-204D-B9DA-3156-7F2ACEF74829,
GL01759,2025-08-18,1180,IVA acreditable,6163.28,0,IVA factura 55592,0AECCEC7-204D-B9DA-3156-7F2ACEF74829,
GL01760,2025-08-18,2100,Proveedores,0,44683.78,Factura 55592 Neumática Apodaca S de RL de CV,0AECCEC7-204D-B9DA-3156-7F2ACEF74829,
GL01761,2025-08-18,6000,Gastos consumibles,111979.9,0,Factura 89981 Transportes Apodaca SAPI de CV,B1F81AD9-349B-5089-2733-5670B3ADA2BA,
GL01762,2025-08-18,1180,IVA acreditable,17916.78,0,IVA factura 89981,B1F81AD9-349B-5089-2733-5670B3ADA2BA,
GL01763,2025-08-18,2100,Proveedores,0,129896.68,Factura 89981 Transportes Apodaca SAPI de CV,B1F81AD9-349B-5089-2733-5670B3ADA2BA,
GL01764,2025-08-18,6000,Gastos materia_prima,77810,0,Factura 5426 Ferretera de México SAPI de CV,6090103C-1E8D-F8AD-838B-77ADBC2E2B59,
GL01765,2025-08-18,1180,IVA acreditable,12449.6,0,IVA factura 5426,6090103C-1E8D-F8AD-838B-77ADBC2E2B59,
GL01766,2025-08-18,2100,Proveedores,0,90259.6,Factura 5426 Ferretera de México SAPI de CV,6090103C-1E8D-F8AD-838B-77ADBC2E2B59,
GL01767,2025-08-18,2100,Proveedores,7989.85,0,Pago Grupo Monterrey S de RL de CV,0AF57E60-3BE8-A5DF-5E93-4DE043ACE875,TX00332
GL01768,2025-08-18,1020,Bancos,0,7989.85,Pago Grupo Monterrey S de RL de CV,0AF57E60-3BE8-A5DF-5E93-4DE043ACE875,TX00332
GL01769,2025-08-18,2100,Proveedores,11017.45,0,Pago Pinturas San Nicolás S de RL de CV,B49B4B72-C631-9C16-5827-BC1D93E0F235,TX00333
GL01770,2025-08-18,1020,Bancos,0,11017.45,Pago Pinturas San Nicolás S de RL de CV,B49B4B72-C631-9C16-5827-BC1D93E0F235,TX00333
GL01771,2025-08-18,6000,Gastos refacciones,197497.8,0,Factura 22064 Aceros Apodaca S de RL de CV,2514C7CE-F4E3-5F7B-A1B7-E3D876B874D3,
GL01772,2025-08-18,1180,IVA acreditable,31599.65,0,IVA factura 22064,2514C7CE-F4E3-5F7B-A1B7-E3D876B874D3,
GL01773,2025-08-18,2100,Proveedores,0,229097.45,Factura 22064 Aceros Apodaca S de RL de CV,2514C7CE-F4E3-5F7B-A1B7-E3D876B874D3,
GL01774,2025-08-18,6000,Gastos materia_prima,112192.4,0,Factura 69737 Soldadura Industrial SA de CV,EAEF2EC2-18EC-DE2B-0A80-2167F4B3F20E,
GL01775,2025-08-18,1180,IVA acreditable,17950.78,0,IVA factura 69737,EAEF2EC2-18EC-DE2B-0A80-2167F4B3F20E,
GL01776,2025-08-18,2100,Proveedores,0,130143.18,Factura 69737 Soldadura Industrial SA de CV,EAEF2EC2-18EC-DE2B-0A80-2167F4B3F20E,
GL01777,2025-08-18,6000,Gastos materia_prima,107062.4,0,Factura 7555 Soldadura Industrial SA de CV,178976DE-9E90-D107-0611-3BFE08B6F61D,
GL01778,2025-08-18,1180,IVA acreditable,17129.98,0,IVA factura 7555,178976DE-9E90-D107-0611-3BFE08B6F61D,
GL01779,2025-08-18,2100,Proveedores,0,124192.38,Factura 7555 Soldadura Industrial SA de CV,178976DE-9E90-D107-0611-3BFE08B6F61D,
GL01780,2025-08-18,6000,Gastos renta_util,9852.4,0,Factura 42788 Maquinados Apodaca SA de CV,E5FBC1C0-AD46-3549-BF41-13CB32E15F17,
GL01781,2025-08-18,1180,IVA acreditable,1576.38,0,IVA factura 42788,E5FBC1C0-AD46-3549-BF41-13CB32E15F17,
GL01782,2025-08-18,2100,Proveedores,0,11428.78,Factura 42788 Maquinados Apodaca SA de CV,E5FBC1C0-AD46-3549-BF41-13CB32E15F17,
GL01783,2025-08-18,6000,Gastos refacciones,42980,0,Factura 30551 Ferretera Monterrey S de RL de CV,CD4F2875-DF2D-DF20-05A4-3113101D759E,
GL01784,2025-08-18,1180,IVA acreditable,6876.8,0,IVA factura 30551,CD4F2875-DF2D-DF20-05A4-3113101D759E,
GL01785,2025-08-18,2100,Proveedores,0,49856.8,Factura 30551 Ferretera Monterrey S de RL de CV,CD4F2875-DF2D-DF20-05A4-3113101D759E,
GL01786,2025-08-18,6000,Gastos consumibles,21607.8,0,Factura 55652 Ferretera San Nicolás SA de CV,F8698E93-BA5E-4066-CE40-924A29EE29F4,
GL01787,2025-08-18,1180,IVA acreditable,3457.25,0,IVA factura 55652,F8698E93-BA5E-4066-CE40-924A29EE29F4,
GL01788,2025-08-18,2100,Proveedores,0,25065.05,Factura 55652 Ferretera San Nicolás SA de CV,F8698E93-BA5E-4066-CE40-924A29EE29F4,
GL01789,2025-08-18,1200,Clientes,416148.48,0,Venta 1524 Manufacturas López SAPI de CV,99AFEE64-9024-8225-44BB-10E079F7F38C,
GL01790,2025-08-18,4000,Ventas,0,358748.69,Venta 1524 Manufacturas López SAPI de CV,99AFEE64-9024-8225-44BB-10E079F7F38C,
GL01791,2025-08-18,2180,IVA trasladado,0,57399.79,IVA venta 1524,99AFEE64-9024-8225-44BB-10E079F7F38C,
GL01792,2025-08-18,2100,Proveedores,440800.0,0,Pago Rodríguez y Asociados SC,809BD813-4F13-823B-51F4-A72499503858,TX00334
GL01793,2025-08-18,1020,Bancos,0,440800.0,Pago Rodríguez y Asociados SC,809BD813-4F13-823B-51F4-A72499503858,TX00334
GL01794,2025-08-19,6000,Gastos materia_prima,19267.8,0,Factura 873 Grupo Monterrey S de RL de CV,88EAE7D4-1E49-4952-AC5D-4E5763B664F4,
GL01795,2025-08-19,1180,IVA acreditable,3082.85,0,IVA factura 873,88EAE7D4-1E49-4952-AC5D-4E5763B664F4,
GL01796,2025-08-19,2100,Proveedores,0,22350.65,Factura 873 Grupo Monterrey S de RL de CV,88EAE7D4-1E49-4952-AC5D-4E5763B664F4,
GL01797,2025-08-19,2100,Proveedores,126866.65,0,Pago Aceros Apodaca S de RL de CV,FAB1996A-2192-5613-9247-E8512E0D3860,TX00335
GL01798,2025-08-19,1020,Bancos,0,126866.65,Pago Aceros Apodaca S de RL de CV,FAB1996A-2192-5613-9247-E8512E0D3860,TX00335
GL01799,2025-08-19,1200,Clientes,177759.92,0,Venta 1438 Grupo Martínez SAPI de CV,09360F02-75AC-0819-714B-5C03605797CF,
GL01800,2025-08-19,4000,Ventas,0,153241.31,Venta 1438 Grupo Martínez SAPI de CV,09360F02-75AC-0819-714B-5C03605797CF,
GL01801,2025-08-19,2180,IVA trasladado,0,24518.61,IVA venta 1438,09360F02-75AC-0819-714B-5C03605797CF,
GL01802,2025-08-19,1020,Bancos,382919.46,0,Cobro Construcciones Elizondo SA de CV,6C412493-EF7C-EF26-3C66-7012BE741860,TX00336
GL01803,2025-08-19,1200,Clientes,0,382919.46,Cobro Construcciones Elizondo SA de CV,6C412493-EF7C-EF26-3C66-7012BE741860,TX00336
GL01804,2025-08-20,6000,Gastos materia_prima,60380,0,Factura 9825 Aceros Santa Catarina SA de CV,1ACF42C5-F3A0-2120-42D9-43EE51976E75,
GL01805,2025-08-20,1180,IVA acreditable,9660.8,0,IVA factura 9825,1ACF42C5-F3A0-2120-42D9-43EE51976E75,
GL01806,2025-08-20,2100,Proveedores,0,70040.8,Factura 9825 Aceros Santa Catarina SA de CV,1ACF42C5-F3A0-2120-42D9-43EE51976E75,
GL01807,2025-08-20,6000,Gastos materia_prima,67160.5,0,Factura 38370 Ferretera de México SAPI de CV,F6E5203C-A237-9E6F-D473-45345AEA6352,
GL01808,2025-08-20,1180,IVA acreditable,10745.68,0,IVA factura 38370,F6E5203C-A237-9E6F-D473-45345AEA6352,
GL01809,2025-08-20,2100,Proveedores,0,77906.18,Factura 38370 Ferretera de México SAPI de CV,F6E5203C-A237-9E6F-D473-45345AEA6352,
GL01810,2025-08-20,6000,Gastos materia_prima,61627.8,0,Factura 2236 Industrias Nuevo León SA de CV,9883E9B1-48D3-D2CE-FBA3-091F08DFAAF8,
GL01811,2025-08-20,1180,IVA acreditable,9860.45,0,IVA factura 2236,9883E9B1-48D3-D2CE-FBA3-091F08DFAAF8,
GL01812,2025-08-20,2100,Proveedores,0,71488.25,Factura 2236 Industrias Nuevo León SA de CV,9883E9B1-48D3-D2CE-FBA3-091F08DFAAF8,
GL01813,2025-08-20,1200,Clientes,182084.7,0,Venta 1518 Autopartes Quintanilla S de RL de CV,E8292E3B-BBFC-5DC1-FFF4-46B9BB468C13,
GL01814,2025-08-20,4000,Ventas,0,156969.57,Venta 1518 Autopartes Quintanilla S de RL de CV,E8292E3B-BBFC-5DC1-FFF4-46B9BB468C13,
GL01815,2025-08-20,2180,IVA trasladado,0,25115.13,IVA venta 1518,E8292E3B-BBFC-5DC1-FFF4-46B9BB468C13,
GL01816,2025-08-21,6000,Gastos materia_prima,9880,0,Factura 26622 Pinturas San Nicolás S de RL de CV,043D72DB-1BCB-404C-21D8-B96A62ADA157,
GL01817,2025-08-21,1180,IVA acreditable,1580.8,0,IVA factura 26622,043D72DB-1BCB-404C-21D8-B96A62ADA157,
GL01818,2025-08-21,2100,Proveedores,0,11460.8,Factura 26622 Pinturas San Nicolás S de RL de CV,043D72DB-1BCB-404C-21D8-B96A62ADA157,
GL01819,2025-08-21,2100,Proveedores,201549.88,0,Pago Aceros Apodaca S de RL de CV,05E9F407-DAAD-A0B1-2F13-2A6D2AD55C0B,TX00337
GL01820,2025-08-21,1020,Bancos,0,201549.88,Pago Aceros Apodaca S de RL de CV,05E9F407-DAAD-A0B1-2F13-2A6D2AD55C0B,TX00337
GL01821,2025-08-21,6000,Gastos materia_prima,7902.4,0,Factura 92666 Suministros Regiomontana S de RL de CV,1D39E9C2-1758-4F23-1FA0-9802BBB71494,
GL01822,2025-08-21,1180,IVA acreditable,1264.38,0,IVA factura 92666,1D39E9C2-1758-4F23-1FA0-9802BBB71494,
GL01823,2025-08-21,2100,Proveedores,0,9166.78,Factura 92666 Suministros Regiomontana S de RL de CV,1D39E9C2-1758-4F23-1FA0-9802BBB71494,
GL01824,2025-08-22,6000,Gastos consumibles,27769.9,0,Factura 69858 Industrias Apodaca SA de CV,01B158E9-0406-FF44-7CE4-0679A8C6DBC0,
GL01825,2025-08-22,1180,IVA acreditable,4443.18,0,IVA factura 69858,01B158E9-0406-FF44-7CE4-0679A8C6DBC0,
GL01826,2025-08-22,2100,Proveedores,0,32213.08,Factura 69858 Industrias Apodaca SA de CV,01B158E9-0406-FF44-7CE4-0679A8C6DBC0,
GL01827,2025-08-22,6000,Gastos servicios,37952.4,0,Factura 20042 Refacciones Regiomontana S de RL de CV,04F718C8-5215-B503-3012-F8197DF37378,
GL01828,2025-08-22,1180,IVA acreditable,6072.38,0,IVA factura 20042,04F718C8-5215-B503-3012-F8197DF37378,
GL01829,2025-08-22,2100,Proveedores,0,44024.78,Factura 20042 Refacciones Regiomontana S de RL de CV,04F718C8-5215-B503-3012-F8197DF37378,
GL01830,2025-08-25,2100,Proveedores,54146.25,0,Pago Distribuidora Industrial S de RL de CV,8C1C8B05-5677-1F36-4899-8E5FD40E53CE,TX00338
GL01831,2025-08-25,1020,Bancos,0,54146.25,Pago Distribuidora Industrial S de RL de CV,8C1C8B05-5677-1F36-4899-8E5FD40E53CE,TX00338
GL01832,2025-08-25,6000,Gastos materia_prima,65120.5,0,Factura 29235 Servicios San Nicolás SAPI de CV,FB8986C8-C7EC-FE71-D493-47FC0FC98D2E,
GL01833,2025-08-25,1180,IVA acreditable,10419.28,0,IVA factura 29235,FB8986C8-C7EC-FE71-D493-47FC0FC98D2E,
GL01834,2025-08-25,2100,Proveedores,0,75539.78,Factura 29235 Servicios San Nicolás SAPI de CV,FB8986C8-C7EC-FE71-D493-47FC0FC98D2E,
GL01835,2025-08-25,6000,Gastos consumibles,72060.5,0,Factura 41179 Transportes Apodaca SAPI de CV,2D445AF8-FC94-76B1-A18B-5D1555273407,
GL01836,2025-08-25,1180,IVA acreditable,11529.68,0,IVA factura 41179,2D445AF8-FC94-76B1-A18B-5D1555273407,
GL01837,2025-08-25,2100,Proveedores,0,83590.18,Factura 41179 Transportes Apodaca SAPI de CV,2D445AF8-FC94-76B1-A18B-5D1555273407,
GL01838,2025-08-25,2100,Proveedores,59404.18,0,Pago Transportes Apodaca SAPI de CV,812FAA38-96F6-1C09-059C-1BA0BBEC721D,TX00339
GL01839,2025-08-25,1020,Bancos,0,59404.18,Pago Transportes Apodaca SAPI de CV,812FAA38-96F6-1C09-059C-1BA0BBEC721D,TX00339
GL01840,2025-08-25,6000,Gastos materia_prima,21050,0,Factura 73249 Grupo Monterrey S de RL de CV,407D0AFF-CB51-A911-2D90-E4EE0DE4833E,
GL01841,2025-08-25,1180,IVA acreditable,3368.0,0,IVA factura 73249,407D0AFF-CB51-A911-2D90-E4EE0DE4833E,
GL01842,2025-08-25,2100,Proveedores,0,24418.0,Factura 73249 Grupo Monterrey S de RL de CV,407D0AFF-CB51-A911-2D90-E4EE0DE4833E,
GL01843,2025-08-25,6000,Gastos refacciones,142200,0,Factura 64316 Servicios Guadalupe S de RL de CV,5564D1D3-4E0F-BAE1-8787-C3F4EC19E4EB,
GL01844,2025-08-25,1180,IVA acreditable,22752.0,0,IVA factura 64316,5564D1D3-4E0F-BAE1-8787-C3F4EC19E4EB,
GL01845,2025-08-25,2100,Proveedores,0,164952.0,Factura 64316 Servicios Guadalupe S de RL de CV,5564D1D3-4E0F-BAE1-8787-C3F4EC19E4EB,
GL01846,2025-08-25,6000,Gastos refacciones,23767.8,0,Factura 77664 Ferretera Monterrey S de RL de CV,38EFA3BC-9457-F388-6F2A-EC8A53C9AACB,
GL01847,2025-08-25,1180,IVA acreditable,3802.85,0,IVA factura 77664,38EFA3BC-9457-F388-6F2A-EC8A53C9AACB,
GL01848,2025-08-25,2100,Proveedores,0,27570.65,Factura 77664 Ferretera Monterrey S de RL de CV,38EFA3BC-9457-F388-6F2A-EC8A53C9AACB,
GL01849,2025-08-25,6000,Gastos refacciones,48129.9,0,Factura 92261 Ferretera Monterrey S de RL de CV,DFCB821B-237C-DB55-C596-FAB776B90472,
GL01850,2025-08-25,1180,IVA acreditable,7700.78,0,IVA factura 92261,DFCB821B-237C-DB55-C596-FAB776B90472,
GL01851,2025-08-25,2100,Proveedores,0,55830.68,Factura 92261 Ferretera Monterrey S de RL de CV,DFCB821B-237C-DB55-C596-FAB776B90472,
GL01852,2025-08-25,1200,Clientes,428934.62,0,Venta 1408 Envases Rodríguez SAPI de CV,EC6494E0-2198-6E3C-D19F-CF311DD73F1F,
GL01853,2025-08-25,4000,Ventas,0,369771.22,Venta 1408 Envases Rodríguez SAPI de CV,EC6494E0-2198-6E3C-D19F-CF311DD73F1F,
GL01854,2025-08-25,2180,IVA trasladado,0,59163.4,IVA venta 1408,EC6494E0-2198-6E3C-D19F-CF311DD73F1F,
GL01855,2025-08-25,1020,Bancos,245105.05,0,Cobro Grupo Martínez SAPI de CV,FCCE5213-6789-9D92-F33C-4C369A690CAD,TX00340
GL01856,2025-08-25,1200,Clientes,0,245105.05,Cobro Grupo Martínez SAPI de CV,FCCE5213-6789-9D92-F33C-4C369A690CAD,TX00340
GL01857,2025-08-25,1200,Clientes,335298.28,0,Venta 1536 Envases García S de RL de CV,BE86F5D0-F73E-EB07-A860-25BFDE68666D,
GL01858,2025-08-25,4000,Ventas,0,289050.24,Venta 1536 Envases García S de RL de CV,BE86F5D0-F73E-EB07-A860-25BFDE68666D,
GL01859,2025-08-25,2180,IVA trasladado,0,46248.04,IVA venta 1536,BE86F5D0-F73E-EB07-A860-25BFDE68666D,
GL01860,2025-08-25,6000,Gastos servicios,48000,0,Factura 6970 Gestoría y Enlace San Nicolás S de RL de CV,71A91C81-4EEE-5680-B0BA-8FE363FF910D,
GL01861,2025-08-25,1180,IVA acreditable,7680.0,0,IVA factura 6970,71A91C81-4EEE-5680-B0BA-8FE363FF910D,
GL01862,2025-08-25,2100,Proveedores,0,55680.0,Factura 6970 Gestoría y Enlace San Nicolás S de RL de CV,71A91C81-4EEE-5680-B0BA-8FE363FF910D,
GL01863,2025-08-26,2100,Proveedores,55680.0,0,Pago Gestoría y Enlace San Nicolás S de RL de CV,71A91C81-4EEE-5680-B0BA-8FE363FF910D,TX00341
GL01864,2025-08-26,1020,Bancos,0,55680.0,Pago Gestoría y Enlace San Nicolás S de RL de CV,71A91C81-4EEE-5680-B0BA-8FE363FF910D,TX00341
GL01865,2025-08-27,1200,Clientes,92468.03,0,Venta 1422 Construcciones Hernández SA de CV,5C7AE8EF-C324-5E35-7EED-CC6522CB2720,
GL01866,2025-08-27,4000,Ventas,0,79713.82,Venta 1422 Construcciones Hernández SA de CV,5C7AE8EF-C324-5E35-7EED-CC6522CB2720,
GL01867,2025-08-27,2180,IVA trasladado,0,12754.21,IVA venta 1422,5C7AE8EF-C324-5E35-7EED-CC6522CB2720,
GL01868,2025-08-28,1200,Clientes,101489.59,0,Venta 1504 Autopartes Martínez SAPI de CV,6ED47A6D-87C9-DAAC-B5D3-4F2F513BB65C,
GL01869,2025-08-28,4000,Ventas,0,87491.03,Venta 1504 Autopartes Martínez SAPI de CV,6ED47A6D-87C9-DAAC-B5D3-4F2F513BB65C,
GL01870,2025-08-28,2180,IVA trasladado,0,13998.56,IVA venta 1504,6ED47A6D-87C9-DAAC-B5D3-4F2F513BB65C,
GL01871,2025-08-28,6100,Sueldos y salarios,415984.53,0,Nómina,,TX00342
GL01872,2025-08-28,1020,Bancos,0,415984.53,Nómina,,TX00342
GL01873,2025-08-29,6000,Gastos materia_prima,191110.5,0,Factura 36558 Ferretera de México SAPI de CV,54B58635-3DAB-1614-5215-0ED87DDCA413,
GL01874,2025-08-29,1180,IVA acreditable,30577.68,0,IVA factura 36558,54B58635-3DAB-1614-5215-0ED87DDCA413,
GL01875,2025-08-29,2100,Proveedores,0,221688.18,Factura 36558 Ferretera de México SAPI de CV,54B58635-3DAB-1614-5215-0ED87DDCA413,
GL01876,2025-08-29,6000,Gastos refacciones,42909.9,0,Factura 91411 Ferretera Monterrey S de RL de CV,CF4994E0-7AB1-6533-64F2-2A7C87F797FA,
GL01877,2025-08-29,1180,IVA acreditable,6865.58,0,IVA factura 91411,CF4994E0-7AB1-6533-64F2-2A7C87F797FA,
GL01878,2025-08-29,2100,Proveedores,0,49775.48,Factura 91411 Ferretera Monterrey S de RL de CV,CF4994E0-7AB1-6533-64F2-2A7C87F797FA,
GL01879,2025-09-01,2100,Proveedores,236712.38,0,Pago Grupo Guadalupe SA de CV,D9750F00-D5AB-A8AE-9112-FBC03D8F95F4,TX00343
GL01880,2025-09-01,1020,Bancos,0,236712.38,Pago Grupo Guadalupe SA de CV,D9750F00-D5AB-A8AE-9112-FBC03D8F95F4,TX00343
GL01881,2025-09-01,6000,Gastos materia_prima,137039.9,0,Factura 35034 Aceros Santa Catarina SA de CV,3DBC3093-A828-4442-3F73-8F5019A2676F,
GL01882,2025-09-01,1180,IVA acreditable,21926.38,0,IVA factura 35034,3DBC3093-A828-4442-3F73-8F5019A2676F,
GL01883,2025-09-01,2100,Proveedores,0,158966.28,Factura 35034 Aceros Santa Catarina SA de CV,3DBC3093-A828-4442-3F73-8F5019A2676F,
GL01884,2025-09-01,6000,Gastos refacciones,36662.4,0,Factura 90389 Grupo Nuevo León SAPI de CV,BFBBEAB3-4237-8962-E4FD-6C34D6707A21,
GL01885,2025-09-01,1180,IVA acreditable,5865.98,0,IVA factura 90389,BFBBEAB3-4237-8962-E4FD-6C34D6707A21,
GL01886,2025-09-01,2100,Proveedores,0,42528.38,Factura 90389 Grupo Nuevo León SAPI de CV,BFBBEAB3-4237-8962-E4FD-6C34D6707A21,
GL01887,2025-09-01,2100,Proveedores,141566.4,0,Pago Transportes Apodaca SAPI de CV,DE4B061E-B45E-9463-032A-09E05071E5F0,TX00344
GL01888,2025-09-01,1020,Bancos,0,141566.4,Pago Transportes Apodaca SAPI de CV,DE4B061E-B45E-9463-032A-09E05071E5F0,TX00344
GL01889,2025-09-01,2100,Proveedores,136149.08,0,Pago Ferretera de México SAPI de CV,9AAD10CE-CAB2-4F24-1744-EE3FD36EC1BD,TX00345
GL01890,2025-09-01,1020,Bancos,0,136149.08,Pago Ferretera de México SAPI de CV,9AAD10CE-CAB2-4F24-1744-EE3FD36EC1BD,TX00345
GL01891,2025-09-01,2100,Proveedores,64855.48,0,Pago Ferretera de México SAPI de CV,A8909E31-7517-5F39-7354-44FBE44A0371,TX00346
GL01892,2025-09-01,1020,Bancos,0,64855.48,Pago Ferretera de México SAPI de CV,A8909E31-7517-5F39-7354-44FBE44A0371,TX00346
GL01893,2025-09-01,2100,Proveedores,183929.48,0,Pago Ferretera de México SAPI de CV,FAC08FC4-6B2D-9CCC-6279-403CE1A2CFE7,TX00347
GL01894,2025-09-01,1020,Bancos,0,183929.48,Pago Ferretera de México SAPI de CV,FAC08FC4-6B2D-9CCC-6279-403CE1A2CFE7,TX00347
GL01895,2025-09-01,6000,Gastos materia_prima,13399.9,0,Factura 63308 Pinturas San Nicolás S de RL de CV,17DB4C2F-1E15-8E2F-C09C-2EBE80DA2ED7,
GL01896,2025-09-01,1180,IVA acreditable,2143.98,0,IVA factura 63308,17DB4C2F-1E15-8E2F-C09C-2EBE80DA2ED7,
GL01897,2025-09-01,2100,Proveedores,0,15543.88,Factura 63308 Pinturas San Nicolás S de RL de CV,17DB4C2F-1E15-8E2F-C09C-2EBE80DA2ED7,
GL01898,2025-09-01,6000,Gastos renta_util,9019.9,0,Factura 54787 Soldadura de México SAPI de CV,D707CB6D-5C3B-D3B5-ECAA-DAFBD7E4527A,
GL01899,2025-09-01,1180,IVA acreditable,1443.18,0,IVA factura 54787,D707CB6D-5C3B-D3B5-ECAA-DAFBD7E4527A,
GL01900,2025-09-01,2100,Proveedores,0,10463.08,Factura 54787 Soldadura de México SAPI de CV,D707CB6D-5C3B-D3B5-ECAA-DAFBD7E4527A,
GL01901,2025-09-01,1200,Clientes,345264.3,0,Venta 1475 Construcciones Elizondo SA de CV,A538C6A7-0565-1E80-4EE4-5227D2450039,
GL01902,2025-09-01,4000,Ventas,0,297641.64,Venta 1475 Construcciones Elizondo SA de CV,A538C6A7-0565-1E80-4EE4-5227D2450039,
GL01903,2025-09-01,2180,IVA trasladado,0,47622.66,IVA venta 1475,A538C6A7-0565-1E80-4EE4-5227D2450039,
GL01904,2025-09-01,1020,Bancos,385071.25,0,Cobro Manufacturas López SAPI de CV,A174A785-6F21-90CB-2FB5-04019D267076,TX00348
GL01905,2025-09-01,1200,Clientes,0,385071.25,Cobro Manufacturas López SAPI de CV,A174A785-6F21-90CB-2FB5-04019D267076,TX00348
GL01906,2025-09-02,1020,Bancos,135880.82,0,Cobro Construcciones Hernández SA de CV,C2EBBAA2-1CE3-70ED-6857-07AC3A40FE39,TX00349
GL01907,2025-09-02,1200,Clientes,0,135880.82,Cobro Construcciones Hernández SA de CV,C2EBBAA2-1CE3-70ED-6857-07AC3A40FE39,TX00349
GL01908,2025-09-02,1200,Clientes,171844.22,0,Venta 1528 Autopartes Hernández S de RL de CV,E724B119-AF2F-32A7-20B6-D43CFBF3A106,
GL01909,2025-09-02,4000,Ventas,0,148141.57,Venta 1528 Autopartes Hernández S de RL de CV,E724B119-AF2F-32A7-20B6-D43CFBF3A106,
GL01910,2025-09-02,2180,IVA trasladado,0,23702.65,IVA venta 1528,E724B119-AF2F-32A7-20B6-D43CFBF3A106,
GL01911,2025-09-02,6000,Gastos consumibles,1494.18,0,Factura 7808 Ferretera San Nicolás SA de CV,606FFA15-F76C-432E-B442-8CDE4A9F6C5C,
GL01912,2025-09-02,1180,IVA acreditable,239.07,0,IVA factura 7808,606FFA15-F76C-432E-B442-8CDE4A9F6C5C,
GL01913,2025-09-02,2100,Proveedores,0,1733.25,Factura 7808 Ferretera San Nicolás SA de CV,606FFA15-F76C-432E-B442-8CDE4A9F6C5C,
GL01914,2025-09-03,6000,Gastos materia_prima,58252.4,0,Factura 69019 Aceros Santa Catarina SA de CV,E2789642-A484-E035-330F-AAA36B52F93C,
GL01915,2025-09-03,1180,IVA acreditable,9320.38,0,IVA factura 69019,E2789642-A484-E035-330F-AAA36B52F93C,
GL01916,2025-09-03,2100,Proveedores,0,67572.78,Factura 69019 Aceros Santa Catarina SA de CV,E2789642-A484-E035-330F-AAA36B52F93C,
GL01917,2025-09-03,6000,Gastos servicios,200000,0,Factura 27163 Neumática Regiomontana SAPI de CV,E75182A4-F481-38B5-6395-09C4119A7396,
GL01918,2025-09-03,1180,IVA acreditable,32000.0,0,IVA factura 27163,E75182A4-F481-38B5-6395-09C4119A7396,
GL01919,2025-09-03,2100,Proveedores,0,232000.0,Factura 27163 Neumática Regiomontana SAPI de CV,E75182A4-F481-38B5-6395-09C4119A7396,
GL01920,2025-09-04,2100,Proveedores,86292.4,0,Pago Aceros Santa Catarina SA de CV,B27B7BB4-68C6-90B2-30A2-CEE8F9722CC1,TX00350
GL01921,2025-09-04,1020,Bancos,0,86292.4,Pago Aceros Santa Catarina SA de CV,B27B7BB4-68C6-90B2-30A2-CEE8F9722CC1,TX00350
GL01922,2025-09-04,6000,Gastos materia_prima,13140,0,Factura 67541 Pinturas San Nicolás S de RL de CV,13BC0DC6-3AE0-ACDB-2A65-24AF709D338B,
GL01923,2025-09-04,1180,IVA acreditable,2102.4,0,IVA factura 67541,13BC0DC6-3AE0-ACDB-2A65-24AF709D338B,
GL01924,2025-09-04,2100,Proveedores,0,15242.4,Factura 67541 Pinturas San Nicolás S de RL de CV,13BC0DC6-3AE0-ACDB-2A65-24AF709D338B,
GL01925,2025-09-04,1020,Bancos,310052.89,0,Cobro Construcciones Elizondo SA de CV,A4F954FC-C449-21B6-CFEF-7811E124C3F2,TX00351
GL01926,2025-09-04,1200,Clientes,0,310052.89,Cobro Construcciones Elizondo SA de CV,A4F954FC-C449-21B6-CFEF-7811E124C3F2,TX00351
GL01927,2025-09-05,2100,Proveedores,77906.18,0,Pago Ferretera de México SAPI de CV,F6E5203C-A237-9E6F-D473-45345AEA6352,TX00352
GL01928,2025-09-05,1020,Bancos,0,77906.18,Pago Ferretera de México SAPI de CV,F6E5203C-A237-9E6F-D473-45345AEA6352,TX00352
GL01929,2025-09-05,6000,Gastos refacciones,152670.5,0,Factura 5799 Servicios Guadalupe S de RL de CV,86DC4E34-A9DC-FE52-E7F2-418A953FCFD4,
GL01930,2025-09-05,1180,IVA acreditable,24427.28,0,IVA factura 5799,86DC4E34-A9DC-FE52-E7F2-418A953FCFD4,
GL01931,2025-09-05,2100,Proveedores,0,177097.78,Factura 5799 Servicios Guadalupe S de RL de CV,86DC4E34-A9DC-FE52-E7F2-418A953FCFD4,
GL01932,2025-09-05,2100,Proveedores,166230.78,0,Pago Metálica San Nicolás SA de CV,AB6B3F08-A9A0-F4EF-2C4F-54163C749C16,TX00353
GL01933,2025-09-05,1020,Bancos,0,166230.78,Pago Metálica San Nicolás SA de CV,AB6B3F08-A9A0-F4EF-2C4F-54163C749C16,TX00353
GL01934,2025-09-08,6000,Gastos consumibles,25750,0,Factura 91495 Distribuidora Industrial S de RL de CV,AA055442-A284-E8FD-755C-EE2AF8DED777,
GL01935,2025-09-08,1180,IVA acreditable,4120.0,0,IVA factura 91495,AA055442-A284-E8FD-755C-EE2AF8DED777,
GL01936,2025-09-08,2100,Proveedores,0,29870.0,Factura 91495 Distribuidora Industrial S de RL de CV,AA055442-A284-E8FD-755C-EE2AF8DED777,
GL01937,2025-09-08,6000,Gastos servicios,99182.4,0,Factura 48730 Neumática Apodaca S de RL de CV,2F546033-6334-FA2A-8B4B-D7E7A4515AE0,
GL01938,2025-09-08,1180,IVA acreditable,15869.18,0,IVA factura 48730,2F546033-6334-FA2A-8B4B-D7E7A4515AE0,
GL01939,2025-09-08,2100,Proveedores,0,115051.58,Factura 48730 Neumática Apodaca S de RL de CV,2F546033-6334-FA2A-8B4B-D7E7A4515AE0,
GL01940,2025-09-08,2100,Proveedores,44683.78,0,Pago Neumática Apodaca S de RL de CV,0AECCEC7-204D-B9DA-3156-7F2ACEF74829,TX00354
GL01941,2025-09-08,1020,Bancos,0,44683.78,Pago Neumática Apodaca S de RL de CV,0AECCEC7-204D-B9DA-3156-7F2ACEF74829,TX00354
GL01942,2025-09-08,2100,Proveedores,90259.6,0,Pago Ferretera de México SAPI de CV,6090103C-1E8D-F8AD-838B-77ADBC2E2B59,TX00355
GL01943,2025-09-08,1020,Bancos,0,90259.6,Pago Ferretera de México SAPI de CV,6090103C-1E8D-F8AD-838B-77ADBC2E2B59,TX00355
GL01944,2025-09-08,2100,Proveedores,112192.65,0,Pago Servicios Guadalupe S de RL de CV,9249EE3A-79D1-9C4E-1521-AD35560F1E2D,TX00356
GL01945,2025-09-08,1020,Bancos,0,112192.65,Pago Servicios Guadalupe S de RL de CV,9249EE3A-79D1-9C4E-1521-AD35560F1E2D,TX00356
GL01946,2025-09-08,2100,Proveedores,25065.05,0,Pago Ferretera San Nicolás SA de CV,F8698E93-BA5E-4066-CE40-924A29EE29F4,TX00357
GL01947,2025-09-08,1020,Bancos,0,25065.05,Pago Ferretera San Nicolás SA de CV,F8698E93-BA5E-4066-CE40-924A29EE29F4,TX00357
GL01948,2025-09-08,1200,Clientes,280182.92,0,Venta 1464 Grupo Salinas S de RL de CV,E7D90C1B-A59C-AEED-6C09-72046FA6681C,
GL01949,2025-09-08,4000,Ventas,0,241537.0,Venta 1464 Grupo Salinas S de RL de CV,E7D90C1B-A59C-AEED-6C09-72046FA6681C,
GL01950,2025-09-08,2180,IVA trasladado,0,38645.92,IVA venta 1464,E7D90C1B-A59C-AEED-6C09-72046FA6681C,
GL01951,2025-09-08,1200,Clientes,260777.35,0,Venta 1545 Envases López SAPI de CV,ADBD2E33-EF6E-9295-9C8A-F485B98050A6,
GL01952,2025-09-08,4000,Ventas,0,224808.06,Venta 1545 Envases López SAPI de CV,ADBD2E33-EF6E-9295-9C8A-F485B98050A6,
GL01953,2025-09-08,2180,IVA trasladado,0,35969.29,IVA venta 1545,ADBD2E33-EF6E-9295-9C8A-F485B98050A6,
GL01954,2025-09-08,2100,Proveedores,232000.0,0,Pago Neumática Regiomontana SAPI de CV,E75182A4-F481-38B5-6395-09C4119A7396,TX00358
GL01955,2025-09-08,1020,Bancos,0,232000.0,Pago Neumática Regiomontana SAPI de CV,E75182A4-F481-38B5-6395-09C4119A7396,TX00358
GL01956,2025-09-08,6000,Gastos consumibles,13571.71,0,Factura 45067 Refacciones San Nicolás S de RL de CV,AE8E6075-5EEB-C618-5628-27686DF0AC3C,
GL01957,2025-09-08,1180,IVA acreditable,2171.47,0,IVA factura 45067,AE8E6075-5EEB-C618-5628-27686DF0AC3C,
GL01958,2025-09-08,2100,Proveedores,0,15743.18,Factura 45067 Refacciones San Nicolás S de RL de CV,AE8E6075-5EEB-C618-5628-27686DF0AC3C,
GL01959,2025-09-09,6000,Gastos servicios,96090,0,Factura 58179 Neumática Apodaca S de RL de CV,BE64AC2A-F966-71A5-4CEC-495B226716E3,
GL01960,2025-09-09,1180,IVA acreditable,15374.4,0,IVA factura 58179,BE64AC2A-F966-71A5-4CEC-495B226716E3,
GL01961,2025-09-09,2100,Proveedores,0,111464.4,Factura 58179 Neumática Apodaca S de RL de CV,BE64AC2A-F966-71A5-4CEC-495B226716E3,
GL01962,2025-09-09,2100,Proveedores,41948.38,0,Pago Servicios Escobedo SAPI de CV,1287E313-8F02-6C2C-1B41-49998198D1F5,TX00359
GL01963,2025-09-09,1020,Bancos,0,41948.38,Pago Servicios Escobedo SAPI de CV,1287E313-8F02-6C2C-1B41-49998198D1F5,TX00359
GL01964,2025-09-09,1020,Bancos,342250.04,0,Cobro Autopartes Martínez SAPI de CV,12B3C5EB-4198-0029-98E1-D54CBC715183,TX00360
GL01965,2025-09-09,1200,Clientes,0,342250.04,Cobro Autopartes Martínez SAPI de CV,12B3C5EB-4198-0029-98E1-D54CBC715183,TX00360
GL01966,2025-09-09,6000,Gastos consumibles,6025.26,0,Factura 85889 Refacciones San Nicolás S de RL de CV,6AB62DBF-8663-E8BB-6AF7-895BB241CFD3,
GL01967,2025-09-09,1180,IVA acreditable,964.04,0,IVA factura 85889,6AB62DBF-8663-E8BB-6AF7-895BB241CFD3,
GL01968,2025-09-09,2100,Proveedores,0,6989.3,Factura 85889 Refacciones San Nicolás S de RL de CV,6AB62DBF-8663-E8BB-6AF7-895BB241CFD3,
GL01969,2025-09-10,2100,Proveedores,42537.08,0,Pago Neumática Apodaca S de RL de CV,F08CE6C2-F6FF-3521-C225-0530952A5345,TX00361
GL01970,2025-09-10,1020,Bancos,0,42537.08,Pago Neumática Apodaca S de RL de CV,F08CE6C2-F6FF-3521-C225-0530952A5345,TX00361
GL01971,2025-09-10,2100,Proveedores,11460.8,0,Pago Pinturas San Nicolás S de RL de CV,043D72DB-1BCB-404C-21D8-B96A62ADA157,TX00362
GL01972,2025-09-10,1020,Bancos,0,11460.8,Pago Pinturas San Nicolás S de RL de CV,043D72DB-1BCB-404C-21D8-B96A62ADA157,TX00362
GL01973,2025-09-10,2100,Proveedores,27570.65,0,Pago Ferretera Monterrey S de RL de CV,38EFA3BC-9457-F388-6F2A-EC8A53C9AACB,TX00363
GL01974,2025-09-10,1020,Bancos,0,27570.65,Pago Ferretera Monterrey S de RL de CV,38EFA3BC-9457-F388-6F2A-EC8A53C9AACB,TX00363
GL01975,2025-09-10,1200,Clientes,93376.2,0,Venta 1511 Autopartes Villarreal SAPI de CV,1FA7CDDF-25E6-D919-DDEB-CD5CB8427379,
GL01976,2025-09-10,4000,Ventas,0,80496.72,Venta 1511 Autopartes Villarreal SAPI de CV,1FA7CDDF-25E6-D919-DDEB-CD5CB8427379,
GL01977,2025-09-10,2180,IVA trasladado,0,12879.48,IVA venta 1511,1FA7CDDF-25E6-D919-DDEB-CD5CB8427379,
GL01978,2025-09-10,6000,Gastos servicios,200000,0,Factura 77103 Neumática Regiomontana SAPI de CV,4F70B88B-F06C-69D9-9339-304B9A8CB3D7,
GL01979,2025-09-10,1180,IVA acreditable,32000.0,0,IVA factura 77103,4F70B88B-F06C-69D9-9339-304B9A8CB3D7,
GL01980,2025-09-10,2100,Proveedores,0,232000.0,Factura 77103 Neumática Regiomontana SAPI de CV,4F70B88B-F06C-69D9-9339-304B9A8CB3D7,
GL01981,2025-09-11,6000,Gastos materia_prima,6992.4,0,Factura 19658 Aceros Regiomontana S de RL de CV,6883AC6E-6A94-4054-B241-4482519894D8,
GL01982,2025-09-11,1180,IVA acreditable,1118.78,0,IVA factura 19658,6883AC6E-6A94-4054-B241-4482519894D8,
GL01983,2025-09-11,2100,Proveedores,0,8111.18,Factura 19658 Aceros Regiomontana S de RL de CV,6883AC6E-6A94-4054-B241-4482519894D8,
GL01984,2025-09-11,2100,Proveedores,44024.78,0,Pago Refacciones Regiomontana S de RL de CV,04F718C8-5215-B503-3012-F8197DF37378,TX00364
GL01985,2025-09-11,1020,Bancos,0,44024.78,Pago Refacciones Regiomontana S de RL de CV,04F718C8-5215-B503-3012-F8197DF37378,TX00364
GL01986,2025-09-11,1200,Clientes,205953.91,0,Venta 1495 Autopartes Martínez SAPI de CV,999F0691-34E4-20BF-DB38-F3066E6A3D5B,
GL01987,2025-09-11,4000,Ventas,0,177546.47,Venta 1495 Autopartes Martínez SAPI de CV,999F0691-34E4-20BF-DB38-F3066E6A3D5B,
GL01988,2025-09-11,2180,IVA trasladado,0,28407.44,IVA venta 1495,999F0691-34E4-20BF-DB38-F3066E6A3D5B,
GL01989,2025-09-11,1200,Clientes,63434.62,0,Venta 1510 Autopartes Villarreal SAPI de CV,8F942977-B582-EF0C-FD23-36F45B44E6ED,
GL01990,2025-09-11,4000,Ventas,0,54685.02,Venta 1510 Autopartes Villarreal SAPI de CV,8F942977-B582-EF0C-FD23-36F45B44E6ED,
GL01991,2025-09-11,2180,IVA trasladado,0,8749.6,IVA venta 1510,8F942977-B582-EF0C-FD23-36F45B44E6ED,
GL01992,2025-09-11,2100,Proveedores,1793.0,0,Pago Ferretera San Nicolás SA de CV,8720D00F-1263-01A0-641C-B619643058D9,TX00365
GL01993,2025-09-11,1020,Bancos,0,1793.0,Pago Ferretera San Nicolás SA de CV,8720D00F-1263-01A0-641C-B619643058D9,TX00365
GL01994,2025-09-12,2100,Proveedores,86791.2,0,Pago Neumática Apodaca S de RL de CV,D2EFA93B-E9D6-BB7E-361D-B014711456DE,TX00366
GL01995,2025-09-12,1020,Bancos,0,86791.2,Pago Neumática Apodaca S de RL de CV,D2EFA93B-E9D6-BB7E-361D-B014711456DE,TX00366
GL01996,2025-09-12,2100,Proveedores,243852.65,0,Pago Transportes Apodaca SAPI de CV,5F8392D5-BB0C-7919-330C-CFF588A5FA0D,TX00367
GL01997,2025-09-12,1020,Bancos,0,243852.65,Pago Transportes Apodaca SAPI de CV,5F8392D5-BB0C-7919-330C-CFF588A5FA0D,TX00367
GL01998,2025-09-12,2100,Proveedores,130143.18,0,Pago Soldadura Industrial SA de CV,EAEF2EC2-18EC-DE2B-0A80-2167F4B3F20E,TX00368
GL01999,2025-09-12,1020,Bancos,0,130143.18,Pago Soldadura Industrial SA de CV,EAEF2EC2-18EC-DE2B-0A80-2167F4B3F20E,TX00368
GL02000,2025-09-12,2100,Proveedores,11428.78,0,Pago Maquinados Apodaca SA de CV,E5FBC1C0-AD46-3549-BF41-13CB32E15F17,TX00369
GL02001,2025-09-12,1020,Bancos,0,11428.78,Pago Maquinados Apodaca SA de CV,E5FBC1C0-AD46-3549-BF41-13CB32E15F17,TX00369
GL02002,2025-09-12,1020,Bancos,416148.48,0,Cobro Manufacturas López SAPI de CV,99AFEE64-9024-8225-44BB-10E079F7F38C,TX00370
GL02003,2025-09-12,1200,Clientes,0,416148.48,Cobro Manufacturas López SAPI de CV,99AFEE64-9024-8225-44BB-10E079F7F38C,TX00370
GL02004,2025-09-15,6000,Gastos consumibles,190032.4,0,Factura 30215 Grupo Guadalupe SA de CV,0AE4AC11-EB4D-8F42-8735-70A2E5110961,
GL02005,2025-09-15,1180,IVA acreditable,30405.18,0,IVA factura 30215,0AE4AC11-EB4D-8F42-8735-70A2E5110961,
GL02006,2025-09-15,2100,Proveedores,0,220437.58,Factura 30215 Grupo Guadalupe SA de CV,0AE4AC11-EB4D-8F42-8735-70A2E5110961,
GL02007,2025-09-15,2100,Proveedores,20227.85,0,Pago Grupo Monterrey S de RL de CV,A9D049DC-369E-5AF8-E226-49EE38A06FFE,TX00371
GL02008,2025-09-15,1020,Bancos,0,20227.85,Pago Grupo Monterrey S de RL de CV,A9D049DC-369E-5AF8-E226-49EE38A06FFE,TX00371
GL02009,2025-09-15,2100,Proveedores,71488.25,0,Pago Industrias Nuevo León SA de CV,9883E9B1-48D3-D2CE-FBA3-091F08DFAAF8,TX00372
GL02010,2025-09-15,1020,Bancos,0,71488.25,Pago Industrias Nuevo León SA de CV,9883E9B1-48D3-D2CE-FBA3-091F08DFAAF8,TX00372
GL02011,2025-09-15,6000,Gastos refacciones,120990.5,0,Factura 85591 Servicios Guadalupe S de RL de CV,65339CF0-7CE4-770E-32B7-3D808F2E08D3,
GL02012,2025-09-15,1180,IVA acreditable,19358.48,0,IVA factura 85591,65339CF0-7CE4-770E-32B7-3D808F2E08D3,
GL02013,2025-09-15,2100,Proveedores,0,140348.98,Factura 85591 Servicios Guadalupe S de RL de CV,65339CF0-7CE4-770E-32B7-3D808F2E08D3,
GL02014,2025-09-15,6000,Gastos materia_prima,8479.9,0,Factura 3365 Suministros Regiomontana S de RL de CV,736D417C-52CE-55E3-69DF-05C764A0053F,
GL02015,2025-09-15,1180,IVA acreditable,1356.78,0,IVA factura 3365,736D417C-52CE-55E3-69DF-05C764A0053F,
GL02016,2025-09-15,2100,Proveedores,0,9836.68,Factura 3365 Suministros Regiomontana S de RL de CV,736D417C-52CE-55E3-69DF-05C764A0053F,
GL02017,2025-09-15,6000,Gastos consumibles,10050,0,Factura 25253 Aceros de México S de RL de CV,3C52D68A-8EC6-1BE5-012B-809E6B358D15,
GL02018,2025-09-15,1180,IVA acreditable,1608.0,0,IVA factura 25253,3C52D68A-8EC6-1BE5-012B-809E6B358D15,
GL02019,2025-09-15,2100,Proveedores,0,11658.0,Factura 25253 Aceros de México S de RL de CV,3C52D68A-8EC6-1BE5-012B-809E6B358D15,
GL02020,2025-09-15,2100,Proveedores,49775.48,0,Pago Ferretera Monterrey S de RL de CV,CF4994E0-7AB1-6533-64F2-2A7C87F797FA,TX00373
GL02021,2025-09-15,1020,Bancos,0,49775.48,Pago Ferretera Monterrey S de RL de CV,CF4994E0-7AB1-6533-64F2-2A7C87F797FA,TX00373
GL02022,2025-09-15,6000,Gastos consumibles,22177.8,0,Factura 66607 Ferretera San Nicolás SA de CV,8BD03267-BD0E-01CE-F85B-C2D301196E6D,
GL02023,2025-09-15,1180,IVA acreditable,3548.45,0,IVA factura 66607,8BD03267-BD0E-01CE-F85B-C2D301196E6D,
GL02024,2025-09-15,2100,Proveedores,0,25726.25,Factura 66607 Ferretera San Nicolás SA de CV,8BD03267-BD0E-01CE-F85B-C2D301196E6D,
GL02025,2025-09-15,1200,Clientes,162709.26,0,Venta 1430 Grupo Martínez SAPI de CV,97F971D5-94F8-9E6C-C416-C07CB6A787B1,
GL02026,2025-09-15,4000,Ventas,0,140266.6,Venta 1430 Grupo Martínez SAPI de CV,97F971D5-94F8-9E6C-C416-C07CB6A787B1,
GL02027,2025-09-15,2180,IVA trasladado,0,22442.66,IVA venta 1430,97F971D5-94F8-9E6C-C416-C07CB6A787B1,
GL02028,2025-09-15,1200,Clientes,329577.67,0,Venta 1434 Grupo Martínez SAPI de CV,9AC60306-61F4-3C2B-2DD9-3719F8D9BF33,
GL02029,2025-09-15,4000,Ventas,0,284118.68,Venta 1434 Grupo Martínez SAPI de CV,9AC60306-61F4-3C2B-2DD9-3719F8D9BF33,
GL02030,2025-09-15,2180,IVA trasladado,0,45458.99,IVA venta 1434,9AC60306-61F4-3C2B-2DD9-3719F8D9BF33,
GL02031,2025-09-15,1200,Clientes,135329.09,0,Venta 1458 Envases Villarreal SA de CV,F0278488-BE01-5802-D2EB-A277F64D4DE0,
GL02032,2025-09-15,4000,Ventas,0,116663.01,Venta 1458 Envases Villarreal SA de CV,F0278488-BE01-5802-D2EB-A277F64D4DE0,
GL02033,2025-09-15,2180,IVA trasladado,0,18666.08,IVA venta 1458,F0278488-BE01-5802-D2EB-A277F64D4DE0,
GL02034,2025-09-15,1020,Bancos,157871.95,0,Cobro Grupo Salinas S de RL de CV,41A67C90-291C-0DA1-A563-0D3A497BC13B,TX00374
GL02035,2025-09-15,1200,Clientes,0,157871.95,Cobro Grupo Salinas S de RL de CV,41A67C90-291C-0DA1-A563-0D3A497BC13B,TX00374
GL02036,2025-09-15,2100,Proveedores,232000.0,0,Pago Neumática Regiomontana SAPI de CV,4F70B88B-F06C-69D9-9339-304B9A8CB3D7,TX00375
GL02037,2025-09-15,1020,Bancos,0,232000.0,Pago Neumática Regiomontana SAPI de CV,4F70B88B-F06C-69D9-9339-304B9A8CB3D7,TX00375
GL02038,2025-09-16,2100,Proveedores,5707.08,0,Pago Maquinados Apodaca SA de CV,22EB69B1-5F9C-B7E0-6328-143E2D9563ED,TX00376
GL02039,2025-09-16,1020,Bancos,0,5707.08,Pago Maquinados Apodaca SA de CV,22EB69B1-5F9C-B7E0-6328-143E2D9563ED,TX00376
GL02040,2025-09-17,6000,Gastos refacciones,25427.8,0,Factura 70473 Electrónica Regiomontana SAPI de CV,B39E4DF2-5C0A-1FEB-F7EA-E66ECA6CAF9B,
GL02041,2025-09-17,1180,IVA acreditable,4068.45,0,IVA factura 70473,B39E4DF2-5C0A-1FEB-F7EA-E66ECA6CAF9B,
GL02042,2025-09-17,2100,Proveedores,0,29496.25,Factura 70473 Electrónica Regiomontana SAPI de CV,B39E4DF2-5C0A-1FEB-F7EA-E66ECA6CAF9B,
GL02043,2025-09-17,2100,Proveedores,42528.38,0,Pago Grupo Nuevo León SAPI de CV,BFBBEAB3-4237-8962-E4FD-6C34D6707A21,TX00377
GL02044,2025-09-17,1020,Bancos,0,42528.38,Pago Grupo Nuevo León SAPI de CV,BFBBEAB3-4237-8962-E4FD-6C34D6707A21,TX00377
GL02045,2025-09-17,2100,Proveedores,83590.18,0,Pago Transportes Apodaca SAPI de CV,2D445AF8-FC94-76B1-A18B-5D1555273407,TX00378
GL02046,2025-09-17,1020,Bancos,0,83590.18,Pago Transportes Apodaca SAPI de CV,2D445AF8-FC94-76B1-A18B-5D1555273407,TX00378
GL02047,2025-09-17,1020,Bancos,244699.08,0,Cobro Construcciones Elizondo SA de CV,E1228E75-4719-8F5C-F69B-D5963F10938C,TX00379
GL02048,2025-09-17,1200,Clientes,0,244699.08,Cobro Construcciones Elizondo SA de CV,E1228E75-4719-8F5C-F69B-D5963F10938C,TX00379
GL02049,2025-09-18,2100,Proveedores,58559.58,0,Pago Distribuidora Industrial S de RL de CV,8085C147-1E91-0F36-5F70-5B2592502E59,TX00380
GL02050,2025-09-18,1020,Bancos,0,58559.58,Pago Distribuidora Industrial S de RL de CV,8085C147-1E91-0F36-5F70-5B2592502E59,TX00380
GL02051,2025-09-18,6000,Gastos renta_util,14947.8,0,Factura 79342 Soldadura de México SAPI de CV,6CBDD931-2F90-0058-39CA-28265AF56A23,
GL02052,2025-09-18,1180,IVA acreditable,2391.65,0,IVA factura 79342,6CBDD931-2F90-0058-39CA-28265AF56A23,
GL02053,2025-09-18,2100,Proveedores,0,17339.45,Factura 79342 Soldadura de México SAPI de CV,6CBDD931-2F90-0058-39CA-28265AF56A23,
GL02054,2025-09-18,6000,Gastos refacciones,75000,0,Factura 32447 Electrónica Industrial S de RL de CV,BC547D54-6C8D-E840-ED30-555662A53193,
GL02055,2025-09-18,1180,IVA acreditable,12000.0,0,IVA factura 32447,BC547D54-6C8D-E840-ED30-555662A53193,
GL02056,2025-09-18,2100,Proveedores,0,87000.0,Factura 32447 Electrónica Industrial S de RL de CV,BC547D54-6C8D-E840-ED30-555662A53193,
GL02057,2025-09-19,6000,Gastos consumibles,60610,0,Factura 38900 Transportes Apodaca SAPI de CV,FA2FBD74-FD19-35CC-74ED-A60E3B2D520B,
GL02058,2025-09-19,1180,IVA acreditable,9697.6,0,IVA factura 38900,FA2FBD74-FD19-35CC-74ED-A60E3B2D520B,
GL02059,2025-09-19,2100,Proveedores,0,70307.6,Factura 38900 Transportes Apodaca SAPI de CV,FA2FBD74-FD19-35CC-74ED-A60E3B2D520B,
GL02060,2025-09-19,6000,Gastos materia_prima,179772.4,0,Factura 89903 Ferretera de México SAPI de CV,C9C1AD45-F4EA-6B97-6AA4-15B56336C815,
GL02061,2025-09-19,1180,IVA acreditable,28763.58,0,IVA factura 89903,C9C1AD45-F4EA-6B97-6AA4-15B56336C815,
GL02062,2025-09-19,2100,Proveedores,0,208535.98,Factura 89903 Ferretera de México SAPI de CV,C9C1AD45-F4EA-6B97-6AA4-15B56336C815,
GL02063,2025-09-19,6000,Gastos materia_prima,18850.5,0,Factura 44034 Suministros Regiomontana S de RL de CV,2BBF1E35-C4AC-B57D-0B3D-6DC9616F760A,
GL02064,2025-09-19,1180,IVA acreditable,3016.08,0,IVA factura 44034,2BBF1E35-C4AC-B57D-0B3D-6DC9616F760A,
GL02065,2025-09-19,2100,Proveedores,0,21866.58,Factura 44034 Suministros Regiomontana S de RL de CV,2BBF1E35-C4AC-B57D-0B3D-6DC9616F760A,
GL02066,2025-09-19,1020,Bancos,177759.92,0,Cobro Grupo Martínez SAPI de CV,09360F02-75AC-0819-714B-5C03605797CF,TX00381
GL02067,2025-09-19,1200,Clientes,0,177759.92,Cobro Grupo Martínez SAPI de CV,09360F02-75AC-0819-714B-5C03605797CF,TX00381
GL02068,2025-09-19,2100,Proveedores,58000.0,0,Pago Electrónica Industrial S de RL de CV,BAF9706D-802D-DCC4-DC95-6E3103491B41,TX00382
GL02069,2025-09-19,1020,Bancos,0,58000.0,Pago Electrónica Industrial S de RL de CV,BAF9706D-802D-DCC4-DC95-6E3103491B41,TX00382
GL02070,2025-09-22,2100,Proveedores,32213.08,0,Pago Industrias Apodaca SA de CV,01B158E9-0406-FF44-7CE4-0679A8C6DBC0,TX00383
GL02071,2025-09-22,1020,Bancos,0,32213.08,Pago Industrias Apodaca SA de CV,01B158E9-0406-FF44-7CE4-0679A8C6DBC0,TX00383
GL02072,2025-09-22,6000,Gastos servicios,96840,0,Factura 93104 Neumática Apodaca S de RL de CV,4FA5C35E-10CC-4604-28B2-6B1BCA9F1D59,
GL02073,2025-09-22,1180,IVA acreditable,15494.4,0,IVA factura 93104,4FA5C35E-10CC-4604-28B2-6B1BCA9F1D59,
GL02074,2025-09-22,2100,Proveedores,0,112334.4,Factura 93104 Neumática Apodaca S de RL de CV,4FA5C35E-10CC-4604-28B2-6B1BCA9F1D59,
GL02075,2025-09-22,2100,Proveedores,24418.0,0,Pago Grupo Monterrey S de RL de CV,407D0AFF-CB51-A911-2D90-E4EE0DE4833E,TX00384
GL02076,2025-09-22,1020,Bancos,0,24418.0,Pago Grupo Monterrey S de RL de CV,407D0AFF-CB51-A911-2D90-E4EE0DE4833E,TX00384
GL02077,2025-09-22,6000,Gastos renta_util,25129.9,0,Factura 38716 Soldadura de México SAPI de CV,F5E8A7E1-5A58-9B67-6BC7-B63554DE19CD,
GL02078,2025-09-22,1180,IVA acreditable,4020.78,0,IVA factura 38716,F5E8A7E1-5A58-9B67-6BC7-B63554DE19CD,
GL02079,2025-09-22,2100,Proveedores,0,29150.68,Factura 38716 Soldadura de México SAPI de CV,F5E8A7E1-5A58-9B67-6BC7-B63554DE19CD,
GL02080,2025-09-22,2100,Proveedores,49856.8,0,Pago Ferretera Monterrey S de RL de CV,CD4F2875-DF2D-DF20-05A4-3113101D759E,TX00385
GL02081,2025-09-22,1020,Bancos,0,49856.8,Pago Ferretera Monterrey S de RL de CV,CD4F2875-DF2D-DF20-05A4-3113101D759E,TX00385
GL02082,2025-09-22,1200,Clientes,352482.96,0,Venta 1399 Grupo Montemayor S de RL de CV,29B05B37-4271-0779-D864-465A047DD583,
GL02083,2025-09-22,4000,Ventas,0,303864.62,Venta 1399 Grupo Montemayor S de RL de CV,29B05B37-4271-0779-D864-465A047DD583,
GL02084,2025-09-22,2180,IVA trasladado,0,48618.34,IVA venta 1399,29B05B37-4271-0779-D864-465A047DD583,
GL02085,2025-09-22,1020,Bancos,125236.6,0,Cobro Construcciones Hernández SA de CV,CD6C78DD-D74F-9844-E50E-A3EC11D1E7D5,TX00386
GL02086,2025-09-22,1200,Clientes,0,125236.6,Cobro Construcciones Hernández SA de CV,CD6C78DD-D74F-9844-E50E-A3EC11D1E7D5,TX00386
GL02087,2025-09-22,1020,Bancos,182084.7,0,Cobro Autopartes Quintanilla S de RL de CV,E8292E3B-BBFC-5DC1-FFF4-46B9BB468C13,TX00387
GL02088,2025-09-22,1200,Clientes,0,182084.7,Cobro Autopartes Quintanilla S de RL de CV,E8292E3B-BBFC-5DC1-FFF4-46B9BB468C13,TX00387
GL02089,2025-09-22,1200,Clientes,189112.65,0,Venta 1526 Autopartes Hernández S de RL de CV,A5C9CF20-3967-26AA-AD2B-2C8276A990F1,
GL02090,2025-09-22,4000,Ventas,0,163028.15,Venta 1526 Autopartes Hernández S de RL de CV,A5C9CF20-3967-26AA-AD2B-2C8276A990F1,
GL02091,2025-09-22,2180,IVA trasladado,0,26084.5,IVA venta 1526,A5C9CF20-3967-26AA-AD2B-2C8276A990F1,
GL02092,2025-09-23,2100,Proveedores,129896.68,0,Pago Transportes Apodaca SAPI de CV,B1F81AD9-349B-5089-2733-5670B3ADA2BA,TX00388
GL02093,2025-09-23,1020,Bancos,0,129896.68,Pago Transportes Apodaca SAPI de CV,B1F81AD9-349B-5089-2733-5670B3ADA2BA,TX00388
GL02094,2025-09-23,6000,Gastos materia_prima,17300,0,Factura 6561 Suministros Regiomontana S de RL de CV,F66C7331-A172-2EE3-C3E1-847C8420E0D8,
GL02095,2025-09-23,1180,IVA acreditable,2768.0,0,IVA factura 6561,F66C7331-A172-2EE3-C3E1-847C8420E0D8,
GL02096,2025-09-23,2100,Proveedores,0,20068.0,Factura 6561 Suministros Regiomontana S de RL de CV,F66C7331-A172-2EE3-C3E1-847C8420E0D8,
GL02097,2025-09-24,2100,Proveedores,15242.4,0,Pago Pinturas San Nicolás S de RL de CV,13BC0DC6-3AE0-ACDB-2A65-24AF709D338B,TX00389
GL02098,2025-09-24,1020,Bancos,0,15242.4,Pago Pinturas San Nicolás S de RL de CV,13BC0DC6-3AE0-ACDB-2A65-24AF709D338B,TX00389
GL02099,2025-09-24,2100,Proveedores,124192.38,0,Pago Soldadura Industrial SA de CV,178976DE-9E90-D107-0611-3BFE08B6F61D,TX00390
GL02100,2025-09-24,1020,Bancos,0,124192.38,Pago Soldadura Industrial SA de CV,178976DE-9E90-D107-0611-3BFE08B6F61D,TX00390
GL02101,2025-09-24,1020,Bancos,345264.3,0,Cobro Construcciones Elizondo SA de CV,A538C6A7-0565-1E80-4EE4-5227D2450039,TX00391
GL02102,2025-09-24,1200,Clientes,0,345264.3,Cobro Construcciones Elizondo SA de CV,A538C6A7-0565-1E80-4EE4-5227D2450039,TX00391
GL02103,2025-09-25,2100,Proveedores,221688.18,0,Pago Ferretera de México SAPI de CV,54B58635-3DAB-1614-5215-0ED87DDCA413,TX00392
GL02104,2025-09-25,1020,Bancos,0,221688.18,Pago Ferretera de México SAPI de CV,54B58635-3DAB-1614-5215-0ED87DDCA413,TX00392
GL02105,2025-09-25,2100,Proveedores,22350.65,0,Pago Grupo Monterrey S de RL de CV,88EAE7D4-1E49-4952-AC5D-4E5763B664F4,TX00393
GL02106,2025-09-25,1020,Bancos,0,22350.65,Pago Grupo Monterrey S de RL de CV,88EAE7D4-1E49-4952-AC5D-4E5763B664F4,TX00393
GL02107,2025-09-25,1200,Clientes,321409.75,0,Venta 1427 Construcciones Hernández SA de CV,65125D2E-24B3-BC8E-1E85-0F8015C2F297,
GL02108,2025-09-25,4000,Ventas,0,277077.37,Venta 1427 Construcciones Hernández SA de CV,65125D2E-24B3-BC8E-1E85-0F8015C2F297,
GL02109,2025-09-25,2180,IVA trasladado,0,44332.38,IVA venta 1427,65125D2E-24B3-BC8E-1E85-0F8015C2F297,
GL02110,2025-09-25,6000,Gastos refacciones,75000,0,Factura 77210 Electrónica Industrial S de RL de CV,FCCE3EF8-A41B-C4C2-4ECC-B0AB7D5338CA,
GL02111,2025-09-25,1180,IVA acreditable,12000.0,0,IVA factura 77210,FCCE3EF8-A41B-C4C2-4ECC-B0AB7D5338CA,
GL02112,2025-09-25,2100,Proveedores,0,87000.0,Factura 77210 Electrónica Industrial S de RL de CV,FCCE3EF8-A41B-C4C2-4ECC-B0AB7D5338CA,
GL02113,2025-09-26,2100,Proveedores,32233.85,0,Pago Neumática Apodaca S de RL de CV,44C07A9A-D64A-CB1F-39EB-038A436E3C49,TX00394
GL02114,2025-09-26,1020,Bancos,0,32233.85,Pago Neumática Apodaca S de RL de CV,44C07A9A-D64A-CB1F-39EB-038A436E3C49,TX00394
GL02115,2025-09-26,6000,Gastos servicios,97860,0,Factura 7653 Neumática Apodaca S de RL de CV,3362D476-D53A-E57F-E00B-D5343158F1FB,
GL02116,2025-09-26,1180,IVA acreditable,15657.6,0,IVA factura 7653,3362D476-D53A-E57F-E00B-D5343158F1FB,
GL02117,2025-09-26,2100,Proveedores,0,113517.6,Factura 7653 Neumática Apodaca S de RL de CV,3362D476-D53A-E57F-E00B-D5343158F1FB,
GL02118,2025-09-26,2100,Proveedores,177097.78,0,Pago Servicios Guadalupe S de RL de CV,86DC4E34-A9DC-FE52-E7F2-418A953FCFD4,TX00395
GL02119,2025-09-26,1020,Bancos,0,177097.78,Pago Servicios Guadalupe S de RL de CV,86DC4E34-A9DC-FE52-E7F2-418A953FCFD4,TX00395
GL02120,2025-09-26,6000,Gastos consumibles,100437.8,0,Factura 41714 Suministros Monterrey S de RL de CV,2875D40A-EAC7-DC2E-9099-A283EEDB0CE5,
GL02121,2025-09-26,1180,IVA acreditable,16070.05,0,IVA factura 41714,2875D40A-EAC7-DC2E-9099-A283EEDB0CE5,
GL02122,2025-09-26,2100,Proveedores,0,116507.85,Factura 41714 Suministros Monterrey S de RL de CV,2875D40A-EAC7-DC2E-9099-A283EEDB0CE5,
GL02123,2025-09-26,1020,Bancos,412535.49,0,Cobro Construcciones Quintanilla S de RL de CV,290C42F8-D30B-EF65-19B3-8619D1FB55B1,TX00396
GL02124,2025-09-26,1200,Clientes,0,412535.49,Cobro Construcciones Quintanilla S de RL de CV,290C42F8-D30B-EF65-19B3-8619D1FB55B1,TX00396
GL02125,2025-09-29,6000,Gastos consumibles,90422.4,0,Factura 60261 Grupo Guadalupe SA de CV,67F1698C-F594-8A54-5F80-4EEB143A9AFF,
GL02126,2025-09-29,1180,IVA acreditable,14467.58,0,IVA factura 60261,67F1698C-F594-8A54-5F80-4EEB143A9AFF,
GL02127,2025-09-29,2100,Proveedores,0,104889.98,Factura 60261 Grupo Guadalupe SA de CV,67F1698C-F594-8A54-5F80-4EEB143A9AFF,
GL02128,2025-09-29,2100,Proveedores,29870.0,0,Pago Distribuidora Industrial S de RL de CV,AA055442-A284-E8FD-755C-EE2AF8DED777,TX00397
GL02129,2025-09-29,1020,Bancos,0,29870.0,Pago Distribuidora Industrial S de RL de CV,AA055442-A284-E8FD-755C-EE2AF8DED777,TX00397
GL02130,2025-09-29,2100,Proveedores,158966.28,0,Pago Aceros Santa Catarina SA de CV,3DBC3093-A828-4442-3F73-8F5019A2676F,TX00398
GL02131,2025-09-29,1020,Bancos,0,158966.28,Pago Aceros Santa Catarina SA de CV,3DBC3093-A828-4442-3F73-8F5019A2676F,TX00398
GL02132,2025-09-29,2100,Proveedores,70040.8,0,Pago Aceros Santa Catarina SA de CV,1ACF42C5-F3A0-2120-42D9-43EE51976E75,TX00399
GL02133,2025-09-29,1020,Bancos,0,70040.8,Pago Aceros Santa Catarina SA de CV,1ACF42C5-F3A0-2120-42D9-43EE51976E75,TX00399
GL02134,2025-09-29,2100,Proveedores,115051.58,0,Pago Neumática Apodaca S de RL de CV,2F546033-6334-FA2A-8B4B-D7E7A4515AE0,TX00400
GL02135,2025-09-29,1020,Bancos,0,115051.58,Pago Neumática Apodaca S de RL de CV,2F546033-6334-FA2A-8B4B-D7E7A4515AE0,TX00400
GL02136,2025-09-29,2100,Proveedores,229097.45,0,Pago Aceros Apodaca S de RL de CV,2514C7CE-F4E3-5F7B-A1B7-E3D876B874D3,TX00401
GL02137,2025-09-29,1020,Bancos,0,229097.45,Pago Aceros Apodaca S de RL de CV,2514C7CE-F4E3-5F7B-A1B7-E3D876B874D3,TX00401
GL02138,2025-09-29,2100,Proveedores,51921.6,0,Pago Herramientas Monterrey SA de CV,85695F97-180D-C855-C55F-FDE8BC3E1D19,TX00402
GL02139,2025-09-29,1020,Bancos,0,51921.6,Pago Herramientas Monterrey SA de CV,85695F97-180D-C855-C55F-FDE8BC3E1D19,TX00402
GL02140,2025-09-29,2100,Proveedores,9166.78,0,Pago Suministros Regiomontana S de RL de CV,1D39E9C2-1758-4F23-1FA0-9802BBB71494,TX00403
GL02141,2025-09-29,1020,Bancos,0,9166.78,Pago Suministros Regiomontana S de RL de CV,1D39E9C2-1758-4F23-1FA0-9802BBB71494,TX00403
GL02142,2025-09-29,6000,Gastos materia_prima,192832.4,0,Factura 65104 Soldadura Industrial SA de CV,277664D0-D25C-7D37-EF16-D03B987593C3,
GL02143,2025-09-29,1180,IVA acreditable,30853.18,0,IVA factura 65104,277664D0-D25C-7D37-EF16-D03B987593C3,
GL02144,2025-09-29,2100,Proveedores,0,223685.58,Factura 65104 Soldadura Industrial SA de CV,277664D0-D25C-7D37-EF16-D03B987593C3,
GL02145,2025-09-29,1200,Clientes,313224.07,0,Venta 1402 Grupo Montemayor S de RL de CV,C4359252-319D-D940-838C-C13713AAE9C8,
GL02146,2025-09-29,4000,Ventas,0,270020.75,Venta 1402 Grupo Montemayor S de RL de CV,C4359252-319D-D940-838C-C13713AAE9C8,
GL02147,2025-09-29,2180,IVA trasladado,0,43203.32,IVA venta 1402,C4359252-319D-D940-838C-C13713AAE9C8,
GL02148,2025-09-29,1200,Clientes,228122.28,0,Venta 1493 Autopartes Martínez SAPI de CV,D3C724E8-7426-32D7-EDA4-13C6EB8466E4,
GL02149,2025-09-29,4000,Ventas,0,196657.14,Venta 1493 Autopartes Martínez SAPI de CV,D3C724E8-7426-32D7-EDA4-13C6EB8466E4,
GL02150,2025-09-29,2180,IVA trasladado,0,31465.14,IVA venta 1493,D3C724E8-7426-32D7-EDA4-13C6EB8466E4,
GL02151,2025-09-29,1200,Clientes,309304.08,0,Venta 1527 Autopartes Hernández S de RL de CV,77DD362B-4A6B-836B-157F-108B86514886,
GL02152,2025-09-29,4000,Ventas,0,266641.45,Venta 1527 Autopartes Hernández S de RL de CV,77DD362B-4A6B-836B-157F-108B86514886,
GL02153,2025-09-29,2180,IVA trasladado,0,42662.63,IVA venta 1527,77DD362B-4A6B-836B-157F-108B86514886,
GL02154,2025-09-29,1020,Bancos,169793.13,0,Cobro Envases García S de RL de CV,EAD44E11-1397-A29F-8D0D-F6F60C37EB80,TX00404
GL02155,2025-09-29,1200,Clientes,0,169793.13,Cobro Envases García S de RL de CV,EAD44E11-1397-A29F-8D0D-F6F60C37EB80,TX00404
GL02156,2025-09-29,1020,Bancos,55088.97,0,Cobro Envases López SAPI de CV,78202426-3134-1AB8-B9E8-D78149BB1313,TX00405
GL02157,2025-09-29,1200,Clientes,0,55088.97,Cobro Envases López SAPI de CV,78202426-3134-1AB8-B9E8-D78149BB1313,TX00405
GL02158,2025-09-29,6100,Sueldos y salarios,428172.47,0,Nómina,,TX00406
GL02159,2025-09-29,1020,Bancos,0,428172.47,Nómina,,TX00406
GL02160,2025-09-29,6000,Gastos consumibles,10471.48,0,Factura 62385 Refacciones San Nicolás S de RL de CV,A8AC1AB1-AFA9-D02C-9E4C-4BE773B0E73D,
GL02161,2025-09-29,1180,IVA acreditable,1675.44,0,IVA factura 62385,A8AC1AB1-AFA9-D02C-9E4C-4BE773B0E73D,
GL02162,2025-09-29,2100,Proveedores,0,12146.92,Factura 62385 Refacciones San Nicolás S de RL de CV,A8AC1AB1-AFA9-D02C-9E4C-4BE773B0E73D,
GL02163,2025-09-30,2100,Proveedores,75539.78,0,Pago Servicios San Nicolás SAPI de CV,FB8986C8-C7EC-FE71-D493-47FC0FC98D2E,TX00407
GL02164,2025-09-30,1020,Bancos,0,75539.78,Pago Servicios San Nicolás SAPI de CV,FB8986C8-C7EC-FE71-D493-47FC0FC98D2E,TX00407
GL02165,2025-09-30,2100,Proveedores,164952.0,0,Pago Servicios Guadalupe S de RL de CV,5564D1D3-4E0F-BAE1-8787-C3F4EC19E4EB,TX00408
GL02166,2025-09-30,1020,Bancos,0,164952.0,Pago Servicios Guadalupe S de RL de CV,5564D1D3-4E0F-BAE1-8787-C3F4EC19E4EB,TX00408
GL02167,2025-09-30,1020,Bancos,269555.42,0,Cobro Envases García S de RL de CV,0367EE2C-1DDE-A07D-651A-6277017F319F,TX00409
GL02168,2025-09-30,1200,Clientes,0,269555.42,Cobro Envases García S de RL de CV,0367EE2C-1DDE-A07D-651A-6277017F319F,TX00409
GL02169,2025-10-01,6000,Gastos consumibles,39262.4,0,Factura 13024 Industrias Apodaca SA de CV,774C0AFA-7F4D-908C-E1FF-F6C08347F1DA,
GL02170,2025-10-01,1180,IVA acreditable,6281.98,0,IVA factura 13024,774C0AFA-7F4D-908C-E1FF-F6C08347F1DA,
GL02171,2025-10-01,2100,Proveedores,0,45544.38,Factura 13024 Industrias Apodaca SA de CV,774C0AFA-7F4D-908C-E1FF-F6C08347F1DA,
GL02172,2025-10-01,6000,Gastos consumibles,155277.8,0,Factura 86294 Transportes Apodaca SAPI de CV,D73418FE-2B84-3EF3-D86D-655D4CD99164,
GL02173,2025-10-01,1180,IVA acreditable,24844.45,0,IVA factura 86294,D73418FE-2B84-3EF3-D86D-655D4CD99164,
GL02174,2025-10-01,2100,Proveedores,0,180122.25,Factura 86294 Transportes Apodaca SAPI de CV,D73418FE-2B84-3EF3-D86D-655D4CD99164,
GL02175,2025-10-01,2100,Proveedores,55830.68,0,Pago Ferretera Monterrey S de RL de CV,DFCB821B-237C-DB55-C596-FAB776B90472,TX00410
GL02176,2025-10-01,1020,Bancos,0,55830.68,Pago Ferretera Monterrey S de RL de CV,DFCB821B-237C-DB55-C596-FAB776B90472,TX00410
GL02177,2025-10-02,6000,Gastos refacciones,49642.4,0,Factura 44925 Aceros Apodaca S de RL de CV,BFB0942C-AC77-7762-6620-516717CF775F,
GL02178,2025-10-02,1180,IVA acreditable,7942.78,0,IVA factura 44925,BFB0942C-AC77-7762-6620-516717CF775F,
GL02179,2025-10-02,2100,Proveedores,0,57585.18,Factura 44925 Aceros Apodaca S de RL de CV,BFB0942C-AC77-7762-6620-516717CF775F,
GL02180,2025-10-02,6000,Gastos consumibles,11990.5,0,Factura 41600 Ferretera San Nicolás SA de CV,FE67E8E9-0A88-E6CA-1DEE-4B6D3CE75D1E,
GL02181,2025-10-02,1180,IVA acreditable,1918.48,0,IVA factura 41600,FE67E8E9-0A88-E6CA-1DEE-4B6D3CE75D1E,
GL02182,2025-10-02,2100,Proveedores,0,13908.98,Factura 41600 Ferretera San Nicolás SA de CV,FE67E8E9-0A88-E6CA-1DEE-4B6D3CE75D1E,
GL02183,2025-10-03,2100,Proveedores,8111.18,0,Pago Aceros Regiomontana S de RL de CV,6883AC6E-6A94-4054-B241-4482519894D8,TX00411
GL02184,2025-10-03,1020,Bancos,0,8111.18,Pago Aceros Regiomontana S de RL de CV,6883AC6E-6A94-4054-B241-4482519894D8,TX00411
GL02185,2025-10-03,6000,Gastos refacciones,9552.4,0,Factura 89137 Electrónica Regiomontana SAPI de CV,83B0B35C-DBA6-FDF8-F3D0-4FFB44709848,
GL02186,2025-10-03,1180,IVA acreditable,1528.38,0,IVA factura 89137,83B0B35C-DBA6-FDF8-F3D0-4FFB44709848,
GL02187,2025-10-03,2100,Proveedores,0,11080.78,Factura 89137 Electrónica Regiomontana SAPI de CV,83B0B35C-DBA6-FDF8-F3D0-4FFB44709848,
GL02188,2025-10-03,2100,Proveedores,67572.78,0,Pago Aceros Santa Catarina SA de CV,E2789642-A484-E035-330F-AAA36B52F93C,TX00412
GL02189,2025-10-03,1020,Bancos,0,67572.78,Pago Aceros Santa Catarina SA de CV,E2789642-A484-E035-330F-AAA36B52F93C,TX00412
GL02190,2025-10-03,6000,Gastos consumibles,46249.9,0,Factura 63490 Servicios Escobedo SAPI de CV,902BD154-6088-5550-F74F-690071594914,
GL02191,2025-10-03,1180,IVA acreditable,7399.98,0,IVA factura 63490,902BD154-6088-5550-F74F-690071594914,
GL02192,2025-10-03,2100,Proveedores,0,53649.88,Factura 63490 Servicios Escobedo SAPI de CV,902BD154-6088-5550-F74F-690071594914,
GL02193,2025-10-03,1020,Bancos,101489.59,0,Cobro Autopartes Martínez SAPI de CV,6ED47A6D-87C9-DAAC-B5D3-4F2F513BB65C,TX00413
GL02194,2025-10-03,1200,Clientes,0,101489.59,Cobro Autopartes Martínez SAPI de CV,6ED47A6D-87C9-DAAC-B5D3-4F2F513BB65C,TX00413
GL02195,2025-10-03,1020,Bancos,164549.69,0,Cobro Autopartes Martínez SAPI de CV,D45FF4DB-9CE9-1544-4362-262DE07EE721,TX00414
GL02196,2025-10-03,1200,Clientes,0,164549.69,Cobro Autopartes Martínez SAPI de CV,D45FF4DB-9CE9-1544-4362-262DE07EE721,TX00414
GL02197,2025-10-03,1020,Bancos,335298.28,0,Cobro Envases García S de RL de CV,BE86F5D0-F73E-EB07-A860-25BFDE68666D,TX00415
GL02198,2025-10-03,1200,Clientes,0,335298.28,Cobro Envases García S de RL de CV,BE86F5D0-F73E-EB07-A860-25BFDE68666D,TX00415
GL02199,2025-10-06,6000,Gastos materia_prima,10560,0,Factura 95981 Aceros Regiomontana S de RL de CV,D0D75E37-3BF2-025F-4A0D-2B73FE54EE4B,
GL02200,2025-10-06,1180,IVA acreditable,1689.6,0,IVA factura 95981,D0D75E37-3BF2-025F-4A0D-2B73FE54EE4B,
GL02201,2025-10-06,2100,Proveedores,0,12249.6,Factura 95981 Aceros Regiomontana S de RL de CV,D0D75E37-3BF2-025F-4A0D-2B73FE54EE4B,
GL02202,2025-10-06,6000,Gastos materia_prima,179292.4,0,Factura 3516 Aceros Santa Catarina SA de CV,2E0869C1-453B-45FE-636C-F4995254AAD3,
GL02203,2025-10-06,1180,IVA acreditable,28686.78,0,IVA factura 3516,2E0869C1-453B-45FE-636C-F4995254AAD3,
GL02204,2025-10-06,2100,Proveedores,0,207979.18,Factura 3516 Aceros Santa Catarina SA de CV,2E0869C1-453B-45FE-636C-F4995254AAD3,
GL02205,2025-10-06,6000,Gastos refacciones,208977.8,0,Factura 75403 Aceros Apodaca S de RL de CV,FC40A3D4-E5EB-4549-7E0A-04C250BF2995,
GL02206,2025-10-06,1180,IVA acreditable,33436.45,0,IVA factura 75403,FC40A3D4-E5EB-4549-7E0A-04C250BF2995,
GL02207,2025-10-06,2100,Proveedores,0,242414.25,Factura 75403 Aceros Apodaca S de RL de CV,FC40A3D4-E5EB-4549-7E0A-04C250BF2995,
GL02208,2025-10-06,6000,Gastos consumibles,8917.8,0,Factura 19658 Aceros de México S de RL de CV,CBEED3E3-1CD8-89E2-3197-91670D95EE72,
GL02209,2025-10-06,1180,IVA acreditable,1426.85,0,IVA factura 19658,CBEED3E3-1CD8-89E2-3197-91670D95EE72,
GL02210,2025-10-06,2100,Proveedores,0,10344.65,Factura 19658 Aceros de México S de RL de CV,CBEED3E3-1CD8-89E2-3197-91670D95EE72,
GL02211,2025-10-06,1020,Bancos,102562.29,0,Cobro Grupo Martínez SAPI de CV,C3963BF9-7CC9-D887-639A-C771B739A28A,TX00416
GL02212,2025-10-06,1200,Clientes,0,102562.29,Cobro Grupo Martínez SAPI de CV,C3963BF9-7CC9-D887-639A-C771B739A28A,TX00416
GL02213,2025-10-06,1020,Bancos,419179.75,0,Cobro Autopartes Villarreal SAPI de CV,7DC42F12-FE9B-D0E1-BCA3-765350C76BAA,TX00417
GL02214,2025-10-06,1200,Clientes,0,419179.75,Cobro Autopartes Villarreal SAPI de CV,7DC42F12-FE9B-D0E1-BCA3-765350C76BAA,TX00417
GL02215,2025-10-06,1020,Bancos,93376.2,0,Cobro Autopartes Villarreal SAPI de CV,1FA7CDDF-25E6-D919-DDEB-CD5CB8427379,TX00418
GL02216,2025-10-06,1200,Clientes,0,93376.2,Cobro Autopartes Villarreal SAPI de CV,1FA7CDDF-25E6-D919-DDEB-CD5CB8427379,TX00418
GL02217,2025-10-06,6000,Gastos servicios,300000,0,Factura 38977 Promotora Comercial Chapa SA de CV,7FAC89FE-5FE0-C7C3-2336-D60B0F571D6B,
GL02218,2025-10-06,1180,IVA acreditable,48000.0,0,IVA factura 38977,7FAC89FE-5FE0-C7C3-2336-D60B0F571D6B,
GL02219,2025-10-06,2100,Proveedores,0,348000.0,Factura 38977 Promotora Comercial Chapa SA de CV,7FAC89FE-5FE0-C7C3-2336-D60B0F571D6B,
GL02220,2025-10-06,2100,Proveedores,6989.3,0,Pago Refacciones San Nicolás S de RL de CV,6AB62DBF-8663-E8BB-6AF7-895BB241CFD3,TX00419
GL02221,2025-10-06,1020,Bancos,0,6989.3,Pago Refacciones San Nicolás S de RL de CV,6AB62DBF-8663-E8BB-6AF7-895BB241CFD3,TX00419
GL02222,2025-10-06,2100,Proveedores,15743.18,0,Pago Refacciones San Nicolás S de RL de CV,AE8E6075-5EEB-C618-5628-27686DF0AC3C,TX00420
GL02223,2025-10-06,1020,Bancos,0,15743.18,Pago Refacciones San Nicolás S de RL de CV,AE8E6075-5EEB-C618-5628-27686DF0AC3C,TX00420
GL02224,2025-10-07,2100,Proveedores,140348.98,0,Pago Servicios Guadalupe S de RL de CV,65339CF0-7CE4-770E-32B7-3D808F2E08D3,TX00421
GL02225,2025-10-07,1020,Bancos,0,140348.98,Pago Servicios Guadalupe S de RL de CV,65339CF0-7CE4-770E-32B7-3D808F2E08D3,TX00421
GL02226,2025-10-07,1200,Clientes,53779.15,0,Venta 1437 Grupo Martínez SAPI de CV,6E2F1D3B-FD9F-45F4-0816-D739C3933447,
GL02227,2025-10-07,4000,Ventas,0,46361.34,Venta 1437 Grupo Martínez SAPI de CV,6E2F1D3B-FD9F-45F4-0816-D739C3933447,
GL02228,2025-10-07,2180,IVA trasladado,0,7417.81,IVA venta 1437,6E2F1D3B-FD9F-45F4-0816-D739C3933447,
GL02229,2025-10-07,1020,Bancos,171844.22,0,Cobro Autopartes Hernández S de RL de CV,E724B119-AF2F-32A7-20B6-D43CFBF3A106,TX00422
GL02230,2025-10-07,1200,Clientes,0,171844.22,Cobro Autopartes Hernández S de RL de CV,E724B119-AF2F-32A7-20B6-D43CFBF3A106,TX00422
GL02231,2025-10-08,6000,Gastos consumibles,131390.5,0,Factura 11765 Transportes Apodaca SAPI de CV,ABF0263E-0343-8B64-00B3-700F3C088990,
GL02232,2025-10-08,1180,IVA acreditable,21022.48,0,IVA factura 11765,ABF0263E-0343-8B64-00B3-700F3C088990,
GL02233,2025-10-08,2100,Proveedores,0,152412.98,Factura 11765 Transportes Apodaca SAPI de CV,ABF0263E-0343-8B64-00B3-700F3C088990,
GL02234,2025-10-08,2100,Proveedores,29150.68,0,Pago Soldadura de México SAPI de CV,F5E8A7E1-5A58-9B67-6BC7-B63554DE19CD,TX00423
GL02235,2025-10-08,1020,Bancos,0,29150.68,Pago Soldadura de México SAPI de CV,F5E8A7E1-5A58-9B67-6BC7-B63554DE19CD,TX00423
GL02236,2025-10-08,2100,Proveedores,348000.0,0,Pago Promotora Comercial Chapa SA de CV,7FAC89FE-5FE0-C7C3-2336-D60B0F571D6B,TX00424
GL02237,2025-10-08,1020,Bancos,0,348000.0,Pago Promotora Comercial Chapa SA de CV,7FAC89FE-5FE0-C7C3-2336-D60B0F571D6B,TX00424
GL02238,2025-10-09,6000,Gastos materia_prima,15789.9,0,Factura 25975 Grupo Monterrey S de RL de CV,1923CAFC-402D-105B-113E-AF84ABF39096,
GL02239,2025-10-09,1180,IVA acreditable,2526.38,0,IVA factura 25975,1923CAFC-402D-105B-113E-AF84ABF39096,
GL02240,2025-10-09,2100,Proveedores,0,18316.28,Factura 25975 Grupo Monterrey S de RL de CV,1923CAFC-402D-105B-113E-AF84ABF39096,
GL02241,2025-10-09,2100,Proveedores,21866.58,0,Pago Suministros Regiomontana S de RL de CV,2BBF1E35-C4AC-B57D-0B3D-6DC9616F760A,TX00425
GL02242,2025-10-09,1020,Bancos,0,21866.58,Pago Suministros Regiomontana S de RL de CV,2BBF1E35-C4AC-B57D-0B3D-6DC9616F760A,TX00425
GL02243,2025-10-10,2100,Proveedores,208535.98,0,Pago Ferretera de México SAPI de CV,C9C1AD45-F4EA-6B97-6AA4-15B56336C815,TX00426
GL02244,2025-10-10,1020,Bancos,0,208535.98,Pago Ferretera de México SAPI de CV,C9C1AD45-F4EA-6B97-6AA4-15B56336C815,TX00426
GL02245,2025-10-10,1020,Bancos,280182.92,0,Cobro Grupo Salinas S de RL de CV,E7D90C1B-A59C-AEED-6C09-72046FA6681C,TX00427
GL02246,2025-10-10,1200,Clientes,0,280182.92,Cobro Grupo Salinas S de RL de CV,E7D90C1B-A59C-AEED-6C09-72046FA6681C,TX00427
GL02247,2025-10-10,6000,Gastos servicios,200000,0,Factura 37837 Neumática Regiomontana SAPI de CV,1752815C-BCBF-1583-0A01-75E5937D6FB1,
GL02248,2025-10-10,1180,IVA acreditable,32000.0,0,IVA factura 37837,1752815C-BCBF-1583-0A01-75E5937D6FB1,
GL02249,2025-10-10,2100,Proveedores,0,232000.0,Factura 37837 Neumática Regiomontana SAPI de CV,1752815C-BCBF-1583-0A01-75E5937D6FB1,
GL02250,2025-10-10,1200,Clientes,294000.0,0,Venta 1570 Comercializadora Hernández SAPI de CV,991B749E-B9AD-D00A-EC64-8A9B3CF1C29E,
GL02251,2025-10-10,4000,Ventas,0,253448.28,Venta 1570 Comercializadora Hernández SAPI de CV,991B749E-B9AD-D00A-EC64-8A9B3CF1C29E,
GL02252,2025-10-10,2180,IVA trasladado,0,40551.72,IVA venta 1570,991B749E-B9AD-D00A-EC64-8A9B3CF1C29E,
GL02253,2025-10-13,6000,Gastos consumibles,37339.9,0,Factura 86398 Distribuidora Industrial S de RL de CV,D90F74E9-06DD-F6CA-B0C3-0A59F0F7AD22,
GL02254,2025-10-13,1180,IVA acreditable,5974.38,0,IVA factura 86398,D90F74E9-06DD-F6CA-B0C3-0A59F0F7AD22,
GL02255,2025-10-13,2100,Proveedores,0,43314.28,Factura 86398 Distribuidora Industrial S de RL de CV,D90F74E9-06DD-F6CA-B0C3-0A59F0F7AD22,
GL02256,2025-10-13,2100,Proveedores,112334.4,0,Pago Neumática Apodaca S de RL de CV,4FA5C35E-10CC-4604-28B2-6B1BCA9F1D59,TX00428
GL02257,2025-10-13,1020,Bancos,0,112334.4,Pago Neumática Apodaca S de RL de CV,4FA5C35E-10CC-4604-28B2-6B1BCA9F1D59,TX00428
GL02258,2025-10-13,6000,Gastos materia_prima,154270.5,0,Factura 88229 Ferretera de México SAPI de CV,586528E6-AFC5-C20E-4A63-6AF5B6E1E7AC,
GL02259,2025-10-13,1180,IVA acreditable,24683.28,0,IVA factura 88229,586528E6-AFC5-C20E-4A63-6AF5B6E1E7AC,
GL02260,2025-10-13,2100,Proveedores,0,178953.78,Factura 88229 Ferretera de México SAPI de CV,586528E6-AFC5-C20E-4A63-6AF5B6E1E7AC,
GL02261,2025-10-13,6000,Gastos materia_prima,64447.8,0,Factura 14353 Metálica San Nicolás SA de CV,9927839B-11D1-CE50-67E2-189BF4B4C704,
GL02262,2025-10-13,1180,IVA acreditable,10311.65,0,IVA factura 14353,9927839B-11D1-CE50-67E2-189BF4B4C704,
GL02263,2025-10-13,2100,Proveedores,0,74759.45,Factura 14353 Metálica San Nicolás SA de CV,9927839B-11D1-CE50-67E2-189BF4B4C704,
GL02264,2025-10-13,2100,Proveedores,10463.08,0,Pago Soldadura de México SAPI de CV,D707CB6D-5C3B-D3B5-ECAA-DAFBD7E4527A,TX00429
GL02265,2025-10-13,1020,Bancos,0,10463.08,Pago Soldadura de México SAPI de CV,D707CB6D-5C3B-D3B5-ECAA-DAFBD7E4527A,TX00429
GL02266,2025-10-13,6000,Gastos refacciones,43667.8,0,Factura 11992 Ferretera Monterrey S de RL de CV,A5CBBF6F-3D33-3164-4BB8-EBE25BC07988,
GL02267,2025-10-13,1180,IVA acreditable,6986.85,0,IVA factura 11992,A5CBBF6F-3D33-3164-4BB8-EBE25BC07988,
GL02268,2025-10-13,2100,Proveedores,0,50654.65,Factura 11992 Ferretera Monterrey S de RL de CV,A5CBBF6F-3D33-3164-4BB8-EBE25BC07988,
GL02269,2025-10-13,1200,Clientes,321770.05,0,Venta 1439 Grupo Martínez SAPI de CV,B4C04BDF-E27B-B6C4-4D94-5434C7859C05,
GL02270,2025-10-13,4000,Ventas,0,277387.97,Venta 1439 Grupo Martínez SAPI de CV,B4C04BDF-E27B-B6C4-4D94-5434C7859C05,
GL02271,2025-10-13,2180,IVA trasladado,0,44382.08,IVA venta 1439,B4C04BDF-E27B-B6C4-4D94-5434C7859C05,
GL02272,2025-10-13,1020,Bancos,260777.35,0,Cobro Envases López SAPI de CV,ADBD2E33-EF6E-9295-9C8A-F485B98050A6,TX00430
GL02273,2025-10-13,1200,Clientes,0,260777.35,Cobro Envases López SAPI de CV,ADBD2E33-EF6E-9295-9C8A-F485B98050A6,TX00430
GL02274,2025-10-13,6000,Gastos servicios,64000,0,Factura 12761 Gestoría y Enlace San Nicolás S de RL de CV,38772265-102C-01A3-AB40-4598AE11D3C2,
GL02275,2025-10-13,1180,IVA acreditable,10240.0,0,IVA factura 12761,38772265-102C-01A3-AB40-4598AE11D3C2,
GL02276,2025-10-13,2100,Proveedores,0,74240.0,Factura 12761 Gestoría y Enlace San Nicolás S de RL de CV,38772265-102C-01A3-AB40-4598AE11D3C2,
GL02277,2025-10-14,2100,Proveedores,15543.88,0,Pago Pinturas San Nicolás S de RL de CV,17DB4C2F-1E15-8E2F-C09C-2EBE80DA2ED7,TX00431
GL02278,2025-10-14,1020,Bancos,0,15543.88,Pago Pinturas San Nicolás S de RL de CV,17DB4C2F-1E15-8E2F-C09C-2EBE80DA2ED7,TX00431
GL02279,2025-10-14,6000,Gastos consumibles,21540.5,0,Factura 84058 Ferretera San Nicolás SA de CV,F4BE28B4-4CD7-E6F7-433E-CD2C276E1D67,
GL02280,2025-10-14,1180,IVA acreditable,3446.48,0,IVA factura 84058,F4BE28B4-4CD7-E6F7-433E-CD2C276E1D67,
GL02281,2025-10-14,2100,Proveedores,0,24986.98,Factura 84058 Ferretera San Nicolás SA de CV,F4BE28B4-4CD7-E6F7-433E-CD2C276E1D67,
GL02282,2025-10-14,1020,Bancos,428934.62,0,Cobro Envases Rodríguez SAPI de CV,EC6494E0-2198-6E3C-D19F-CF311DD73F1F,TX00432
GL02283,2025-10-14,1200,Clientes,0,428934.62,Cobro Envases Rodríguez SAPI de CV,EC6494E0-2198-6E3C-D19F-CF311DD73F1F,TX00432
GL02284,2025-10-14,1020,Bancos,329577.67,0,Cobro Grupo Martínez SAPI de CV,9AC60306-61F4-3C2B-2DD9-3719F8D9BF33,TX00433
GL02285,2025-10-14,1200,Clientes,0,329577.67,Cobro Grupo Martínez SAPI de CV,9AC60306-61F4-3C2B-2DD9-3719F8D9BF33,TX00433
GL02286,2025-10-14,1200,Clientes,63573.8,0,Venta 1503 Autopartes Martínez SAPI de CV,80F58B81-2B7C-5EE3-42A2-79502DEB5687,
GL02287,2025-10-14,4000,Ventas,0,54805.0,Venta 1503 Autopartes Martínez SAPI de CV,80F58B81-2B7C-5EE3-42A2-79502DEB5687,
GL02288,2025-10-14,2180,IVA trasladado,0,8768.8,IVA venta 1503,80F58B81-2B7C-5EE3-42A2-79502DEB5687,
GL02289,2025-10-14,2100,Proveedores,232000.0,0,Pago Neumática Regiomontana SAPI de CV,1752815C-BCBF-1583-0A01-75E5937D6FB1,TX00434
GL02290,2025-10-14,1020,Bancos,0,232000.0,Pago Neumática Regiomontana SAPI de CV,1752815C-BCBF-1583-0A01-75E5937D6FB1,TX00434
GL02291,2025-10-14,1020,Bancos,294000.0,0,Cobro Comercializadora Hernández SAPI de CV,991B749E-B9AD-D00A-EC64-8A9B3CF1C29E,TX00435
GL02292,2025-10-14,1200,Clientes,0,294000.0,Cobro Comercializadora Hernández SAPI de CV,991B749E-B9AD-D00A-EC64-8A9B3CF1C29E,TX00435
GL02293,2025-10-14,2100,Proveedores,12146.92,0,Pago Refacciones San Nicolás S de RL de CV,A8AC1AB1-AFA9-D02C-9E4C-4BE773B0E73D,TX00436
GL02294,2025-10-14,1020,Bancos,0,12146.92,Pago Refacciones San Nicolás S de RL de CV,A8AC1AB1-AFA9-D02C-9E4C-4BE773B0E73D,TX00436
GL02295,2025-10-14,2100,Proveedores,1733.25,0,Pago Ferretera San Nicolás SA de CV,606FFA15-F76C-432E-B442-8CDE4A9F6C5C,TX00437
GL02296,2025-10-14,1020,Bancos,0,1733.25,Pago Ferretera San Nicolás SA de CV,606FFA15-F76C-432E-B442-8CDE4A9F6C5C,TX00437
GL02297,2025-10-15,6000,Gastos refacciones,16647.8,0,Factura 58276 Electrónica Regiomontana SAPI de CV,D703262F-B5CB-E3F5-6A66-C1847DE1BF5D,
GL02298,2025-10-15,1180,IVA acreditable,2663.65,0,IVA factura 58276,D703262F-B5CB-E3F5-6A66-C1847DE1BF5D,
GL02299,2025-10-15,2100,Proveedores,0,19311.45,Factura 58276 Electrónica Regiomontana SAPI de CV,D703262F-B5CB-E3F5-6A66-C1847DE1BF5D,
GL02300,2025-10-15,1200,Clientes,403177.17,0,Venta 1442 Grupo Martínez SAPI de CV,436D977B-6431-CBBE-0E44-C9DC81B61C87,
GL02301,2025-10-15,4000,Ventas,0,347566.53,Venta 1442 Grupo Martínez SAPI de CV,436D977B-6431-CBBE-0E44-C9DC81B61C87,
GL02302,2025-10-15,2180,IVA trasladado,0,55610.64,IVA venta 1442,436D977B-6431-CBBE-0E44-C9DC81B61C87,
GL02303,2025-10-15,2100,Proveedores,74240.0,0,Pago Gestoría y Enlace San Nicolás S de RL de CV,38772265-102C-01A3-AB40-4598AE11D3C2,TX00438
GL02304,2025-10-15,1020,Bancos,0,74240.0,Pago Gestoría y Enlace San Nicolás S de RL de CV,38772265-102C-01A3-AB40-4598AE11D3C2,TX00438
GL02305,2025-10-16,6000,Gastos consumibles,45049.9,0,Factura 25714 Distribuidora Industrial S de RL de CV,7E4CE29F-F8CB-AB4C-9779-0E845E472E22,
GL02306,2025-10-16,1180,IVA acreditable,7207.98,0,IVA factura 25714,7E4CE29F-F8CB-AB4C-9779-0E845E472E22,
GL02307,2025-10-16,2100,Proveedores,0,52257.88,Factura 25714 Distribuidora Industrial S de RL de CV,7E4CE29F-F8CB-AB4C-9779-0E845E472E22,
GL02308,2025-10-17,2100,Proveedores,111464.4,0,Pago Neumática Apodaca S de RL de CV,BE64AC2A-F966-71A5-4CEC-495B226716E3,TX00439
GL02309,2025-10-17,1020,Bancos,0,111464.4,Pago Neumática Apodaca S de RL de CV,BE64AC2A-F966-71A5-4CEC-495B226716E3,TX00439
GL02310,2025-10-20,1200,Clientes,261363.71,0,Venta 1448 Grupo Chapa S de RL de CV,B22A55A6-0539-1557-4441-22A56BD1F826,
GL02311,2025-10-20,4000,Ventas,0,225313.54,Venta 1448 Grupo Chapa S de RL de CV,B22A55A6-0539-1557-4441-22A56BD1F826,
GL02312,2025-10-20,2180,IVA trasladado,0,36050.17,IVA venta 1448,B22A55A6-0539-1557-4441-22A56BD1F826,
GL02313,2025-10-20,1020,Bancos,205953.91,0,Cobro Autopartes Martínez SAPI de CV,999F0691-34E4-20BF-DB38-F3066E6A3D5B,TX00440
GL02314,2025-10-20,1200,Clientes,0,205953.91,Cobro Autopartes Martínez SAPI de CV,999F0691-34E4-20BF-DB38-F3066E6A3D5B,TX00440
GL02315,2025-10-21,6000,Gastos consumibles,20099.9,0,Factura 5353 Ferretera San Nicolás SA de CV,7A9E8394-BB4C-CB14-1CC0-B764B06BEFCA,
GL02316,2025-10-21,1180,IVA acreditable,3215.98,0,IVA factura 5353,7A9E8394-BB4C-CB14-1CC0-B764B06BEFCA,
GL02317,2025-10-21,2100,Proveedores,0,23315.88,Factura 5353 Ferretera San Nicolás SA de CV,7A9E8394-BB4C-CB14-1CC0-B764B06BEFCA,
GL02318,2025-10-21,1020,Bancos,352482.96,0,Cobro Grupo Montemayor S de RL de CV,29B05B37-4271-0779-D864-465A047DD583,TX00441
GL02319,2025-10-21,1200,Clientes,0,352482.96,Cobro Grupo Montemayor S de RL de CV,29B05B37-4271-0779-D864-465A047DD583,TX00441
GL02320,2025-10-21,1020,Bancos,92468.03,0,Cobro Construcciones Hernández SA de CV,5C7AE8EF-C324-5E35-7EED-CC6522CB2720,TX00442
GL02321,2025-10-21,1200,Clientes,0,92468.03,Cobro Construcciones Hernández SA de CV,5C7AE8EF-C324-5E35-7EED-CC6522CB2720,TX00442
GL02322,2025-10-22,6000,Gastos logistica,179382.4,0,Factura 47943 Pinturas del Norte SAPI de CV,64976593-C92E-8C93-D105-C8D647C1C017,
GL02323,2025-10-22,1180,IVA acreditable,28701.18,0,IVA factura 47943,64976593-C92E-8C93-D105-C8D647C1C017,
GL02324,2025-10-22,2100,Proveedores,0,208083.58,Factura 47943 Pinturas del Norte SAPI de CV,64976593-C92E-8C93-D105-C8D647C1C017,
GL02325,2025-10-22,2100,Proveedores,207979.18,0,Pago Aceros Santa Catarina SA de CV,2E0869C1-453B-45FE-636C-F4995254AAD3,TX00443
GL02326,2025-10-22,1020,Bancos,0,207979.18,Pago Aceros Santa Catarina SA de CV,2E0869C1-453B-45FE-636C-F4995254AAD3,TX00443
GL02327,2025-10-22,6000,Gastos materia_prima,4290.5,0,Factura 11086 Pinturas San Nicolás S de RL de CV,DBEAE9F8-E8FB-5A96-3B85-F6E1C40F5405,
GL02328,2025-10-22,1180,IVA acreditable,686.48,0,IVA factura 11086,DBEAE9F8-E8FB-5A96-3B85-F6E1C40F5405,
GL02329,2025-10-22,2100,Proveedores,0,4976.98,Factura 11086 Pinturas San Nicolás S de RL de CV,DBEAE9F8-E8FB-5A96-3B85-F6E1C40F5405,
GL02330,2025-10-22,1020,Bancos,135329.09,0,Cobro Envases Villarreal SA de CV,F0278488-BE01-5802-D2EB-A277F64D4DE0,TX00444
GL02331,2025-10-22,1200,Clientes,0,135329.09,Cobro Envases Villarreal SA de CV,F0278488-BE01-5802-D2EB-A277F64D4DE0,TX00444
GL02332,2025-10-22,2100,Proveedores,87000.0,0,Pago Electrónica Industrial S de RL de CV,FCCE3EF8-A41B-C4C2-4ECC-B0AB7D5338CA,TX00445
GL02333,2025-10-22,1020,Bancos,0,87000.0,Pago Electrónica Industrial S de RL de CV,FCCE3EF8-A41B-C4C2-4ECC-B0AB7D5338CA,TX00445
GL02334,2025-10-23,2100,Proveedores,104889.98,0,Pago Grupo Guadalupe SA de CV,67F1698C-F594-8A54-5F80-4EEB143A9AFF,TX00446
GL02335,2025-10-23,1020,Bancos,0,104889.98,Pago Grupo Guadalupe SA de CV,67F1698C-F594-8A54-5F80-4EEB143A9AFF,TX00446
GL02336,2025-10-23,2100,Proveedores,29496.25,0,Pago Electrónica Regiomontana SAPI de CV,B39E4DF2-5C0A-1FEB-F7EA-E66ECA6CAF9B,TX00447
GL02337,2025-10-23,1020,Bancos,0,29496.25,Pago Electrónica Regiomontana SAPI de CV,B39E4DF2-5C0A-1FEB-F7EA-E66ECA6CAF9B,TX00447
GL02338,2025-10-23,2100,Proveedores,87000.0,0,Pago Electrónica Industrial S de RL de CV,BC547D54-6C8D-E840-ED30-555662A53193,TX00448
GL02339,2025-10-23,1020,Bancos,0,87000.0,Pago Electrónica Industrial S de RL de CV,BC547D54-6C8D-E840-ED30-555662A53193,TX00448
GL02340,2025-10-24,1200,Clientes,365130.71,0,Venta 1418 Envases Rodríguez SAPI de CV,31094211-B73F-6E64-378D-2F8D8761F9DA,
GL02341,2025-10-24,4000,Ventas,0,314767.85,Venta 1418 Envases Rodríguez SAPI de CV,31094211-B73F-6E64-378D-2F8D8761F9DA,
GL02342,2025-10-24,2180,IVA trasladado,0,50362.86,IVA venta 1418,31094211-B73F-6E64-378D-2F8D8761F9DA,
GL02343,2025-10-24,1020,Bancos,309304.08,0,Cobro Autopartes Hernández S de RL de CV,77DD362B-4A6B-836B-157F-108B86514886,TX00449
GL02344,2025-10-24,1200,Clientes,0,309304.08,Cobro Autopartes Hernández S de RL de CV,77DD362B-4A6B-836B-157F-108B86514886,TX00449
GL02345,2025-10-24,1200,Clientes,295222.6,0,Venta 1544 Envases López SAPI de CV,0979F5D3-4A70-3330-FFC0-31368DE6E6B3,
GL02346,2025-10-24,4000,Ventas,0,254502.24,Venta 1544 Envases López SAPI de CV,0979F5D3-4A70-3330-FFC0-31368DE6E6B3,
GL02347,2025-10-24,2180,IVA trasladado,0,40720.36,IVA venta 1544,0979F5D3-4A70-3330-FFC0-31368DE6E6B3,
GL02348,2025-10-27,2100,Proveedores,45544.38,0,Pago Industrias Apodaca SA de CV,774C0AFA-7F4D-908C-E1FF-F6C08347F1DA,TX00450
GL02349,2025-10-27,1020,Bancos,0,45544.38,Pago Industrias Apodaca SA de CV,774C0AFA-7F4D-908C-E1FF-F6C08347F1DA,TX00450
GL02350,2025-10-27,2100,Proveedores,11080.78,0,Pago Electrónica Regiomontana SAPI de CV,83B0B35C-DBA6-FDF8-F3D0-4FFB44709848,TX00451
GL02351,2025-10-27,1020,Bancos,0,11080.78,Pago Electrónica Regiomontana SAPI de CV,83B0B35C-DBA6-FDF8-F3D0-4FFB44709848,TX00451
GL02352,2025-10-27,6000,Gastos materia_prima,66310,0,Factura 70344 Servicios San Nicolás SAPI de CV,1EE89A4C-6811-34E2-5064-7C59774F6354,
GL02353,2025-10-27,1180,IVA acreditable,10609.6,0,IVA factura 70344,1EE89A4C-6811-34E2-5064-7C59774F6354,
GL02354,2025-10-27,2100,Proveedores,0,76919.6,Factura 70344 Servicios San Nicolás SAPI de CV,1EE89A4C-6811-34E2-5064-7C59774F6354,
GL02355,2025-10-27,2100,Proveedores,113517.6,0,Pago Neumática Apodaca S de RL de CV,3362D476-D53A-E57F-E00B-D5343158F1FB,TX00452
GL02356,2025-10-27,1020,Bancos,0,113517.6,Pago Neumática Apodaca S de RL de CV,3362D476-D53A-E57F-E00B-D5343158F1FB,TX00452
GL02357,2025-10-27,6000,Gastos materia_prima,9299.9,0,Factura 41153 Grupo Monterrey S de RL de CV,013CA998-2B2B-F58C-6DA5-8DADF56AABC0,
GL02358,2025-10-27,1180,IVA acreditable,1487.98,0,IVA factura 41153,013CA998-2B2B-F58C-6DA5-8DADF56AABC0,
GL02359,2025-10-27,2100,Proveedores,0,10787.88,Factura 41153 Grupo Monterrey S de RL de CV,013CA998-2B2B-F58C-6DA5-8DADF56AABC0,
GL02360,2025-10-27,6000,Gastos materia_prima,18259.9,0,Factura 70836 Grupo Monterrey S de RL de CV,E4DC4306-8B20-CE3E-42B7-C0488D3543BE,
GL02361,2025-10-27,1180,IVA acreditable,2921.58,0,IVA factura 70836,E4DC4306-8B20-CE3E-42B7-C0488D3543BE,
GL02362,2025-10-27,2100,Proveedores,0,21181.48,Factura 70836 Grupo Monterrey S de RL de CV,E4DC4306-8B20-CE3E-42B7-C0488D3543BE,
GL02363,2025-10-27,6000,Gastos materia_prima,49459.9,0,Factura 72043 Metálica San Nicolás SA de CV,5E85643C-0FFA-2366-4B4F-AFAFDA3DC780,
GL02364,2025-10-27,1180,IVA acreditable,7913.58,0,IVA factura 72043,5E85643C-0FFA-2366-4B4F-AFAFDA3DC780,
GL02365,2025-10-27,2100,Proveedores,0,57373.48,Factura 72043 Metálica San Nicolás SA de CV,5E85643C-0FFA-2366-4B4F-AFAFDA3DC780,
GL02366,2025-10-27,2100,Proveedores,11658.0,0,Pago Aceros de México S de RL de CV,3C52D68A-8EC6-1BE5-012B-809E6B358D15,TX00453
GL02367,2025-10-27,1020,Bancos,0,11658.0,Pago Aceros de México S de RL de CV,3C52D68A-8EC6-1BE5-012B-809E6B358D15,TX00453
GL02368,2025-10-27,2100,Proveedores,10344.65,0,Pago Aceros de México S de RL de CV,CBEED3E3-1CD8-89E2-3197-91670D95EE72,TX00454
GL02369,2025-10-27,1020,Bancos,0,10344.65,Pago Aceros de México S de RL de CV,CBEED3E3-1CD8-89E2-3197-91670D95EE72,TX00454
GL02370,2025-10-27,6000,Gastos refacciones,48590.5,0,Factura 89258 Ferretera Monterrey S de RL de CV,80E9B300-4471-9067-E5DE-F08E5A4B4FDB,
GL02371,2025-10-27,1180,IVA acreditable,7774.48,0,IVA factura 89258,80E9B300-4471-9067-E5DE-F08E5A4B4FDB,
GL02372,2025-10-27,2100,Proveedores,0,56364.98,Factura 89258 Ferretera Monterrey S de RL de CV,80E9B300-4471-9067-E5DE-F08E5A4B4FDB,
GL02373,2025-10-27,1020,Bancos,313224.07,0,Cobro Grupo Montemayor S de RL de CV,C4359252-319D-D940-838C-C13713AAE9C8,TX00455
GL02374,2025-10-27,1200,Clientes,0,313224.07,Cobro Grupo Montemayor S de RL de CV,C4359252-319D-D940-838C-C13713AAE9C8,TX00455
GL02375,2025-10-27,1020,Bancos,228122.28,0,Cobro Autopartes Martínez SAPI de CV,D3C724E8-7426-32D7-EDA4-13C6EB8466E4,TX00456
GL02376,2025-10-27,1200,Clientes,0,228122.28,Cobro Autopartes Martínez SAPI de CV,D3C724E8-7426-32D7-EDA4-13C6EB8466E4,TX00456
GL02377,2025-10-28,2100,Proveedores,12249.6,0,Pago Aceros Regiomontana S de RL de CV,D0D75E37-3BF2-025F-4A0D-2B73FE54EE4B,TX00457
GL02378,2025-10-28,1020,Bancos,0,12249.6,Pago Aceros Regiomontana S de RL de CV,D0D75E37-3BF2-025F-4A0D-2B73FE54EE4B,TX00457
GL02379,2025-10-28,2100,Proveedores,18316.28,0,Pago Grupo Monterrey S de RL de CV,1923CAFC-402D-105B-113E-AF84ABF39096,TX00458
GL02380,2025-10-28,1020,Bancos,0,18316.28,Pago Grupo Monterrey S de RL de CV,1923CAFC-402D-105B-113E-AF84ABF39096,TX00458
GL02381,2025-10-28,6000,Gastos consumibles,48237.8,0,Factura 28985 Servicios Escobedo SAPI de CV,C9E55C47-A237-A8C1-61F6-DFBE114B3C79,
GL02382,2025-10-28,1180,IVA acreditable,7718.05,0,IVA factura 28985,C9E55C47-A237-A8C1-61F6-DFBE114B3C79,
GL02383,2025-10-28,2100,Proveedores,0,55955.85,Factura 28985 Servicios Escobedo SAPI de CV,C9E55C47-A237-A8C1-61F6-DFBE114B3C79,
GL02384,2025-10-28,2100,Proveedores,57585.18,0,Pago Aceros Apodaca S de RL de CV,BFB0942C-AC77-7762-6620-516717CF775F,TX00459
GL02385,2025-10-28,1020,Bancos,0,57585.18,Pago Aceros Apodaca S de RL de CV,BFB0942C-AC77-7762-6620-516717CF775F,TX00459
GL02386,2025-10-28,2100,Proveedores,9836.68,0,Pago Suministros Regiomontana S de RL de CV,736D417C-52CE-55E3-69DF-05C764A0053F,TX00460
GL02387,2025-10-28,1020,Bancos,0,9836.68,Pago Suministros Regiomontana S de RL de CV,736D417C-52CE-55E3-69DF-05C764A0053F,TX00460
GL02388,2025-10-28,2100,Proveedores,13908.98,0,Pago Ferretera San Nicolás SA de CV,FE67E8E9-0A88-E6CA-1DEE-4B6D3CE75D1E,TX00461
GL02389,2025-10-28,1020,Bancos,0,13908.98,Pago Ferretera San Nicolás SA de CV,FE67E8E9-0A88-E6CA-1DEE-4B6D3CE75D1E,TX00461
GL02390,2025-10-28,1200,Clientes,348781.94,0,Venta 1533 Envases García S de RL de CV,9FB209B1-732F-C932-AB96-2697C1E1F813,
GL02391,2025-10-28,4000,Ventas,0,300674.09,Venta 1533 Envases García S de RL de CV,9FB209B1-732F-C932-AB96-2697C1E1F813,
GL02392,2025-10-28,2180,IVA trasladado,0,48107.85,IVA venta 1533,9FB209B1-732F-C932-AB96-2697C1E1F813,
GL02393,2025-10-28,6100,Sueldos y salarios,413027.11,0,Nómina,,TX00462
GL02394,2025-10-28,1020,Bancos,0,413027.11,Nómina,,TX00462
GL02395,2025-10-29,2100,Proveedores,220437.58,0,Pago Grupo Guadalupe SA de CV,0AE4AC11-EB4D-8F42-8735-70A2E5110961,TX00463
GL02396,2025-10-29,1020,Bancos,0,220437.58,Pago Grupo Guadalupe SA de CV,0AE4AC11-EB4D-8F42-8735-70A2E5110961,TX00463
GL02397,2025-10-29,6000,Gastos refacciones,20569.9,0,Factura 27224 Electrónica Regiomontana SAPI de CV,34E50699-C8EB-E27A-23A4-E70E9DBC15C0,
GL02398,2025-10-29,1180,IVA acreditable,3291.18,0,IVA factura 27224,34E50699-C8EB-E27A-23A4-E70E9DBC15C0,
GL02399,2025-10-29,2100,Proveedores,0,23861.08,Factura 27224 Electrónica Regiomontana SAPI de CV,34E50699-C8EB-E27A-23A4-E70E9DBC15C0,
GL02400,2025-10-29,6000,Gastos materia_prima,21412.4,0,Factura 47792 Grupo Monterrey S de RL de CV,6593B659-172E-8C68-82AA-5C4680499BBF,
GL02401,2025-10-29,1180,IVA acreditable,3425.98,0,IVA factura 47792,6593B659-172E-8C68-82AA-5C4680499BBF,
GL02402,2025-10-29,2100,Proveedores,0,24838.38,Factura 47792 Grupo Monterrey S de RL de CV,6593B659-172E-8C68-82AA-5C4680499BBF,
GL02403,2025-10-29,1200,Clientes,123708.52,0,Venta 1420 Construcciones Hernández SA de CV,2E4C16E2-1B79-9E6B-F52E-F4A6AC6C2E1B,
GL02404,2025-10-29,4000,Ventas,0,106645.28,Venta 1420 Construcciones Hernández SA de CV,2E4C16E2-1B79-9E6B-F52E-F4A6AC6C2E1B,
GL02405,2025-10-29,2180,IVA trasladado,0,17063.24,IVA venta 1420,2E4C16E2-1B79-9E6B-F52E-F4A6AC6C2E1B,
GL02406,2025-10-30,2100,Proveedores,70307.6,0,Pago Transportes Apodaca SAPI de CV,FA2FBD74-FD19-35CC-74ED-A60E3B2D520B,TX00464
GL02407,2025-10-30,1020,Bancos,0,70307.6,Pago Transportes Apodaca SAPI de CV,FA2FBD74-FD19-35CC-74ED-A60E3B2D520B,TX00464
GL02408,2025-10-30,6000,Gastos consumibles,129189.9,0,Factura 80231 Transportes Apodaca SAPI de CV,5BCD236C-C777-4FAE-6137-58C39C7FACA6,
GL02409,2025-10-30,1180,IVA acreditable,20670.38,0,IVA factura 80231,5BCD236C-C777-4FAE-6137-58C39C7FACA6,
GL02410,2025-10-30,2100,Proveedores,0,149860.28,Factura 80231 Transportes Apodaca SAPI de CV,5BCD236C-C777-4FAE-6137-58C39C7FACA6,
GL02411,2025-10-30,6000,Gastos materia_prima,117559.9,0,Factura 8758 Metálica San Nicolás SA de CV,6241CBA3-7B7C-E7CC-F950-F7FA28B58DB5,
GL02412,2025-10-30,1180,IVA acreditable,18809.58,0,IVA factura 8758,6241CBA3-7B7C-E7CC-F950-F7FA28B58DB5,
GL02413,2025-10-30,2100,Proveedores,0,136369.48,Factura 8758 Metálica San Nicolás SA de CV,6241CBA3-7B7C-E7CC-F950-F7FA28B58DB5,
GL02414,2025-10-30,2100,Proveedores,17339.45,0,Pago Soldadura de México SAPI de CV,6CBDD931-2F90-0058-39CA-28265AF56A23,TX00465
GL02415,2025-10-30,1020,Bancos,0,17339.45,Pago Soldadura de México SAPI de CV,6CBDD931-2F90-0058-39CA-28265AF56A23,TX00465
GL02416,2025-10-30,2100,Proveedores,25726.25,0,Pago Ferretera San Nicolás SA de CV,8BD03267-BD0E-01CE-F85B-C2D301196E6D,TX00466
GL02417,2025-10-30,1020,Bancos,0,25726.25,Pago Ferretera San Nicolás SA de CV,8BD03267-BD0E-01CE-F85B-C2D301196E6D,TX00466
GL02418,2025-10-30,1020,Bancos,162709.26,0,Cobro Grupo Martínez SAPI de CV,97F971D5-94F8-9E6C-C416-C07CB6A787B1,TX00467
GL02419,2025-10-30,1200,Clientes,0,162709.26,Cobro Grupo Martínez SAPI de CV,97F971D5-94F8-9E6C-C416-C07CB6A787B1,TX00467
GL02420,2025-10-30,1200,Clientes,65241.46,0,Venta 1444 Grupo López SAPI de CV,CF3EE4AA-594F-FD27-5DCD-0D40D6415102,
GL02421,2025-10-30,4000,Ventas,0,56242.64,Venta 1444 Grupo López SAPI de CV,CF3EE4AA-594F-FD27-5DCD-0D40D6415102,
GL02422,2025-10-30,2180,IVA trasladado,0,8998.82,IVA venta 1444,CF3EE4AA-594F-FD27-5DCD-0D40D6415102,
GL02423,2025-10-30,1020,Bancos,63434.62,0,Cobro Autopartes Villarreal SAPI de CV,8F942977-B582-EF0C-FD23-36F45B44E6ED,TX00468
GL02424,2025-10-30,1200,Clientes,0,63434.62,Cobro Autopartes Villarreal SAPI de CV,8F942977-B582-EF0C-FD23-36F45B44E6ED,TX00468
GL02425,2025-10-31,2100,Proveedores,180122.25,0,Pago Transportes Apodaca SAPI de CV,D73418FE-2B84-3EF3-D86D-655D4CD99164,TX00469
GL02426,2025-10-31,1020,Bancos,0,180122.25,Pago Transportes Apodaca SAPI de CV,D73418FE-2B84-3EF3-D86D-655D4CD99164,TX00469
GL02427,2025-10-31,6000,Gastos consumibles,5907.8,0,Factura 58991 Aceros de México S de RL de CV,88B04B77-7FEB-4CF3-4EC7-7371A4B65CFA,
GL02428,2025-10-31,1180,IVA acreditable,945.25,0,IVA factura 58991,88B04B77-7FEB-4CF3-4EC7-7371A4B65CFA,
GL02429,2025-10-31,2100,Proveedores,0,6853.05,Factura 58991 Aceros de México S de RL de CV,88B04B77-7FEB-4CF3-4EC7-7371A4B65CFA,
GL02430,2025-11-03,2100,Proveedores,242414.25,0,Pago Aceros Apodaca S de RL de CV,FC40A3D4-E5EB-4549-7E0A-04C250BF2995,TX00470
GL02431,2025-11-03,1020,Bancos,0,242414.25,Pago Aceros Apodaca S de RL de CV,FC40A3D4-E5EB-4549-7E0A-04C250BF2995,TX00470
GL02432,2025-11-03,6000,Gastos servicios,15689.9,0,Factura 40687 Servicios Guadalupe S de RL de CV,88A613B4-A3B8-1F92-A3C9-0C6A86017633,
GL02433,2025-11-03,1180,IVA acreditable,2510.38,0,IVA factura 40687,88A613B4-A3B8-1F92-A3C9-0C6A86017633,
GL02434,2025-11-03,2100,Proveedores,0,18200.28,Factura 40687 Servicios Guadalupe S de RL de CV,88A613B4-A3B8-1F92-A3C9-0C6A86017633,
GL02435,2025-11-03,6000,Gastos consumibles,37020,0,Factura 44457 Herramientas Monterrey SA de CV,9E5F8273-AF9A-1168-1766-17957FFAB493,
GL02436,2025-11-03,1180,IVA acreditable,5923.2,0,IVA factura 44457,9E5F8273-AF9A-1168-1766-17957FFAB493,
GL02437,2025-11-03,2100,Proveedores,0,42943.2,Factura 44457 Herramientas Monterrey SA de CV,9E5F8273-AF9A-1168-1766-17957FFAB493,
GL02438,2025-11-03,6000,Gastos renta_util,21839.9,0,Factura 22261 Soldadura de México SAPI de CV,94010DFE-7921-0C7C-A119-CEEE0FB91307,
GL02439,2025-11-03,1180,IVA acreditable,3494.38,0,IVA factura 22261,94010DFE-7921-0C7C-A119-CEEE0FB91307,
GL02440,2025-11-03,2100,Proveedores,0,25334.28,Factura 22261 Soldadura de México SAPI de CV,94010DFE-7921-0C7C-A119-CEEE0FB91307,
GL02441,2025-11-03,2100,Proveedores,50654.65,0,Pago Ferretera Monterrey S de RL de CV,A5CBBF6F-3D33-3164-4BB8-EBE25BC07988,TX00471
GL02442,2025-11-03,1020,Bancos,0,50654.65,Pago Ferretera Monterrey S de RL de CV,A5CBBF6F-3D33-3164-4BB8-EBE25BC07988,TX00471
GL02443,2025-11-03,1200,Clientes,360697.66,0,Venta 1403 Grupo Montemayor S de RL de CV,50F32AB5-DF58-6EFF-5296-5CF38B30BB4C,
GL02444,2025-11-03,4000,Ventas,0,310946.26,Venta 1403 Grupo Montemayor S de RL de CV,50F32AB5-DF58-6EFF-5296-5CF38B30BB4C,
GL02445,2025-11-03,2180,IVA trasladado,0,49751.4,IVA venta 1403,50F32AB5-DF58-6EFF-5296-5CF38B30BB4C,
GL02446,2025-11-05,2100,Proveedores,20068.0,0,Pago Suministros Regiomontana S de RL de CV,F66C7331-A172-2EE3-C3E1-847C8420E0D8,TX00472
GL02447,2025-11-05,1020,Bancos,0,20068.0,Pago Suministros Regiomontana S de RL de CV,F66C7331-A172-2EE3-C3E1-847C8420E0D8,TX00472
GL02448,2025-11-05,1200,Clientes,205668.85,0,Venta 1520 Autopartes Quintanilla S de RL de CV,3D75E423-2D92-1DAB-4152-6BFF661B9738,
GL02449,2025-11-05,4000,Ventas,0,177300.73,Venta 1520 Autopartes Quintanilla S de RL de CV,3D75E423-2D92-1DAB-4152-6BFF661B9738,
GL02450,2025-11-05,2180,IVA trasladado,0,28368.12,IVA venta 1520,3D75E423-2D92-1DAB-4152-6BFF661B9738,
GL02451,2025-11-06,2100,Proveedores,4976.98,0,Pago Pinturas San Nicolás S de RL de CV,DBEAE9F8-E8FB-5A96-3B85-F6E1C40F5405,TX00473
GL02452,2025-11-06,1020,Bancos,0,4976.98,Pago Pinturas San Nicolás S de RL de CV,DBEAE9F8-E8FB-5A96-3B85-F6E1C40F5405,TX00473
GL02453,2025-11-06,2100,Proveedores,116507.85,0,Pago Suministros Monterrey S de RL de CV,2875D40A-EAC7-DC2E-9099-A283EEDB0CE5,TX00474
GL02454,2025-11-06,1020,Bancos,0,116507.85,Pago Suministros Monterrey S de RL de CV,2875D40A-EAC7-DC2E-9099-A283EEDB0CE5,TX00474
GL02455,2025-11-06,2100,Proveedores,223685.58,0,Pago Soldadura Industrial SA de CV,277664D0-D25C-7D37-EF16-D03B987593C3,TX00475
GL02456,2025-11-06,1020,Bancos,0,223685.58,Pago Soldadura Industrial SA de CV,277664D0-D25C-7D37-EF16-D03B987593C3,TX00475
GL02457,2025-11-06,6000,Gastos servicios,450000,0,Factura 99779 Promotora Comercial Chapa SA de CV,A4C31AF7-514A-36BF-4733-4B73225F52AB,
GL02458,2025-11-06,1180,IVA acreditable,72000.0,0,IVA factura 99779,A4C31AF7-514A-36BF-4733-4B73225F52AB,
GL02459,2025-11-06,2100,Proveedores,0,522000.0,Factura 99779 Promotora Comercial Chapa SA de CV,A4C31AF7-514A-36BF-4733-4B73225F52AB,
GL02460,2025-11-07,6000,Gastos materia_prima,14357.8,0,Factura 76468 Pinturas San Nicolás S de RL de CV,2488C84D-99D0-90FD-6928-043ED492B51A,
GL02461,2025-11-07,1180,IVA acreditable,2297.25,0,IVA factura 76468,2488C84D-99D0-90FD-6928-043ED492B51A,
GL02462,2025-11-07,2100,Proveedores,0,16655.05,Factura 76468 Pinturas San Nicolás S de RL de CV,2488C84D-99D0-90FD-6928-043ED492B51A,
GL02463,2025-11-07,6000,Gastos refacciones,50000,0,Factura 98610 Electrónica Industrial S de RL de CV,C571F9AB-4158-9D90-F504-4D156FB138C2,
GL02464,2025-11-07,1180,IVA acreditable,8000.0,0,IVA factura 98610,C571F9AB-4158-9D90-F504-4D156FB138C2,
GL02465,2025-11-07,2100,Proveedores,0,58000.0,Factura 98610 Electrónica Industrial S de RL de CV,C571F9AB-4158-9D90-F504-4D156FB138C2,
GL02466,2025-11-10,6000,Gastos materia_prima,85209.9,0,Factura 31294 Aceros Santa Catarina SA de CV,13EB22C9-BECE-D21A-54C7-743B2401342A,
GL02467,2025-11-10,1180,IVA acreditable,13633.58,0,IVA factura 31294,13EB22C9-BECE-D21A-54C7-743B2401342A,
GL02468,2025-11-10,2100,Proveedores,0,98843.48,Factura 31294 Aceros Santa Catarina SA de CV,13EB22C9-BECE-D21A-54C7-743B2401342A,
GL02469,2025-11-10,6000,Gastos consumibles,95490,0,Factura 42716 Transportes Apodaca SAPI de CV,A3FE0479-46C7-9B36-FD05-39635616AF7E,
GL02470,2025-11-10,1180,IVA acreditable,15278.4,0,IVA factura 42716,A3FE0479-46C7-9B36-FD05-39635616AF7E,
GL02471,2025-11-10,2100,Proveedores,0,110768.4,Factura 42716 Transportes Apodaca SAPI de CV,A3FE0479-46C7-9B36-FD05-39635616AF7E,
GL02472,2025-11-10,6000,Gastos refacciones,190442.4,0,Factura 17101 Hidráulica Apodaca SAPI de CV,ED56C714-5A96-21F5-9F8C-EDA5FEB9EA24,
GL02473,2025-11-10,1180,IVA acreditable,30470.78,0,IVA factura 17101,ED56C714-5A96-21F5-9F8C-EDA5FEB9EA24,
GL02474,2025-11-10,2100,Proveedores,0,220913.18,Factura 17101 Hidráulica Apodaca SAPI de CV,ED56C714-5A96-21F5-9F8C-EDA5FEB9EA24,
GL02475,2025-11-10,2100,Proveedores,522000.0,0,Pago Promotora Comercial Chapa SA de CV,A4C31AF7-514A-36BF-4733-4B73225F52AB,TX00476
GL02476,2025-11-10,1020,Bancos,0,522000.0,Pago Promotora Comercial Chapa SA de CV,A4C31AF7-514A-36BF-4733-4B73225F52AB,TX00476
GL02477,2025-11-10,6000,Gastos consumibles,6915.86,0,Factura 91628 Refacciones San Nicolás S de RL de CV,74F8A913-00CA-280F-19A5-3942CE67B962,
GL02478,2025-11-10,1180,IVA acreditable,1106.54,0,IVA factura 91628,74F8A913-00CA-280F-19A5-3942CE67B962,
GL02479,2025-11-10,2100,Proveedores,0,8022.4,Factura 91628 Refacciones San Nicolás S de RL de CV,74F8A913-00CA-280F-19A5-3942CE67B962,
GL02480,2025-11-11,6000,Gastos materia_prima,20469.9,0,Factura 74262 Grupo Monterrey S de RL de CV,F2DEC75C-90FC-C9F1-2DDC-756B28C2CCE9,
GL02481,2025-11-11,1180,IVA acreditable,3275.18,0,IVA factura 74262,F2DEC75C-90FC-C9F1-2DDC-756B28C2CCE9,
GL02482,2025-11-11,2100,Proveedores,0,23745.08,Factura 74262 Grupo Monterrey S de RL de CV,F2DEC75C-90FC-C9F1-2DDC-756B28C2CCE9,
GL02483,2025-11-11,2100,Proveedores,24986.98,0,Pago Ferretera San Nicolás SA de CV,F4BE28B4-4CD7-E6F7-433E-CD2C276E1D67,TX00477
GL02484,2025-11-11,1020,Bancos,0,24986.98,Pago Ferretera San Nicolás SA de CV,F4BE28B4-4CD7-E6F7-433E-CD2C276E1D67,TX00477
GL02485,2025-11-11,1200,Clientes,171479.92,0,Venta 1451 Grupo Chapa S de RL de CV,7F383A3E-33A6-7403-6F9D-1D74F82C6AD8,
GL02486,2025-11-11,4000,Ventas,0,147827.52,Venta 1451 Grupo Chapa S de RL de CV,7F383A3E-33A6-7403-6F9D-1D74F82C6AD8,
GL02487,2025-11-11,2180,IVA trasladado,0,23652.4,IVA venta 1451,7F383A3E-33A6-7403-6F9D-1D74F82C6AD8,
GL02488,2025-11-12,6000,Gastos materia_prima,145090.5,0,Factura 89171 Metálica San Nicolás SA de CV,91FDA27F-4CBB-7460-510C-8C48E09EF2A3,
GL02489,2025-11-12,1180,IVA acreditable,23214.48,0,IVA factura 89171,91FDA27F-4CBB-7460-510C-8C48E09EF2A3,
GL02490,2025-11-12,2100,Proveedores,0,168304.98,Factura 89171 Metálica San Nicolás SA de CV,91FDA27F-4CBB-7460-510C-8C48E09EF2A3,
GL02491,2025-11-12,1020,Bancos,189112.65,0,Cobro Autopartes Hernández S de RL de CV,A5C9CF20-3967-26AA-AD2B-2C8276A990F1,TX00478
GL02492,2025-11-12,1200,Clientes,0,189112.65,Cobro Autopartes Hernández S de RL de CV,A5C9CF20-3967-26AA-AD2B-2C8276A990F1,TX00478
GL02493,2025-11-13,6000,Gastos materia_prima,17239.9,0,Factura 84282 Grupo Monterrey S de RL de CV,3D877034-7217-3FA3-5893-EF12AB3F8D22,
GL02494,2025-11-13,1180,IVA acreditable,2758.38,0,IVA factura 84282,3D877034-7217-3FA3-5893-EF12AB3F8D22,
GL02495,2025-11-13,2100,Proveedores,0,19998.28,Factura 84282 Grupo Monterrey S de RL de CV,3D877034-7217-3FA3-5893-EF12AB3F8D22,
GL02496,2025-11-13,6000,Gastos refacciones,93617.8,0,Factura 86620 Servicios Guadalupe S de RL de CV,A9B92A1D-4574-98CA-A90E-319D637E3F94,
GL02497,2025-11-13,1180,IVA acreditable,14978.85,0,IVA factura 86620,A9B92A1D-4574-98CA-A90E-319D637E3F94,
GL02498,2025-11-13,2100,Proveedores,0,108596.65,Factura 86620 Servicios Guadalupe S de RL de CV,A9B92A1D-4574-98CA-A90E-319D637E3F94,
GL02499,2025-11-13,6000,Gastos consumibles,23697.8,0,Factura 25678 Ferretera San Nicolás SA de CV,A42D10F5-9BAF-CC20-0E16-AF3F538CC0CA,
GL02500,2025-11-13,1180,IVA acreditable,3791.65,0,IVA factura 25678,A42D10F5-9BAF-CC20-0E16-AF3F538CC0CA,
GL02501,2025-11-13,2100,Proveedores,0,27489.45,Factura 25678 Ferretera San Nicolás SA de CV,A42D10F5-9BAF-CC20-0E16-AF3F538CC0CA,
GL02502,2025-11-13,1200,Clientes,385964.12,0,Venta 1537 Envases García S de RL de CV,AC7E5CC6-B0CF-3E7F-5C58-B8BA9DE2FD3F,
GL02503,2025-11-13,4000,Ventas,0,332727.69,Venta 1537 Envases García S de RL de CV,AC7E5CC6-B0CF-3E7F-5C58-B8BA9DE2FD3F,
GL02504,2025-11-13,2180,IVA trasladado,0,53236.43,IVA venta 1537,AC7E5CC6-B0CF-3E7F-5C58-B8BA9DE2FD3F,
GL02505,2025-11-13,1200,Clientes,441000.0,0,Venta 1572 Comercializadora Hernández SAPI de CV,54CE20EA-BB9D-92C0-D8D0-B8DB3AA06694,
GL02506,2025-11-13,4000,Ventas,0,380172.41,Venta 1572 Comercializadora Hernández SAPI de CV,54CE20EA-BB9D-92C0-D8D0-B8DB3AA06694,
GL02507,2025-11-13,2180,IVA trasladado,0,60827.59,IVA venta 1572,54CE20EA-BB9D-92C0-D8D0-B8DB3AA06694,
GL02508,2025-11-14,6000,Gastos logistica,111832.4,0,Factura 85432 Pinturas del Norte SAPI de CV,D2D33488-D0C3-0018-6E3C-DD4F55B145E4,
GL02509,2025-11-14,1180,IVA acreditable,17893.18,0,IVA factura 85432,D2D33488-D0C3-0018-6E3C-DD4F55B145E4,
GL02510,2025-11-14,2100,Proveedores,0,129725.58,Factura 85432 Pinturas del Norte SAPI de CV,D2D33488-D0C3-0018-6E3C-DD4F55B145E4,
GL02511,2025-11-14,6000,Gastos materia_prima,194007.8,0,Factura 99073 Ferretera de México SAPI de CV,5E244824-A5CB-3C6E-B5A4-C55BB4629214,
GL02512,2025-11-14,1180,IVA acreditable,31041.25,0,IVA factura 99073,5E244824-A5CB-3C6E-B5A4-C55BB4629214,
GL02513,2025-11-14,2100,Proveedores,0,225049.05,Factura 99073 Ferretera de México SAPI de CV,5E244824-A5CB-3C6E-B5A4-C55BB4629214,
GL02514,2025-11-14,2100,Proveedores,57373.48,0,Pago Metálica San Nicolás SA de CV,5E85643C-0FFA-2366-4B4F-AFAFDA3DC780,TX00479
GL02515,2025-11-14,1020,Bancos,0,57373.48,Pago Metálica San Nicolás SA de CV,5E85643C-0FFA-2366-4B4F-AFAFDA3DC780,TX00479
GL02516,2025-11-17,6000,Gastos logistica,131389.9,0,Factura 987 Pinturas del Norte SAPI de CV,4DFE1117-22AF-711F-1B62-8A9D75366B9F,
GL02517,2025-11-17,1180,IVA acreditable,21022.38,0,IVA factura 987,4DFE1117-22AF-711F-1B62-8A9D75366B9F,
GL02518,2025-11-17,2100,Proveedores,0,152412.28,Factura 987 Pinturas del Norte SAPI de CV,4DFE1117-22AF-711F-1B62-8A9D75366B9F,
GL02519,2025-11-17,2100,Proveedores,152412.98,0,Pago Transportes Apodaca SAPI de CV,ABF0263E-0343-8B64-00B3-700F3C088990,TX00480
GL02520,2025-11-17,1020,Bancos,0,152412.98,Pago Transportes Apodaca SAPI de CV,ABF0263E-0343-8B64-00B3-700F3C088990,TX00480
GL02521,2025-11-17,2100,Proveedores,149860.28,0,Pago Transportes Apodaca SAPI de CV,5BCD236C-C777-4FAE-6137-58C39C7FACA6,TX00481
GL02522,2025-11-17,1020,Bancos,0,149860.28,Pago Transportes Apodaca SAPI de CV,5BCD236C-C777-4FAE-6137-58C39C7FACA6,TX00481
GL02523,2025-11-17,6000,Gastos materia_prima,151432.4,0,Factura 92857 Ferretera de México SAPI de CV,C8B648E0-12A8-50C5-5BAB-7F4A8CD74C27,
GL02524,2025-11-17,1180,IVA acreditable,24229.18,0,IVA factura 92857,C8B648E0-12A8-50C5-5BAB-7F4A8CD74C27,
GL02525,2025-11-17,2100,Proveedores,0,175661.58,Factura 92857 Ferretera de México SAPI de CV,C8B648E0-12A8-50C5-5BAB-7F4A8CD74C27,
GL02526,2025-11-17,2100,Proveedores,53649.88,0,Pago Servicios Escobedo SAPI de CV,902BD154-6088-5550-F74F-690071594914,TX00482
GL02527,2025-11-17,1020,Bancos,0,53649.88,Pago Servicios Escobedo SAPI de CV,902BD154-6088-5550-F74F-690071594914,TX00482
GL02528,2025-11-17,2100,Proveedores,74759.45,0,Pago Metálica San Nicolás SA de CV,9927839B-11D1-CE50-67E2-189BF4B4C704,TX00483
GL02529,2025-11-17,1020,Bancos,0,74759.45,Pago Metálica San Nicolás SA de CV,9927839B-11D1-CE50-67E2-189BF4B4C704,TX00483
GL02530,2025-11-17,2100,Proveedores,23315.88,0,Pago Ferretera San Nicolás SA de CV,7A9E8394-BB4C-CB14-1CC0-B764B06BEFCA,TX00484
GL02531,2025-11-17,1020,Bancos,0,23315.88,Pago Ferretera San Nicolás SA de CV,7A9E8394-BB4C-CB14-1CC0-B764B06BEFCA,TX00484
GL02532,2025-11-17,1200,Clientes,356630.04,0,Venta 1453 Grupo Chapa S de RL de CV,94047909-D81C-A1A0-B7BB-A2AA178A8C73,
GL02533,2025-11-17,4000,Ventas,0,307439.69,Venta 1453 Grupo Chapa S de RL de CV,94047909-D81C-A1A0-B7BB-A2AA178A8C73,
GL02534,2025-11-17,2180,IVA trasladado,0,49190.35,IVA venta 1453,94047909-D81C-A1A0-B7BB-A2AA178A8C73,
GL02535,2025-11-17,1200,Clientes,71406.58,0,Venta 1460 Envases Villarreal SA de CV,25D287D0-7665-8707-5D41-1AC5335DAB46,
GL02536,2025-11-17,4000,Ventas,0,61557.4,Venta 1460 Envases Villarreal SA de CV,25D287D0-7665-8707-5D41-1AC5335DAB46,
GL02537,2025-11-17,2180,IVA trasladado,0,9849.18,IVA venta 1460,25D287D0-7665-8707-5D41-1AC5335DAB46,
GL02538,2025-11-17,1020,Bancos,441000.0,0,Cobro Comercializadora Hernández SAPI de CV,54CE20EA-BB9D-92C0-D8D0-B8DB3AA06694,TX00485
GL02539,2025-11-17,1200,Clientes,0,441000.0,Cobro Comercializadora Hernández SAPI de CV,54CE20EA-BB9D-92C0-D8D0-B8DB3AA06694,TX00485
GL02540,2025-11-18,6000,Gastos consumibles,29437.8,0,Factura 52902 Distribuidora Industrial S de RL de CV,17D50F59-C4D5-98F7-E14F-E093CB6AD0C7,
GL02541,2025-11-18,1180,IVA acreditable,4710.05,0,IVA factura 52902,17D50F59-C4D5-98F7-E14F-E093CB6AD0C7,
GL02542,2025-11-18,2100,Proveedores,0,34147.85,Factura 52902 Distribuidora Industrial S de RL de CV,17D50F59-C4D5-98F7-E14F-E093CB6AD0C7,
GL02543,2025-11-18,6000,Gastos servicios,36519.9,0,Factura 8883 Neumática Apodaca S de RL de CV,EA074D80-BA23-6C22-E92A-7B9751DB1A37,
GL02544,2025-11-18,1180,IVA acreditable,5843.18,0,IVA factura 8883,EA074D80-BA23-6C22-E92A-7B9751DB1A37,
GL02545,2025-11-18,2100,Proveedores,0,42363.08,Factura 8883 Neumática Apodaca S de RL de CV,EA074D80-BA23-6C22-E92A-7B9751DB1A37,
GL02546,2025-11-18,2100,Proveedores,21181.48,0,Pago Grupo Monterrey S de RL de CV,E4DC4306-8B20-CE3E-42B7-C0488D3543BE,TX00486
GL02547,2025-11-18,1020,Bancos,0,21181.48,Pago Grupo Monterrey S de RL de CV,E4DC4306-8B20-CE3E-42B7-C0488D3543BE,TX00486
GL02548,2025-11-18,6000,Gastos logistica,70830.5,0,Factura 45846 Grupo del Norte SAPI de CV,A73D2746-0E18-AB96-25F4-1DD62F51AC6E,
GL02549,2025-11-18,1180,IVA acreditable,11332.88,0,IVA factura 45846,A73D2746-0E18-AB96-25F4-1DD62F51AC6E,
GL02550,2025-11-18,2100,Proveedores,0,82163.38,Factura 45846 Grupo del Norte SAPI de CV,A73D2746-0E18-AB96-25F4-1DD62F51AC6E,
GL02551,2025-11-18,1200,Clientes,445292.16,0,Venta 1517 Autopartes Quintanilla S de RL de CV,54555290-017C-75C5-A873-19FE981DC530,
GL02552,2025-11-18,4000,Ventas,0,383872.55,Venta 1517 Autopartes Quintanilla S de RL de CV,54555290-017C-75C5-A873-19FE981DC530,
GL02553,2025-11-18,2180,IVA trasladado,0,61419.61,IVA venta 1517,54555290-017C-75C5-A873-19FE981DC530,
GL02554,2025-11-19,6000,Gastos materia_prima,205510,0,Factura 2957 Servicios San Nicolás SAPI de CV,13325C31-D010-318A-EADC-9960424211E2,
GL02555,2025-11-19,1180,IVA acreditable,32881.6,0,IVA factura 2957,13325C31-D010-318A-EADC-9960424211E2,
GL02556,2025-11-19,2100,Proveedores,0,238391.6,Factura 2957 Servicios San Nicolás SAPI de CV,13325C31-D010-318A-EADC-9960424211E2,
GL02557,2025-11-19,2100,Proveedores,178953.78,0,Pago Ferretera de México SAPI de CV,586528E6-AFC5-C20E-4A63-6AF5B6E1E7AC,TX00487
GL02558,2025-11-19,1020,Bancos,0,178953.78,Pago Ferretera de México SAPI de CV,586528E6-AFC5-C20E-4A63-6AF5B6E1E7AC,TX00487
GL02559,2025-11-19,2100,Proveedores,10787.88,0,Pago Grupo Monterrey S de RL de CV,013CA998-2B2B-F58C-6DA5-8DADF56AABC0,TX00488
GL02560,2025-11-19,1020,Bancos,0,10787.88,Pago Grupo Monterrey S de RL de CV,013CA998-2B2B-F58C-6DA5-8DADF56AABC0,TX00488
GL02561,2025-11-19,6000,Gastos refacciones,134872.4,0,Factura 6353 Aceros Apodaca S de RL de CV,915D9A63-DBC6-C928-8FE8-4E20403FD582,
GL02562,2025-11-19,1180,IVA acreditable,21579.58,0,IVA factura 6353,915D9A63-DBC6-C928-8FE8-4E20403FD582,
GL02563,2025-11-19,2100,Proveedores,0,156451.98,Factura 6353 Aceros Apodaca S de RL de CV,915D9A63-DBC6-C928-8FE8-4E20403FD582,
GL02564,2025-11-20,2100,Proveedores,43314.28,0,Pago Distribuidora Industrial S de RL de CV,D90F74E9-06DD-F6CA-B0C3-0A59F0F7AD22,TX00489
GL02565,2025-11-20,1020,Bancos,0,43314.28,Pago Distribuidora Industrial S de RL de CV,D90F74E9-06DD-F6CA-B0C3-0A59F0F7AD22,TX00489
GL02566,2025-11-20,6000,Gastos consumibles,10060.5,0,Factura 11783 Aceros de México S de RL de CV,2DEE003E-01D9-6E96-01A0-204714AA3CA3,
GL02567,2025-11-20,1180,IVA acreditable,1609.68,0,IVA factura 11783,2DEE003E-01D9-6E96-01A0-204714AA3CA3,
GL02568,2025-11-20,2100,Proveedores,0,11670.18,Factura 11783 Aceros de México S de RL de CV,2DEE003E-01D9-6E96-01A0-204714AA3CA3,
GL02569,2025-11-20,1020,Bancos,53779.15,0,Cobro Grupo Martínez SAPI de CV,6E2F1D3B-FD9F-45F4-0816-D739C3933447,TX00490
GL02570,2025-11-20,1200,Clientes,0,53779.15,Cobro Grupo Martínez SAPI de CV,6E2F1D3B-FD9F-45F4-0816-D739C3933447,TX00490
GL02571,2025-11-21,6000,Gastos refacciones,12372.4,0,Factura 58960 Electrónica Regiomontana SAPI de CV,12EF6101-6082-786F-CA00-EF586C521D13,
GL02572,2025-11-21,1180,IVA acreditable,1979.58,0,IVA factura 58960,12EF6101-6082-786F-CA00-EF586C521D13,
GL02573,2025-11-21,2100,Proveedores,0,14351.98,Factura 58960 Electrónica Regiomontana SAPI de CV,12EF6101-6082-786F-CA00-EF586C521D13,
GL02574,2025-11-21,6000,Gastos renta_util,17419.9,0,Factura 70227 Soldadura de México SAPI de CV,57F2A45F-E751-5D4B-0D82-9D529CF021B8,
GL02575,2025-11-21,1180,IVA acreditable,2787.18,0,IVA factura 70227,57F2A45F-E751-5D4B-0D82-9D529CF021B8,
GL02576,2025-11-21,2100,Proveedores,0,20207.08,Factura 70227 Soldadura de México SAPI de CV,57F2A45F-E751-5D4B-0D82-9D529CF021B8,
GL02577,2025-11-21,6000,Gastos refacciones,12060,0,Factura 55923 Ferretera Monterrey S de RL de CV,4BED523C-085F-F4D1-87EA-651B5539562B,
GL02578,2025-11-21,1180,IVA acreditable,1929.6,0,IVA factura 55923,4BED523C-085F-F4D1-87EA-651B5539562B,
GL02579,2025-11-21,2100,Proveedores,0,13989.6,Factura 55923 Ferretera Monterrey S de RL de CV,4BED523C-085F-F4D1-87EA-651B5539562B,
GL02580,2025-11-21,1020,Bancos,321409.75,0,Cobro Construcciones Hernández SA de CV,65125D2E-24B3-BC8E-1E85-0F8015C2F297,TX00491
GL02581,2025-11-21,1200,Clientes,0,321409.75,Cobro Construcciones Hernández SA de CV,65125D2E-24B3-BC8E-1E85-0F8015C2F297,TX00491
GL02582,2025-11-24,2100,Proveedores,208083.58,0,Pago Pinturas del Norte SAPI de CV,64976593-C92E-8C93-D105-C8D647C1C017,TX00492
GL02583,2025-11-24,1020,Bancos,0,208083.58,Pago Pinturas del Norte SAPI de CV,64976593-C92E-8C93-D105-C8D647C1C017,TX00492
GL02584,2025-11-24,2100,Proveedores,19311.45,0,Pago Electrónica Regiomontana SAPI de CV,D703262F-B5CB-E3F5-6A66-C1847DE1BF5D,TX00493
GL02585,2025-11-24,1020,Bancos,0,19311.45,Pago Electrónica Regiomontana SAPI de CV,D703262F-B5CB-E3F5-6A66-C1847DE1BF5D,TX00493
GL02586,2025-11-24,6000,Gastos consumibles,91069.9,0,Factura 14270 Transportes Apodaca SAPI de CV,A976DC4D-0C47-2187-FEA3-5D37980B6853,
GL02587,2025-11-24,1180,IVA acreditable,14571.18,0,IVA factura 14270,A976DC4D-0C47-2187-FEA3-5D37980B6853,
GL02588,2025-11-24,2100,Proveedores,0,105641.08,Factura 14270 Transportes Apodaca SAPI de CV,A976DC4D-0C47-2187-FEA3-5D37980B6853,
GL02589,2025-11-24,6000,Gastos materia_prima,3260,0,Factura 8499 Pinturas San Nicolás S de RL de CV,1690636B-6F74-E55D-99A9-AF6AED054732,
GL02590,2025-11-24,1180,IVA acreditable,521.6,0,IVA factura 8499,1690636B-6F74-E55D-99A9-AF6AED054732,
GL02591,2025-11-24,2100,Proveedores,0,3781.6,Factura 8499 Pinturas San Nicolás S de RL de CV,1690636B-6F74-E55D-99A9-AF6AED054732,
GL02592,2025-11-24,6000,Gastos materia_prima,76199.9,0,Factura 15303 Soldadura Industrial SA de CV,D1CCC8D3-C167-6505-43AF-6C46A46B3932,
GL02593,2025-11-24,1180,IVA acreditable,12191.98,0,IVA factura 15303,D1CCC8D3-C167-6505-43AF-6C46A46B3932,
GL02594,2025-11-24,2100,Proveedores,0,88391.88,Factura 15303 Soldadura Industrial SA de CV,D1CCC8D3-C167-6505-43AF-6C46A46B3932,
GL02595,2025-11-24,2100,Proveedores,56364.98,0,Pago Ferretera Monterrey S de RL de CV,80E9B300-4471-9067-E5DE-F08E5A4B4FDB,TX00494
GL02596,2025-11-24,1020,Bancos,0,56364.98,Pago Ferretera Monterrey S de RL de CV,80E9B300-4471-9067-E5DE-F08E5A4B4FDB,TX00494
GL02597,2025-11-24,1020,Bancos,365130.71,0,Cobro Envases Rodríguez SAPI de CV,31094211-B73F-6E64-378D-2F8D8761F9DA,TX00495
GL02598,2025-11-24,1200,Clientes,0,365130.71,Cobro Envases Rodríguez SAPI de CV,31094211-B73F-6E64-378D-2F8D8761F9DA,TX00495
GL02599,2025-11-24,1200,Clientes,268863.59,0,Venta 1459 Envases Villarreal SA de CV,E8266484-C4E4-FE52-DA4F-706B9D4AC78B,
GL02600,2025-11-24,4000,Ventas,0,231778.96,Venta 1459 Envases Villarreal SA de CV,E8266484-C4E4-FE52-DA4F-706B9D4AC78B,
GL02601,2025-11-24,2180,IVA trasladado,0,37084.63,IVA venta 1459,E8266484-C4E4-FE52-DA4F-706B9D4AC78B,
GL02602,2025-11-24,1200,Clientes,446662.76,0,Venta 1477 Construcciones Elizondo SA de CV,AF6C6F61-CFEF-A2A2-E735-4DB25CE4124B,
GL02603,2025-11-24,4000,Ventas,0,385054.1,Venta 1477 Construcciones Elizondo SA de CV,AF6C6F61-CFEF-A2A2-E735-4DB25CE4124B,
GL02604,2025-11-24,2180,IVA trasladado,0,61608.66,IVA venta 1477,AF6C6F61-CFEF-A2A2-E735-4DB25CE4124B,
GL02605,2025-11-24,1020,Bancos,63573.8,0,Cobro Autopartes Martínez SAPI de CV,80F58B81-2B7C-5EE3-42A2-79502DEB5687,TX00496
GL02606,2025-11-24,1200,Clientes,0,63573.8,Cobro Autopartes Martínez SAPI de CV,80F58B81-2B7C-5EE3-42A2-79502DEB5687,TX00496
GL02607,2025-11-25,2100,Proveedores,76919.6,0,Pago Servicios San Nicolás SAPI de CV,1EE89A4C-6811-34E2-5064-7C59774F6354,TX00497
GL02608,2025-11-25,1020,Bancos,0,76919.6,Pago Servicios San Nicolás SAPI de CV,1EE89A4C-6811-34E2-5064-7C59774F6354,TX00497
GL02609,2025-11-25,2100,Proveedores,6853.05,0,Pago Aceros de México S de RL de CV,88B04B77-7FEB-4CF3-4EC7-7371A4B65CFA,TX00498
GL02610,2025-11-25,1020,Bancos,0,6853.05,Pago Aceros de México S de RL de CV,88B04B77-7FEB-4CF3-4EC7-7371A4B65CFA,TX00498
GL02611,2025-11-25,6000,Gastos logistica,14991.15,0,Factura 30687 Aceros Escobedo S de RL de CV,CEF66A14-6FDC-C21B-DB2C-0EB7F75C0751,
GL02612,2025-11-25,1180,IVA acreditable,2398.58,0,IVA factura 30687,CEF66A14-6FDC-C21B-DB2C-0EB7F75C0751,
GL02613,2025-11-25,2100,Proveedores,0,17389.73,Factura 30687 Aceros Escobedo S de RL de CV,CEF66A14-6FDC-C21B-DB2C-0EB7F75C0751,
GL02614,2025-11-27,6000,Gastos servicios,28407.8,0,Factura 31499 Refacciones Regiomontana S de RL de CV,A0152B5B-6C17-E150-1447-16CC4352ACEA,
GL02615,2025-11-27,1180,IVA acreditable,4545.25,0,IVA factura 31499,A0152B5B-6C17-E150-1447-16CC4352ACEA,
GL02616,2025-11-27,2100,Proveedores,0,32953.05,Factura 31499 Refacciones Regiomontana S de RL de CV,A0152B5B-6C17-E150-1447-16CC4352ACEA,
GL02617,2025-11-27,6000,Gastos materia_prima,130670.5,0,Factura 14026 Soldadura Industrial SA de CV,A4B1CF6A-9D2C-E51B-37E8-2D716E66A273,
GL02618,2025-11-27,1180,IVA acreditable,20907.28,0,IVA factura 14026,A4B1CF6A-9D2C-E51B-37E8-2D716E66A273,
GL02619,2025-11-27,2100,Proveedores,0,151577.78,Factura 14026 Soldadura Industrial SA de CV,A4B1CF6A-9D2C-E51B-37E8-2D716E66A273,
GL02620,2025-11-27,6000,Gastos renta_util,7280.5,0,Factura 99506 Maquinados Apodaca SA de CV,CE1E8D1F-9DE7-DF7B-5594-552B405A8E7E,
GL02621,2025-11-27,1180,IVA acreditable,1164.88,0,IVA factura 99506,CE1E8D1F-9DE7-DF7B-5594-552B405A8E7E,
GL02622,2025-11-27,2100,Proveedores,0,8445.38,Factura 99506 Maquinados Apodaca SA de CV,CE1E8D1F-9DE7-DF7B-5594-552B405A8E7E,
GL02623,2025-11-27,6000,Gastos refacciones,45087.8,0,Factura 58460 Ferretera Monterrey S de RL de CV,8C68720E-D787-463D-87B8-F95CB265A6C2,
GL02624,2025-11-27,1180,IVA acreditable,7214.05,0,IVA factura 58460,8C68720E-D787-463D-87B8-F95CB265A6C2,
GL02625,2025-11-27,2100,Proveedores,0,52301.85,Factura 58460 Ferretera Monterrey S de RL de CV,8C68720E-D787-463D-87B8-F95CB265A6C2,
GL02626,2025-11-28,6000,Gastos consumibles,15357.8,0,Factura 6855 Industrias Apodaca SA de CV,30C36756-D453-F867-B97E-6224891F6912,
GL02627,2025-11-28,1180,IVA acreditable,2457.25,0,IVA factura 6855,30C36756-D453-F867-B97E-6224891F6912,
GL02628,2025-11-28,2100,Proveedores,0,17815.05,Factura 6855 Industrias Apodaca SA de CV,30C36756-D453-F867-B97E-6224891F6912,
GL02629,2025-11-28,2100,Proveedores,27489.45,0,Pago Ferretera San Nicolás SA de CV,A42D10F5-9BAF-CC20-0E16-AF3F538CC0CA,TX00499
GL02630,2025-11-28,1020,Bancos,0,27489.45,Pago Ferretera San Nicolás SA de CV,A42D10F5-9BAF-CC20-0E16-AF3F538CC0CA,TX00499
GL02631,2025-11-28,1200,Clientes,220596.6,0,Venta 1547 Envases López SAPI de CV,9F690CDE-7EAA-7A91-1DEF-D401792CAD76,
GL02632,2025-11-28,4000,Ventas,0,190169.48,Venta 1547 Envases López SAPI de CV,9F690CDE-7EAA-7A91-1DEF-D401792CAD76,
GL02633,2025-11-28,2180,IVA trasladado,0,30427.12,IVA venta 1547,9F690CDE-7EAA-7A91-1DEF-D401792CAD76,
GL02634,2025-11-28,6100,Sueldos y salarios,422479.53,0,Nómina,,TX00500
GL02635,2025-11-28,1020,Bancos,0,422479.53,Nómina,,TX00500
GL02636,2025-12-01,6000,Gastos refacciones,21792.4,0,Factura 11501 Electrónica Regiomontana SAPI de CV,D1151FFF-DCB9-1D5F-593C-572B4347DBCA,
GL02637,2025-12-01,1180,IVA acreditable,3486.78,0,IVA factura 11501,D1151FFF-DCB9-1D5F-593C-572B4347DBCA,
GL02638,2025-12-01,2100,Proveedores,0,25279.18,Factura 11501 Electrónica Regiomontana SAPI de CV,D1151FFF-DCB9-1D5F-593C-572B4347DBCA,
GL02639,2025-12-01,6000,Gastos consumibles,24692.4,0,Factura 87198 Distribuidora Industrial S de RL de CV,5F31273D-1519-830C-4019-83035C457E4D,
GL02640,2025-12-01,1180,IVA acreditable,3950.78,0,IVA factura 87198,5F31273D-1519-830C-4019-83035C457E4D,
GL02641,2025-12-01,2100,Proveedores,0,28643.18,Factura 87198 Distribuidora Industrial S de RL de CV,5F31273D-1519-830C-4019-83035C457E4D,
GL02642,2025-12-01,6000,Gastos consumibles,18902.4,0,Factura 80850 Distribuidora Industrial S de RL de CV,6965D1D1-EB7E-2E64-26C0-747EBF8E8BFA,
GL02643,2025-12-01,1180,IVA acreditable,3024.38,0,IVA factura 80850,6965D1D1-EB7E-2E64-26C0-747EBF8E8BFA,
GL02644,2025-12-01,2100,Proveedores,0,21926.78,Factura 80850 Distribuidora Industrial S de RL de CV,6965D1D1-EB7E-2E64-26C0-747EBF8E8BFA,
GL02645,2025-12-01,2100,Proveedores,52257.88,0,Pago Distribuidora Industrial S de RL de CV,7E4CE29F-F8CB-AB4C-9779-0E845E472E22,TX00501
GL02646,2025-12-01,1020,Bancos,0,52257.88,Pago Distribuidora Industrial S de RL de CV,7E4CE29F-F8CB-AB4C-9779-0E845E472E22,TX00501
GL02647,2025-12-01,2100,Proveedores,110768.4,0,Pago Transportes Apodaca SAPI de CV,A3FE0479-46C7-9B36-FD05-39635616AF7E,TX00502
GL02648,2025-12-01,1020,Bancos,0,110768.4,Pago Transportes Apodaca SAPI de CV,A3FE0479-46C7-9B36-FD05-39635616AF7E,TX00502
GL02649,2025-12-01,6000,Gastos materia_prima,10139.9,0,Factura 70613 Grupo Monterrey S de RL de CV,C5F833CF-F4CE-8477-F8BC-A9AC2ADA62CE,
GL02650,2025-12-01,1180,IVA acreditable,1622.38,0,IVA factura 70613,C5F833CF-F4CE-8477-F8BC-A9AC2ADA62CE,
GL02651,2025-12-01,2100,Proveedores,0,11762.28,Factura 70613 Grupo Monterrey S de RL de CV,C5F833CF-F4CE-8477-F8BC-A9AC2ADA62CE,
GL02652,2025-12-01,6000,Gastos materia_prima,7539.9,0,Factura 29315 Pinturas San Nicolás S de RL de CV,E8410A39-F901-2B9C-6057-153A4067F790,
GL02653,2025-12-01,1180,IVA acreditable,1206.38,0,IVA factura 29315,E8410A39-F901-2B9C-6057-153A4067F790,
GL02654,2025-12-01,2100,Proveedores,0,8746.28,Factura 29315 Pinturas San Nicolás S de RL de CV,E8410A39-F901-2B9C-6057-153A4067F790,
GL02655,2025-12-01,6000,Gastos materia_prima,9772.4,0,Factura 89308 Pinturas San Nicolás S de RL de CV,468B22AF-9CA4-364D-5D9A-D9F1908E3A95,
GL02656,2025-12-01,1180,IVA acreditable,1563.58,0,IVA factura 89308,468B22AF-9CA4-364D-5D9A-D9F1908E3A95,
GL02657,2025-12-01,2100,Proveedores,0,11335.98,Factura 89308 Pinturas San Nicolás S de RL de CV,468B22AF-9CA4-364D-5D9A-D9F1908E3A95,
GL02658,2025-12-01,6000,Gastos servicios,43212.4,0,Factura 18007 Refacciones Regiomontana S de RL de CV,2EB23CA3-1186-DA93-DA7D-CC533020CF06,
GL02659,2025-12-01,1180,IVA acreditable,6913.98,0,IVA factura 18007,2EB23CA3-1186-DA93-DA7D-CC533020CF06,
GL02660,2025-12-01,2100,Proveedores,0,50126.38,Factura 18007 Refacciones Regiomontana S de RL de CV,2EB23CA3-1186-DA93-DA7D-CC533020CF06,
GL02661,2025-12-01,6000,Gastos refacciones,112977.8,0,Factura 78363 Servicios Guadalupe S de RL de CV,7C12D198-50C1-B8F7-E764-28C4197FA0FD,
GL02662,2025-12-01,1180,IVA acreditable,18076.45,0,IVA factura 78363,7C12D198-50C1-B8F7-E764-28C4197FA0FD,
GL02663,2025-12-01,2100,Proveedores,0,131054.25,Factura 78363 Servicios Guadalupe S de RL de CV,7C12D198-50C1-B8F7-E764-28C4197FA0FD,
GL02664,2025-12-01,2100,Proveedores,168304.98,0,Pago Metálica San Nicolás SA de CV,91FDA27F-4CBB-7460-510C-8C48E09EF2A3,TX00503
GL02665,2025-12-01,1020,Bancos,0,168304.98,Pago Metálica San Nicolás SA de CV,91FDA27F-4CBB-7460-510C-8C48E09EF2A3,TX00503
GL02666,2025-12-01,1020,Bancos,205668.85,0,Cobro Autopartes Quintanilla S de RL de CV,3D75E423-2D92-1DAB-4152-6BFF661B9738,TX00504
GL02667,2025-12-01,1200,Clientes,0,205668.85,Cobro Autopartes Quintanilla S de RL de CV,3D75E423-2D92-1DAB-4152-6BFF661B9738,TX00504
GL02668,2025-12-02,2100,Proveedores,23861.08,0,Pago Electrónica Regiomontana SAPI de CV,34E50699-C8EB-E27A-23A4-E70E9DBC15C0,TX00505
GL02669,2025-12-02,1020,Bancos,0,23861.08,Pago Electrónica Regiomontana SAPI de CV,34E50699-C8EB-E27A-23A4-E70E9DBC15C0,TX00505
GL02670,2025-12-02,6000,Gastos refacciones,8660.5,0,Factura 99907 Electrónica Regiomontana SAPI de CV,3F5FBF4F-D417-6230-5274-EE11B61DF906,
GL02671,2025-12-02,1180,IVA acreditable,1385.68,0,IVA factura 99907,3F5FBF4F-D417-6230-5274-EE11B61DF906,
GL02672,2025-12-02,2100,Proveedores,0,10046.18,Factura 99907 Electrónica Regiomontana SAPI de CV,3F5FBF4F-D417-6230-5274-EE11B61DF906,
GL02673,2025-12-03,6000,Gastos materia_prima,44900.5,0,Factura 83805 Industrias Nuevo León SA de CV,1B02FA24-BF00-F56C-6A49-89A68EE25E54,
GL02674,2025-12-03,1180,IVA acreditable,7184.08,0,IVA factura 83805,1B02FA24-BF00-F56C-6A49-89A68EE25E54,
GL02675,2025-12-03,2100,Proveedores,0,52084.58,Factura 83805 Industrias Nuevo León SA de CV,1B02FA24-BF00-F56C-6A49-89A68EE25E54,
GL02676,2025-12-03,1020,Bancos,321770.05,0,Cobro Grupo Martínez SAPI de CV,B4C04BDF-E27B-B6C4-4D94-5434C7859C05,TX00506
GL02677,2025-12-03,1200,Clientes,0,321770.05,Cobro Grupo Martínez SAPI de CV,B4C04BDF-E27B-B6C4-4D94-5434C7859C05,TX00506
GL02678,2025-12-03,1200,Clientes,416276.41,0,Venta 1468 Construcciones Elizondo SA de CV,B9676DC6-D6FD-D1A5-F173-12F4659AE9F2,
GL02679,2025-12-03,4000,Ventas,0,358858.97,Venta 1468 Construcciones Elizondo SA de CV,B9676DC6-D6FD-D1A5-F173-12F4659AE9F2,
GL02680,2025-12-03,2180,IVA trasladado,0,57417.44,IVA venta 1468,B9676DC6-D6FD-D1A5-F173-12F4659AE9F2,
GL02681,2025-12-03,1200,Clientes,312265.96,0,Venta 1508 Autopartes Villarreal SAPI de CV,260C037E-305D-0EF7-0D9F-F83D70A32883,
GL02682,2025-12-03,4000,Ventas,0,269194.79,Venta 1508 Autopartes Villarreal SAPI de CV,260C037E-305D-0EF7-0D9F-F83D70A32883,
GL02683,2025-12-03,2180,IVA trasladado,0,43071.17,IVA venta 1508,260C037E-305D-0EF7-0D9F-F83D70A32883,
GL02684,2025-12-04,6000,Gastos logistica,63997.8,0,Factura 32175 Grupo del Norte SAPI de CV,01AEC505-99A0-4ABB-99E9-54331453E17E,
GL02685,2025-12-04,1180,IVA acreditable,10239.65,0,IVA factura 32175,01AEC505-99A0-4ABB-99E9-54331453E17E,
GL02686,2025-12-04,2100,Proveedores,0,74237.45,Factura 32175 Grupo del Norte SAPI de CV,01AEC505-99A0-4ABB-99E9-54331453E17E,
GL02687,2025-12-04,1200,Clientes,260828.91,0,Venta 1413 Envases Rodríguez SAPI de CV,E8956041-1E71-AFA9-7815-C7DF0F2C01B7,
GL02688,2025-12-04,4000,Ventas,0,224852.51,Venta 1413 Envases Rodríguez SAPI de CV,E8956041-1E71-AFA9-7815-C7DF0F2C01B7,
GL02689,2025-12-04,2180,IVA trasladado,0,35976.4,IVA venta 1413,E8956041-1E71-AFA9-7815-C7DF0F2C01B7,
GL02690,2025-12-04,6000,Gastos logistica,13798.73,0,Factura 3930 Aceros Escobedo S de RL de CV,B73C62AB-FE4C-EFED-6F55-2C9E1B000F9F,
GL02691,2025-12-04,1180,IVA acreditable,2207.8,0,IVA factura 3930,B73C62AB-FE4C-EFED-6F55-2C9E1B000F9F,
GL02692,2025-12-04,2100,Proveedores,0,16006.53,Factura 3930 Aceros Escobedo S de RL de CV,B73C62AB-FE4C-EFED-6F55-2C9E1B000F9F,
GL02693,2025-12-05,6000,Gastos materia_prima,153057.8,0,Factura 38348 Aceros Santa Catarina SA de CV,A3607681-2BBB-A89D-34FA-DEE106969D48,
GL02694,2025-12-05,1180,IVA acreditable,24489.25,0,IVA factura 38348,A3607681-2BBB-A89D-34FA-DEE106969D48,
GL02695,2025-12-05,2100,Proveedores,0,177547.05,Factura 38348 Aceros Santa Catarina SA de CV,A3607681-2BBB-A89D-34FA-DEE106969D48,
GL02696,2025-12-05,6000,Gastos materia_prima,6650.5,0,Factura 71629 Grupo Monterrey S de RL de CV,CBF925B5-6418-16B7-BF2B-43B422E9E527,
GL02697,2025-12-05,1180,IVA acreditable,1064.08,0,IVA factura 71629,CBF925B5-6418-16B7-BF2B-43B422E9E527,
GL02698,2025-12-05,2100,Proveedores,0,7714.58,Factura 71629 Grupo Monterrey S de RL de CV,CBF925B5-6418-16B7-BF2B-43B422E9E527,
GL02699,2025-12-05,2100,Proveedores,156451.98,0,Pago Aceros Apodaca S de RL de CV,915D9A63-DBC6-C928-8FE8-4E20403FD582,TX00507
GL02700,2025-12-05,1020,Bancos,0,156451.98,Pago Aceros Apodaca S de RL de CV,915D9A63-DBC6-C928-8FE8-4E20403FD582,TX00507
GL02701,2025-12-05,2100,Proveedores,18200.28,0,Pago Servicios Guadalupe S de RL de CV,88A613B4-A3B8-1F92-A3C9-0C6A86017633,TX00508
GL02702,2025-12-05,1020,Bancos,0,18200.28,Pago Servicios Guadalupe S de RL de CV,88A613B4-A3B8-1F92-A3C9-0C6A86017633,TX00508
GL02703,2025-12-05,6000,Gastos refacciones,164269.9,0,Factura 75986 Hidráulica Apodaca SAPI de CV,BFD467E7-7491-050C-F75E-FED82D6B5953,
GL02704,2025-12-05,1180,IVA acreditable,26283.18,0,IVA factura 75986,BFD467E7-7491-050C-F75E-FED82D6B5953,
GL02705,2025-12-05,2100,Proveedores,0,190553.08,Factura 75986 Hidráulica Apodaca SAPI de CV,BFD467E7-7491-050C-F75E-FED82D6B5953,
GL02706,2025-12-05,6000,Gastos materia_prima,58330.5,0,Factura 124 Metálica San Nicolás SA de CV,CF51A203-A2D9-99BA-C146-ED52E73BC913,
GL02707,2025-12-05,1180,IVA acreditable,9332.88,0,IVA factura 124,CF51A203-A2D9-99BA-C146-ED52E73BC913,
GL02708,2025-12-05,2100,Proveedores,0,67663.38,Factura 124 Metálica San Nicolás SA de CV,CF51A203-A2D9-99BA-C146-ED52E73BC913,
GL02709,2025-12-08,2100,Proveedores,129725.58,0,Pago Pinturas del Norte SAPI de CV,D2D33488-D0C3-0018-6E3C-DD4F55B145E4,TX00509
GL02710,2025-12-08,1020,Bancos,0,129725.58,Pago Pinturas del Norte SAPI de CV,D2D33488-D0C3-0018-6E3C-DD4F55B145E4,TX00509
GL02711,2025-12-08,6000,Gastos refacciones,13559.9,0,Factura 52478 Electrónica Regiomontana SAPI de CV,A590FD3C-AD6E-CC57-A520-C3D0FBCDBF5E,
GL02712,2025-12-08,1180,IVA acreditable,2169.58,0,IVA factura 52478,A590FD3C-AD6E-CC57-A520-C3D0FBCDBF5E,
GL02713,2025-12-08,2100,Proveedores,0,15729.48,Factura 52478 Electrónica Regiomontana SAPI de CV,A590FD3C-AD6E-CC57-A520-C3D0FBCDBF5E,
GL02714,2025-12-08,6000,Gastos servicios,32132.4,0,Factura 29920 Neumática Apodaca S de RL de CV,96F84FF7-C1A7-2883-F880-287869FB0763,
GL02715,2025-12-08,1180,IVA acreditable,5141.18,0,IVA factura 29920,96F84FF7-C1A7-2883-F880-287869FB0763,
GL02716,2025-12-08,2100,Proveedores,0,37273.58,Factura 29920 Neumática Apodaca S de RL de CV,96F84FF7-C1A7-2883-F880-287869FB0763,
GL02717,2025-12-08,2100,Proveedores,225049.05,0,Pago Ferretera de México SAPI de CV,5E244824-A5CB-3C6E-B5A4-C55BB4629214,TX00510
GL02718,2025-12-08,1020,Bancos,0,225049.05,Pago Ferretera de México SAPI de CV,5E244824-A5CB-3C6E-B5A4-C55BB4629214,TX00510
GL02719,2025-12-08,2100,Proveedores,42943.2,0,Pago Herramientas Monterrey SA de CV,9E5F8273-AF9A-1168-1766-17957FFAB493,TX00511
GL02720,2025-12-08,1020,Bancos,0,42943.2,Pago Herramientas Monterrey SA de CV,9E5F8273-AF9A-1168-1766-17957FFAB493,TX00511
GL02721,2025-12-08,6000,Gastos materia_prima,59870,0,Factura 86284 Industrias Nuevo León SA de CV,56673E49-8133-8BDC-66CC-73768CCA8963,
GL02722,2025-12-08,1180,IVA acreditable,9579.2,0,IVA factura 86284,56673E49-8133-8BDC-66CC-73768CCA8963,
GL02723,2025-12-08,2100,Proveedores,0,69449.2,Factura 86284 Industrias Nuevo León SA de CV,56673E49-8133-8BDC-66CC-73768CCA8963,
GL02724,2025-12-08,6000,Gastos materia_prima,103512.4,0,Factura 46164 Metálica San Nicolás SA de CV,1CE62A9F-79AF-8348-10BB-C60D07BF63EE,
GL02725,2025-12-08,1180,IVA acreditable,16561.98,0,IVA factura 46164,1CE62A9F-79AF-8348-10BB-C60D07BF63EE,
GL02726,2025-12-08,2100,Proveedores,0,120074.38,Factura 46164 Metálica San Nicolás SA de CV,1CE62A9F-79AF-8348-10BB-C60D07BF63EE,
GL02727,2025-12-08,1200,Clientes,290978.88,0,Venta 1513 Autopartes Villarreal SAPI de CV,010E622B-F8BC-920C-FF7D-39F795635C97,
GL02728,2025-12-08,4000,Ventas,0,250843.86,Venta 1513 Autopartes Villarreal SAPI de CV,010E622B-F8BC-920C-FF7D-39F795635C97,
GL02729,2025-12-08,2180,IVA trasladado,0,40135.02,IVA venta 1513,010E622B-F8BC-920C-FF7D-39F795635C97,
GL02730,2025-12-08,1020,Bancos,348781.94,0,Cobro Envases García S de RL de CV,9FB209B1-732F-C932-AB96-2697C1E1F813,TX00512
GL02731,2025-12-08,1200,Clientes,0,348781.94,Cobro Envases García S de RL de CV,9FB209B1-732F-C932-AB96-2697C1E1F813,TX00512
GL02732,2025-12-08,1020,Bancos,295222.6,0,Cobro Envases López SAPI de CV,0979F5D3-4A70-3330-FFC0-31368DE6E6B3,TX00513
GL02733,2025-12-08,1200,Clientes,0,295222.6,Cobro Envases López SAPI de CV,0979F5D3-4A70-3330-FFC0-31368DE6E6B3,TX00513
GL02734,2025-12-09,2100,Proveedores,136369.48,0,Pago Metálica San Nicolás SA de CV,6241CBA3-7B7C-E7CC-F950-F7FA28B58DB5,TX00514
GL02735,2025-12-09,1020,Bancos,0,136369.48,Pago Metálica San Nicolás SA de CV,6241CBA3-7B7C-E7CC-F950-F7FA28B58DB5,TX00514
GL02736,2025-12-09,2100,Proveedores,25334.28,0,Pago Soldadura de México SAPI de CV,94010DFE-7921-0C7C-A119-CEEE0FB91307,TX00515
GL02737,2025-12-09,1020,Bancos,0,25334.28,Pago Soldadura de México SAPI de CV,94010DFE-7921-0C7C-A119-CEEE0FB91307,TX00515
GL02738,2025-12-10,6000,Gastos refacciones,24219.9,0,Factura 15072 Electrónica Regiomontana SAPI de CV,9645F0E4-647D-C392-9C7E-B575637DDCD6,
GL02739,2025-12-10,1180,IVA acreditable,3875.18,0,IVA factura 15072,9645F0E4-647D-C392-9C7E-B575637DDCD6,
GL02740,2025-12-10,2100,Proveedores,0,28095.08,Factura 15072 Electrónica Regiomontana SAPI de CV,9645F0E4-647D-C392-9C7E-B575637DDCD6,
GL02741,2025-12-10,6000,Gastos materia_prima,155382.4,0,Factura 8985 Aceros Santa Catarina SA de CV,B173FCDF-3FE1-E8F3-35AD-DE8843E4F668,
GL02742,2025-12-10,1180,IVA acreditable,24861.18,0,IVA factura 8985,B173FCDF-3FE1-E8F3-35AD-DE8843E4F668,
GL02743,2025-12-10,2100,Proveedores,0,180243.58,Factura 8985 Aceros Santa Catarina SA de CV,B173FCDF-3FE1-E8F3-35AD-DE8843E4F668,
GL02744,2025-12-10,6000,Gastos materia_prima,124652.4,0,Factura 43612 Ferretera de México SAPI de CV,74577D47-D825-3010-3911-2943D10BF4DC,
GL02745,2025-12-10,1180,IVA acreditable,19944.38,0,IVA factura 43612,74577D47-D825-3010-3911-2943D10BF4DC,
GL02746,2025-12-10,2100,Proveedores,0,144596.78,Factura 43612 Ferretera de México SAPI de CV,74577D47-D825-3010-3911-2943D10BF4DC,
GL02747,2025-12-10,2100,Proveedores,19998.28,0,Pago Grupo Monterrey S de RL de CV,3D877034-7217-3FA3-5893-EF12AB3F8D22,TX00516
GL02748,2025-12-10,1020,Bancos,0,19998.28,Pago Grupo Monterrey S de RL de CV,3D877034-7217-3FA3-5893-EF12AB3F8D22,TX00516
GL02749,2025-12-10,6000,Gastos materia_prima,19220.5,0,Factura 97273 Grupo Monterrey S de RL de CV,B3E6F4C6-D428-DF6C-89AA-429334A0DCD4,
GL02750,2025-12-10,1180,IVA acreditable,3075.28,0,IVA factura 97273,B3E6F4C6-D428-DF6C-89AA-429334A0DCD4,
GL02751,2025-12-10,2100,Proveedores,0,22295.78,Factura 97273 Grupo Monterrey S de RL de CV,B3E6F4C6-D428-DF6C-89AA-429334A0DCD4,
GL02752,2025-12-10,6000,Gastos materia_prima,19760,0,Factura 63782 Grupo Monterrey S de RL de CV,515A6B43-3189-1F48-E66E-2C1111DEFEBF,
GL02753,2025-12-10,1180,IVA acreditable,3161.6,0,IVA factura 63782,515A6B43-3189-1F48-E66E-2C1111DEFEBF,
GL02754,2025-12-10,2100,Proveedores,0,22921.6,Factura 63782 Grupo Monterrey S de RL de CV,515A6B43-3189-1F48-E66E-2C1111DEFEBF,
GL02755,2025-12-10,2100,Proveedores,24838.38,0,Pago Grupo Monterrey S de RL de CV,6593B659-172E-8C68-82AA-5C4680499BBF,TX00517
GL02756,2025-12-10,1020,Bancos,0,24838.38,Pago Grupo Monterrey S de RL de CV,6593B659-172E-8C68-82AA-5C4680499BBF,TX00517
GL02757,2025-12-10,2100,Proveedores,220913.18,0,Pago Hidráulica Apodaca SAPI de CV,ED56C714-5A96-21F5-9F8C-EDA5FEB9EA24,TX00518
GL02758,2025-12-10,1020,Bancos,0,220913.18,Pago Hidráulica Apodaca SAPI de CV,ED56C714-5A96-21F5-9F8C-EDA5FEB9EA24,TX00518
GL02759,2025-12-10,6000,Gastos renta_util,8640,0,Factura 63892 Soldadura de México SAPI de CV,B8A9B014-24DC-EA07-0405-6D2BA5FCD671,
GL02760,2025-12-10,1180,IVA acreditable,1382.4,0,IVA factura 63892,B8A9B014-24DC-EA07-0405-6D2BA5FCD671,
GL02761,2025-12-10,2100,Proveedores,0,10022.4,Factura 63892 Soldadura de México SAPI de CV,B8A9B014-24DC-EA07-0405-6D2BA5FCD671,
GL02762,2025-12-10,1020,Bancos,360697.66,0,Cobro Grupo Montemayor S de RL de CV,50F32AB5-DF58-6EFF-5296-5CF38B30BB4C,TX00519
GL02763,2025-12-10,1200,Clientes,0,360697.66,Cobro Grupo Montemayor S de RL de CV,50F32AB5-DF58-6EFF-5296-5CF38B30BB4C,TX00519
GL02764,2025-12-10,1200,Clientes,450306.83,0,Venta 1501 Autopartes Martínez SAPI de CV,CF5285F7-BF8C-C6F9-B5A6-1D619925BC9B,
GL02765,2025-12-10,4000,Ventas,0,388195.54,Venta 1501 Autopartes Martínez SAPI de CV,CF5285F7-BF8C-C6F9-B5A6-1D619925BC9B,
GL02766,2025-12-10,2180,IVA trasladado,0,62111.29,IVA venta 1501,CF5285F7-BF8C-C6F9-B5A6-1D619925BC9B,
GL02767,2025-12-11,6000,Gastos refacciones,20842.4,0,Factura 15548 Electrónica Regiomontana SAPI de CV,502CF0EE-224A-66A6-AC0F-680115B24E1D,
GL02768,2025-12-11,1180,IVA acreditable,3334.78,0,IVA factura 15548,502CF0EE-224A-66A6-AC0F-680115B24E1D,
GL02769,2025-12-11,2100,Proveedores,0,24177.18,Factura 15548 Electrónica Regiomontana SAPI de CV,502CF0EE-224A-66A6-AC0F-680115B24E1D,
GL02770,2025-12-11,6000,Gastos refacciones,128527.8,0,Factura 60474 Hidráulica Apodaca SAPI de CV,A090360D-27C7-655A-7B43-4A7222C0C475,
GL02771,2025-12-11,1180,IVA acreditable,20564.45,0,IVA factura 60474,A090360D-27C7-655A-7B43-4A7222C0C475,
GL02772,2025-12-11,2100,Proveedores,0,149092.25,Factura 60474 Hidráulica Apodaca SAPI de CV,A090360D-27C7-655A-7B43-4A7222C0C475,
GL02773,2025-12-11,6000,Gastos refacciones,51710,0,Factura 23537 Ferretera Monterrey S de RL de CV,E5DFC7AF-6403-C4BC-1486-0C2D1659DDCC,
GL02774,2025-12-11,1180,IVA acreditable,8273.6,0,IVA factura 23537,E5DFC7AF-6403-C4BC-1486-0C2D1659DDCC,
GL02775,2025-12-11,2100,Proveedores,0,59983.6,Factura 23537 Ferretera Monterrey S de RL de CV,E5DFC7AF-6403-C4BC-1486-0C2D1659DDCC,
GL02776,2025-12-11,1020,Bancos,403177.17,0,Cobro Grupo Martínez SAPI de CV,436D977B-6431-CBBE-0E44-C9DC81B61C87,TX00520
GL02777,2025-12-11,1200,Clientes,0,403177.17,Cobro Grupo Martínez SAPI de CV,436D977B-6431-CBBE-0E44-C9DC81B61C87,TX00520
GL02778,2025-12-12,2100,Proveedores,55955.85,0,Pago Servicios Escobedo SAPI de CV,C9E55C47-A237-A8C1-61F6-DFBE114B3C79,TX00521
GL02779,2025-12-12,1020,Bancos,0,55955.85,Pago Servicios Escobedo SAPI de CV,C9E55C47-A237-A8C1-61F6-DFBE114B3C79,TX00521
GL02780,2025-12-12,1020,Bancos,123708.52,0,Cobro Construcciones Hernández SA de CV,2E4C16E2-1B79-9E6B-F52E-F4A6AC6C2E1B,TX00522
GL02781,2025-12-12,1200,Clientes,0,123708.52,Cobro Construcciones Hernández SA de CV,2E4C16E2-1B79-9E6B-F52E-F4A6AC6C2E1B,TX00522
GL02782,2025-12-12,1200,Clientes,251255.23,0,Venta 1441 Grupo Martínez SAPI de CV,927C5EA7-8A15-9E92-AF74-AE638DC4C81F,
GL02783,2025-12-12,4000,Ventas,0,216599.34,Venta 1441 Grupo Martínez SAPI de CV,927C5EA7-8A15-9E92-AF74-AE638DC4C81F,
GL02784,2025-12-12,2180,IVA trasladado,0,34655.89,IVA venta 1441,927C5EA7-8A15-9E92-AF74-AE638DC4C81F,
GL02785,2025-12-12,2100,Proveedores,58000.0,0,Pago Electrónica Industrial S de RL de CV,C571F9AB-4158-9D90-F504-4D156FB138C2,TX00523
GL02786,2025-12-12,1020,Bancos,0,58000.0,Pago Electrónica Industrial S de RL de CV,C571F9AB-4158-9D90-F504-4D156FB138C2,TX00523
GL02787,2025-12-12,2100,Proveedores,17389.73,0,Pago Aceros Escobedo S de RL de CV,CEF66A14-6FDC-C21B-DB2C-0EB7F75C0751,TX00524
GL02788,2025-12-12,1020,Bancos,0,17389.73,Pago Aceros Escobedo S de RL de CV,CEF66A14-6FDC-C21B-DB2C-0EB7F75C0751,TX00524
GL02789,2025-12-15,6000,Gastos consumibles,30690,0,Factura 17424 Distribuidora Industrial S de RL de CV,B1AC040D-6C1C-C405-DC3F-42E0FCF7B842,
GL02790,2025-12-15,1180,IVA acreditable,4910.4,0,IVA factura 17424,B1AC040D-6C1C-C405-DC3F-42E0FCF7B842,
GL02791,2025-12-15,2100,Proveedores,0,35600.4,Factura 17424 Distribuidora Industrial S de RL de CV,B1AC040D-6C1C-C405-DC3F-42E0FCF7B842,
GL02792,2025-12-15,6000,Gastos materia_prima,10569.9,0,Factura 56324 Pinturas San Nicolás S de RL de CV,87A20E22-B298-B811-0B1E-C578DFF47C51,
GL02793,2025-12-15,1180,IVA acreditable,1691.18,0,IVA factura 56324,87A20E22-B298-B811-0B1E-C578DFF47C51,
GL02794,2025-12-15,2100,Proveedores,0,12261.08,Factura 56324 Pinturas San Nicolás S de RL de CV,87A20E22-B298-B811-0B1E-C578DFF47C51,
GL02795,2025-12-15,2100,Proveedores,151577.78,0,Pago Soldadura Industrial SA de CV,A4B1CF6A-9D2C-E51B-37E8-2D716E66A273,TX00525
GL02796,2025-12-15,1020,Bancos,0,151577.78,Pago Soldadura Industrial SA de CV,A4B1CF6A-9D2C-E51B-37E8-2D716E66A273,TX00525
GL02797,2025-12-15,2100,Proveedores,8445.38,0,Pago Maquinados Apodaca SA de CV,CE1E8D1F-9DE7-DF7B-5594-552B405A8E7E,TX00526
GL02798,2025-12-15,1020,Bancos,0,8445.38,Pago Maquinados Apodaca SA de CV,CE1E8D1F-9DE7-DF7B-5594-552B405A8E7E,TX00526
GL02799,2025-12-15,1200,Clientes,125478.06,0,Venta 1496 Autopartes Martínez SAPI de CV,255C82C7-CADE-E3EC-6895-09082E2CB850,
GL02800,2025-12-15,4000,Ventas,0,108170.74,Venta 1496 Autopartes Martínez SAPI de CV,255C82C7-CADE-E3EC-6895-09082E2CB850,
GL02801,2025-12-15,2180,IVA trasladado,0,17307.32,IVA venta 1496,255C82C7-CADE-E3EC-6895-09082E2CB850,
GL02802,2025-12-15,1200,Clientes,456205.28,0,Venta 1515 Autopartes Quintanilla S de RL de CV,97206C66-5FA1-8468-64E8-4FFC1F3ACC68,
GL02803,2025-12-15,4000,Ventas,0,393280.41,Venta 1515 Autopartes Quintanilla S de RL de CV,97206C66-5FA1-8468-64E8-4FFC1F3ACC68,
GL02804,2025-12-15,2180,IVA trasladado,0,62924.87,IVA venta 1515,97206C66-5FA1-8468-64E8-4FFC1F3ACC68,
GL02805,2025-12-16,6000,Gastos refacciones,22120,0,Factura 90911 Electrónica Regiomontana SAPI de CV,4A94AE9F-CC35-1E4F-703E-957F35AB8466,
GL02806,2025-12-16,1180,IVA acreditable,3539.2,0,IVA factura 90911,4A94AE9F-CC35-1E4F-703E-957F35AB8466,
GL02807,2025-12-16,2100,Proveedores,0,25659.2,Factura 90911 Electrónica Regiomontana SAPI de CV,4A94AE9F-CC35-1E4F-703E-957F35AB8466,
GL02808,2025-12-16,6000,Gastos materia_prima,119692.4,0,Factura 19581 Servicios San Nicolás SAPI de CV,E2280FE3-722D-CE13-47A4-8C4246653497,
GL02809,2025-12-16,1180,IVA acreditable,19150.78,0,IVA factura 19581,E2280FE3-722D-CE13-47A4-8C4246653497,
GL02810,2025-12-16,2100,Proveedores,0,138843.18,Factura 19581 Servicios San Nicolás SAPI de CV,E2280FE3-722D-CE13-47A4-8C4246653497,
GL02811,2025-12-16,6000,Gastos servicios,98880,0,Factura 44672 Metálica Escobedo SAPI de CV,F5FF3705-DA74-A056-88DD-44CC5D87EDD2,
GL02812,2025-12-16,1180,IVA acreditable,15820.8,0,IVA factura 44672,F5FF3705-DA74-A056-88DD-44CC5D87EDD2,
GL02813,2025-12-16,2100,Proveedores,0,114700.8,Factura 44672 Metálica Escobedo SAPI de CV,F5FF3705-DA74-A056-88DD-44CC5D87EDD2,
GL02814,2025-12-16,1020,Bancos,261363.71,0,Cobro Grupo Chapa S de RL de CV,B22A55A6-0539-1557-4441-22A56BD1F826,TX00527
GL02815,2025-12-16,1200,Clientes,0,261363.71,Cobro Grupo Chapa S de RL de CV,B22A55A6-0539-1557-4441-22A56BD1F826,TX00527
GL02816,2025-12-16,1020,Bancos,71406.58,0,Cobro Envases Villarreal SA de CV,25D287D0-7665-8707-5D41-1AC5335DAB46,TX00528
GL02817,2025-12-16,1200,Clientes,0,71406.58,Cobro Envases Villarreal SA de CV,25D287D0-7665-8707-5D41-1AC5335DAB46,TX00528
GL02818,2025-12-17,6000,Gastos consumibles,187110,0,Factura 62490 Grupo Guadalupe SA de CV,8D7DD772-608E-2F5C-6117-727067C0518B,
GL02819,2025-12-17,1180,IVA acreditable,29937.6,0,IVA factura 62490,8D7DD772-608E-2F5C-6117-727067C0518B,
GL02820,2025-12-17,2100,Proveedores,0,217047.6,Factura 62490 Grupo Guadalupe SA de CV,8D7DD772-608E-2F5C-6117-727067C0518B,
GL02821,2025-12-17,2100,Proveedores,34147.85,0,Pago Distribuidora Industrial S de RL de CV,17D50F59-C4D5-98F7-E14F-E093CB6AD0C7,TX00529
GL02822,2025-12-17,1020,Bancos,0,34147.85,Pago Distribuidora Industrial S de RL de CV,17D50F59-C4D5-98F7-E14F-E093CB6AD0C7,TX00529
GL02823,2025-12-17,6000,Gastos materia_prima,156297.8,0,Factura 80963 Metálica San Nicolás SA de CV,DC70CE22-24CA-F1B8-394A-97FDF28BF846,
GL02824,2025-12-17,1180,IVA acreditable,25007.65,0,IVA factura 80963,DC70CE22-24CA-F1B8-394A-97FDF28BF846,
GL02825,2025-12-17,2100,Proveedores,0,181305.45,Factura 80963 Metálica San Nicolás SA de CV,DC70CE22-24CA-F1B8-394A-97FDF28BF846,
GL02826,2025-12-17,1200,Clientes,337871.23,0,Venta 1404 Grupo Montemayor S de RL de CV,947DEFCF-88CF-C53D-1888-89CE5CCE495D,
GL02827,2025-12-17,4000,Ventas,0,291268.3,Venta 1404 Grupo Montemayor S de RL de CV,947DEFCF-88CF-C53D-1888-89CE5CCE495D,
GL02828,2025-12-17,2180,IVA trasladado,0,46602.93,IVA venta 1404,947DEFCF-88CF-C53D-1888-89CE5CCE495D,
GL02829,2025-12-17,1200,Clientes,366085.36,0,Venta 1461 Envases Villarreal SA de CV,5193412D-6906-D118-6F75-A3B2D8186112,
GL02830,2025-12-17,4000,Ventas,0,315590.83,Venta 1461 Envases Villarreal SA de CV,5193412D-6906-D118-6F75-A3B2D8186112,
GL02831,2025-12-17,2180,IVA trasladado,0,50494.53,IVA venta 1461,5193412D-6906-D118-6F75-A3B2D8186112,
GL02832,2025-12-18,1200,Clientes,217748.04,0,Venta 1487 Construcciones Quintanilla S de RL de CV,7A7628E6-7394-D796-51C4-243BF07DB671,
GL02833,2025-12-18,4000,Ventas,0,187713.83,Venta 1487 Construcciones Quintanilla S de RL de CV,7A7628E6-7394-D796-51C4-243BF07DB671,
GL02834,2025-12-18,2180,IVA trasladado,0,30034.21,IVA venta 1487,7A7628E6-7394-D796-51C4-243BF07DB671,
GL02835,2025-12-18,1200,Clientes,294045.33,0,Venta 1488 Grupo Salinas SAPI de CV,32DBA028-4823-DEBE-CCAD-E92E53DC4FAE,
GL02836,2025-12-18,4000,Ventas,0,253487.35,Venta 1488 Grupo Salinas SAPI de CV,32DBA028-4823-DEBE-CCAD-E92E53DC4FAE,
GL02837,2025-12-18,2180,IVA trasladado,0,40557.98,IVA venta 1488,32DBA028-4823-DEBE-CCAD-E92E53DC4FAE,
GL02838,2025-12-19,6000,Gastos consumibles,169759.9,0,Factura 10063 Grupo Guadalupe SA de CV,D6B361E4-3B6D-CA0D-6FE5-040B1901EF87,
GL02839,2025-12-19,1180,IVA acreditable,27161.58,0,IVA factura 10063,D6B361E4-3B6D-CA0D-6FE5-040B1901EF87,
GL02840,2025-12-19,2100,Proveedores,0,196921.48,Factura 10063 Grupo Guadalupe SA de CV,D6B361E4-3B6D-CA0D-6FE5-040B1901EF87,
GL02841,2025-12-19,6000,Gastos consumibles,55730.5,0,Factura 38728 Herramientas Monterrey SA de CV,8F1C3FA0-7000-0009-B4E5-70BA7C3CC2BC,
GL02842,2025-12-19,1180,IVA acreditable,8916.88,0,IVA factura 38728,8F1C3FA0-7000-0009-B4E5-70BA7C3CC2BC,
GL02843,2025-12-19,2100,Proveedores,0,64647.38,Factura 38728 Herramientas Monterrey SA de CV,8F1C3FA0-7000-0009-B4E5-70BA7C3CC2BC,
GL02844,2025-12-19,6000,Gastos materia_prima,76919.6,0,Pago factura 70344,1EE89A4C-6811-34E2-5064-7C59774F6354,TX00530
GL02845,2025-12-19,1020,Bancos,0,76919.6,Pago factura 70344,1EE89A4C-6811-34E2-5064-7C59774F6354,TX00530
GL02846,2025-12-22,2100,Proveedores,98843.48,0,Pago Aceros Santa Catarina SA de CV,13EB22C9-BECE-D21A-54C7-743B2401342A,TX00531
GL02847,2025-12-22,1020,Bancos,0,98843.48,Pago Aceros Santa Catarina SA de CV,13EB22C9-BECE-D21A-54C7-743B2401342A,TX00531
GL02848,2025-12-22,2100,Proveedores,42363.08,0,Pago Neumática Apodaca S de RL de CV,EA074D80-BA23-6C22-E92A-7B9751DB1A37,TX00532
GL02849,2025-12-22,1020,Bancos,0,42363.08,Pago Neumática Apodaca S de RL de CV,EA074D80-BA23-6C22-E92A-7B9751DB1A37,TX00532
GL02850,2025-12-22,2100,Proveedores,105641.08,0,Pago Transportes Apodaca SAPI de CV,A976DC4D-0C47-2187-FEA3-5D37980B6853,TX00533
GL02851,2025-12-22,1020,Bancos,0,105641.08,Pago Transportes Apodaca SAPI de CV,A976DC4D-0C47-2187-FEA3-5D37980B6853,TX00533
GL02852,2025-12-22,2100,Proveedores,11762.28,0,Pago Grupo Monterrey S de RL de CV,C5F833CF-F4CE-8477-F8BC-A9AC2ADA62CE,TX00534
GL02853,2025-12-22,1020,Bancos,0,11762.28,Pago Grupo Monterrey S de RL de CV,C5F833CF-F4CE-8477-F8BC-A9AC2ADA62CE,TX00534
GL02854,2025-12-22,2100,Proveedores,16655.05,0,Pago Pinturas San Nicolás S de RL de CV,2488C84D-99D0-90FD-6928-043ED492B51A,TX00535
GL02855,2025-12-22,1020,Bancos,0,16655.05,Pago Pinturas San Nicolás S de RL de CV,2488C84D-99D0-90FD-6928-043ED492B51A,TX00535
GL02856,2025-12-22,2100,Proveedores,11335.98,0,Pago Pinturas San Nicolás S de RL de CV,468B22AF-9CA4-364D-5D9A-D9F1908E3A95,TX00536
GL02857,2025-12-22,1020,Bancos,0,11335.98,Pago Pinturas San Nicolás S de RL de CV,468B22AF-9CA4-364D-5D9A-D9F1908E3A95,TX00536
GL02858,2025-12-22,2100,Proveedores,32953.05,0,Pago Refacciones Regiomontana S de RL de CV,A0152B5B-6C17-E150-1447-16CC4352ACEA,TX00537
GL02859,2025-12-22,1020,Bancos,0,32953.05,Pago Refacciones Regiomontana S de RL de CV,A0152B5B-6C17-E150-1447-16CC4352ACEA,TX00537
GL02860,2025-12-22,2100,Proveedores,20207.08,0,Pago Soldadura de México SAPI de CV,57F2A45F-E751-5D4B-0D82-9D529CF021B8,TX00538
GL02861,2025-12-22,1020,Bancos,0,20207.08,Pago Soldadura de México SAPI de CV,57F2A45F-E751-5D4B-0D82-9D529CF021B8,TX00538
GL02862,2025-12-22,1200,Clientes,393599.4,0,Venta 1407 Envases Rodríguez SAPI de CV,B6697D0A-8837-6BBC-D898-06FD86912EFE,
GL02863,2025-12-22,4000,Ventas,0,339309.83,Venta 1407 Envases Rodríguez SAPI de CV,B6697D0A-8837-6BBC-D898-06FD86912EFE,
GL02864,2025-12-22,2180,IVA trasladado,0,54289.57,IVA venta 1407,B6697D0A-8837-6BBC-D898-06FD86912EFE,
GL02865,2025-12-22,1200,Clientes,429530.16,0,Venta 1476 Construcciones Elizondo SA de CV,8D7F9371-40C3-7CBC-3D5B-6535ABEDE2B6,
GL02866,2025-12-22,4000,Ventas,0,370284.62,Venta 1476 Construcciones Elizondo SA de CV,8D7F9371-40C3-7CBC-3D5B-6535ABEDE2B6,
GL02867,2025-12-22,2180,IVA trasladado,0,59245.54,IVA venta 1476,8D7F9371-40C3-7CBC-3D5B-6535ABEDE2B6,
GL02868,2025-12-22,1020,Bancos,385964.12,0,Cobro Envases García S de RL de CV,AC7E5CC6-B0CF-3E7F-5C58-B8BA9DE2FD3F,TX00539
GL02869,2025-12-22,1200,Clientes,0,385964.12,Cobro Envases García S de RL de CV,AC7E5CC6-B0CF-3E7F-5C58-B8BA9DE2FD3F,TX00539
GL02870,2025-12-22,2100,Proveedores,8022.4,0,Pago Refacciones San Nicolás S de RL de CV,74F8A913-00CA-280F-19A5-3942CE67B962,TX00540
GL02871,2025-12-22,1020,Bancos,0,8022.4,Pago Refacciones San Nicolás S de RL de CV,74F8A913-00CA-280F-19A5-3942CE67B962,TX00540
GL02872,2025-12-23,2100,Proveedores,14351.98,0,Pago Electrónica Regiomontana SAPI de CV,12EF6101-6082-786F-CA00-EF586C521D13,TX00541
GL02873,2025-12-23,1020,Bancos,0,14351.98,Pago Electrónica Regiomontana SAPI de CV,12EF6101-6082-786F-CA00-EF586C521D13,TX00541
GL02874,2025-12-24,2100,Proveedores,88391.88,0,Pago Soldadura Industrial SA de CV,D1CCC8D3-C167-6505-43AF-6C46A46B3932,TX00542
GL02875,2025-12-24,1020,Bancos,0,88391.88,Pago Soldadura Industrial SA de CV,D1CCC8D3-C167-6505-43AF-6C46A46B3932,TX00542
GL02876,2025-12-25,2100,Proveedores,22295.78,0,Pago Grupo Monterrey S de RL de CV,B3E6F4C6-D428-DF6C-89AA-429334A0DCD4,TX00543
GL02877,2025-12-25,1020,Bancos,0,22295.78,Pago Grupo Monterrey S de RL de CV,B3E6F4C6-D428-DF6C-89AA-429334A0DCD4,TX00543
GL02878,2025-12-25,2100,Proveedores,108596.65,0,Pago Servicios Guadalupe S de RL de CV,A9B92A1D-4574-98CA-A90E-319D637E3F94,TX00544
GL02879,2025-12-25,1020,Bancos,0,108596.65,Pago Servicios Guadalupe S de RL de CV,A9B92A1D-4574-98CA-A90E-319D637E3F94,TX00544
GL02880,2025-12-25,2100,Proveedores,13989.6,0,Pago Ferretera Monterrey S de RL de CV,4BED523C-085F-F4D1-87EA-651B5539562B,TX00545
GL02881,2025-12-25,1020,Bancos,0,13989.6,Pago Ferretera Monterrey S de RL de CV,4BED523C-085F-F4D1-87EA-651B5539562B,TX00545
GL02882,2025-12-26,2100,Proveedores,15729.48,0,Pago Electrónica Regiomontana SAPI de CV,A590FD3C-AD6E-CC57-A520-C3D0FBCDBF5E,TX00546
GL02883,2025-12-26,1020,Bancos,0,15729.48,Pago Electrónica Regiomontana SAPI de CV,A590FD3C-AD6E-CC57-A520-C3D0FBCDBF5E,TX00546
GL02884,2025-12-26,2100,Proveedores,180243.58,0,Pago Aceros Santa Catarina SA de CV,B173FCDF-3FE1-E8F3-35AD-DE8843E4F668,TX00547
GL02885,2025-12-26,1020,Bancos,0,180243.58,Pago Aceros Santa Catarina SA de CV,B173FCDF-3FE1-E8F3-35AD-DE8843E4F668,TX00547
GL02886,2025-12-26,2100,Proveedores,23745.08,0,Pago Grupo Monterrey S de RL de CV,F2DEC75C-90FC-C9F1-2DDC-756B28C2CCE9,TX00548
GL02887,2025-12-26,1020,Bancos,0,23745.08,Pago Grupo Monterrey S de RL de CV,F2DEC75C-90FC-C9F1-2DDC-756B28C2CCE9,TX00548
GL02888,2025-12-26,1020,Bancos,260828.91,0,Cobro Envases Rodríguez SAPI de CV,E8956041-1E71-AFA9-7815-C7DF0F2C01B7,TX00549
GL02889,2025-12-26,1200,Clientes,0,260828.91,Cobro Envases Rodríguez SAPI de CV,E8956041-1E71-AFA9-7815-C7DF0F2C01B7,TX00549
GL02890,2025-12-26,2100,Proveedores,16006.53,0,Pago Aceros Escobedo S de RL de CV,B73C62AB-FE4C-EFED-6F55-2C9E1B000F9F,TX00550
GL02891,2025-12-26,1020,Bancos,0,16006.53,Pago Aceros Escobedo S de RL de CV,B73C62AB-FE4C-EFED-6F55-2C9E1B000F9F,TX00550
GL02892,2025-12-29,2100,Proveedores,152412.28,0,Pago Pinturas del Norte SAPI de CV,4DFE1117-22AF-711F-1B62-8A9D75366B9F,TX00551
GL02893,2025-12-29,1020,Bancos,0,152412.28,Pago Pinturas del Norte SAPI de CV,4DFE1117-22AF-711F-1B62-8A9D75366B9F,TX00551
GL02894,2025-12-29,2100,Proveedores,238391.6,0,Pago Servicios San Nicolás SAPI de CV,13325C31-D010-318A-EADC-9960424211E2,TX00552
GL02895,2025-12-29,1020,Bancos,0,238391.6,Pago Servicios San Nicolás SAPI de CV,13325C31-D010-318A-EADC-9960424211E2,TX00552
GL02896,2025-12-29,2100,Proveedores,175661.58,0,Pago Ferretera de México SAPI de CV,C8B648E0-12A8-50C5-5BAB-7F4A8CD74C27,TX00553
GL02897,2025-12-29,1020,Bancos,0,175661.58,Pago Ferretera de México SAPI de CV,C8B648E0-12A8-50C5-5BAB-7F4A8CD74C27,TX00553
GL02898,2025-12-29,2100,Proveedores,3781.6,0,Pago Pinturas San Nicolás S de RL de CV,1690636B-6F74-E55D-99A9-AF6AED054732,TX00554
GL02899,2025-12-29,1020,Bancos,0,3781.6,Pago Pinturas San Nicolás S de RL de CV,1690636B-6F74-E55D-99A9-AF6AED054732,TX00554
GL02900,2025-12-29,2100,Proveedores,10022.4,0,Pago Soldadura de México SAPI de CV,B8A9B014-24DC-EA07-0405-6D2BA5FCD671,TX00555
GL02901,2025-12-29,1020,Bancos,0,10022.4,Pago Soldadura de México SAPI de CV,B8A9B014-24DC-EA07-0405-6D2BA5FCD671,TX00555
GL02902,2025-12-29,2100,Proveedores,11670.18,0,Pago Aceros de México S de RL de CV,2DEE003E-01D9-6E96-01A0-204714AA3CA3,TX00556
GL02903,2025-12-29,1020,Bancos,0,11670.18,Pago Aceros de México S de RL de CV,2DEE003E-01D9-6E96-01A0-204714AA3CA3,TX00556
GL02904,2025-12-29,1020,Bancos,65241.46,0,Cobro Grupo López SAPI de CV,CF3EE4AA-594F-FD27-5DCD-0D40D6415102,TX00557
GL02905,2025-12-29,1200,Clientes,0,65241.46,Cobro Grupo López SAPI de CV,CF3EE4AA-594F-FD27-5DCD-0D40D6415102,TX00557
GL02906,2025-12-29,6100,Sueldos y salarios,439813.02,0,Nómina,,TX00558
GL02907,2025-12-29,1020,Bancos,0,439813.02,Nómina,,TX00558
GL02908,2025-12-30,2100,Proveedores,82163.38,0,Pago Grupo del Norte SAPI de CV,A73D2746-0E18-AB96-25F4-1DD62F51AC6E,TX00559
GL02909,2025-12-30,1020,Bancos,0,82163.38,Pago Grupo del Norte SAPI de CV,A73D2746-0E18-AB96-25F4-1DD62F51AC6E,TX00559
GL02910,2025-12-30,2100,Proveedores,190553.08,0,Pago Hidráulica Apodaca SAPI de CV,BFD467E7-7491-050C-F75E-FED82D6B5953,TX00560
GL02911,2025-12-30,1020,Bancos,0,190553.08,Pago Hidráulica Apodaca SAPI de CV,BFD467E7-7491-050C-F75E-FED82D6B5953,TX00560
GL02912,2025-12-30,1020,Bancos,450306.83,0,Cobro Autopartes Martínez SAPI de CV,CF5285F7-BF8C-C6F9-B5A6-1D619925BC9B,TX00561
GL02913,2025-12-30,1200,Clientes,0,450306.83,Cobro Autopartes Martínez SAPI de CV,CF5285F7-BF8C-C6F9-B5A6-1D619925BC9B,TX00561
GL02914,2025-12-31,2100,Proveedores,17815.05,0,Pago Industrias Apodaca SA de CV,30C36756-D453-F867-B97E-6224891F6912,TX00562
GL02915,2025-12-31,1020,Bancos,0,17815.05,Pago Industrias Apodaca SA de CV,30C36756-D453-F867-B97E-6224891F6912,TX00562
GL02916,2025-12-31,2100,Proveedores,217047.6,0,Pago Grupo Guadalupe SA de CV,8D7DD772-608E-2F5C-6117-727067C0518B,TX00563
GL02917,2025-12-31,1020,Bancos,0,217047.6,Pago Grupo Guadalupe SA de CV,8D7DD772-608E-2F5C-6117-727067C0518B,TX00563
GL02918,2025-12-31,2100,Proveedores,196921.48,0,Pago Grupo Guadalupe SA de CV,D6B361E4-3B6D-CA0D-6FE5-040B1901EF87,TX00564
GL02919,2025-12-31,1020,Bancos,0,196921.48,Pago Grupo Guadalupe SA de CV,D6B361E4-3B6D-CA0D-6FE5-040B1901EF87,TX00564
GL02920,2025-12-31,2100,Proveedores,25659.2,0,Pago Electrónica Regiomontana SAPI de CV,4A94AE9F-CC35-1E4F-703E-957F35AB8466,TX00565
GL02921,2025-12-31,1020,Bancos,0,25659.2,Pago Electrónica Regiomontana SAPI de CV,4A94AE9F-CC35-1E4F-703E-957F35AB8466,TX00565
GL02922,2025-12-31,2100,Proveedores,28095.08,0,Pago Electrónica Regiomontana SAPI de CV,9645F0E4-647D-C392-9C7E-B575637DDCD6,TX00566
GL02923,2025-12-31,1020,Bancos,0,28095.08,Pago Electrónica Regiomontana SAPI de CV,9645F0E4-647D-C392-9C7E-B575637DDCD6,TX00566
GL02924,2025-12-31,2100,Proveedores,24177.18,0,Pago Electrónica Regiomontana SAPI de CV,502CF0EE-224A-66A6-AC0F-680115B24E1D,TX00567
GL02925,2025-12-31,1020,Bancos,0,24177.18,Pago Electrónica Regiomontana SAPI de CV,502CF0EE-224A-66A6-AC0F-680115B24E1D,TX00567
GL02926,2025-12-31,2100,Proveedores,25279.18,0,Pago Electrónica Regiomontana SAPI de CV,D1151FFF-DCB9-1D5F-593C-572B4347DBCA,TX00568
GL02927,2025-12-31,1020,Bancos,0,25279.18,Pago Electrónica Regiomontana SAPI de CV,D1151FFF-DCB9-1D5F-593C-572B4347DBCA,TX00568
GL02928,2025-12-31,2100,Proveedores,10046.18,0,Pago Electrónica Regiomontana SAPI de CV,3F5FBF4F-D417-6230-5274-EE11B61DF906,TX00569
GL02929,2025-12-31,1020,Bancos,0,10046.18,Pago Electrónica Regiomontana SAPI de CV,3F5FBF4F-D417-6230-5274-EE11B61DF906,TX00569
GL02930,2025-12-31,2100,Proveedores,28643.18,0,Pago Distribuidora Industrial S de RL de CV,5F31273D-1519-830C-4019-83035C457E4D,TX00570
GL02931,2025-12-31,1020,Bancos,0,28643.18,Pago Distribuidora Industrial S de RL de CV,5F31273D-1519-830C-4019-83035C457E4D,TX00570
GL02932,2025-12-31,2100,Proveedores,35600.4,0,Pago Distribuidora Industrial S de RL de CV,B1AC040D-6C1C-C405-DC3F-42E0FCF7B842,TX00571
GL02933,2025-12-31,1020,Bancos,0,35600.4,Pago Distribuidora Industrial S de RL de CV,B1AC040D-6C1C-C405-DC3F-42E0FCF7B842,TX00571
GL02934,2025-12-31,2100,Proveedores,21926.78,0,Pago Distribuidora Industrial S de RL de CV,6965D1D1-EB7E-2E64-26C0-747EBF8E8BFA,TX00572
GL02935,2025-12-31,1020,Bancos,0,21926.78,Pago Distribuidora Industrial S de RL de CV,6965D1D1-EB7E-2E64-26C0-747EBF8E8BFA,TX00572
GL02936,2025-12-31,2100,Proveedores,138843.18,0,Pago Servicios San Nicolás SAPI de CV,E2280FE3-722D-CE13-47A4-8C4246653497,TX00573
GL02937,2025-12-31,1020,Bancos,0,138843.18,Pago Servicios San Nicolás SAPI de CV,E2280FE3-722D-CE13-47A4-8C4246653497,TX00573
GL02938,2025-12-31,2100,Proveedores,177547.05,0,Pago Aceros Santa Catarina SA de CV,A3607681-2BBB-A89D-34FA-DEE106969D48,TX00574
GL02939,2025-12-31,1020,Bancos,0,177547.05,Pago Aceros Santa Catarina SA de CV,A3607681-2BBB-A89D-34FA-DEE106969D48,TX00574
GL02940,2025-12-31,2100,Proveedores,37273.58,0,Pago Neumática Apodaca S de RL de CV,96F84FF7-C1A7-2883-F880-287869FB0763,TX00575
GL02941,2025-12-31,1020,Bancos,0,37273.58,Pago Neumática Apodaca S de RL de CV,96F84FF7-C1A7-2883-F880-287869FB0763,TX00575
GL02942,2025-12-31,2100,Proveedores,144596.78,0,Pago Ferretera de México SAPI de CV,74577D47-D825-3010-3911-2943D10BF4DC,TX00576
GL02943,2025-12-31,1020,Bancos,0,144596.78,Pago Ferretera de México SAPI de CV,74577D47-D825-3010-3911-2943D10BF4DC,TX00576
GL02944,2025-12-31,2100,Proveedores,7714.58,0,Pago Grupo Monterrey S de RL de CV,CBF925B5-6418-16B7-BF2B-43B422E9E527,TX00577
GL02945,2025-12-31,1020,Bancos,0,7714.58,Pago Grupo Monterrey S de RL de CV,CBF925B5-6418-16B7-BF2B-43B422E9E527,TX00577
GL02946,2025-12-31,2100,Proveedores,22921.6,0,Pago Grupo Monterrey S de RL de CV,515A6B43-3189-1F48-E66E-2C1111DEFEBF,TX00578
GL02947,2025-12-31,1020,Bancos,0,22921.6,Pago Grupo Monterrey S de RL de CV,515A6B43-3189-1F48-E66E-2C1111DEFEBF,TX00578
GL02948,2025-12-31,2100,Proveedores,8746.28,0,Pago Pinturas San Nicolás S de RL de CV,E8410A39-F901-2B9C-6057-153A4067F790,TX00579
GL02949,2025-12-31,1020,Bancos,0,8746.28,Pago Pinturas San Nicolás S de RL de CV,E8410A39-F901-2B9C-6057-153A4067F790,TX00579
GL02950,2025-12-31,2100,Proveedores,12261.08,0,Pago Pinturas San Nicolás S de RL de CV,87A20E22-B298-B811-0B1E-C578DFF47C51,TX00580
GL02951,2025-12-31,1020,Bancos,0,12261.08,Pago Pinturas San Nicolás S de RL de CV,87A20E22-B298-B811-0B1E-C578DFF47C51,TX00580
GL02952,2025-12-31,2100,Proveedores,50126.38,0,Pago Refacciones Regiomontana S de RL de CV,2EB23CA3-1186-DA93-DA7D-CC533020CF06,TX00581
GL02953,2025-12-31,1020,Bancos,0,50126.38,Pago Refacciones Regiomontana S de RL de CV,2EB23CA3-1186-DA93-DA7D-CC533020CF06,TX00581
GL02954,2025-12-31,2100,Proveedores,64647.38,0,Pago Herramientas Monterrey SA de CV,8F1C3FA0-7000-0009-B4E5-70BA7C3CC2BC,TX00582
GL02955,2025-12-31,1020,Bancos,0,64647.38,Pago Herramientas Monterrey SA de CV,8F1C3FA0-7000-0009-B4E5-70BA7C3CC2BC,TX00582
GL02956,2025-12-31,2100,Proveedores,52084.58,0,Pago Industrias Nuevo León SA de CV,1B02FA24-BF00-F56C-6A49-89A68EE25E54,TX00583
GL02957,2025-12-31,1020,Bancos,0,52084.58,Pago Industrias Nuevo León SA de CV,1B02FA24-BF00-F56C-6A49-89A68EE25E54,TX00583
GL02958,2025-12-31,2100,Proveedores,69449.2,0,Pago Industrias Nuevo León SA de CV,56673E49-8133-8BDC-66CC-73768CCA8963,TX00584
GL02959,2025-12-31,1020,Bancos,0,69449.2,Pago Industrias Nuevo León SA de CV,56673E49-8133-8BDC-66CC-73768CCA8963,TX00584
GL02960,2025-12-31,2100,Proveedores,131054.25,0,Pago Servicios Guadalupe S de RL de CV,7C12D198-50C1-B8F7-E764-28C4197FA0FD,TX00585
GL02961,2025-12-31,1020,Bancos,0,131054.25,Pago Servicios Guadalupe S de RL de CV,7C12D198-50C1-B8F7-E764-28C4197FA0FD,TX00585
GL02962,2025-12-31,2100,Proveedores,74237.45,0,Pago Grupo del Norte SAPI de CV,01AEC505-99A0-4ABB-99E9-54331453E17E,TX00586
GL02963,2025-12-31,1020,Bancos,0,74237.45,Pago Grupo del Norte SAPI de CV,01AEC505-99A0-4ABB-99E9-54331453E17E,TX00586
GL02964,2025-12-31,2100,Proveedores,149092.25,0,Pago Hidráulica Apodaca SAPI de CV,A090360D-27C7-655A-7B43-4A7222C0C475,TX00587
GL02965,2025-12-31,1020,Bancos,0,149092.25,Pago Hidráulica Apodaca SAPI de CV,A090360D-27C7-655A-7B43-4A7222C0C475,TX00587
GL02966,2025-12-31,2100,Proveedores,181305.45,0,Pago Metálica San Nicolás SA de CV,DC70CE22-24CA-F1B8-394A-97FDF28BF846,TX00588
GL02967,2025-12-31,1020,Bancos,0,181305.45,Pago Metálica San Nicolás SA de CV,DC70CE22-24CA-F1B8-394A-97FDF28BF846,TX00588
GL02968,2025-12-31,2100,Proveedores,120074.38,0,Pago Metálica San Nicolás SA de CV,1CE62A9F-79AF-8348-10BB-C60D07BF63EE,TX00589
GL02969,2025-12-31,1020,Bancos,0,120074.38,Pago Metálica San Nicolás SA de CV,1CE62A9F-79AF-8348-10BB-C60D07BF63EE,TX00589
GL02970,2025-12-31,2100,Proveedores,67663.38,0,Pago Metálica San Nicolás SA de CV,CF51A203-A2D9-99BA-C146-ED52E73BC913,TX00590
GL02971,2025-12-31,1020,Bancos,0,67663.38,Pago Metálica San Nicolás SA de CV,CF51A203-A2D9-99BA-C146-ED52E73BC913,TX00590
GL02972,2025-12-31,2100,Proveedores,114700.8,0,Pago Metálica Escobedo SAPI de CV,F5FF3705-DA74-A056-88DD-44CC5D87EDD2,TX00591
GL02973,2025-12-31,1020,Bancos,0,114700.8,Pago Metálica Escobedo SAPI de CV,F5FF3705-DA74-A056-88DD-44CC5D87EDD2,TX00591
GL02974,2025-12-31,2100,Proveedores,59983.6,0,Pago Ferretera Monterrey S de RL de CV,E5DFC7AF-6403-C4BC-1486-0C2D1659DDCC,TX00592
GL02975,2025-12-31,1020,Bancos,0,59983.6,Pago Ferretera Monterrey S de RL de CV,E5DFC7AF-6403-C4BC-1486-0C2D1659DDCC,TX00592
GL02976,2025-12-31,2100,Proveedores,52301.85,0,Pago Ferretera Monterrey S de RL de CV,8C68720E-D787-463D-87B8-F95CB265A6C2,TX00593
GL02977,2025-12-31,1020,Bancos,0,52301.85,Pago Ferretera Monterrey S de RL de CV,8C68720E-D787-463D-87B8-F95CB265A6C2,TX00593
GL02978,2025-12-31,1020,Bancos,337871.23,0,Cobro Grupo Montemayor S de RL de CV,947DEFCF-88CF-C53D-1888-89CE5CCE495D,TX00594
GL02979,2025-12-31,1200,Clientes,0,337871.23,Cobro Grupo Montemayor S de RL de CV,947DEFCF-88CF-C53D-1888-89CE5CCE495D,TX00594
GL02980,2025-12-31,1020,Bancos,393599.4,0,Cobro Envases Rodríguez SAPI de CV,B6697D0A-8837-6BBC-D898-06FD86912EFE,TX00595
GL02981,2025-12-31,1200,Clientes,0,393599.4,Cobro Envases Rodríguez SAPI de CV,B6697D0A-8837-6BBC-D898-06FD86912EFE,TX00595
GL02982,2025-12-31,1020,Bancos,251255.23,0,Cobro Grupo Martínez SAPI de CV,927C5EA7-8A15-9E92-AF74-AE638DC4C81F,TX00596
GL02983,2025-12-31,1200,Clientes,0,251255.23,Cobro Grupo Martínez SAPI de CV,927C5EA7-8A15-9E92-AF74-AE638DC4C81F,TX00596
GL02984,2025-12-31,1020,Bancos,171479.92,0,Cobro Grupo Chapa S de RL de CV,7F383A3E-33A6-7403-6F9D-1D74F82C6AD8,TX00597
GL02985,2025-12-31,1200,Clientes,0,171479.92,Cobro Grupo Chapa S de RL de CV,7F383A3E-33A6-7403-6F9D-1D74F82C6AD8,TX00597
GL02986,2025-12-31,1020,Bancos,356630.04,0,Cobro Grupo Chapa S de RL de CV,94047909-D81C-A1A0-B7BB-A2AA178A8C73,TX00598
GL02987,2025-12-31,1200,Clientes,0,356630.04,Cobro Grupo Chapa S de RL de CV,94047909-D81C-A1A0-B7BB-A2AA178A8C73,TX00598
GL02988,2025-12-31,1020,Bancos,268863.59,0,Cobro Envases Villarreal SA de CV,E8266484-C4E4-FE52-DA4F-706B9D4AC78B,TX00599
GL02989,2025-12-31,1200,Clientes,0,268863.59,Cobro Envases Villarreal SA de CV,E8266484-C4E4-FE52-DA4F-706B9D4AC78B,TX00599
GL02990,2025-12-31,1020,Bancos,366085.36,0,Cobro Envases Villarreal SA de CV,5193412D-6906-D118-6F75-A3B2D8186112,TX00600
GL02991,2025-12-31,1200,Clientes,0,366085.36,Cobro Envases Villarreal SA de CV,5193412D-6906-D118-6F75-A3B2D8186112,TX00600
GL02992,2025-12-31,1020,Bancos,416276.41,0,Cobro Construcciones Elizondo SA de CV,B9676DC6-D6FD-D1A5-F173-12F4659AE9F2,TX00601
GL02993,2025-12-31,1200,Clientes,0,416276.41,Cobro Construcciones Elizondo SA de CV,B9676DC6-D6FD-D1A5-F173-12F4659AE9F2,TX00601
GL02994,2025-12-31,1020,Bancos,429530.16,0,Cobro Construcciones Elizondo SA de CV,8D7F9371-40C3-7CBC-3D5B-6535ABEDE2B6,TX00602
GL02995,2025-12-31,1200,Clientes,0,429530.16,Cobro Construcciones Elizondo SA de CV,8D7F9371-40C3-7CBC-3D5B-6535ABEDE2B6,TX00602
GL02996,2025-12-31,1020,Bancos,446662.76,0,Cobro Construcciones Elizondo SA de CV,AF6C6F61-CFEF-A2A2-E735-4DB25CE4124B,TX00603
GL02997,2025-12-31,1200,Clientes,0,446662.76,Cobro Construcciones Elizondo SA de CV,AF6C6F61-CFEF-A2A2-E735-4DB25CE4124B,TX00603
GL02998,2025-12-31,1020,Bancos,217748.04,0,Cobro Construcciones Quintanilla S de RL de CV,7A7628E6-7394-D796-51C4-243BF07DB671,TX00604
GL02999,2025-12-31,1200,Clientes,0,217748.04,Cobro Construcciones Quintanilla S de RL de CV,7A7628E6-7394-D796-51C4-243BF07DB671,TX00604
GL03000,2025-12-31,1020,Bancos,294045.33,0,Cobro Grupo Salinas SAPI de CV,32DBA028-4823-DEBE-CCAD-E92E53DC4FAE,TX00605
GL03001,2025-12-31,1200,Clientes,0,294045.33,Cobro Grupo Salinas SAPI de CV,32DBA028-4823-DEBE-CCAD-E92E53DC4FAE,TX00605
GL03002,2025-12-31,1020,Bancos,125478.06,0,Cobro Autopartes Martínez SAPI de CV,255C82C7-CADE-E3EC-6895-09082E2CB850,TX00606
GL03003,2025-12-31,1200,Clientes,0,125478.06,Cobro Autopartes Martínez SAPI de CV,255C82C7-CADE-E3EC-6895-09082E2CB850,TX00606
GL03004,2025-12-31,1020,Bancos,312265.96,0,Cobro Autopartes Villarreal SAPI de CV,260C037E-305D-0EF7-0D9F-F83D70A32883,TX00607
GL03005,2025-12-31,1200,Clientes,0,312265.96,Cobro Autopartes Villarreal SAPI de CV,260C037E-305D-0EF7-0D9F-F83D70A32883,TX00607
GL03006,2025-12-31,1020,Bancos,290978.88,0,Cobro Autopartes Villarreal SAPI de CV,010E622B-F8BC-920C-FF7D-39F795635C97,TX00608
GL03007,2025-12-31,1200,Clientes,0,290978.88,Cobro Autopartes Villarreal SAPI de CV,010E622B-F8BC-920C-FF7D-39F795635C97,TX00608
GL03008,2025-12-31,1020,Bancos,456205.28,0,Cobro Autopartes Quintanilla S de RL de CV,97206C66-5FA1-8468-64E8-4FFC1F3ACC68,TX00609
GL03009,2025-12-31,1200,Clientes,0,456205.28,Cobro Autopartes Quintanilla S de RL de CV,97206C66-5FA1-8468-64E8-4FFC1F3ACC68,TX00609
GL03010,2025-12-31,1020,Bancos,445292.16,0,Cobro Autopartes Quintanilla S de RL de CV,54555290-017C-75C5-A873-19FE981DC530,TX00610
GL03011,2025-12-31,1200,Clientes,0,445292.16,Cobro Autopartes Quintanilla S de RL de CV,54555290-017C-75C5-A873-19FE981DC530,TX00610
GL03012,2025-12-31,1020,Bancos,220596.6,0,Cobro Envases López SAPI de CV,9F690CDE-7EAA-7A91-1DEF-D401792CAD76,TX00611
GL03013,2025-12-31,1200,Clientes,0,220596.6,Cobro Envases López SAPI de CV,9F690CDE-7EAA-7A91-1DEF-D401792CAD76,TX00611
GL03014,2025-12-31,6000,Gastos materia_prima,238391.6,0,Pago factura 2957,13325C31-D010-318A-EADC-9960424211E2,TX00612
GL03015,2025-12-31,1020,Bancos,0,238391.6,Pago factura 2957,13325C31-D010-318A-EADC-9960424211E2,TX00612
