txn_id,fecha,account_clabe,direction,amount,counterparty_name,counterparty_clabe,reference,invoice_uuid
TX00001,2025-01-20,012580001234567890,out,15521.38,Pinturas Nuevo León SAPI de CV,012160981720592104,PAGO FACT 34828,2AC83CA9-9566-1EF9-9101-28FD44D958C4
TX00002,2025-01-24,012580001234567890,out,4037.38,Ferretera Guadalupe S de RL de CV,127324165067166270,PAGO FACT 36803,2FB00D4B-9273-81B8-85A1-C2032EBE3982
TX00003,2025-01-27,012580001234567890,out,37616.25,Hidráulica Industrial S de RL de CV,127386469123872667,PAGO FACT 54571,558DBD62-B115-326C-182F-5E16A8055780
TX00004,2025-01-27,012580001234567890,out,40623.08,Empaques del Norte SAPI de CV,012879792992388684,PAGO FACT 54776,7A222691-49E7-E75C-D770-528B44B23930
TX00005,2025-01-28,012580001234567890,out,195077.08,Maquinados Monterrey SA de CV,127384404675485014,PAGO FACT 94791,A42D3646-8B59-FF3C-558F-3B9E414E241A
TX00006,2025-01-28,012580001234567890,out,436393.74,NOMINA,,NOMINA QUINCENAL,
TX00007,2025-01-31,012580001234567890,out,108599.08,Grupo San Nicolás SA de CV,072421599192930338,PAGO FACT 96525,15D01CE8-51FD-C969-CB9E-43AEB4E86935
TX00008,2025-01-31,012580001234567890,out,5498.4,Electrónica del Norte S de RL de CV,002483414530651729,PAGO FACT 33722,5E5716D5-ACA8-2AB4-AC7E-36C99BA74342
TX00009,2025-02-03,012580001234567890,out,121486.8,Soldadura Regiomontana S de RL de CV,014236469579938608,PAGO FACT 12870,953AFBAD-426D-DD90-84C0-48F98DA70733
TX00010,2025-02-04,012580001234567890,out,10103.6,Servicios Santa Catarina SAPI de CV,014668274076341822,PAGO FACT 61885,A3D76CE1-0C3D-6B3D-CDD7-906E526AF3B6
TX00011,2025-02-04,012580001234567890,out,60204.0,Transportes Industrial S de RL de CV,002688321571923556,PAGO FACT 7907,77FED1B8-547F-6E4B-6F1F-711BBA89BD68
TX00012,2025-02-07,012580001234567890,out,33277.85,Distribuidora del Norte S de RL de CV,002472607214501356,PAGO FACT 51328,2B44F68C-3CE4-30D6-BC7E-C9A12D3E850C
TX00013,2025-02-07,012580001234567890,out,23246.98,Hidráulica Nuevo León SAPI de CV,072226692183133098,PAGO FACT 57478,37858087-41FC-F9B1-9165-FA8B23BBEACA
TX00014,2025-02-07,012580001234567890,in,330232.38,Envases Martínez SAPI de CV,002165784032068959,COBRO F1530,F8A6980A-79B7-6035-B7CA-BDA01A17ACC5
TX00015,2025-02-10,012580001234567890,out,29580.58,Metálica del Norte S de RL de CV,058200277445686909,PAGO FACT 94625,E9EEC7F7-6E0E-13B2-B228-C91867C5798E
TX00016,2025-02-11,012580001234567890,out,66885.48,Suministros Guadalupe SA de CV,014029234930934222,PAGO FACT 14613,347D5E3B-BE44-76F8-CCCC-E22E77EDF7AB
TX00017,2025-02-11,012580001234567890,out,232000.0,Neumática Santa Catarina SAPI de CV,072132317899810452,PAGO FACT 26948,F892DA4F-EC15-D1B3-9EDA-5F9A79ACC269
TX00018,2025-02-13,012580001234567890,out,70621.38,Suministros Guadalupe SA de CV,014029234930934222,PAGO FACT 47585,B8E07E44-170E-5617-5F72-1C8957366B27
TX00019,2025-02-13,012580001234567890,out,15799.78,Neumática Industrial S de RL de CV,014094397139929975,PAGO FACT 74471,C97A561D-848D-0F57-6D84-BF83FBA130E2
TX00020,2025-02-13,012580001234567890,out,93171.08,Metálica del Norte SA de CV,021506465287976271,PAGO FACT 78438,AADA85C4-1951-CA9A-8F3E-26A1CD874639
TX00021,2025-02-14,012580001234567890,out,42453.45,Hidráulica Industrial S de RL de CV,127386469123872667,PAGO FACT 96872,695AC14D-814A-9763-5C41-5CC51004ABD7
TX00022,2025-02-14,012580001234567890,out,13780.8,Empaques Apodaca SAPI de CV,002474730284776127,PAGO FACT 22789,E777BAF1-6AA6-7B09-3CA4-15DFC9FF6F26
TX00023,2025-02-14,012580001234567890,in,415412.96,Autopartes Guerra S de RL de CV,127517327060243067,COBRO F1551,3C618418-0A99-EC54-E5DB-606406E88EBA
TX00024,2025-02-17,012580001234567890,out,7876.28,Suministros Guadalupe SA de CV,021123240892337489,PAGO FACT 5203,FE5909FC-4FF6-DEDC-14BE-E0E34AF32657
TX00025,2025-02-17,012580001234567890,out,11913.08,Suministros Guadalupe SA de CV,021123240892337489,PAGO FACT 11886,1C7A3742-07E8-9EC0-E225-0462CE918AB9
TX00026,2025-02-17,012580001234567890,out,205851.05,Ferretera Santa Catarina SAPI de CV,002250282122493440,PAGO FACT 83819,06B50424-D48B-15E9-785D-0E2B519DBC3A
TX00027,2025-02-17,012580001234567890,out,24870.98,Industrias Monterrey SA de CV,127977369937116844,PAGO FACT 62696,B8DA1CBC-9DF3-FBCA-941F-62AE1F0ED31B
TX00028,2025-02-17,012580001234567890,in,331079.56,Autopartes Quintanilla S de RL de CV,058757871356683026,COBRO F1523,42E3DCD7-9648-3613-589D-77B741599733
TX00029,2025-02-17,012580001234567890,in,395599.51,Grupo Quintanilla S de RL de CV,002182904309259848,COBRO F1609,F62359FA-6445-4E1A-F0B9-E1291DD6B5A6
TX00030,2025-02-18,012580001234567890,out,114747.2,Soldadura Regiomontana S de RL de CV,014236469579938608,PAGO FACT 36802,C3128151-2410-C556-12C1-BAD3A597EADB
TX00031,2025-02-18,012580001234567890,out,72511.6,Hidráulica Industrial S de RL de CV,127386469123872667,PAGO FACT 22518,CBD1B6DF-3BF9-D69D-E539-726532DE5EFB
TX00032,2025-02-18,012580001234567890,out,15698.71,Herramientas Regiomontana SA de CV,021763365449372097,PAGO FACT 34634,5B4A4FB0-B0D9-7CA0-02E4-848450203017
TX00033,2025-02-19,012580001234567890,out,11707.18,Suministros Guadalupe SA de CV,021123240892337489,PAGO FACT 78863,6D0FD714-1013-B2E7-A8CF-FCA3BDDF7B99
TX00034,2025-02-19,012580001234567890,out,6867.2,Ferretera Guadalupe S de RL de CV,127324165067166270,PAGO FACT 65373,8DA87627-6797-66BF-2A16-4FB269D77AFB
TX00035,2025-02-19,012580001234567890,in,342483.01,Envases Quintanilla S de RL de CV,002812787046782749,COBRO F1600,8B4E12FB-CC8F-DD06-BAEF-D609EC300BB9
TX00036,2025-02-21,012580001234567890,out,99351.45,Maquinados del Norte SAPI de CV,058602402363857537,PAGO FACT 8048,D4A23951-FFA9-7506-637D-CCBEF0F544CD
TX00037,2025-02-24,012580001234567890,out,32326.65,Metálica del Norte S de RL de CV,058200277445686909,PAGO FACT 29178,70F3DBA0-01E0-234B-9DD3-CD55EF83042A
TX00038,2025-02-24,012580001234567890,out,25670.8,Refacciones Santa Catarina S de RL de CV,012509446380107510,PAGO FACT 81802,0F340B0D-4F94-3305-B7D5-67C69F71A57D
TX00039,2025-02-24,012580001234567890,out,23649.85,Empaques Apodaca SAPI de CV,002474730284776127,PAGO FACT 60478,0AACD1D6-5E67-D7A0-B67F-AC0627F48EE7
TX00040,2025-02-24,012580001234567890,in,461020.69,Autopartes Quintanilla S de RL de CV,058757871356683026,COBRO F1519,FCF0F07F-8C68-9433-8608-11219B0FB4A4
TX00041,2025-02-24,012580001234567890,out,7590.63,Maquinados Regiomontana S de RL de CV,012669227597990050,PAGO FACT 27286,DD21726F-323D-0195-A294-8E036977929B
TX00042,2025-02-25,012580001234567890,out,88783.85,Soldadura Regiomontana S de RL de CV,014236469579938608,PAGO FACT 49069,79075C00-C43A-DA06-68B3-4F5FBBFA7EBB
TX00043,2025-02-25,012580001234567890,out,30598.25,Metálica del Norte S de RL de CV,058200277445686909,PAGO FACT 10639,640B54C1-F15E-4AFE-9C57-DEC783D0F82B
TX00044,2025-02-25,012580001234567890,out,30763.78,Herramientas del Norte S de RL de CV,127532008375479981,PAGO FACT 668,4D96E9DA-9DD8-7A35-9B4B-6E9A506BCEB3
TX00045,2025-02-25,012580001234567890,out,39449.05,Transportes Industrial S de RL de CV,002688321571923556,PAGO FACT 224,5AA12EBA-A2D6-B281-FAAE-DCB65B9A3F0F
TX00046,2025-02-26,012580001234567890,out,10396.38,Herramientas del Norte S de RL de CV,127532008375479981,PAGO FACT 50612,834AD09D-33E6-C4BE-DA29-1775B3687B1D
TX00047,2025-02-26,012580001234567890,out,183189.98,Maquinados Monterrey SA de CV,127384404675485014,PAGO FACT 62978,21F4AC6A-92EE-06A6-0024-57FBD7665B1D
TX00048,2025-02-26,012580001234567890,out,23626.65,Refacciones Santa Catarina S de RL de CV,012509446380107510,PAGO FACT 56096,118A7E24-5AB0-CA33-C87C-6570812C814F
TX00049,2025-02-27,012580001234567890,out,26866.18,Refacciones Santa Catarina S de RL de CV,012509446380107510,PAGO FACT 57080,40485493-B9E9-35C3-4366-CD17934D4185
TX00050,2025-02-27,012580001234567890,out,411950.09,NOMINA,,NOMINA QUINCENAL,
TX00051,2025-02-28,012580001234567890,out,8969.58,Soldadura Guadalupe S de RL de CV,058185789146541440,PAGO FACT 48005,14687223-A95B-4F0D-E7AE-9F325F06BA92
TX00052,2025-03-03,012580001234567890,out,121414.65,Soldadura Regiomontana S de RL de CV,014236469579938608,PAGO FACT 71469,DA261311-3534-DC8D-B49B-90516690181C
TX00053,2025-03-03,012580001234567890,out,8525.88,Soldadura Guadalupe S de RL de CV,058185789146541440,PAGO FACT 68673,95A5E92D-119F-28A0-7E82-47B95ADE7C2F
TX00054,2025-03-03,012580001234567890,out,16750.28,Electrónica del Norte S de RL de CV,002483414530651729,PAGO FACT 8138,8C0C562B-97D1-BAB6-43C2-69BDF480A193
TX00055,2025-03-03,012580001234567890,out,18295.98,Grupo Nuevo León SAPI de CV,002024168787946135,PAGO FACT 67589,68AEDB47-F6B0-85E5-DC3F-CECFCB7FD6AD
TX00056,2025-03-03,012580001234567890,out,88612.28,Empaques del Norte SAPI de CV,012879792992388684,PAGO FACT 16354,8A82E1AC-09B1-64DD-7578-C1388F980CE0
TX00057,2025-03-03,012580001234567890,out,34962.98,Empaques del Norte SAPI de CV,012879792992388684,PAGO FACT 8867,DA4CCF43-D63E-1434-484F-7AF9451DEA42
TX00058,2025-03-03,012580001234567890,in,340390.01,Autopartes Quintanilla S de RL de CV,058757871356683026,COBRO F1517,3176AD93-BC78-F14C-62A5-3B5B46302431
TX00059,2025-03-03,012580001234567890,in,432888.23,Envases Hernández SAPI de CV,014014253995604307,COBRO F1559,1865EA65-8155-3BFE-632A-996820F6CB21
TX00060,2025-03-03,012580001234567890,in,236935.15,Grupo Chapa S de RL de CV,014739042136620358,COBRO F1584,B25F0CA8-B33F-2821-4297-98C950222B41
TX00061,2025-03-04,012580001234567890,out,36366.0,Transportes Industrial S de RL de CV,002688321571923556,PAGO FACT 57494,E653B149-C425-F1DA-914D-04F78BE088CA
TX00062,2025-03-04,012580001234567890,out,15984.68,Ferretera Guadalupe S de RL de CV,127324165067166270,PAGO FACT 35377,B99FCE81-40D6-F479-0E9E-192A8317AB90
TX00063,2025-03-04,012580001234567890,out,110547.88,Metálica del Norte SA de CV,021506465287976271,PAGO FACT 22287,BC06F9C0-8FA3-652C-7DC2-3853F0B6EFFA
TX00064,2025-03-04,012580001234567890,in,82254.44,Envases Quintanilla S de RL de CV,002812787046782749,COBRO F1604,98F4A8F4-418D-ECE1-99FD-D7E79C4D0004
TX00065,2025-03-05,012580001234567890,in,192802.83,Grupo Quintanilla S de RL de CV,002182904309259848,COBRO F1613,0E8D0888-1342-0739-278B-1F8A2FEC7E75
TX00066,2025-03-06,012580001234567890,out,42400.78,Metálica del Norte S de RL de CV,058200277445686909,PAGO FACT 6312,6B7B2C87-E50A-7BF4-9EA6-64FB8AC95913
TX00067,2025-03-06,012580001234567890,out,7192.0,Suministros Guadalupe SA de CV,021123240892337489,PAGO FACT 80156,2902B633-3DC1-4C9C-969C-19AB41C9C8FB
TX00068,2025-03-06,012580001234567890,in,433131.62,Grupo Martínez SA de CV,014913695353861809,COBRO F1642,8178731E-550A-C854-136F-E28673894735
TX00069,2025-03-07,012580001234567890,out,13908.98,Refacciones Santa Catarina S de RL de CV,012509446380107510,PAGO FACT 41014,EA185AB1-8EA9-7878-8C1F-F68B7603BB23
TX00070,2025-03-07,012580001234567890,out,76130.8,Hidráulica Industrial S de RL de CV,127386469123872667,PAGO FACT 77042,0590BECE-1D46-A50A-C8DF-77236E0F7BC1
TX00071,2025-03-10,012580001234567890,out,28722.18,Hidráulica Nuevo León SAPI de CV,072226692183133098,PAGO FACT 9050,3D631B48-B59C-F5CF-A491-583756D751A5
TX00072,2025-03-10,012580001234567890,out,11794.65,Ferretera Guadalupe S de RL de CV,127324165067166270,PAGO FACT 84769,12D1A57D-72C5-1FA6-90C0-96D6394AB2A5
TX00073,2025-03-10,012580001234567890,out,3782.18,Pinturas Guadalupe S de RL de CV,021365882811348338,PAGO FACT 99117,42EE37FB-EA44-63BC-A9AA-B59EEF5DF0EE
TX00074,2025-03-10,012580001234567890,out,6705.38,Pinturas Guadalupe S de RL de CV,021365882811348338,PAGO FACT 89670,CB95873E-BE0D-BE6B-3F09-F42E1286BF38
TX00075,2025-03-10,012580001234567890,in,189173.62,Envases Guerra SA de CV,014505049211308442,COBRO F1507,C1F73FFF-F18B-0AEA-AE02-CCD8B91A7E10
TX00076,2025-03-11,012580001234567890,out,3898.18,Electrónica del Norte S de RL de CV,002483414530651729,PAGO FACT 22199,28660F5E-9A15-91E1-C8B6-F294AEE694ED
TX00077,2025-03-12,012580001234567890,out,27503.6,Metálica San Nicolás SA de CV,072575619296379589,PAGO FACT 72904,D1E34E17-F5B8-84D6-AE80-A3C84BD45CF9
TX00078,2025-03-12,012580001234567890,out,6102.18,Ferretera Guadalupe S de RL de CV,127324165067166270,PAGO FACT 22660,9F53DABE-1702-2F8B-96EC-059F1439D3BE
TX00079,2025-03-12,012580001234567890,in,84013.77,Grupo Quintanilla S de RL de CV,002182904309259848,COBRO F1612,DEE3FB06-7D29-0989-52A9-C7FECDCA0DD5
TX00080,2025-03-12,012580001234567890,in,241226.06,Construcciones Zambrano S de RL de CV,014145966227698145,COBRO F1625,F2488F1B-597D-D595-0508-78C142ECE01A
TX00081,2025-03-13,012580001234567890,out,8618.68,Refacciones Santa Catarina S de RL de CV,012509446380107510,PAGO FACT 66558,2EE87329-9EBE-BDDF-FBDA-5321F6F7E3CC
TX00082,2025-03-13,012580001234567890,out,9268.28,Empaques Apodaca SAPI de CV,002474730284776127,PAGO FACT 8730,02CBFC60-C8D9-90FC-4B5A-5893E52BF4D3
TX00083,2025-03-13,012580001234567890,out,123725.6,Empaques del Norte SAPI de CV,012879792992388684,PAGO FACT 15718,985D5F4A-BBE7-E7E2-F93A-6D9280A2A624
TX00084,2025-03-17,012580001234567890,out,27735.48,Metálica del Norte S de RL de CV,058200277445686909,PAGO FACT 55843,B52E379D-9252-F839-27D9-361E10844E20
TX00085,2025-03-17,012580001234567890,out,15219.08,Grupo Nuevo León SAPI de CV,002024168787946135,PAGO FACT 25919,EF0D3CB7-53C0-6C39-DE8D-2EA884146EBB
TX00086,2025-03-17,012580001234567890,out,71597.98,Maquinados del Norte SAPI de CV,058602402363857537,PAGO FACT 77245,E647ABE9-5D0D-6E47-76E6-3BD7384C43D5
TX00087,2025-03-18,012580001234567890,out,14340.38,Metálica del Norte S de RL de CV,058200277445686909,PAGO FACT 77370,88D1BDB7-3AB8-F085-003E-9DC9576C7163
TX00088,2025-03-18,012580001234567890,out,85143.88,Herramientas del Norte SAPI de CV,072811554027104063,PAGO FACT 65668,9695AE3B-3058-4666-4AF8-EBDDACD4438A
TX00089,2025-03-18,012580001234567890,out,7052.8,Neumática Industrial S de RL de CV,014094397139929975,PAGO FACT 20681,E318378E-1BAA-6D1C-E18E-8344F01B4030
TX00090,2025-03-19,012580001234567890,out,26633.6,Metálica del Norte S de RL de CV,058200277445686909,PAGO FACT 6628,097BB32D-F437-462B-4E00-040E939B484B
TX00091,2025-03-20,012580001234567890,out,29034.8,Servicios Santa Catarina SAPI de CV,014668274076341822,PAGO FACT 1347,CA5B4B58-F788-6084-E0C3-A7DBFE029017
TX00092,2025-03-24,012580001234567890,out,67616.98,Distribuidora del Norte S de RL de CV,002472607214501356,PAGO FACT 45671,875F01DF-3103-DCFC-CF2E-FBDC6A060915
TX00093,2025-03-24,012580001234567890,out,11237.85,Refacciones Regiomontana SAPI de CV,014222829861023238,PAGO FACT 62334,AF784D91-D2F5-8BBE-339A-82D754355CC2
TX00094,2025-03-24,012580001234567890,out,33141.78,Hidráulica Industrial S de RL de CV,127386469123872667,PAGO FACT 99718,D6A662E4-BD8F-23F7-D5EF-9693577188D1
TX00095,2025-03-24,012580001234567890,out,79666.25,Refacciones Industrial S de RL de CV,012416945706393097,PAGO FACT 57707,899FC689-23B7-2BD7-4437-295FE3DEC572
TX00096,2025-03-25,012580001234567890,out,233241.2,Maquinados Monterrey SA de CV,127384404675485014,PAGO FACT 65892,2FA50E24-8ADC-F2FC-C2AA-9CB1E480D6C4
TX00097,2025-03-25,012580001234567890,out,21601.98,Pinturas Escobedo S de RL de CV,021513837995509179,PAGO FACT 18088,9293C4AB-491A-D859-FD90-F7C94091B454
TX00098,2025-03-25,012580001234567890,out,73915.78,Suministros Guadalupe SA de CV,014029234930934222,PAGO FACT 6833,2207EA4B-C524-1DC7-749A-77710071AA95
TX00099,2025-03-27,012580001234567890,out,12957.2,Soldadura Guadalupe S de RL de CV,058185789146541440,PAGO FACT 39595,1F67235E-44C2-D02C-FC43-1B65E9350614
TX00100,2025-03-27,012580001234567890,out,28431.6,Grupo Nuevo León SAPI de CV,002024168787946135,PAGO FACT 42313,69AE690B-22F8-6E73-22F8-85BD4F66F5C8
TX00101,2025-03-28,012580001234567890,out,6011.58,Suministros Guadalupe SA de CV,021123240892337489,PAGO FACT 10681,A21D14C5-D3E6-5BE2-A498-ABF895C45DF8
TX00102,2025-03-28,012580001234567890,out,18569.05,Industrias Monterrey SA de CV,127977369937116844,PAGO FACT 4180,6FB16AF4-07F3-E6F4-4759-F36D5BBDDF89
TX00103,2025-03-28,012580001234567890,in,280388.23,Construcciones Martínez SAPI de CV,014253106164147843,COBRO F1539,4FDF419F-C42A-08C7-EA5A-6D1251D81374
TX00104,2025-03-28,012580001234567890,out,424030.71,NOMINA,,NOMINA QUINCENAL,
TX00105,2025-03-31,012580001234567890,out,45927.18,Distribuidora del Norte S de RL de CV,002472607214501356,PAGO FACT 92849,0EB2DA21-DF56-69EF-AB26-3D1B5C5CD90A
TX00106,2025-03-31,012580001234567890,out,14152.58,Suministros Guadalupe SA de CV,021123240892337489,PAGO FACT 10893,7CA27803-D769-56AB-7B2F-2B94A93A3DF6
TX00107,2025-03-31,012580001234567890,out,20126.0,Pinturas Nuevo León SAPI de CV,012160981720592104,PAGO FACT 20338,6145AA5F-3EE6-965E-EFB4-339A8CC872A4
TX00108,2025-03-31,012580001234567890,out,19346.25,Pinturas Nuevo León SAPI de CV,012160981720592104,PAGO FACT 20537,A0CDA384-2CEE-5D70-E410-B475C58EEF6D
TX00109,2025-03-31,012580001234567890,in,390318.97,Autopartes Guerra S de RL de CV,127517327060243067,COBRO F1545,5B33785F-9DDE-4299-6D26-BD017215C1E9
TX00110,2025-04-01,012580001234567890,out,66920.28,Suministros Guadalupe SA de CV,014029234930934222,PAGO FACT 35056,833EE207-6790-FAE7-FBA4-5D05F152B60A
TX00111,2025-04-02,012580001234567890,out,41432.65,Herramientas del Norte SAPI de CV,072811554027104063,PAGO FACT 4646,312F1F1A-D992-ED93-1A7B-F5688CAAC992
TX00112,2025-04-03,012580001234567890,out,6347.98,Suministros Guadalupe SA de CV,021123240892337489,PAGO FACT 68834,A5289E6B-3DBA-B496-8885-DB13D39A411E
TX00113,2025-04-03,012580001234567890,out,11551.05,Ferretera Guadalupe S de RL de CV,127324165067166270,PAGO FACT 96092,DE245710-DB14-8597-1D59-7E05F2112C0B
TX00114,2025-04-03,012580001234567890,in,143913.27,Envases Elizondo SA de CV,021993856670975642,COBRO F1536,16CC95BF-2FC1-31B8-F3B7-DB2B61DB052E
TX00115,2025-04-03,012580001234567890,in,100316.6,Grupo Quintanilla S de RL de CV,002182904309259848,COBRO F1616,77624F78-C16B-6C7E-EABC-AD2AC70A11D5
TX00116,2025-04-03,012580001234567890,in,448100.96,Grupo Martínez SA de CV,014913695353861809,COBRO F1647,FFA38FCA-CC20-FB39-DCD0-BC5E57760985
TX00117,2025-04-04,012580001234567890,out,4396.4,Refacciones Regiomontana SAPI de CV,014222829861023238,PAGO FACT 9683,2264E054-1B22-73B5-620B-46B7F8E24B08
TX00118,2025-04-04,012580001234567890,out,49882.78,Metálica San Nicolás SA de CV,072575619296379589,PAGO FACT 76054,0412A224-ED5E-20FF-B8CE-2F58896C2696
TX00119,2025-04-04,012580001234567890,in,362519.69,Envases Chapa S de RL de CV,012875403062539993,COBRO F1516,AE29C599-4D69-F5B8-9F47-51B1A43022BD
TX00120,2025-04-04,012580001234567890,in,399857.46,Autopartes Guerra SAPI de CV,014549124270731279,COBRO F1575,CA14D539-EB4A-EA0C-314A-86103136A046
TX00121,2025-04-07,012580001234567890,out,28768.58,Metálica San Nicolás SA de CV,072575619296379589,PAGO FACT 31628,A32949CD-E374-ABA4-0986-E652774D9F80
TX00122,2025-04-07,012580001234567890,out,12669.98,Servicios Santa Catarina SAPI de CV,014668274076341822,PAGO FACT 11745,8CD76330-0863-060F-9F18-799B8B53ED6B
TX00123,2025-04-07,012580001234567890,out,28501.78,Transportes Industrial S de RL de CV,002688321571923556,PAGO FACT 66357,DF195C4D-7145-F6BC-3172-DDA8B9B15585
TX00124,2025-04-07,012580001234567890,out,10431.18,Pinturas Escobedo S de RL de CV,021513837995509179,PAGO FACT 88328,8BA92943-63F6-FA72-0733-495702E93EE6
TX00125,2025-04-07,012580001234567890,out,12470.0,Pinturas Guadalupe S de RL de CV,021365882811348338,PAGO FACT 20949,196A26D8-E864-7898-CCAD-EA60D73074B7
TX00126,2025-04-07,012580001234567890,out,17982.78,Neumática Industrial S de RL de CV,014094397139929975,PAGO FACT 54168,AE6D026D-7682-D29B-B08B-901C87247910
TX00127,2025-04-07,012580001234567890,in,232723.03,Envases Hernández SAPI de CV,014014253995604307,COBRO F1554,0B863E96-7326-F8AD-52FC-DC224C01A766
TX00128,2025-04-07,012580001234567890,out,74240.0,Gestoría y Enlace Santa Catarina S de RL de CV,021512607459151557,PAGO FACT 43256,E795BD2A-A84B-39AE-8C11-7FCFA34DFAA9
TX00129,2025-04-08,012580001234567890,in,451281.06,Autopartes Quintanilla S de RL de CV,058757871356683026,COBRO F1520,8D4FCA31-2D92-946B-D931-201A1905D63A
TX00130,2025-04-08,012580001234567890,in,142604.77,Envases Quintanilla S de RL de CV,002812787046782749,COBRO F1607,EFDF20BE-15E0-E401-6169-C33FE472083B
TX00131,2025-04-09,012580001234567890,out,20578.98,Pinturas Nuevo León SAPI de CV,012160981720592104,PAGO FACT 21627,69CAB6B1-A2BC-00E3-A37B-F7A47CF7F10D
TX00132,2025-04-10,012580001234567890,out,16007.88,Pinturas Guadalupe S de RL de CV,021365882811348338,PAGO FACT 69883,C44ACBE2-35E9-E530-DCA3-A692BF5F940F
TX00133,2025-04-10,012580001234567890,out,174000.0,Industrias del Norte S de RL de CV,127167202729164112,PAGO FACT 25785,28102817-0D97-9313-55E6-545D38271C18
TX00134,2025-04-11,012580001234567890,out,45620.25,Transportes Industrial S de RL de CV,002688321571923556,PAGO FACT 8463,7FD747C0-BE38-3B75-E969-47A1F45D663E
TX00135,2025-04-11,012580001234567890,out,8758.58,Pinturas Nuevo León SAPI de CV,012160981720592104,PAGO FACT 79310,F6231792-DA92-4590-D40D-ED0FB0A2BDB2
TX00136,2025-04-11,012580001234567890,in,313649.26,Envases Hernández SAPI de CV,014014253995604307,COBRO F1553,6E2FBF29-18FD-BB81-4D21-2A8EE195FE0F
TX00137,2025-04-14,012580001234567890,out,10938.68,Suministros Guadalupe SA de CV,021123240892337489,PAGO FACT 64914,EDD9170A-DED0-5C09-CF0C-220AA650C3AE
TX00138,2025-04-14,012580001234567890,out,20070.78,Refacciones Santa Catarina S de RL de CV,012509446380107510,PAGO FACT 48120,5223235F-1011-E03C-3BC8-F72528D01B73
TX00139,2025-04-14,012580001234567890,out,55723.85,Maquinados del Norte SAPI de CV,058602402363857537,PAGO FACT 44967,8087CFCD-290A-1413-6AE0-7F6F1C648101
TX00140,2025-04-14,012580001234567890,out,66169.18,Empaques del Norte SAPI de CV,012879792992388684,PAGO FACT 50819,9588A3C9-FDED-72D9-42E3-D19CBEB8786D
TX00141,2025-04-14,012580001234567890,in,128497.68,Envases Quintanilla S de RL de CV,002812787046782749,COBRO F1606,AF96D07D-64C0-D64C-6D40-6401A324EF1F
TX00142,2025-04-14,012580001234567890,out,74240.0,Gestoría y Enlace Santa Catarina S de RL de CV,021512607459151557,PAGO FACT 2585,2982DF3B-D4B4-ED65-6847-9968666231EF
TX00143,2025-04-15,012580001234567890,out,34683.88,Suministros Guadalupe SA de CV,014029234930934222,PAGO FACT 37320,66F9F6FC-EBCA-FCD2-04D9-A2C761F4A9A1
TX00144,2025-04-15,012580001234567890,in,375608.03,Envases Guerra S de RL de CV,058515658918503468,COBRO F1504,15BEBB48-37B6-DFC2-458C-3B0982EADFE2
TX00145,2025-04-16,012580001234567890,out,47351.78,Soldadura Regiomontana S de RL de CV,014236469579938608,PAGO FACT 30543,9A58E1C2-8D7C-AD40-F6BE-CB57F7543DF7
TX00146,2025-04-16,012580001234567890,out,11034.38,Hidráulica Nuevo León SAPI de CV,072226692183133098,PAGO FACT 50020,4BE588CB-6193-0019-37F9-242BF84FEB85
TX00147,2025-04-16,012580001234567890,out,195335.18,Ferretera Santa Catarina SAPI de CV,002250282122493440,PAGO FACT 50544,DDAA1F92-C017-665D-909A-2CE1AE3C6FC1
TX00148,2025-04-17,012580001234567890,out,9338.58,Suministros Guadalupe SA de CV,021123240892337489,PAGO FACT 80704,A74D52C3-9E5C-2563-3D9B-D5C5DA5C0757
TX00149,2025-04-18,012580001234567890,out,9115.05,Electrónica del Norte S de RL de CV,002483414530651729,PAGO FACT 69557,D346ACF6-5EA6-9EFA-0C04-78144437BA94
TX00150,2025-04-18,012580001234567890,out,18197.85,Pinturas Escobedo S de RL de CV,021513837995509179,PAGO FACT 15742,F4828865-1412-0185-D880-E0C0F49006CF
TX00151,2025-04-18,012580001234567890,out,87647.05,Metálica del Norte SA de CV,021506465287976271,PAGO FACT 31957,F0DB62D4-DC5B-AD91-9867-C0BC4C101C6F
TX00152,2025-04-21,012580001234567890,out,99785.98,Soldadura Regiomontana S de RL de CV,014236469579938608,PAGO FACT 46830,27693E9F-435F-A8CB-FBF4-F9FC088EDC17
TX00153,2025-04-21,012580001234567890,out,89180.68,Soldadura Regiomontana S de RL de CV,014236469579938608,PAGO FACT 26340,DBA3C906-17FE-7429-A781-F2407CD56811
TX00154,2025-04-21,012580001234567890,out,6881.58,Suministros Guadalupe SA de CV,021123240892337489,PAGO FACT 57997,BF908686-CD4B-DA27-D467-83392672D903
TX00155,2025-04-21,012580001234567890,out,7203.6,Suministros Guadalupe SA de CV,021123240892337489,PAGO FACT 61660,B6CFD5AA-E152-E01D-4A14-E44FB855F18D
TX00156,2025-04-21,012580001234567890,out,18072.8,Refacciones Santa Catarina S de RL de CV,012509446380107510,PAGO FACT 28877,7C2FF658-BD06-397A-AA15-73C572C896B8
TX00157,2025-04-21,012580001234567890,out,14625.05,Empaques Apodaca SAPI de CV,002474730284776127,PAGO FACT 58694,52081DE2-FA84-6D4C-F00A-0E4DA4DF27C3
TX00158,2025-04-21,012580001234567890,out,16820.58,Pinturas Nuevo León SAPI de CV,012160981720592104,PAGO FACT 28588,97AAAB06-40E4-0862-ADBF-6052E6DA7BF2
TX00159,2025-04-21,012580001234567890,in,362422.04,Grupo Quintanilla S de RL de CV,002182904309259848,COBRO F1617,AE4EB627-971A-CC18-8770-BD0D3EB5D0C8
TX00160,2025-04-21,012580001234567890,out,290000.0,Industrias del Norte S de RL de CV,127167202729164112,PAGO FACT 27700,B8850C82-6074-EF4A-D2D4-91AB358FB814
TX00161,2025-04-21,012580001234567890,out,55680.0,Gestoría y Enlace Santa Catarina S de RL de CV,021512607459151557,PAGO FACT 70811,690080D1-C7F3-13DC-BF7B-F4E127BC639B
TX00162,2025-04-22,012580001234567890,out,59334.58,Distribuidora del Norte S de RL de CV,002472607214501356,PAGO FACT 66870,CEB46C9A-B7D9-30D9-462A-14A0A2F4F723
TX00163,2025-04-22,012580001234567890,out,5696.18,Soldadura Guadalupe S de RL de CV,058185789146541440,PAGO FACT 88356,B86DF018-C1D5-49B5-4525-590EFBDA9C15
TX00164,2025-04-22,012580001234567890,out,50170.58,Herramientas del Norte SAPI de CV,072811554027104063,PAGO FACT 88538,73938CAE-53DD-4022-E24E-34BB9FB127CA
TX00165,2025-04-23,012580001234567890,out,113935.08,Suministros Guadalupe SA de CV,014029234930934222,PAGO FACT 81138,A452532B-E17D-8AB3-4F22-913A0F7978B6
TX00166,2025-04-25,012580001234567890,out,98600.0,Industrias del Norte S de RL de CV,127167202729164112,PAGO FACT 15936,3104C9E4-F64E-D2D5-FB71-7900F1362AE0
TX00167,2025-04-28,012580001234567890,out,46689.88,Servicios Nuevo León SA de CV,127178800750092258,PAGO FACT 26995,224D3032-7AE7-46A5-BD00-BDA01048A51E
TX00168,2025-04-28,012580001234567890,out,24000.4,Hidráulica Nuevo León SAPI de CV,072226692183133098,PAGO FACT 46120,C1C8D207-B7A1-07F9-59B2-C0D9815FBF41
TX00169,2025-04-28,012580001234567890,out,9880.65,Servicios Santa Catarina SAPI de CV,014668274076341822,PAGO FACT 83440,42556041-F5B2-AEEB-CA36-FF192F72F5F3
TX00170,2025-04-28,012580001234567890,out,52687.78,Empaques del Norte SAPI de CV,012879792992388684,PAGO FACT 52806,81EBFA28-7034-B860-59A4-29B8CDDE76C0
TX00171,2025-04-28,012580001234567890,in,432903.32,Envases Elizondo SA de CV,021993856670975642,COBRO F1537,A1732AE4-4655-FE42-085C-417D54DC855F
TX00172,2025-04-28,012580001234567890,out,421709.35,NOMINA,,NOMINA QUINCENAL,
TX00173,2025-04-28,012580001234567890,out,232000.0,Industrias del Norte S de RL de CV,127167202729164112,PAGO FACT 7292,BD9A7846-02FB-5D6B-BF80-5A8A9155CB16
TX00174,2025-04-28,012580001234567890,out,290000.0,Neumática Santa Catarina SAPI de CV,072132317899810452,PAGO FACT 9284,D4A4E0F6-507C-F4AE-43A6-7D09BF517E78
TX00175,2025-04-28,012580001234567890,out,21831.43,Maquinados Regiomontana S de RL de CV,012669227597990050,PAGO FACT 95219,DCD749F1-8C3E-D2A2-AB83-732152BA9560
TX00176,2025-04-30,012580001234567890,out,13725.58,Pinturas Escobedo S de RL de CV,021513837995509179,PAGO FACT 77072,9F140BC1-F593-9946-5AFD-94A70C05C3B6
TX00177,2025-04-30,012580001234567890,in,408484.09,Envases Quintanilla S de RL de CV,002812787046782749,COBRO F1602,63C97B34-6CA3-4DD3-0C7F-2218ECD150C1
TX00178,2025-05-01,012580001234567890,out,19404.25,Pinturas Guadalupe S de RL de CV,058254555478429338,PAGO FACT 68543,F68EBA45-24DF-16FE-A290-20D8A3315B40
TX00179,2025-05-02,012580001234567890,out,31387.05,Herramientas del Norte SAPI de CV,072811554027104063,PAGO FACT 83552,46523CF3-D099-5C33-D51C-F2FEF9F23CD8
TX00180,2025-05-02,012580001234567890,out,7470.4,Pinturas Escobedo S de RL de CV,021513837995509179,PAGO FACT 80636,E37D36B1-CF65-17B5-FA38-03580E59E2FD
TX00181,2025-05-02,012580001234567890,out,139200.0,Industrias del Norte S de RL de CV,127167202729164112,PAGO FACT 94687,6BE8189C-0137-E8EB-0787-65D4135848F0
TX00182,2025-05-05,012580001234567890,out,52385.48,Metálica del Norte S de RL de CV,058200277445686909,PAGO FACT 45482,95B323DE-CFEE-6958-C9CD-FFC3CE3E94F8
TX00183,2025-05-05,012580001234567890,out,51582.65,Metálica San Nicolás SA de CV,072575619296379589,PAGO FACT 60004,8AAFD712-C7C2-671F-C431-7101F69A86C4
TX00184,2025-05-05,012580001234567890,out,34301.78,Hidráulica Industrial S de RL de CV,127386469123872667,PAGO FACT 84277,92942BC8-E49F-F0FC-4D4D-9E9C4B2DAEA8
TX00185,2025-05-05,012580001234567890,in,64869.75,Grupo Chapa S de RL de CV,014739042136620358,COBRO F1585,BC9D64ED-0E02-8B42-C8A3-EBD1BC73153E
TX00186,2025-05-06,012580001234567890,out,1515.63,Soldadura Regiomontana S de RL de CV,014236469579938608,PAGO FACT 78338,CDB0B572-9686-8785-4CEB-AEB965C35BB2
TX00187,2025-05-07,012580001234567890,out,40539.45,Suministros Guadalupe SA de CV,014029234930934222,PAGO FACT 15889,C4C4C700-2053-DF44-7707-1F7039117456
TX00188,2025-05-07,012580001234567890,in,48844.84,Autopartes Guerra SAPI de CV,014549124270731279,COBRO F1573,8C7AD216-E124-E9EF-6C98-0155B3142567
TX00189,2025-05-08,012580001234567890,in,316717.85,Construcciones Martínez SAPI de CV,014253106164147843,COBRO F1538,4806BF82-94D2-F5DE-BC5F-68A837B8C17A
TX00190,2025-05-09,012580001234567890,out,193360.4,Ferretera Santa Catarina SAPI de CV,002250282122493440,PAGO FACT 39289,06A1FD3A-0F48-452D-6238-C7493B76B261
TX00191,2025-05-09,012580001234567890,out,38955.58,Hidráulica Industrial S de RL de CV,127386469123872667,PAGO FACT 18615,0D31216D-EE08-543E-66D9-6A6B0E005F87
TX00192,2025-05-12,012580001234567890,out,13331.18,Electrónica del Norte S de RL de CV,002483414530651729,PAGO FACT 84620,F9C64C08-3E5D-3272-E67E-86E51E33E788
TX00193,2025-05-12,012580001234567890,out,22529.98,Neumática Industrial S de RL de CV,014094397139929975,PAGO FACT 68532,4A3EBB6D-FBEF-EBCA-EF5E-BC3EB645DD72
TX00194,2025-05-12,012580001234567890,in,129019.81,Autopartes Quintanilla S de RL de CV,058757871356683026,COBRO F1526,A853DA43-FB1E-F2E3-1092-F06D3809753F
TX00195,2025-05-12,012580001234567890,in,291413.11,Autopartes Guerra S de RL de CV,127517327060243067,COBRO F1549,07022D04-17B3-020D-69AD-74002A80FB52
TX00196,2025-05-12,012580001234567890,in,173515.06,Grupo Quintanilla S de RL de CV,002182904309259848,COBRO F1619,6C67A2DE-0366-BE75-C4BA-954AE87D1BB6
TX00197,2025-05-12,012580001234567890,in,160795.52,Grupo Martínez SA de CV,014913695353861809,COBRO F1639,6A910736-ED3C-3BB2-29B1-B66D75DE4E6D
TX00198,2025-05-12,012580001234567890,out,21564.98,Maquinados Regiomontana S de RL de CV,012669227597990050,PAGO FACT 5912,85B16F00-EEC9-AEB1-B024-AAE2E890FF09
TX00199,2025-05-13,012580001234567890,out,15738.65,Empaques Apodaca SAPI de CV,002474730284776127,PAGO FACT 7332,A5BC2EBA-CA03-2526-47D9-815CA134A478
TX00200,2025-05-13,012580001234567890,in,336397.81,Envases Hernández SAPI de CV,014014253995604307,COBRO F1556,00E6E561-0DE0-FD2E-FF45-012ED1B9B457
TX00201,2025-05-14,012580001234567890,in,132177.71,Envases Chapa S de RL de CV,012875403062539993,COBRO F1514,BD02CFCB-F015-A73F-B787-B851D3A2F5DF
TX00202,2025-05-15,012580001234567890,out,16890.18,Hidráulica Nuevo León SAPI de CV,072226692183133098,PAGO FACT 58804,0961938C-AF24-D47E-9034-FC79624E6314
TX00203,2025-05-15,012580001234567890,out,10982.65,Pinturas Escobedo S de RL de CV,021513837995509179,PAGO FACT 69368,8BE84F09-59C0-D4F8-B6EB-F0FA7E695728
TX00204,2025-05-16,012580001234567890,out,33362.18,Metálica del Norte S de RL de CV,058200277445686909,PAGO FACT 65831,70488E85-C33C-48D8-9340-7FC01919E15B
TX00205,2025-05-16,012580001234567890,out,46594.65,Transportes Industrial S de RL de CV,002688321571923556,PAGO FACT 35108,883BE9C3-C09D-B405-5762-61709F860BBF
TX00206,2025-05-19,012580001234567890,in,120701.34,Grupo Quintanilla S de RL de CV,002182904309259848,COBRO F1614,4BB44588-86A6-4E9A-B00C-554D354EBD00
TX00207,2025-05-19,012580001234567890,in,93768.09,Construcciones Sada S de RL de CV,021463705344844011,COBRO F1633,21739B4E-3BBC-8806-CA0C-7686E315358C
TX00208,2025-05-21,012580001234567890,out,59296.65,Servicios Nuevo León SA de CV,127178800750092258,PAGO FACT 53768,F2426F91-DB85-88A0-EDF2-A878790E64B6
TX00209,2025-05-21,012580001234567890,out,12991.88,Ferretera Guadalupe S de RL de CV,127324165067166270,PAGO FACT 48518,452D0345-8133-44CE-B279-B66ECFE50F7F
TX00210,2025-05-21,012580001234567890,out,30612.4,Pinturas Nuevo León SAPI de CV,012160981720592104,PAGO FACT 69167,4DD0AB74-D257-0290-F616-EC6F704DD17E
TX00211,2025-05-22,012580001234567890,out,12482.18,Soldadura Guadalupe S de RL de CV,058185789146541440,PAGO FACT 20327,E3A8B231-42DC-8EE0-70CF-1EF08B658718
TX00212,2025-05-22,012580001234567890,in,391726.51,Autopartes Quintanilla S de RL de CV,058757871356683026,COBRO F1529,3794B95F-738D-8E73-9C1F-7FA8AB0BDE68
TX00213,2025-05-22,012580001234567890,in,335538.38,Envases Quintanilla S de RL de CV,002812787046782749,COBRO F1608,CFC18B2B-11FD-C8B4-9D71-D5EC9E8B5B4E
TX00214,2025-05-23,012580001234567890,out,25868.58,Grupo Nuevo León SAPI de CV,002024168787946135,PAGO FACT 39782,72BDA7B6-4C95-3648-1C28-28AAA3C35386
TX00215,2025-05-23,012580001234567890,in,95270.74,Autopartes Guerra SAPI de CV,014549124270731279,COBRO F1577,DDD4A67A-AC74-69BC-92AA-577E77A85DF0
TX00216,2025-05-23,012580001234567890,in,150391.18,Autopartes Chapa SAPI de CV,012310495801939556,COBRO F1594,5E5F6A23-0559-9F20-A610-3DE24DC7622B
TX00217,2025-05-26,012580001234567890,out,9709.2,Ferretera Guadalupe S de RL de CV,127324165067166270,PAGO FACT 52050,E4E87582-22C4-A141-7C77-C033CB13C790
TX00218,2025-05-26,012580001234567890,out,139200.0,Neumática Santa Catarina SAPI de CV,072132317899810452,PAGO FACT 7166,F5FC167B-7078-F31F-AD7E-C9EF6643E855
TX00219,2025-05-27,012580001234567890,out,29774.65,Grupo San Nicolás SA de CV,072421599192930338,PAGO FACT 32993,D49CDA0D-7F3A-532C-1EAE-B2637095CA2C
TX00220,2025-05-28,012580001234567890,out,33953.08,Distribuidora del Norte S de RL de CV,002472607214501356,PAGO FACT 22066,D7127F9A-726D-1214-50A5-AA39FA82E27F
TX00221,2025-05-28,012580001234567890,out,413296.05,NOMINA,,NOMINA QUINCENAL,
TX00222,2025-05-30,012580001234567890,out,4860.98,Neumática del Norte SA de CV,002213598355025573,PAGO FACT 54729,526DC30F-366F-4F2A-DFA9-9CB569C64982
TX00223,2025-05-30,012580001234567890,out,21949.98,Hidráulica Nuevo León SAPI de CV,072226692183133098,PAGO FACT 4362,2B56CEB1-58DD-E915-8DBE-90E01D593D3A
TX00224,2025-05-30,012580001234567890,out,61865.58,Refacciones Industrial S de RL de CV,012416945706393097,PAGO FACT 40464,8F043FBC-F669-3CE4-9C59-7138C841FA96
TX00225,2025-05-30,012580001234567890,out,8581.45,Neumática Industrial S de RL de CV,014094397139929975,PAGO FACT 93992,FB2A2171-BD2D-0039-513A-F9665FD14FA7
TX00226,2025-06-02,012580001234567890,out,14091.45,Electrónica del Norte S de RL de CV,002483414530651729,PAGO FACT 12478,9045303A-E35C-4287-F3FB-D118F3B25B17
TX00227,2025-06-02,012580001234567890,out,122215.05,Suministros Guadalupe SA de CV,014029234930934222,PAGO FACT 27663,B51935EE-B1C8-EFE9-D36C-AEEB64663439
TX00228,2025-06-02,012580001234567890,out,115037.08,Refacciones Industrial S de RL de CV,012416945706393097,PAGO FACT 46311,ED01F9DE-24A7-C633-ECB1-E26CF597563A
TX00229,2025-06-02,012580001234567890,out,10208.0,Neumática Industrial S de RL de CV,014094397139929975,PAGO FACT 37670,9D62B81F-B0FC-D420-C6BA-A643F8F32A95
TX00230,2025-06-02,012580001234567890,in,252267.28,Envases Quintanilla S de RL de CV,002812787046782749,COBRO F1598,2983F25E-FDBF-6EDC-DC50-03570A818BC0
TX00231,2025-06-02,012580001234567890,in,122749.68,Grupo Quintanilla S de RL de CV,002182904309259848,COBRO F1615,48131455-4F86-4209-7E68-F50737293959
TX00232,2025-06-02,012580001234567890,out,21314.81,Maquinados Regiomontana S de RL de CV,012669227597990050,PAGO FACT 62206,1D9865E4-B142-34B4-6DCD-66648EF5670C
TX00233,2025-06-03,012580001234567890,out,19833.45,Pinturas Escobedo S de RL de CV,021513837995509179,PAGO FACT 23482,DE3904AA-9CA4-202B-983A-EC318EF03A8F
TX00234,2025-06-03,012580001234567890,out,11741.98,Neumática Industrial S de RL de CV,014094397139929975,PAGO FACT 10714,9118A7DC-3CCC-C0C3-2730-41B2A747A28E
TX00235,2025-06-03,012580001234567890,in,303804.26,Autopartes Guerra SAPI de CV,014549124270731279,COBRO F1574,73BBE033-597E-8A62-6AC8-89DC180823F4
TX00236,2025-06-03,012580001234567890,out,139200.0,Industrias del Norte S de RL de CV,127167202729164112,PAGO FACT 28376,CEE36492-450D-8DFB-FCE3-E47019D4103F
TX00237,2025-06-04,012580001234567890,out,20135.05,Metálica San Nicolás SA de CV,072575619296379589,PAGO FACT 10108,EA8C141F-AC9B-9C04-38C7-F02DA4C41298
TX00238,2025-06-04,012580001234567890,out,55181.08,Suministros Guadalupe SA de CV,014029234930934222,PAGO FACT 78297,2F356962-FE67-DB95-8D69-BBEE779A92DC
TX00239,2025-06-05,012580001234567890,out,26076.68,Servicios Santa Catarina SAPI de CV,014668274076341822,PAGO FACT 28284,B687872B-BE82-A004-DB2F-368D0DBA6E25
TX00240,2025-06-05,012580001234567890,out,33547.78,Suministros Guadalupe SA de CV,014029234930934222,PAGO FACT 82105,4A7D9232-AA1B-DC2D-5C18-0535C726968E
TX00241,2025-06-05,012580001234567890,in,426735.05,Autopartes Guerra SAPI de CV,014549124270731279,COBRO F1570,63625759-53A1-15B8-6417-2AFE21C9E13C
TX00242,2025-06-06,012580001234567890,out,11309.88,Electrónica del Norte S de RL de CV,002483414530651729,PAGO FACT 4678,C9B66967-3876-457D-9E1D-D8A8DCF4C0B5
TX00243,2025-06-06,012580001234567890,out,106200.78,Refacciones Industrial S de RL de CV,012416945706393097,PAGO FACT 76725,AB91FEF3-D251-7A8F-6E6E-3F4BEAAEA42D
TX00244,2025-06-06,012580001234567890,out,30009.2,Neumática Industrial S de RL de CV,014094397139929975,PAGO FACT 94569,BFFACF9D-ED50-5485-9D97-E5A1DD23A405
TX00245,2025-06-06,012580001234567890,in,325882.8,Autopartes Quintanilla S de RL de CV,058757871356683026,COBRO F1522,E1524B89-2428-9354-939C-0939432A6D57
TX00246,2025-06-09,012580001234567890,out,9027.58,Grupo Nuevo León SAPI de CV,002024168787946135,PAGO FACT 92164,0A06147D-33B0-0016-8BE0-CFD75ED07976
TX00247,2025-06-09,012580001234567890,out,14172.65,Pinturas Escobedo S de RL de CV,021513837995509179,PAGO FACT 47276,2D53520C-D6A6-A194-50D3-6B8178FAEB5B
TX00248,2025-06-09,012580001234567890,out,88760.65,Suministros Guadalupe SA de CV,014029234930934222,PAGO FACT 27599,DE526CF3-33CD-E969-8397-9CEC0DFD9B53
TX00249,2025-06-09,012580001234567890,in,385286.98,Construcciones Sada S de RL de CV,021463705344844011,COBRO F1638,7144B8E0-ABDE-39C0-5FA0-9302E939A567
TX00250,2025-06-09,012580001234567890,out,98600.0,Neumática Santa Catarina SAPI de CV,072132317899810452,PAGO FACT 87013,500F77B3-E0B7-7A92-BE7B-A6DDCE3D439D
TX00251,2025-06-10,012580001234567890,out,62753.45,Soldadura Regiomontana S de RL de CV,014236469579938608,PAGO FACT 17067,066D1E8D-E2A6-50B9-F79C-33224D924E2B
TX00252,2025-06-10,012580001234567890,in,304609.1,Envases Elizondo SA de CV,021993856670975642,COBRO F1534,B564F934-FC99-3E8E-2751-1B5230E9B658
TX00253,2025-06-10,012580001234567890,in,111398.45,Envases Martínez S de RL de CV,002217464047935534,COBRO F1561,CA7B1C0C-05A7-8B53-B507-E3E7DB6F3825
TX00254,2025-06-11,012580001234567890,out,14766.8,Pinturas Nuevo León SAPI de CV,012160981720592104,PAGO FACT 31456,FD4A63FA-5380-CE26-FA2B-0D67FBD688C6
TX00255,2025-06-12,012580001234567890,out,101557.88,Hidráulica Industrial S de RL de CV,127386469123872667,PAGO FACT 51840,7ED56DEA-2526-E14B-238B-343F83FDCC03
TX00256,2025-06-12,012580001234567890,out,88519.48,Refacciones Industrial S de RL de CV,012416945706393097,PAGO FACT 12343,9DCE24AB-3686-57DD-72D8-E7C4A2B4736D
TX00257,2025-06-13,012580001234567890,out,128229.18,Maquinados Monterrey SA de CV,127384404675485014,PAGO FACT 90461,C93C07DF-A1E5-D8C9-86E6-7F1CF8967ADC
TX00258,2025-06-16,012580001234567890,out,56840.0,Grupo San Nicolás SA de CV,072421599192930338,PAGO FACT 78265,B7AEA3D4-E77F-A5D6-79FF-94D40321ABC2
TX00259,2025-06-16,012580001234567890,out,20253.6,Servicios Santa Catarina SAPI de CV,014668274076341822,PAGO FACT 58077,C943AB75-672D-FB18-AE30-81691A8FD6C2
TX00260,2025-06-16,012580001234567890,out,28130.58,Servicios Santa Catarina SAPI de CV,014668274076341822,PAGO FACT 51891,83438698-86F9-7292-8AD7-FF025C6FC589
TX00261,2025-06-16,012580001234567890,out,27503.6,Servicios Santa Catarina SAPI de CV,014668274076341822,PAGO FACT 15912,A24C2205-2FF3-DCD1-9A06-85C22FAD3468
TX00262,2025-06-16,012580001234567890,out,212558.98,Ferretera Santa Catarina SAPI de CV,002250282122493440,PAGO FACT 59743,2628FDA3-7BF1-5D68-666B-D860375215CF
TX00263,2025-06-16,012580001234567890,out,98011.18,Empaques del Norte SAPI de CV,012879792992388684,PAGO FACT 37458,69574C35-0235-231B-F129-BCA131E3E74D
TX00264,2025-06-16,012580001234567890,in,459746.96,Envases Guerra S de RL de CV,058515658918503468,COBRO F1501,40E7E254-2052-1505-8F98-2BDC818419AA
TX00265,2025-06-16,012580001234567890,in,123224.67,Grupo Chapa S de RL de CV,014739042136620358,COBRO F1581,CCAB53FC-1616-9C28-A38C-E77B02D4DDC2
TX00266,2025-06-17,012580001234567890,out,10994.25,Soldadura Guadalupe S de RL de CV,058185789146541440,PAGO FACT 41498,96960EDA-7321-AA43-05DA-1A327CE8C6ED
TX00267,2025-06-17,012580001234567890,out,29452.28,Empaques Apodaca SAPI de CV,002474730284776127,PAGO FACT 34653,9D6DF827-1EB8-816F-7083-1B3B1E6DF350
TX00268,2025-06-18,012580001234567890,out,19415.85,Empaques Apodaca SAPI de CV,002474730284776127,PAGO FACT 85058,F4ADA74D-EDFC-7B93-EBA2-48D352A2C026
TX00269,2025-06-19,012580001234567890,out,10950.4,Servicios Santa Catarina SAPI de CV,014668274076341822,PAGO FACT 21664,6C497224-0A60-A799-AA57-A8FE68FEC407
TX00270,2025-06-19,012580001234567890,out,17516.0,Empaques Apodaca SAPI de CV,002474730284776127,PAGO FACT 6699,A66A8A65-8CA2-6A9B-FDA1-371AA8387F03
TX00271,2025-06-20,012580001234567890,out,107718.18,Suministros Guadalupe SA de CV,014029234930934222,PAGO FACT 76313,AC8E58A4-C3AC-46D3-442F-F0B6391FC6DF
TX00272,2025-06-23,012580001234567890,out,37061.88,Metálica del Norte S de RL de CV,058200277445686909,PAGO FACT 63142,894048D7-D4DD-CBD3-3CF1-3A5F417A97A0
TX00273,2025-06-23,012580001234567890,out,10846.58,Ferretera Guadalupe S de RL de CV,127324165067166270,PAGO FACT 85047,F6CE2E7D-3564-1E0C-5C1D-E8F17D85A61C
TX00274,2025-06-23,012580001234567890,in,265967.06,Construcciones Zambrano S de RL de CV,014145966227698145,COBRO F1623,D4C4D798-0E78-425B-FF91-23ADAF8FD342
TX00275,2025-06-23,012580001234567890,out,55680.0,Gestoría y Enlace Santa Catarina S de RL de CV,021512607459151557,PAGO FACT 46612,CEADB30B-8745-A535-5ED2-A5093BCEE4BF
TX00276,2025-06-24,012580001234567890,out,13444.98,Neumática Industrial S de RL de CV,014094397139929975,PAGO FACT 68629,85F96B2D-07DF-94C7-6796-5757706A25B3
TX00277,2025-06-25,012580001234567890,out,57536.0,Transportes Industrial S de RL de CV,002688321571923556,PAGO FACT 86862,7D982D9A-8892-3A5A-992D-4F4463D20C4D
TX00278,2025-06-26,012580001234567890,out,57988.28,Metálica del Norte S de RL de CV,058200277445686909,PAGO FACT 49975,DE19EB95-4742-9BA2-8549-F950FA318EB4
TX00279,2025-06-26,012580001234567890,out,107534.78,Herramientas del Norte SAPI de CV,072811554027104063,PAGO FACT 91471,6F56E592-A7A8-EB67-55F8-8E2C2DA79322
TX00280,2025-06-27,012580001234567890,in,433698.58,Autopartes Guerra SAPI de CV,014549124270731279,COBRO F1566,BEFAF74C-DCF9-E4F7-D78D-5E5B2B51E65B
TX00281,2025-06-30,012580001234567890,out,5208.28,Soldadura Guadalupe S de RL de CV,058185789146541440,PAGO FACT 62262,D93C84B1-F5BB-4C2E-766B-9D4CAA96901D
TX00282,2025-06-30,012580001234567890,out,22132.8,Servicios Nuevo León SA de CV,127178800750092258,PAGO FACT 74619,737BBABA-5546-9918-CFDD-DC2EE72F2C50
TX00283,2025-06-30,012580001234567890,out,89296.68,Ferretera Santa Catarina SAPI de CV,002250282122493440,PAGO FACT 19748,7956BB82-7927-E052-0CEB-E3EF266B2763
TX00284,2025-06-30,012580001234567890,in,397932.56,Grupo Martínez SA de CV,014913695353861809,COBRO F1640,25168F11-B613-A11E-381B-6A18A15E15A3
TX00285,2025-06-30,012580001234567890,out,426912.58,NOMINA,,NOMINA QUINCENAL,
TX00286,2025-07-01,012580001234567890,out,18212.0,Industrias Monterrey SA de CV,127977369937116844,PAGO FACT 66958,30C2F72E-1D71-8E40-6210-D4D446EC0C3E
TX00287,2025-07-02,012580001234567890,out,36331.78,Grupo San Nicolás SA de CV,072421599192930338,PAGO FACT 63532,57A609DF-45CE-D334-A947-2D678A6C933A
TX00288,2025-07-02,012580001234567890,out,27202.58,Industrias Monterrey SA de CV,127977369937116844,PAGO FACT 83295,A74A125D-1CF8-4A66-7EA1-EFAF8C34A98D
TX00289,2025-07-02,012580001234567890,in,179434.96,Construcciones Martínez SAPI de CV,014253106164147843,COBRO F1540,28CF6A87-063E-653E-2CE3-7441DD42E31B
TX00290,2025-07-02,012580001234567890,in,49025.51,Grupo Quintanilla S de RL de CV,002182904309259848,COBRO F1620,E5CB5AD2-C99E-A83D-0166-C44CE9BAC0C1
TX00291,2025-07-03,012580001234567890,out,9198.68,Hidráulica Nuevo León SAPI de CV,072226692183133098,PAGO FACT 72710,D8837E25-7DC2-4DEF-3D94-C15032048B2C
TX00292,2025-07-03,012580001234567890,out,15973.08,Ferretera Guadalupe S de RL de CV,127324165067166270,PAGO FACT 85582,A7850E93-4269-342E-DAF7-3876DD5F12A2
TX00293,2025-07-03,012580001234567890,out,23258.58,Pinturas Nuevo León SAPI de CV,012160981720592104,PAGO FACT 76472,B9BDD4A8-F526-50B8-5B6D-929F2FDABD2D
TX00294,2025-07-03,012580001234567890,in,408709.93,Envases Guerra SA de CV,014505049211308442,COBRO F1511,7B18EE7A-8C9A-0DDC-CD2A-A232350319C2
TX00295,2025-07-03,012580001234567890,in,168492.83,Autopartes Guerra SAPI de CV,014549124270731279,COBRO F1571,78EBEDAC-03EA-3ACD-FBA8-584055E52BAF
TX00296,2025-07-04,012580001234567890,out,88601.38,Suministros Guadalupe SA de CV,014029234930934222,PAGO FACT 19832,0C83BB78-EC87-619C-CB89-4FEE1FFF4CC7
TX00297,2025-07-04,012580001234567890,out,32540.78,Metálica del Norte SA de CV,021506465287976271,PAGO FACT 55575,70C27226-B71D-C541-4AD9-C3D13043A746
TX00298,2025-07-07,012580001234567890,out,27123.58,Herramientas del Norte S de RL de CV,127532008375479981,PAGO FACT 69680,D9BBD0B6-6C13-95FD-0E93-55471A134B60
TX00299,2025-07-07,012580001234567890,out,7748.8,Electrónica del Norte S de RL de CV,002483414530651729,PAGO FACT 69820,5DDC2CF4-CB5A-E29D-B5EF-F1159F02104B
TX00300,2025-07-07,012580001234567890,out,20752.28,Pinturas Nuevo León SAPI de CV,012160981720592104,PAGO FACT 16737,A63FF60D-3241-F080-EDC1-A115DE4508EB
TX00301,2025-07-07,012580001234567890,out,28664.18,Pinturas Escobedo S de RL de CV,021513837995509179,PAGO FACT 12583,B1E75C96-3DCB-41E1-51EE-1493900275D3
TX00302,2025-07-07,012580001234567890,in,447159.38,Grupo Quintanilla S de RL de CV,002182904309259848,COBRO F1618,B39319D6-9803-51F2-3C65-B31A497A0996
TX00303,2025-07-08,012580001234567890,out,27202.58,Metálica San Nicolás SA de CV,072575619296379589,PAGO FACT 98200,CCA94E84-3BF8-5881-41D1-7EDE3E91611A
TX00304,2025-07-08,012580001234567890,in,121148.28,Envases Quintanilla S de RL de CV,002812787046782749,COBRO F1596,2E9C6F2B-13BD-99D6-D314-2786394525BB
TX00305,2025-07-10,012580001234567890,out,6264.0,Refacciones Regiomontana SAPI de CV,014222829861023238,PAGO FACT 17442,BB934BA0-27B5-ED96-1BC9-32C8A9475C11
TX00306,2025-07-10,012580001234567890,out,75179.6,Hidráulica Industrial S de RL de CV,127386469123872667,PAGO FACT 25756,347431C1-FEC6-7590-BDA1-61979F2FCBB0
TX00307,2025-07-10,012580001234567890,in,259088.15,Envases Guerra SA de CV,014505049211308442,COBRO F1508,88BA90F7-2E65-541E-6566-81CE61CFA87F
TX00308,2025-07-11,012580001234567890,out,7189.45,Pinturas Guadalupe S de RL de CV,021365882811348338,PAGO FACT 32966,5B8487FD-A1B6-08C6-D5CD-A1233D9702C7
TX00309,2025-07-14,012580001234567890,out,10384.78,Suministros Guadalupe SA de CV,021123240892337489,PAGO FACT 36628,27B7053D-7908-7722-BCEE-862D867302BA
TX00310,2025-07-14,012580001234567890,out,20857.38,Refacciones Santa Catarina S de RL de CV,012509446380107510,PAGO FACT 81728,6EBF7C6F-649A-0595-3F9E-717FC4A7DB1C
TX00311,2025-07-14,012580001234567890,out,13990.18,Neumática Industrial S de RL de CV,014094397139929975,PAGO FACT 74029,3786DFC2-B2E0-FA85-B791-72D9A1C36A5A
TX00312,2025-07-14,012580001234567890,in,314980.77,Envases Guerra SA de CV,014505049211308442,COBRO F1509,C8BCD0FE-5EED-23B2-46AD-3E3F4C401BBF
TX00313,2025-07-14,012580001234567890,in,319377.14,Envases Martínez SAPI de CV,002165784032068959,COBRO F1531,5BC26DC8-FA2E-C701-3366-8E81A6AFA422
TX00314,2025-07-15,012580001234567890,out,22527.2,Grupo Nuevo León SAPI de CV,002024168787946135,PAGO FACT 24373,9D774D48-0EDB-98D0-E610-66B166824E00
TX00315,2025-07-15,012580001234567890,in,67768.53,Envases Martínez S de RL de CV,002217464047935534,COBRO F1563,40DA5EF8-5FE1-71BC-7CD7-0A108D47C858
TX00316,2025-07-16,012580001234567890,out,11672.38,Servicios Santa Catarina SAPI de CV,014668274076341822,PAGO FACT 87149,CF483CE9-22BE-DFD8-E9B6-FFEDC4E76F00
TX00317,2025-07-16,012580001234567890,out,29870.58,Empaques Apodaca SAPI de CV,002474730284776127,PAGO FACT 97191,AAF5A369-82C7-598B-2371-2E059AF0A126
TX00318,2025-07-16,012580001234567890,out,10417.38,Ferretera Guadalupe S de RL de CV,127324165067166270,PAGO FACT 46891,37D57BF6-9650-9C1D-EBBD-E0895620E41E
TX00319,2025-07-16,012580001234567890,out,30429.58,Pinturas Escobedo S de RL de CV,021513837995509179,PAGO FACT 84586,34D004A1-6216-1761-23BA-83C63D8C2795
TX00320,2025-07-16,012580001234567890,in,400475.24,Construcciones Zambrano S de RL de CV,014145966227698145,COBRO F1622,E8B1DA2B-58ED-57F8-26FC-3D8A020F73B8
TX00321,2025-07-17,012580001234567890,out,141148.8,Maquinados Monterrey SA de CV,127384404675485014,PAGO FACT 27122,9A6792FD-7CBA-C673-B828-BF5F1CFD1B68
TX00322,2025-07-17,012580001234567890,out,27512.65,Transportes Industrial S de RL de CV,002688321571923556,PAGO FACT 85055,25A5806E-5B60-9CAC-896F-DADBDB3A53F1
TX00323,2025-07-17,012580001234567890,out,110571.78,Suministros Guadalupe SA de CV,014029234930934222,PAGO FACT 33897,E16BF91B-2973-8E7A-5653-49E44B6A7BBD
TX00324,2025-07-17,012580001234567890,out,12437.98,Pinturas Guadalupe S de RL de CV,021365882811348338,PAGO FACT 53944,464101B6-CD39-9289-D22D-20F08215198F
TX00325,2025-07-18,012580001234567890,out,17167.88,Hidráulica Nuevo León SAPI de CV,072226692183133098,PAGO FACT 4236,C12939C9-2FA4-AE6D-0C10-1D20E8EC5161
TX00326,2025-07-18,012580001234567890,out,116000.0,Servicios de México SA de CV,072098989175377383,PAGO FACT 8971,EB7EF068-574A-466F-D039-C6756E7342DA
TX00327,2025-07-18,012580001234567890,out,11280.7,Herramientas Regiomontana SA de CV,021763365449372097,PAGO FACT 30771,0B0DD9D0-EC85-EE24-3421-DF043B2F9B02
TX00328,2025-07-21,012580001234567890,out,106789.6,Soldadura Regiomontana S de RL de CV,014236469579938608,PAGO FACT 17848,74AF0A47-802C-9657-EFC2-093029CDA86A
TX00329,2025-07-21,012580001234567890,out,122876.25,Herramientas del Norte SAPI de CV,072811554027104063,PAGO FACT 34972,1BDEFADF-1FFB-D654-7C1B-B36797353EC9
TX00330,2025-07-21,012580001234567890,out,18931.78,Servicios Santa Catarina SAPI de CV,014668274076341822,PAGO FACT 43587,DCFC14F9-CA53-62F0-D411-0A7F96EC0FFC
TX00331,2025-07-21,012580001234567890,out,6197.18,Ferretera Guadalupe S de RL de CV,127324165067166270,PAGO FACT 25246,AB08214B-E633-5B1C-883F-FFE24A3A94A4
TX00332,2025-07-21,012580001234567890,in,318439.56,Construcciones Sada S de RL de CV,021463705344844011,COBRO F1631,5E66FC1E-9BE2-E82A-9683-78F03C792D5F
TX00333,2025-07-24,012580001234567890,out,15917.98,Suministros Guadalupe SA de CV,021123240892337489,PAGO FACT 2215,D734FD2D-020D-30E9-76E7-2E0D2CC6C145
TX00334,2025-07-24,012580001234567890,out,3920.8,Neumática del Norte SA de CV,002213598355025573,PAGO FACT 2296,1DC4E81C-ED6B-7181-4C0B-64D524231C4C
TX00335,2025-07-24,012580001234567890,out,23557.05,Hidráulica Nuevo León SAPI de CV,072226692183133098,PAGO FACT 70883,BFF84BD8-3DF8-34B0-58CA-D6B21912C816
TX00336,2025-07-24,012580001234567890,out,84468.65,Hidráulica Industrial S de RL de CV,127386469123872667,PAGO FACT 89348,EA6A42DD-2E3B-F7D9-C433-1457101152C3
TX00337,2025-07-24,012580001234567890,out,27143.88,Grupo Nuevo León SAPI de CV,002024168787946135,PAGO FACT 98246,BD65DB72-19CD-399D-9C90-80E6C0AB2DA2
TX00338,2025-07-24,012580001234567890,out,18664.28,Pinturas Escobedo S de RL de CV,021513837995509179,PAGO FACT 4549,A48664DC-D312-40AA-159B-9A772D6D1766
TX00339,2025-07-24,012580001234567890,in,175680.4,Autopartes Guerra S de RL de CV,127517327060243067,COBRO F1547,69C63F9C-481C-B57D-3507-FD2FB512FABC
TX00340,2025-07-24,012580001234567890,in,373826.38,Autopartes Chapa SAPI de CV,012310495801939556,COBRO F1595,6DC2761E-89A4-E603-9C65-38C40211A939
TX00341,2025-07-25,012580001234567890,out,19441.6,Servicios Santa Catarina SAPI de CV,014668274076341822,PAGO FACT 84482,D9C569B9-2128-3039-1F7E-DDEE58EA0111
TX00342,2025-07-25,012580001234567890,out,55576.18,Transportes Industrial S de RL de CV,002688321571923556,PAGO FACT 45195,3BDDA38B-76A6-C3F7-685A-BE57FDD641D1
TX00343,2025-07-28,012580001234567890,out,41792.25,Soldadura Regiomontana S de RL de CV,014236469579938608,PAGO FACT 94415,B138BC65-3093-8E8E-486E-94730EBF847B
TX00344,2025-07-28,012580001234567890,out,15483.45,Electrónica del Norte S de RL de CV,002483414530651729,PAGO FACT 58238,B5A7A8B7-27F1-FFF0-AE42-8CC9F4425BA1
TX00345,2025-07-28,012580001234567890,out,97031.45,Hidráulica Industrial S de RL de CV,127386469123872667,PAGO FACT 83486,F8C9FA8D-CA00-F317-196D-A56A12ECEA0F
TX00346,2025-07-28,012580001234567890,out,24139.48,Industrias Monterrey SA de CV,127977369937116844,PAGO FACT 97658,7AE658EA-083D-7D4C-9442-9575AF5A1659
TX00347,2025-07-28,012580001234567890,in,391292.42,Autopartes Guerra S de RL de CV,127517327060243067,COBRO F1541,C99959E1-8D15-24C8-D7B9-AB98FB86E5A3
TX00348,2025-07-28,012580001234567890,in,110263.83,Autopartes Guerra SAPI de CV,014549124270731279,COBRO F1567,2720E200-9749-51C4-4D63-69CCEE68D38B
TX00349,2025-07-28,012580001234567890,in,262958.49,Grupo Quintanilla S de RL de CV,002182904309259848,COBRO F1611,E8A5BF98-C87D-8556-607D-D782DC934D86
TX00350,2025-07-28,012580001234567890,out,421419.3,NOMINA,,NOMINA QUINCENAL,
TX00351,2025-07-29,012580001234567890,out,10941.58,Suministros Guadalupe SA de CV,021123240892337489,PAGO FACT 9025,1533C564-961E-CF61-73C6-2FA39B0A2A7A
TX00352,2025-07-29,012580001234567890,out,74240.0,Gestoría y Enlace Santa Catarina S de RL de CV,021512607459151557,PAGO FACT 5690,B1D40CA2-EFC7-D97D-5CB3-33E4C7ECDF8A
TX00353,2025-07-30,012580001234567890,out,64240.8,Soldadura Regiomontana S de RL de CV,014236469579938608,PAGO FACT 32511,CBAA0561-A1F7-E942-5FAF-67890AAEC7C4
TX00354,2025-07-30,012580001234567890,in,392991.96,Autopartes Quintanilla S de RL de CV,058757871356683026,COBRO F1518,95EFC975-A157-EEA2-7E1E-98AEEABB6887
TX00355,2025-07-30,012580001234567890,in,356645.75,Grupo Chapa S de RL de CV,014739042136620358,COBRO F1579,6C29547A-5579-343D-5497-7EEE2BE9C421
TX00356,2025-07-31,012580001234567890,out,18005.98,Pinturas Guadalupe S de RL de CV,058254555478429338,PAGO FACT 59575,C17F2C88-54F6-C195-7A34-84243E505612
TX00357,2025-07-31,012580001234567890,out,20276.8,Neumática Industrial S de RL de CV,014094397139929975,PAGO FACT 69205,F00DD252-1838-FA7A-1723-7D5E55413783
TX00358,2025-08-01,012580001234567890,out,30658.8,Metálica del Norte S de RL de CV,058200277445686909,PAGO FACT 36161,B36E1F8B-2F28-3992-9E41-54C8A0BB3EE0
TX00359,2025-08-01,012580001234567890,out,89934.68,Grupo San Nicolás SA de CV,072421599192930338,PAGO FACT 22041,5E3E2C93-E46C-C67A-F4CD-E02089E03AEF
TX00360,2025-08-04,012580001234567890,out,10579.78,Neumática del Norte SA de CV,002213598355025573,PAGO FACT 67542,B1380ABC-A817-13E2-600E-89AAA38D715A
TX00361,2025-08-04,012580001234567890,out,39811.2,Servicios Nuevo León SA de CV,127178800750092258,PAGO FACT 69920,14BAD6FA-FB45-F778-0210-396CE02575BB
TX00362,2025-08-04,012580001234567890,out,112598.65,Maquinados del Norte SAPI de CV,058602402363857537,PAGO FACT 73071,A7E42117-4F3F-CFC9-9F6F-88E252C49987
TX00363,2025-08-04,012580001234567890,out,29336.98,Pinturas Escobedo S de RL de CV,021513837995509179,PAGO FACT 42538,858223AA-D78E-4CBC-8846-B8CD8D6B147F
TX00364,2025-08-04,012580001234567890,out,12725.08,Neumática Industrial S de RL de CV,014094397139929975,PAGO FACT 10851,C78E9279-EDE5-4ECA-7649-0B05634F70FF
TX00365,2025-08-05,012580001234567890,out,10871.98,Soldadura Guadalupe S de RL de CV,058185789146541440,PAGO FACT 55957,4C30948B-B568-D59E-44F2-B268F86CC39D
TX00366,2025-08-05,012580001234567890,out,17959.58,Grupo Nuevo León SAPI de CV,002024168787946135,PAGO FACT 64330,F88E42D7-478D-8BA5-C281-75EBF9097CEC
TX00367,2025-08-06,012580001234567890,out,50381.58,Refacciones Industrial S de RL de CV,012416945706393097,PAGO FACT 13545,DF152480-A809-9B6C-3E85-96E948AF4260
TX00368,2025-08-07,012580001234567890,out,12632.98,Ferretera Guadalupe S de RL de CV,127324165067166270,PAGO FACT 7297,D7D7D5B0-3FA0-6889-20F9-38CC42CF0072
TX00369,2025-08-07,012580001234567890,out,58000.0,Servicios de México SA de CV,072098989175377383,PAGO FACT 3784,EE287B0D-27FE-CB64-8CB1-D6D8A4AEF417
TX00370,2025-08-08,012580001234567890,in,459523.88,Construcciones Sada S de RL de CV,021463705344844011,COBRO F1635,DCFC5F0C-17EE-6731-5B72-862DBE94207A
TX00371,2025-08-11,012580001234567890,out,69391.08,Distribuidora del Norte S de RL de CV,002472607214501356,PAGO FACT 99081,8FC70DC0-A301-E3E4-1A1B-C4C66A5C07D9
TX00372,2025-08-11,012580001234567890,out,112691.45,Soldadura Regiomontana S de RL de CV,014236469579938608,PAGO FACT 17912,B1058400-C098-964F-4889-EDDC628C124C
TX00373,2025-08-11,012580001234567890,out,8723.78,Refacciones Regiomontana SAPI de CV,014222829861023238,PAGO FACT 71604,BAE68FA1-ED5C-0BA0-F079-F13EA5462E00
TX00374,2025-08-11,012580001234567890,out,14509.05,Soldadura Guadalupe S de RL de CV,058185789146541440,PAGO FACT 59538,DF06B6BB-6FE7-54A7-6A4E-5FF3E7815E64
TX00375,2025-08-11,012580001234567890,in,69235.59,Autopartes Chapa SAPI de CV,012310495801939556,COBRO F1593,FD8E5107-7180-4B4B-BAFB-710C26FF4A94
TX00376,2025-08-11,012580001234567890,in,403591.72,Construcciones Sada S de RL de CV,021463705344844011,COBRO F1630,8613EAB1-5ED7-3ACA-DE0E-F53623FF2470
TX00377,2025-08-11,012580001234567890,out,21524.82,Maquinados Regiomontana S de RL de CV,012669227597990050,PAGO FACT 10263,7D9B9522-9FCC-D550-CA40-393CDAEC2E47
TX00378,2025-08-12,012580001234567890,in,424687.07,Construcciones Zambrano S de RL de CV,014145966227698145,COBRO F1626,2D115079-6089-BB33-9045-7C9BEDD200AE
TX00379,2025-08-13,012580001234567890,out,47928.65,Servicios Nuevo León SA de CV,127178800750092258,PAGO FACT 44209,80103945-602D-F68B-6623-450351938A24
TX00380,2025-08-13,012580001234567890,out,121965.18,Herramientas del Norte SAPI de CV,072811554027104063,PAGO FACT 51268,3FEAD6E7-24A8-69C7-F52A-E53DA543ED82
TX00381,2025-08-13,012580001234567890,in,231598.77,Envases Guerra SA de CV,014505049211308442,COBRO F1510,47C32F21-E9FF-91A4-CAF1-BE8C862475EF
TX00382,2025-08-14,012580001234567890,in,424105.72,Autopartes Guerra S de RL de CV,127517327060243067,COBRO F1550,95D02FFF-2912-6346-3EC2-5E07162953E5
TX00383,2025-08-15,012580001234567890,in,132507.52,Grupo Chapa S de RL de CV,014739042136620358,COBRO F1583,4AACE82F-A515-92F4-2EE4-5B09F8BDDA60
TX00384,2025-08-18,012580001234567890,out,18986.65,Metálica San Nicolás SA de CV,072575619296379589,PAGO FACT 12725,8157E31A-EC98-7126-2584-763D803211B8
TX00385,2025-08-18,012580001234567890,out,35762.68,Herramientas del Norte SAPI de CV,072811554027104063,PAGO FACT 85024,5BC6710C-C556-97B8-5A4A-1D3BB452FE74
TX00386,2025-08-18,012580001234567890,out,8096.68,Hidráulica Nuevo León SAPI de CV,072226692183133098,PAGO FACT 20734,BC9D5678-F878-13D9-12A5-6E5BBFF404E4
TX00387,2025-08-18,012580001234567890,out,22550.28,Servicios Santa Catarina SAPI de CV,014668274076341822,PAGO FACT 32738,01C0074F-E355-FA97-93CB-95E3D03D9C2F
TX00388,2025-08-18,012580001234567890,out,32167.38,Hidráulica Industrial S de RL de CV,127386469123872667,PAGO FACT 49556,F9F0868B-17F3-BE81-4804-2944BB7CF8BA
TX00389,2025-08-18,012580001234567890,out,23847.05,Grupo Nuevo León SAPI de CV,002024168787946135,PAGO FACT 45672,39E50E0C-52A2-C2A9-237C-F5C84B0C8547
TX00390,2025-08-18,012580001234567890,out,102892.58,Suministros Guadalupe SA de CV,014029234930934222,PAGO FACT 42444,600B043F-5F81-59DC-62A8-731C720C4F9A
TX00391,2025-08-18,012580001234567890,in,337317.57,Envases Quintanilla S de RL de CV,002812787046782749,COBRO F1597,F4A55DA5-7858-C1B4-2E0C-722B85805CF9
TX00392,2025-08-18,012580001234567890,out,440800.0,Treviño y Asociados SC,002796238737338517,PAGO FACT 51998,F6466E33-2D1E-44B7-5C21-8211BA69FFF1
TX00393,2025-08-19,012580001234567890,out,74913.38,Soldadura Regiomontana S de RL de CV,014236469579938608,PAGO FACT 1840,6FE57398-F3BE-5C8C-48FC-823882E43A26
TX00394,2025-08-19,012580001234567890,out,74483.48,Herramientas del Norte SAPI de CV,072811554027104063,PAGO FACT 54772,AD12E116-A08C-7563-C846-A9489AF17948
TX00395,2025-08-19,012580001234567890,out,12307.6,Grupo Nuevo León SAPI de CV,002024168787946135,PAGO FACT 19258,37CF0EED-527E-9B71-80B8-7D84C0B379B5
TX00396,2025-08-19,012580001234567890,out,10495.45,Pinturas Guadalupe S de RL de CV,021365882811348338,PAGO FACT 66993,1104A7A4-9067-0535-9FAA-227F18A2F4CF
TX00397,2025-08-20,012580001234567890,out,15822.98,Soldadura Guadalupe S de RL de CV,058185789146541440,PAGO FACT 84536,29A11FCA-4575-FB7F-1611-6AB4B881C839
TX00398,2025-08-20,012580001234567890,out,12400.28,Electrónica del Norte S de RL de CV,002483414530651729,PAGO FACT 49098,757A0F87-13B0-FCB0-AB35-B3294448B59B
TX00399,2025-08-20,012580001234567890,out,6843.88,Pinturas Guadalupe S de RL de CV,021365882811348338,PAGO FACT 95674,2377E968-FC57-E063-6D73-962764B22D07
TX00400,2025-08-21,012580001234567890,out,4953.78,Suministros Guadalupe SA de CV,021123240892337489,PAGO FACT 71998,35477892-C788-E765-796D-1EC6DA308FA8
TX00401,2025-08-21,012580001234567890,in,405815.19,Grupo Martínez SA de CV,014913695353861809,COBRO F1646,BD391012-F84E-540D-CAFD-7B8DB23144CA
TX00402,2025-08-22,012580001234567890,out,46646.38,Transportes Industrial S de RL de CV,002688321571923556,PAGO FACT 19975,61397A1E-0913-CC3A-0775-F84A49CBA2F1
TX00403,2025-08-22,012580001234567890,out,23492.78,Pinturas Escobedo S de RL de CV,021513837995509179,PAGO FACT 18066,10D080C1-790B-48A5-D770-EFB5D44D3ABB
TX00404,2025-08-25,012580001234567890,out,4686.28,Refacciones Regiomontana SAPI de CV,014222829861023238,PAGO FACT 78310,800E0243-968B-1687-5441-B3FD372164F9
TX00405,2025-08-25,012580001234567890,out,11507.2,Servicios Santa Catarina SAPI de CV,014668274076341822,PAGO FACT 24242,8DF7D010-8831-D487-8216-F241AF8C77F5
TX00406,2025-08-25,012580001234567890,out,22701.78,Empaques Apodaca SAPI de CV,002474730284776127,PAGO FACT 24499,EE8A7832-ACEB-9DD6-251A-F2F42B56A1CF
TX00407,2025-08-25,012580001234567890,out,148480.0,Gestoría y Enlace Santa Catarina S de RL de CV,021512607459151557,PAGO FACT 37666,08A662F1-D18B-A4D0-ADEB-0C1AC133ADCE
TX00408,2025-08-28,012580001234567890,in,201478.69,Grupo Chapa S de RL de CV,014739042136620358,COBRO F1580,8411A922-9136-D373-5E62-1D8EBA50B60D
TX00409,2025-08-28,012580001234567890,out,410522.47,NOMINA,,NOMINA QUINCENAL,
TX00410,2025-08-29,012580001234567890,out,11544.78,Ferretera Guadalupe S de RL de CV,127324165067166270,PAGO FACT 53167,E2ED6587-8104-EBA3-91D7-5B510E16F62F
TX00411,2025-08-29,012580001234567890,out,19372.58,Industrias Monterrey SA de CV,127977369937116844,PAGO FACT 8164,AE10F411-2DB4-4195-1646-284DFA83BEB6
TX00412,2025-08-29,012580001234567890,in,363837.86,Autopartes Guerra S de RL de CV,127517327060243067,COBRO F1542,BC39074C-A2F5-FC9F-F3E6-11F1DA46A79F
TX00413,2025-09-01,012580001234567890,out,49244.78,Servicios Nuevo León SA de CV,127178800750092258,PAGO FACT 99690,67F2D14E-F70A-B30C-B8FF-62AA5FBF9B71
TX00414,2025-09-01,012580001234567890,out,3944.0,Electrónica del Norte S de RL de CV,002483414530651729,PAGO FACT 29845,88419BDB-938A-9757-54EE-B60B1145C5C1
TX00415,2025-09-01,012580001234567890,out,60552.58,Transportes Industrial S de RL de CV,002688321571923556,PAGO FACT 95371,B84793A9-4B79-45C6-1B57-375C69EDA1C8
TX00416,2025-09-01,012580001234567890,out,58009.05,Transportes Industrial S de RL de CV,002688321571923556,PAGO FACT 65674,FB31CA1D-4BD5-5012-D911-C377957110C7
TX00417,2025-09-01,012580001234567890,in,461945.67,Autopartes Guerra S de RL de CV,127517327060243067,COBRO F1544,A44D835E-E6D6-F490-76A6-1AECC9385845
TX00418,2025-09-01,012580001234567890,in,439063.13,Construcciones Zambrano S de RL de CV,014145966227698145,COBRO F1627,60C790E1-DA3E-EDF6-6DBA-1EFB7837DC5D
TX00419,2025-09-01,012580001234567890,out,148480.0,Gestoría y Enlace Santa Catarina S de RL de CV,021512607459151557,PAGO FACT 74637,3FE457D0-B985-4F64-F42E-8B759A608B3B
TX00420,2025-09-02,012580001234567890,out,47012.25,Refacciones Industrial S de RL de CV,012416945706393097,PAGO FACT 95384,BE081AA8-9FBC-32DE-103B-69EF95DCE955
TX00421,2025-09-02,012580001234567890,in,129096.37,Autopartes Chapa SAPI de CV,012310495801939556,COBRO F1589,68CC2B62-DB94-1FB3-5C03-4E128A0D8076
TX00422,2025-09-03,012580001234567890,out,10848.78,Refacciones Santa Catarina S de RL de CV,012509446380107510,PAGO FACT 38122,2CB58CD3-99D6-75C5-5944-50FC0A2D9269
TX00423,2025-09-03,012580001234567890,in,350219.81,Construcciones Zambrano S de RL de CV,014145966227698145,COBRO F1624,777F2088-ABB6-D7AE-9095-E8BDDD7D4972
TX00424,2025-09-04,012580001234567890,out,74144.65,Hidráulica Industrial S de RL de CV,127386469123872667,PAGO FACT 12121,89F182BE-8A8B-F4F6-D855-6B60EAD5C047
TX00425,2025-09-04,012580001234567890,out,22341.48,Empaques Apodaca SAPI de CV,002474730284776127,PAGO FACT 18074,52D7824F-9CCF-D8A2-47F4-19CD7CE353FF
TX00426,2025-09-05,012580001234567890,out,60983.98,Transportes Industrial S de RL de CV,002688321571923556,PAGO FACT 11802,839B490A-F7C2-5E10-9F4D-5155519C7CFB
TX00427,2025-09-05,012580001234567890,in,309948.6,Envases Hernández SAPI de CV,014014253995604307,COBRO F1557,88503546-9C6D-FF68-E117-D02D67926E92
TX00428,2025-09-05,012580001234567890,in,54988.88,Grupo Chapa S de RL de CV,014739042136620358,COBRO F1587,14A9DAD6-C392-08D9-F199-C50A513C4C1A
TX00429,2025-09-08,012580001234567890,out,111510.68,Distribuidora del Norte S de RL de CV,002472607214501356,PAGO FACT 36942,683A1A5E-2347-E949-3E45-FB56BBC0EE47
TX00430,2025-09-08,012580001234567890,out,62291.88,Soldadura Regiomontana S de RL de CV,014236469579938608,PAGO FACT 25840,2E26E465-409A-D393-71C2-D65ED114E8F6
TX00431,2025-09-08,012580001234567890,out,52365.18,Metálica San Nicolás SA de CV,072575619296379589,PAGO FACT 88432,4C53E2C5-4142-2585-1915-E06E7E1EB63C
TX00432,2025-09-08,012580001234567890,out,134142.4,Ferretera Santa Catarina SAPI de CV,002250282122493440,PAGO FACT 50629,337B1F7C-8E9E-4CEB-0F23-E62E7805389E
TX00433,2025-09-08,012580001234567890,in,121706.48,Autopartes Guerra S de RL de CV,127517327060243067,COBRO F1543,201FA060-6975-EE55-1BEC-F2B4B470DC3C
TX00434,2025-09-08,012580001234567890,out,17810.55,Maquinados Regiomontana S de RL de CV,012669227597990050,PAGO FACT 94683,3AD9E0E8-316F-BF19-E036-7D09D098A081
TX00435,2025-09-10,012580001234567890,out,15819.85,Electrónica del Norte S de RL de CV,002483414530651729,PAGO FACT 93738,2BFD22CC-8CB6-CE61-BD83-D4B56BAE0422
TX00436,2025-09-10,012580001234567890,out,49798.8,Hidráulica Industrial S de RL de CV,127386469123872667,PAGO FACT 32703,BF133966-6D8D-5227-165E-05680C1EC8CC
TX00437,2025-09-11,012580001234567890,out,83496.68,Grupo San Nicolás SA de CV,072421599192930338,PAGO FACT 20065,835CC7A8-7E8D-EAEA-4FDC-EE7053F491C6
TX00438,2025-09-12,012580001234567890,out,79448.28,Herramientas del Norte SAPI de CV,072811554027104063,PAGO FACT 85129,F7A97E6C-2D8A-64FC-B82D-E96F03DC96AA
TX00439,2025-09-15,012580001234567890,out,63069.2,Refacciones Industrial S de RL de CV,012416945706393097,PAGO FACT 7789,26909D62-FE5B-1BB4-4D2F-242175B6BCF2
TX00440,2025-09-15,012580001234567890,out,30565.88,Refacciones Industrial S de RL de CV,012416945706393097,PAGO FACT 43558,A38D8CB8-4365-88E5-331A-DEB5510FA10F
TX00441,2025-09-16,012580001234567890,out,19543.45,Empaques Apodaca SAPI de CV,002474730284776127,PAGO FACT 21150,71BB93AD-ED5E-DE01-1A48-018FA25F626C
TX00442,2025-09-16,012580001234567890,in,166139.16,Grupo Martínez SA de CV,014913695353861809,COBRO F1643,392913E7-4F06-6900-5132-FC56F90B8999
TX00443,2025-09-17,012580001234567890,out,9439.85,Soldadura Guadalupe S de RL de CV,058185789146541440,PAGO FACT 3272,DEDD5C59-571B-4AEE-65C1-A0C1057AD199
TX00444,2025-09-17,012580001234567890,out,10518.65,Ferretera Guadalupe S de RL de CV,127324165067166270,PAGO FACT 33841,DB05BBE8-A122-367B-B787-291D33ECAAE1
TX00445,2025-09-18,012580001234567890,out,139200.0,Industrias del Norte S de RL de CV,127167202729164112,PAGO FACT 36926,CAB68F11-20EF-6518-D25A-CC24FA563B1D
TX00446,2025-09-19,012580001234567890,out,105200.98,Ferretera Santa Catarina SAPI de CV,002250282122493440,PAGO FACT 9681,FB5D6CDB-0CB9-6143-58E6-6CE212D89245
TX00447,2025-09-22,012580001234567890,out,7015.45,Herramientas del Norte S de RL de CV,127532008375479981,PAGO FACT 94947,8A865457-6FE6-EFBE-AB9D-65BD7BFDA133
TX00448,2025-09-22,012580001234567890,out,19314.58,Servicios Santa Catarina SAPI de CV,014668274076341822,PAGO FACT 56794,65A419A4-6453-287C-333C-B8D5ED16DD8E
TX00449,2025-09-22,012580001234567890,out,52304.4,Suministros Guadalupe SA de CV,014029234930934222,PAGO FACT 79737,EADF3EFE-DCC2-6853-891F-D12782627F5E
TX00450,2025-09-22,012580001234567890,out,58484.65,Refacciones Industrial S de RL de CV,012416945706393097,PAGO FACT 39719,A5AC032F-1F49-8DF9-3DD5-517DF8CEF6A5
TX00451,2025-09-22,012580001234567890,in,306683.11,Autopartes Chapa SAPI de CV,012310495801939556,COBRO F1590,006D2AEF-AF38-7A27-0055-CC1A2674EBE3
TX00452,2025-09-22,012580001234567890,in,237527.02,Envases Quintanilla S de RL de CV,002812787046782749,COBRO F1599,62542D14-995A-F825-5731-5F9B0782F740
TX00453,2025-09-22,012580001234567890,in,145412.77,Construcciones Sada S de RL de CV,021463705344844011,COBRO F1637,3A9D6D24-4549-D6ED-9D57-03F33D4CDFF2
TX00454,2025-09-22,012580001234567890,in,270505.07,Grupo Martínez SA de CV,014913695353861809,COBRO F1645,4EC6DACC-8033-CB16-DBD8-6C46D28E28CE
TX00455,2025-09-23,012580001234567890,out,13038.28,Hidráulica Nuevo León SAPI de CV,072226692183133098,PAGO FACT 50936,FD720DD1-13D0-75F6-18A2-C79A128AD481
TX00456,2025-09-24,012580001234567890,out,3860.25,Soldadura Guadalupe S de RL de CV,058185789146541440,PAGO FACT 59311,E4BC8F73-228D-0DDD-BABA-352B228614AF
TX00457,2025-09-24,012580001234567890,out,26633.6,Empaques Apodaca SAPI de CV,002474730284776127,PAGO FACT 34701,A4B838C1-D9AB-A6B9-55BF-6BF849F0E009
TX00458,2025-09-25,012580001234567890,out,15669.05,Ferretera Guadalupe S de RL de CV,127324165067166270,PAGO FACT 20783,30920BC1-18ED-B8D6-C2F6-0FE34C611F15
TX00459,2025-09-25,012580001234567890,out,26123.08,Pinturas Nuevo León SAPI de CV,012160981720592104,PAGO FACT 91511,77D7B334-F06E-F762-C460-4606E4429B5F
TX00460,2025-09-25,012580001234567890,in,142815.02,Autopartes Guerra SAPI de CV,014549124270731279,COBRO F1572,D4CAAB0B-CAAF-2E23-2F43-B0131A729BA7
TX00461,2025-09-26,012580001234567890,out,7412.98,Soldadura Guadalupe S de RL de CV,058185789146541440,PAGO FACT 61526,3F7DBD20-79A2-40DB-9406-35388473DF13
TX00462,2025-09-26,012580001234567890,out,26410.65,Refacciones Santa Catarina S de RL de CV,012509446380107510,PAGO FACT 80551,21E8AC65-8ECC-2626-51F7-98C911696F49
TX00463,2025-09-26,012580001234567890,out,5709.98,Electrónica del Norte S de RL de CV,002483414530651729,PAGO FACT 20414,BCF3E209-EE91-413D-0DEB-1A0E8E4FEF24
TX00464,2025-09-29,012580001234567890,out,39416.68,Metálica del Norte S de RL de CV,058200277445686909,PAGO FACT 22385,63043A17-7A8A-5C3D-52DA-385921B25F2F
TX00465,2025-09-29,012580001234567890,out,10628.38,Neumática del Norte SA de CV,002213598355025573,PAGO FACT 82486,BE603D2A-CF72-DC3E-646E-FEFA62C85123
TX00466,2025-09-29,012580001234567890,out,16530.0,Servicios Nuevo León SA de CV,127178800750092258,PAGO FACT 34005,73AD8D3A-CD04-09DB-20C9-FCCCB3FCC776
TX00467,2025-09-29,012580001234567890,out,22794.58,Hidráulica Nuevo León SAPI de CV,072226692183133098,PAGO FACT 2778,C582880E-2C4B-9B9A-2BC1-26915FF674E9
TX00468,2025-09-29,012580001234567890,out,25297.05,Pinturas Nuevo León SAPI de CV,012160981720592104,PAGO FACT 51444,2EEC5BEA-48C7-60CE-5026-D80A0B009C17
TX00469,2025-09-29,012580001234567890,out,13688.0,Pinturas Guadalupe S de RL de CV,021365882811348338,PAGO FACT 1871,2E735BEB-A174-738C-24A6-58019463090F
TX00470,2025-09-29,012580001234567890,out,435770.16,NOMINA,,NOMINA QUINCENAL,
TX00471,2025-09-30,012580001234567890,out,64319.45,Soldadura Regiomontana S de RL de CV,014236469579938608,PAGO FACT 55868,F94A8968-CA83-3E87-6890-4DF65C087A84
TX00472,2025-09-30,012580001234567890,in,147971.8,Autopartes Quintanilla S de RL de CV,058757871356683026,COBRO F1521,D836F087-6AF9-2E26-D09E-6FD3BE2316AA
TX00473,2025-10-01,012580001234567890,out,25749.45,Metálica del Norte S de RL de CV,058200277445686909,PAGO FACT 80028,95D0B2CC-D06B-CDF1-C03A-EC3AD90E6F93
TX00474,2025-10-01,012580001234567890,out,12273.38,Pinturas Escobedo S de RL de CV,021513837995509179,PAGO FACT 39031,F83AD800-E284-E956-9FEC-2DF63014FE0D
TX00475,2025-10-02,012580001234567890,out,11182.4,Pinturas Guadalupe S de RL de CV,021365882811348338,PAGO FACT 42942,3944C41D-1607-7075-12A9-86E10C963723
TX00476,2025-10-02,012580001234567890,in,293965.27,Grupo Quintanilla S de RL de CV,002182904309259848,COBRO F1610,B6120CF4-53D5-87AF-B856-8E1470CAD4D8
TX00477,2025-10-03,012580001234567890,out,14845.45,Empaques Apodaca SAPI de CV,002474730284776127,PAGO FACT 3676,64812DC4-0969-25FE-DDF8-BF27B699283A
TX00478,2025-10-03,012580001234567890,in,251703.33,Envases Guerra SA de CV,014505049211308442,COBRO F1512,EB3D4662-5EBB-D0C4-4C40-C8833B484400
TX00479,2025-10-03,012580001234567890,in,77783.3,Autopartes Guerra S de RL de CV,127517327060243067,COBRO F1548,84377C12-3736-B3F9-7245-E6D12B496778
TX00480,2025-10-06,012580001234567890,out,14824.68,Refacciones Santa Catarina S de RL de CV,012509446380107510,PAGO FACT 71058,77F4578C-138C-6F5A-1362-F7DF68B073CD
TX00481,2025-10-06,012580001234567890,out,15648.28,Ferretera Guadalupe S de RL de CV,127324165067166270,PAGO FACT 52871,F706CC7C-09E0-9524-4D16-6274665DD169
TX00482,2025-10-06,012580001234567890,out,9062.38,Pinturas Escobedo S de RL de CV,021513837995509179,PAGO FACT 68764,BE345462-A90E-AE20-C8BC-C681C79FEE86
TX00483,2025-10-07,012580001234567890,out,19931.58,Empaques Apodaca SAPI de CV,002474730284776127,PAGO FACT 74288,D32468C0-807C-18C1-F409-45537BB44E8B
TX00484,2025-10-08,012580001234567890,out,13662.25,Ferretera Guadalupe S de RL de CV,127324165067166270,PAGO FACT 59609,ACA1832B-7E78-C313-9A29-DACF61C5EB13
TX00485,2025-10-09,012580001234567890,out,86144.38,Suministros Guadalupe SA de CV,014029234930934222,PAGO FACT 19492,A2AB5673-962C-E6B8-A70C-27842CAB7FB7
TX00486,2025-10-10,012580001234567890,out,110916.65,Maquinados del Norte SAPI de CV,058602402363857537,PAGO FACT 94340,2175E359-16F2-4468-7EF1-19518E68C624
TX00487,2025-10-10,012580001234567890,in,212279.52,Envases Martínez SAPI de CV,002165784032068959,COBRO F1533,B175509D-268C-1102-E32C-87F969767D61
TX00488,2025-10-13,012580001234567890,out,14444.78,Grupo Nuevo León SAPI de CV,002024168787946135,PAGO FACT 8594,0B0A7967-3034-3AB5-AF88-19DE64AA11D6
TX00489,2025-10-13,012580001234567890,out,8015.6,Empaques Apodaca SAPI de CV,002474730284776127,PAGO FACT 95289,862EAA34-3989-22C2-6714-90635480C8F7
TX00490,2025-10-13,012580001234567890,out,24670.65,Pinturas Nuevo León SAPI de CV,012160981720592104,PAGO FACT 68664,5859904D-6816-4663-A05D-BD1368C235D4
TX00491,2025-10-13,012580001234567890,out,15926.68,Neumática Industrial S de RL de CV,014094397139929975,PAGO FACT 1504,BEA271A2-A90A-9D89-3C45-745640E41F58
TX00492,2025-10-13,012580001234567890,out,61920.68,Empaques del Norte SAPI de CV,012879792992388684,PAGO FACT 90174,AB8E3F76-A5D4-A934-F7CC-1D7D7B59BF05
TX00493,2025-10-14,012580001234567890,out,14572.38,Suministros Guadalupe SA de CV,021123240892337489,PAGO FACT 27224,4652AACD-79DD-0744-6406-5BE3D0486600
TX00494,2025-10-15,012580001234567890,in,101094.78,Grupo Chapa S de RL de CV,014739042136620358,COBRO F1582,95F852B0-731C-5D05-D20F-51C7F56F4C08
TX00495,2025-10-15,012580001234567890,out,58000.0,Servicios de México SA de CV,072098989175377383,PAGO FACT 14633,B5B12EE5-9314-9227-6AC4-C6153073C640
TX00496,2025-10-16,012580001234567890,out,11333.2,Neumática Industrial S de RL de CV,014094397139929975,PAGO FACT 15883,2306DD43-1FA6-3C5A-B2C9-AA518E47490C
TX00497,2025-10-16,012580001234567890,in,446001.87,Autopartes Quintanilla S de RL de CV,058757871356683026,COBRO F1525,224586A3-4AD6-6163-1C47-648BB36BEF36
TX00498,2025-10-17,012580001234567890,out,45437.78,Herramientas del Norte SAPI de CV,072811554027104063,PAGO FACT 86132,72422545-7F98-5D3B-8A80-CAD86AD6418F
TX00499,2025-10-20,012580001234567890,out,53325.78,Servicios Nuevo León SA de CV,127178800750092258,PAGO FACT 8576,3DE92CD0-3A32-0164-AB19-FAB5847D1D56
TX00500,2025-10-20,012580001234567890,out,25102.4,Hidráulica Nuevo León SAPI de CV,072226692183133098,PAGO FACT 59413,85A8EE45-E738-ECC1-DDE5-BD37542762D8
TX00501,2025-10-20,012580001234567890,out,35229.78,Refacciones Industrial S de RL de CV,012416945706393097,PAGO FACT 69199,0D1BE2DE-B0CE-6B32-5CB2-DF82ACEE9270
TX00502,2025-10-20,012580001234567890,in,394532.24,Envases Guerra S de RL de CV,058515658918503468,COBRO F1503,685B809C-2402-0689-CC49-DAEE0B820C9C
TX00503,2025-10-21,012580001234567890,out,19049.98,Pinturas Guadalupe S de RL de CV,058254555478429338,PAGO FACT 89256,A01DB751-C73B-EAB0-316C-BC48C81C1EA7
TX00504,2025-10-21,012580001234567890,out,22672.0,Maquinados Regiomontana S de RL de CV,012669227597990050,PAGO FACT 13269,F33D43F0-A084-1339-7BCD-76AA1E4A6BE6
TX00505,2025-10-22,012580001234567890,out,10475.38,Servicios Santa Catarina SAPI de CV,014668274076341822,PAGO FACT 77448,CB07E7CA-5180-3730-A6B0-132BD7E54335
TX00506,2025-10-23,012580001234567890,out,98101.08,Herramientas del Norte SAPI de CV,072811554027104063,PAGO FACT 75732,B8F4B7A8-E851-241C-9339-7589089D2A60
TX00507,2025-10-23,012580001234567890,out,27724.0,Empaques Apodaca SAPI de CV,002474730284776127,PAGO FACT 4495,79E5D7BD-E5B8-295F-1AB7-3FA4E7CDEEB7
TX00508,2025-10-24,012580001234567890,out,15764.28,Ferretera Guadalupe S de RL de CV,127324165067166270,PAGO FACT 40943,49767A8F-20E1-6267-8846-7C34DD859639
TX00509,2025-10-24,012580001234567890,out,13297.22,Maquinados Regiomontana S de RL de CV,012669227597990050,PAGO FACT 77248,FCA0C768-8640-CF3C-821B-24F5690B62F8
TX00510,2025-10-27,012580001234567890,out,16446.25,Herramientas del Norte S de RL de CV,127532008375479981,PAGO FACT 5617,561DB456-E040-D18E-9C49-530985EEDF43
TX00511,2025-10-27,012580001234567890,out,115547.6,Hidráulica Industrial S de RL de CV,127386469123872667,PAGO FACT 14874,C567E185-3BA1-B4DE-761B-FF8FAE308272
TX00512,2025-10-27,012580001234567890,out,21472.18,Pinturas Nuevo León SAPI de CV,012160981720592104,PAGO FACT 95028,86003DC9-0414-CCA4-F50B-201EAE76FC17
TX00513,2025-10-27,012580001234567890,out,45286.98,Suministros Guadalupe SA de CV,014029234930934222,PAGO FACT 19673,BF80D751-DBFD-4C58-D8A8-616ADB62D331
TX00514,2025-10-27,012580001234567890,out,91558.8,Refacciones Industrial S de RL de CV,012416945706393097,PAGO FACT 83863,145B313F-4B2A-C8ED-DC3D-44CC9D21C1B0
TX00515,2025-10-28,012580001234567890,out,425781.1,NOMINA,,NOMINA QUINCENAL,
TX00516,2025-10-29,012580001234567890,out,70957.2,Maquinados del Norte SAPI de CV,058602402363857537,PAGO FACT 87651,19B3D911-3402-86D3-55B0-951DC13CFC4D
TX00517,2025-10-30,012580001234567890,in,195080.17,Grupo Martínez SA de CV,014913695353861809,COBRO F1641,30F190FF-782C-92D2-CD83-E0353096C610
TX00518,2025-10-31,012580001234567890,out,122823.58,Soldadura Regiomontana S de RL de CV,014236469579938608,PAGO FACT 61466,2EAE170F-D449-5B18-BB70-C35DEA3867A5
TX00519,2025-10-31,012580001234567890,out,21619.85,Pinturas Nuevo León SAPI de CV,012160981720592104,PAGO FACT 9376,5BD70479-4605-D8F9-2FDA-583B83E8CBBB
TX00520,2025-10-31,012580001234567890,out,14230.65,Pinturas Escobedo S de RL de CV,021513837995509179,PAGO FACT 98796,2358701A-19D9-7E6D-19F6-7283F0FDDA92
TX00521,2025-11-03,012580001234567890,out,4538.38,Soldadura Guadalupe S de RL de CV,058185789146541440,PAGO FACT 66361,BCB3E1C7-23BA-D034-1806-DB032242ED0E
TX00522,2025-11-03,012580001234567890,out,32051.38,Grupo San Nicolás SA de CV,072421599192930338,PAGO FACT 11318,976AFBCD-50D1-7512-433A-B9F3912A7254
TX00523,2025-11-03,012580001234567890,out,22678.58,Herramientas del Norte S de RL de CV,127532008375479981,PAGO FACT 70051,9D1058E7-9D8F-FE0E-6764-CB03F0E39BD4
TX00524,2025-11-03,012580001234567890,out,166077.78,Maquinados Monterrey SA de CV,127384404675485014,PAGO FACT 97259,FFE4F4CC-F8FD-CE68-20F9-7428BFDD2E6A
TX00525,2025-11-03,012580001234567890,out,9860.58,Electrónica del Norte S de RL de CV,002483414530651729,PAGO FACT 6503,1606530D-259A-8F69-467B-BA652D05137E
TX00526,2025-11-03,012580001234567890,out,6243.58,Electrónica del Norte S de RL de CV,002483414530651729,PAGO FACT 66230,78D93FB2-123B-2587-0353-7E3103620634
TX00527,2025-11-03,012580001234567890,out,16576.4,Grupo Nuevo León SAPI de CV,002024168787946135,PAGO FACT 63866,9F129A91-C1BD-7413-13DF-2C235B8E73BB
TX00528,2025-11-03,012580001234567890,out,120489.08,Maquinados del Norte SAPI de CV,058602402363857537,PAGO FACT 60381,C83566DE-9B46-237C-3492-90594C1E3159
TX00529,2025-11-03,012580001234567890,out,77729.05,Maquinados del Norte SAPI de CV,058602402363857537,PAGO FACT 68040,FA27EBC9-0ECC-3134-2CD3-DB3791DE0D69
TX00530,2025-11-03,012580001234567890,out,45701.45,Refacciones Industrial S de RL de CV,012416945706393097,PAGO FACT 17086,DC9EAD68-1AFA-2F17-0610-30B9FE98132A
TX00531,2025-11-03,012580001234567890,out,43024.28,Metálica del Norte SA de CV,021506465287976271,PAGO FACT 55305,E062C303-7FD2-CED3-3EAA-59AAF3108747
TX00532,2025-11-03,012580001234567890,in,177132.31,Envases Hernández SAPI de CV,014014253995604307,COBRO F1552,27B8AEA3-56BC-0512-C446-5545A92EC787
TX00533,2025-11-03,012580001234567890,in,95845.45,Envases Martínez S de RL de CV,002217464047935534,COBRO F1564,C96D9984-1963-806E-0417-2F06E0218BC2
TX00534,2025-11-04,012580001234567890,out,21889.08,Metálica San Nicolás SA de CV,072575619296379589,PAGO FACT 91723,95DFACE9-0732-34EA-5D1B-795F308E3587
TX00535,2025-11-04,012580001234567890,out,86127.45,Maquinados del Norte SAPI de CV,058602402363857537,PAGO FACT 18515,5E172829-9E18-8E87-C217-9E2C6283AA73
TX00536,2025-11-04,012580001234567890,out,8688.28,Pinturas Nuevo León SAPI de CV,012160981720592104,PAGO FACT 43369,07714705-F7F5-8A8F-B2FD-9CB184BF9337
TX00537,2025-11-05,012580001234567890,out,26378.98,Metálica del Norte S de RL de CV,058200277445686909,PAGO FACT 53198,AA5A2D9C-FB05-8569-B931-12850B45F1A1
TX00538,2025-11-05,012580001234567890,out,116287.45,Grupo San Nicolás SA de CV,072421599192930338,PAGO FACT 80044,E3FE017C-A89D-DBC5-1156-ADD4ADFE702D
TX00539,2025-11-07,012580001234567890,out,7073.45,Suministros Guadalupe SA de CV,021123240892337489,PAGO FACT 99318,E76E1C4A-BE6D-6B6F-4FC7-C684E0AB9572
TX00540,2025-11-07,012580001234567890,in,152936.79,Envases Martínez SAPI de CV,002165784032068959,COBRO F1532,A2289446-8075-A7DA-4D6A-12D554DC841E
TX00541,2025-11-10,012580001234567890,out,8027.78,Pinturas Escobedo S de RL de CV,021513837995509179,PAGO FACT 17785,16291F8B-99C2-7984-1725-43961F4A8608
TX00542,2025-11-10,012580001234567890,out,79239.48,Empaques del Norte SAPI de CV,012879792992388684,PAGO FACT 7659,C197BD42-BFDE-B325-0E4E-AF457C96D8AD
TX00543,2025-11-11,012580001234567890,out,13096.98,Suministros Guadalupe SA de CV,021123240892337489,PAGO FACT 63297,0F1A3D3D-062B-4570-E86B-629E54E8FCB4
TX00544,2025-11-11,012580001234567890,out,101535.38,Ferretera Santa Catarina SAPI de CV,002250282122493440,PAGO FACT 33507,83DF3BD7-4B05-D6CA-9798-FD62DFC462F9
TX00545,2025-11-11,012580001234567890,out,55680.0,Gestoría y Enlace Santa Catarina S de RL de CV,021512607459151557,PAGO FACT 75432,4856EB12-B048-B8F6-705F-7BAF5A923089
TX00546,2025-11-12,012580001234567890,out,29742.4,Pinturas Nuevo León SAPI de CV,012160981720592104,PAGO FACT 19194,D9EA63A0-F872-D4E4-73EA-9415586ADE67
TX00547,2025-11-13,012580001234567890,out,11692.68,Refacciones Regiomontana SAPI de CV,014222829861023238,PAGO FACT 22413,EAAB0852-A5AF-B10F-97C5-FE82C604B59B
TX00548,2025-11-13,012580001234567890,in,417705.94,Envases Elizondo SA de CV,021993856670975642,COBRO F1535,594E51BB-E593-9AD2-343D-2DFE3C39FA6F
TX00549,2025-11-14,012580001234567890,out,22759.78,Hidráulica Nuevo León SAPI de CV,072226692183133098,PAGO FACT 13654,0EAD9FC3-7559-D59F-E049-F1F57F3DE16F
TX00550,2025-11-14,012580001234567890,out,56434.0,Transportes Industrial S de RL de CV,002688321571923556,PAGO FACT 26375,96860C67-C99A-B40A-5128-A9A4C795E4BB
TX00551,2025-11-14,012580001234567890,out,72952.98,Suministros Guadalupe SA de CV,014029234930934222,PAGO FACT 9636,D0E797E0-D90D-1748-D33D-AF23F7425465
TX00552,2025-11-17,012580001234567890,out,98368.0,Soldadura Regiomontana S de RL de CV,014236469579938608,PAGO FACT 71705,85D35457-A641-15F2-EE35-528A39A00213
TX00553,2025-11-17,012580001234567890,out,16063.45,Metálica del Norte S de RL de CV,058200277445686909,PAGO FACT 88510,69D6EF47-C093-519E-C6AD-F8349E50EC9C
TX00554,2025-11-18,012580001234567890,out,18258.98,Hidráulica Nuevo León SAPI de CV,072226692183133098,PAGO FACT 41712,08426FF2-A861-DC2F-705F-332DACADBFD1
TX00555,2025-11-18,012580001234567890,in,344462.97,Envases Guerra SA de CV,014505049211308442,COBRO F1513,2283B092-EF04-B886-5298-A43DDC486489
TX00556,2025-11-18,012580001234567890,out,11845.51,Herramientas Regiomontana SA de CV,021763365449372097,PAGO FACT 14628,07136DFB-E001-F534-2387-1E42780BA92E
TX00557,2025-11-19,012580001234567890,out,27468.8,Transportes Industrial S de RL de CV,002688321571923556,PAGO FACT 14954,AED47BDB-1DB5-B83E-05C7-83208C383458
TX00558,2025-11-19,012580001234567890,out,99760.0,Refacciones Industrial S de RL de CV,012416945706393097,PAGO FACT 19909,10769D64-AF2C-B30E-879C-FF8AC6EE0151
TX00559,2025-11-19,012580001234567890,out,14941.38,Neumática Industrial S de RL de CV,014094397139929975,PAGO FACT 19685,2F0D0516-99A4-6485-FC45-B8A76195A41D
TX00560,2025-11-19,012580001234567890,in,229052.96,Envases Martínez S de RL de CV,002217464047935534,COBRO F1562,125FE0DF-E767-ABAF-8EE7-1871F226387A
TX00561,2025-11-20,012580001234567890,out,35368.4,Soldadura Regiomontana S de RL de CV,014236469579938608,PAGO FACT 62957,9498E0B3-5CB2-3618-67D7-7EE05EE11D22
TX00562,2025-11-20,012580001234567890,in,112466.45,Construcciones Sada S de RL de CV,021463705344844011,COBRO F1634,6FBA0781-7B42-4DC2-6A6D-CB0C49D610F3
TX00563,2025-11-21,012580001234567890,out,49859.58,Servicios Nuevo León SA de CV,127178800750092258,PAGO FACT 74288,85B6CEB9-BF66-7AB4-55FB-2280932AA794
TX00564,2025-11-21,012580001234567890,out,26726.98,Refacciones Santa Catarina S de RL de CV,012509446380107510,PAGO FACT 86820,3EBE2B3A-00E9-8677-CBF7-B0969AE93C8F
TX00565,2025-11-24,012580001234567890,out,44822.4,Soldadura Regiomontana S de RL de CV,014236469579938608,PAGO FACT 72290,0CE5806A-4FEC-832F-8306-5FACCA16774D
TX00566,2025-11-24,012580001234567890,out,31169.78,Soldadura Regiomontana S de RL de CV,014236469579938608,PAGO FACT 20579,9FAE6141-3A1E-5B56-2A1D-BF824086533D
TX00567,2025-11-24,012580001234567890,out,24733.98,Hidráulica Nuevo León SAPI de CV,072226692183133098,PAGO FACT 1135,B4503E64-3436-C5BE-0A06-2DD8D8102305
TX00568,2025-11-24,012580001234567890,out,7690.68,Refacciones Santa Catarina S de RL de CV,012509446380107510,PAGO FACT 58514,221AE363-7B80-B11F-C901-B95F5B35F002
TX00569,2025-11-24,012580001234567890,out,51840.28,Hidráulica Industrial S de RL de CV,127386469123872667,PAGO FACT 34052,A22FD41D-1F84-83D8-7AA1-0555A1C5CDC1
TX00570,2025-11-24,012580001234567890,out,80634.38,Refacciones Industrial S de RL de CV,012416945706393097,PAGO FACT 31287,9E969ABC-19FA-9E1D-D921-91571506FF15
TX00571,2025-11-24,012580001234567890,in,124579.23,Envases Martínez S de RL de CV,002217464047935534,COBRO F1560,DA3D6E0C-2C53-075E-3EE4-931EA2C02CB1
TX00572,2025-11-24,012580001234567890,in,283053.62,Grupo Chapa S de RL de CV,014739042136620358,COBRO F1586,624377D6-5A6A-6075-2073-3AAD5CA2257B
TX00573,2025-11-24,012580001234567890,out,1399.27,Soldadura Regiomontana S de RL de CV,014236469579938608,PAGO FACT 47863,EA72D09D-D72B-8639-9938-E0D43702769C
TX00574,2025-11-25,012580001234567890,out,7261.6,Refacciones Regiomontana SAPI de CV,014222829861023238,PAGO FACT 66090,D1CABB8E-074C-2B19-C219-81D10616413A
TX00575,2025-11-25,012580001234567890,out,119059.85,Herramientas del Norte SAPI de CV,072811554027104063,PAGO FACT 13103,E836A8BD-DA66-6A97-F989-94AE4D5811A1
TX00576,2025-11-25,012580001234567890,in,392013.74,Autopartes Quintanilla S de RL de CV,058757871356683026,COBRO F1527,338AB341-380B-88BB-81B1-D8E7E5DDA9B6
TX00577,2025-11-25,012580001234567890,in,119777.13,Autopartes Chapa SAPI de CV,012310495801939556,COBRO F1591,B51169F0-97B2-AFF2-9C8F-120147AE4B4F
TX00578,2025-11-25,012580001234567890,in,295390.15,Grupo Martínez SA de CV,014913695353861809,COBRO F1644,86E4B518-A68B-539D-1559-0392AED5C25F
TX00579,2025-11-28,012580001234567890,out,26077.38,Metálica del Norte S de RL de CV,058200277445686909,PAGO FACT 24317,09EFB7DC-4E54-46CB-876D-1BB5F9CDBBB3
TX00580,2025-11-28,012580001234567890,out,4329.58,Soldadura Guadalupe S de RL de CV,058185789146541440,PAGO FACT 73715,56F6F0BD-7DCE-7553-B2C0-E2542AEA2271
TX00581,2025-11-28,012580001234567890,out,29916.4,Refacciones Santa Catarina S de RL de CV,012509446380107510,PAGO FACT 53616,A7FC426D-C9B7-0822-E0BA-ED749E1A841B
TX00582,2025-11-28,012580001234567890,out,8607.2,Servicios Santa Catarina SAPI de CV,014668274076341822,PAGO FACT 85923,7AD2763D-0E3A-1F4D-5CF3-A5B996B95CBA
TX00583,2025-11-28,012580001234567890,out,438271.79,NOMINA,,NOMINA QUINCENAL,
TX00584,2025-12-01,012580001234567890,out,123482.58,Herramientas del Norte SAPI de CV,072811554027104063,PAGO FACT 20773,F0043EC1-2AE8-42E5-F2B7-4E9387EB78AE
TX00585,2025-12-01,012580001234567890,out,33883.6,Transportes Industrial S de RL de CV,002688321571923556,PAGO FACT 93074,9165D384-3A42-6396-8829-3554BC5935CB
TX00586,2025-12-01,012580001234567890,out,14943.58,Industrias Monterrey SA de CV,127977369937116844,PAGO FACT 89002,23A707BD-0773-E9CE-7853-92F999108D47
TX00587,2025-12-01,012580001234567890,in,52515.49,Autopartes Guerra S de RL de CV,127517327060243067,COBRO F1546,6922853F-CFE2-2A15-7BFB-81AA07DFB0C7
TX00588,2025-12-01,012580001234567890,in,282406.58,Envases Quintanilla S de RL de CV,002812787046782749,COBRO F1605,F06B7C40-773B-6BDD-57CB-BA38FEA4EA77
TX00589,2025-12-02,012580001234567890,out,17075.78,Herramientas del Norte S de RL de CV,127532008375479981,PAGO FACT 82362,C137F79F-4CDB-0364-9605-A11F393B4F6B
TX00590,2025-12-04,012580001234567890,out,83250.65,Suministros Guadalupe SA de CV,014029234930934222,PAGO FACT 62117,2A8C585C-4C59-1FD6-36D3-9DF4136292F0
TX00591,2025-12-05,012580001234567890,out,35568.38,Refacciones Industrial S de RL de CV,012416945706393097,PAGO FACT 14182,BFEC75AD-52F6-4B27-BBBE-FEF7FCAB53AE
TX00592,2025-12-08,012580001234567890,out,20474.58,Grupo Nuevo León SAPI de CV,002024168787946135,PAGO FACT 48761,A693C642-F39C-5841-FE31-D405CDED21C5
TX00593,2025-12-08,012580001234567890,out,12931.45,Ferretera Guadalupe S de RL de CV,127324165067166270,PAGO FACT 2466,3E8B2361-14B0-2CF2-FB29-6E06FEEFA6DD
TX00594,2025-12-08,012580001234567890,out,17423.08,Pinturas Nuevo León SAPI de CV,012160981720592104,PAGO FACT 93875,F114E93A-685E-7DAE-436A-1F70301BA4BB
TX00595,2025-12-08,012580001234567890,out,31224.65,Pinturas Escobedo S de RL de CV,021513837995509179,PAGO FACT 39119,C26EA1C1-8399-CE69-590E-CC34B0FF7E55
TX00596,2025-12-09,012580001234567890,out,118612.78,Soldadura Regiomontana S de RL de CV,014236469579938608,PAGO FACT 54887,4A1C4E46-AAC5-0535-0F47-69F58DB93FAD
TX00597,2025-12-10,012580001234567890,out,62570.28,Hidráulica Industrial S de RL de CV,127386469123872667,PAGO FACT 71577,40A2DB9B-5978-69D2-A8AD-5F5812F4B270
TX00598,2025-12-10,012580001234567890,out,59774.68,Transportes Industrial S de RL de CV,002688321571923556,PAGO FACT 75826,FDC165D3-3D4C-F7E3-B963-46E4007A5108
TX00599,2025-12-10,012580001234567890,out,5904.28,Ferretera Guadalupe S de RL de CV,127324165067166270,PAGO FACT 30901,99595042-76B4-B134-8A30-2BAB06577CB0
TX00600,2025-12-10,012580001234567890,in,146366.29,Envases Quintanilla S de RL de CV,002812787046782749,COBRO F1603,13927C17-3D66-AF2C-5D9D-B096DDBF5B80
TX00601,2025-12-10,012580001234567890,out,87000.0,Servicios de México SA de CV,072098989175377383,PAGO FACT 13286,A833221F-F777-C7A8-0635-0D03443BF44B
TX00602,2025-12-11,012580001234567890,out,84714.8,Distribuidora del Norte S de RL de CV,002472607214501356,PAGO FACT 59856,F63ACDFA-92E6-0629-DA2D-47D112966A79
TX00603,2025-12-11,012580001234567890,out,28988.28,Hidráulica Nuevo León SAPI de CV,072226692183133098,PAGO FACT 42619,A5326684-D210-1E03-7609-E7940747F9C6
TX00604,2025-12-11,012580001234567890,out,51330.58,Hidráulica Industrial S de RL de CV,127386469123872667,PAGO FACT 71755,171759C6-4DCC-FF8C-0EF9-BF8B20A33A28
TX00605,2025-12-11,012580001234567890,in,121577.69,Construcciones Sada S de RL de CV,021463705344844011,COBRO F1628,55861A86-978A-0862-FB3E-13FA2874C9AE
TX00606,2025-12-15,012580001234567890,out,28115.85,Metálica del Norte S de RL de CV,058200277445686909,PAGO FACT 39523,BDA99833-C33D-933A-84F5-1C358197B090
TX00607,2025-12-15,012580001234567890,out,35461.08,Metálica San Nicolás SA de CV,072575619296379589,PAGO FACT 70143,40D21963-DC53-89A8-8E9C-1B31172CA7F0
TX00608,2025-12-15,012580001234567890,out,15094.38,Suministros Guadalupe SA de CV,021123240892337489,PAGO FACT 84828,1BF3F43E-48C7-6796-88F9-90063D22F860
TX00609,2025-12-15,012580001234567890,out,24615.2,Empaques Apodaca SAPI de CV,002474730284776127,PAGO FACT 85597,6D111FBE-F0B7-4BDB-736E-EF368A1ABE8B
TX00610,2025-12-16,012580001234567890,out,19719.88,Herramientas del Norte S de RL de CV,127532008375479981,PAGO FACT 19312,C02FB522-1FA4-2779-CF35-BFEB7A5D33D5
TX00611,2025-12-16,012580001234567890,out,79933.05,Empaques del Norte SAPI de CV,012879792992388684,PAGO FACT 55366,88E67482-6092-B67B-B67E-67304B95B6C3
TX00612,2025-12-17,012580001234567890,out,12748.28,Servicios Santa Catarina SAPI de CV,014668274076341822,PAGO FACT 53728,8AA6E277-5142-71E6-8C69-BFC0E1507E58
TX00613,2025-12-17,012580001234567890,in,88242.53,Grupo Chapa S de RL de CV,014739042136620358,COBRO F1578,BCF1399D-3FFB-34E6-6543-1AF273DBB243
TX00614,2025-12-18,012580001234567890,out,108005.05,Distribuidora del Norte S de RL de CV,002472607214501356,PAGO FACT 12251,02992946-B69F-37FB-2297-3926B240D7BA
TX00615,2025-12-18,012580001234567890,out,47385.88,Servicios Nuevo León SA de CV,127178800750092258,PAGO FACT 7859,9AA66C3E-C72C-1D99-F646-AC33DBAB42A2
TX00616,2025-12-18,012580001234567890,out,66421.48,Herramientas del Norte SAPI de CV,072811554027104063,PAGO FACT 80559,D1E04292-2A23-8262-2C5F-56D140477989
TX00617,2025-12-18,012580001234567890,in,52910.89,Grupo Martínez SA de CV,014913695353861809,COBRO F1648,E87556BD-6C58-94EF-608B-D3C305FE85C9
TX00618,2025-12-18,012580001234567890,out,5413.55,Herramientas Regiomontana SA de CV,021763365449372097,PAGO FACT 29221,1779BFFE-E8E6-3CDF-41CE-3815B17BD4F5
TX00619,2025-12-19,012580001234567890,out,97231.78,Distribuidora del Norte S de RL de CV,002472607214501356,PAGO FACT 40333,519500EB-F084-A80F-9232-18B5138038F0
TX00620,2025-12-19,012580001234567890,out,16472.58,Ferretera Guadalupe S de RL de CV,127324165067166270,PAGO FACT 77522,B4E4AEB7-8064-03F6-572C-A2591DEC4894
TX00621,2025-12-19,012580001234567890,out,32097.2,Suministros Guadalupe SA de CV,014029234930934222,PAGO FACT 30863,CBC5023E-EB39-12CA-7093-05C23D0E9C6E
TX00622,2025-12-22,012580001234567890,out,4526.78,Soldadura Guadalupe S de RL de CV,058185789146541440,PAGO FACT 18243,05D02F7D-8CA5-39DB-B0E6-2DD0C6CF20A2
TX00623,2025-12-22,012580001234567890,out,4153.38,Suministros Guadalupe SA de CV,021123240892337489,PAGO FACT 13187,0B595EA1-21AD-8A70-64D3-BBA6CCD18499
TX00624,2025-12-22,012580001234567890,out,27457.2,Empaques Apodaca SAPI de CV,002474730284776127,PAGO FACT 80861,741D5566-6769-3123-8526-22B5C019DAA0
TX00625,2025-12-22,012580001234567890,out,19708.4,Pinturas Nuevo León SAPI de CV,012160981720592104,PAGO FACT 42033,0E466DBE-7EBC-E414-C4A0-499F6BC64D98
TX00626,2025-12-22,012580001234567890,out,122693.2,Suministros Guadalupe SA de CV,014029234930934222,PAGO FACT 55487,514BE8E7-DEFC-31BB-5ECB-E93142DE3544
TX00627,2025-12-22,012580001234567890,out,30902.4,Empaques del Norte SAPI de CV,012879792992388684,PAGO FACT 31684,D6495B7D-714E-11AB-03E5-3338C7477392
TX00628,2025-12-22,012580001234567890,out,58000.0,Servicios de México SA de CV,072098989175377383,PAGO FACT 39550,3159AF5F-93CA-C47B-3D45-116D2864C624
TX00629,2025-12-23,012580001234567890,out,77732.18,Soldadura Regiomontana S de RL de CV,014236469579938608,PAGO FACT 44311,3ADEC602-85D4-8CF5-BAB1-4BC691733BA2
TX00630,2025-12-24,012580001234567890,out,49903.2,Metálica San Nicolás SA de CV,072575619296379589,PAGO FACT 52178,8C337BA4-994F-4894-67DD-2FAF32015B7E
TX00631,2025-12-24,012580001234567890,out,111267.78,Refacciones Industrial S de RL de CV,012416945706393097,PAGO FACT 6453,DF3A23A0-6EF0-2FBD-97C3-D137D7BF0A6B
TX00632,2025-12-25,012580001234567890,out,5814.38,Suministros Guadalupe SA de CV,021123240892337489,PAGO FACT 87897,2C04A287-AAAB-D1FE-5724-4E76CCB71BD2
TX00633,2025-12-25,012580001234567890,out,27958.78,Empaques Apodaca SAPI de CV,002474730284776127,PAGO FACT 55810,1672CEF6-21BE-6AAD-E094-09FBB83B06BF
TX00634,2025-12-26,012580001234567890,in,430481.9,Autopartes Quintanilla S de RL de CV,058757871356683026,COBRO F1528,FF66AB3D-7374-BFB9-EEED-6C4768AA50E8
TX00635,2025-12-26,012580001234567890,in,291455.63,Grupo Quintanilla S de RL de CV,002182904309259848,COBRO F1621,6232F02A-0C1C-E4C3-E0F7-DD748991A3B7
TX00636,2025-12-29,012580001234567890,out,26352.65,Metálica San Nicolás SA de CV,072575619296379589,PAGO FACT 38807,25BC582D-EEA4-5362-AF33-DC9CCD9DC1E6
TX00637,2025-12-29,012580001234567890,out,18386.58,Empaques Apodaca SAPI de CV,002474730284776127,PAGO FACT 55011,CFD08077-5D7F-5A51-5578-82768F052278
TX00638,2025-12-29,012580001234567890,out,61364.0,Refacciones Industrial S de RL de CV,012416945706393097,PAGO FACT 18042,FDF79877-7A17-87EF-84EE-FD874661CFAB
TX00639,2025-12-29,012580001234567890,in,411688.26,Envases Guerra S de RL de CV,058515658918503468,COBRO F1506,0EE127F7-8F70-4037-51B4-904699B9AA56
TX00640,2025-12-29,012580001234567890,in,425338.82,Autopartes Chapa SAPI de CV,012310495801939556,COBRO F1588,A629396F-9EFC-7E27-0056-539AB71EFCC6
TX00641,2025-12-29,012580001234567890,in,73729.48,Construcciones Sada S de RL de CV,021463705344844011,COBRO F1629,5ADCDC5C-5655-023F-F581-F8AEEE99E8E3
TX00642,2025-12-29,012580001234567890,out,430820.06,NOMINA,,NOMINA QUINCENAL,
TX00643,2025-12-30,012580001234567890,out,21031.38,Metálica San Nicolás SA de CV,072575619296379589,PAGO FACT 24945,D283975A-48D0-6298-269C-ADE675B3E36B
TX00644,2025-12-30,012580001234567890,out,14128.8,Refacciones Santa Catarina S de RL de CV,012509446380107510,PAGO FACT 39904,F4F74AAA-32B7-9C95-C414-BFB44DF7B92E
TX00645,2025-12-31,012580001234567890,out,86408.4,Distribuidora del Norte S de RL de CV,002472607214501356,PAGO FACT 90593,19D36F4F-9684-8C23-78D8-DD418FAE401C
TX00646,2025-12-31,012580001234567890,out,88963.18,Distribuidora del Norte S de RL de CV,002472607214501356,PAGO FACT 82288,8E6E086F-60EC-7182-A364-1266492F1789
TX00647,2025-12-31,012580001234567890,out,105316.28,Soldadura Regiomontana S de RL de CV,014236469579938608,PAGO FACT 46692,9FC84F49-E72A-3CDF-5E61-06FEC50BF8AC
TX00648,2025-12-31,012580001234567890,out,72210.58,Soldadura Regiomontana S de RL de CV,014236469579938608,PAGO FACT 12597,6E16321F-32A2-59D4-5C76-09E0D775EA70
TX00649,2025-12-31,012580001234567890,out,6380.58,Refacciones Regiomontana SAPI de CV,014222829861023238,PAGO FACT 7760,7F1B5D69-92EF-C534-C85D-843C147DE567
TX00650,2025-12-31,012580001234567890,out,37931.88,Metálica del Norte S de RL de CV,058200277445686909,PAGO FACT 6544,141A57D2-4007-245B-CF4C-E615A8EF2092
TX00651,2025-12-31,012580001234567890,out,15683.78,Soldadura Guadalupe S de RL de CV,058185789146541440,PAGO FACT 77479,93B62A84-06DF-515F-E9FF-079F62ED2E8F
TX00652,2025-12-31,012580001234567890,out,34139.38,Metálica San Nicolás SA de CV,072575619296379589,PAGO FACT 54474,A592447E-EAD3-4441-E67A-53C28D7BB667
TX00653,2025-12-31,012580001234567890,out,48128.4,Metálica San Nicolás SA de CV,072575619296379589,PAGO FACT 28836,2CF5CAAA-4E15-7D8C-9AB8-FFC5050483C9
TX00654,2025-12-31,012580001234567890,out,58081.78,Grupo San Nicolás SA de CV,072421599192930338,PAGO FACT 52319,25DDF711-91C4-9F8C-AF6B-BBAD4C9FA691
TX00655,2025-12-31,012580001234567890,out,8503.38,Suministros Guadalupe SA de CV,021123240892337489,PAGO FACT 75452,03CBBA55-5357-E99C-ADF6-484BE40EDE4A
TX00656,2025-12-31,012580001234567890,out,19058.8,Herramientas del Norte S de RL de CV,127532008375479981,PAGO FACT 50014,AF701877-B2E3-DFB6-6902-918EF9FCFBCD
TX00657,2025-12-31,012580001234567890,out,59995.78,Servicios Nuevo León SA de CV,127178800750092258,PAGO FACT 51628,D087B609-605A-FEE5-75B4-5C1E21EEFD64
TX00658,2025-12-31,012580001234567890,out,106487.88,Herramientas del Norte SAPI de CV,072811554027104063,PAGO FACT 30003,C534FFBD-B6C8-70BE-43E0-32805D5614E9
TX00659,2025-12-31,012580001234567890,out,13894.25,Hidráulica Nuevo León SAPI de CV,072226692183133098,PAGO FACT 45563,8D29A2F0-F251-844A-06B2-9B4E98E61D70
TX00660,2025-12-31,012580001234567890,out,216006.38,Ferretera Santa Catarina SAPI de CV,002250282122493440,PAGO FACT 77992,E5575A19-3AD2-98A9-7F62-A6DF14E96CFC
TX00661,2025-12-31,012580001234567890,out,123516.8,Hidráulica Industrial S de RL de CV,127386469123872667,PAGO FACT 78196,CF5BB6CF-87ED-2641-96CE-80F4EFE87B88
TX00662,2025-12-31,012580001234567890,out,71584.18,Hidráulica Industrial S de RL de CV,127386469123872667,PAGO FACT 96558,F4C54EAC-FB25-FD48-5CFD-6CBB988191C2
TX00663,2025-12-31,012580001234567890,out,29023.2,Empaques Apodaca SAPI de CV,002474730284776127,PAGO FACT 73980,3A806214-86FF-C22F-43AF-50C810D2C82B
TX00664,2025-12-31,012580001234567890,out,28234.4,Empaques Apodaca SAPI de CV,002474730284776127,PAGO FACT 22386,D6CE8910-DDAA-35FE-51C1-4B6D8C3E142A
TX00665,2025-12-31,012580001234567890,out,52684.65,Transportes Industrial S de RL de CV,002688321571923556,PAGO FACT 26926,A284EEDA-8B88-5172-BFB1-CC483C969C82
TX00666,2025-12-31,012580001234567890,out,58194.65,Transportes Industrial S de RL de CV,002688321571923556,PAGO FACT 29992,BBB53824-6E8B-20AA-25BB-C3F1964EDDD2
TX00667,2025-12-31,012580001234567890,out,10463.08,Ferretera Guadalupe S de RL de CV,127324165067166270,PAGO FACT 14372,7BA4B58A-EDE6-F9EB-EEA4-BC777D5F6789
TX00668,2025-12-31,012580001234567890,out,10361.58,Ferretera Guadalupe S de RL de CV,127324165067166270,PAGO FACT 98698,F3845650-C139-28F2-0DF2-92298332D7BF
TX00669,2025-12-31,012580001234567890,out,117577.48,Maquinados del Norte SAPI de CV,058602402363857537,PAGO FACT 35745,9603D712-8C7A-2469-2245-6295D51AF221
TX00670,2025-12-31,012580001234567890,out,27480.98,Pinturas Nuevo León SAPI de CV,012160981720592104,PAGO FACT 69965,D0B2DA52-544A-AEAD-FB02-D41FE978DBDE
TX00671,2025-12-31,012580001234567890,out,26341.05,Pinturas Nuevo León SAPI de CV,012160981720592104,PAGO FACT 56720,8170AD86-80B3-49EA-673A-E4213DA0F6AC
TX00672,2025-12-31,012580001234567890,out,16043.38,Pinturas Nuevo León SAPI de CV,012160981720592104,PAGO FACT 19810,46E455EB-552E-42E4-E962-87086E3C6D67
TX00673,2025-12-31,012580001234567890,out,15149.48,Pinturas Nuevo León SAPI de CV,012160981720592104,PAGO FACT 70849,44464387-91FB-C621-A47E-9AAF441C7FD0
TX00674,2025-12-31,012580001234567890,out,29510.4,Pinturas Escobedo S de RL de CV,021513837995509179,PAGO FACT 86234,84B986EB-E48B-7EA4-B50B-1083BBFF5548
TX00675,2025-12-31,012580001234567890,out,21552.8,Pinturas Escobedo S de RL de CV,021513837995509179,PAGO FACT 19270,1F72C8CB-D898-6F08-73BE-50E9A55924E6
TX00676,2025-12-31,012580001234567890,out,13641.48,Pinturas Escobedo S de RL de CV,021513837995509179,PAGO FACT 74119,83DF11C8-F0BC-0E6E-CD28-800873B57B74
TX00677,2025-12-31,012580001234567890,out,12714.18,Pinturas Guadalupe S de RL de CV,058254555478429338,PAGO FACT 34264,B8DDAA93-23E3-415B-B8C3-38AE871FDA74
TX00678,2025-12-31,012580001234567890,out,80228.38,Suministros Guadalupe SA de CV,014029234930934222,PAGO FACT 39306,3E21EB16-B0F1-EA80-E0F6-7FBE0FB9D35C
TX00679,2025-12-31,012580001234567890,out,54032.68,Suministros Guadalupe SA de CV,014029234930934222,PAGO FACT 88086,80F1B2A5-2A55-DFC9-1EEA-0145B08A00E2
TX00680,2025-12-31,012580001234567890,out,12006.58,Pinturas Guadalupe S de RL de CV,021365882811348338,PAGO FACT 788,B3CE7619-81A3-E76C-0725-2016ABFE25E1
TX00681,2025-12-31,012580001234567890,out,55935.78,Refacciones Industrial S de RL de CV,012416945706393097,PAGO FACT 16153,F6FCC458-E017-8592-502F-8C5F3A4FBC3E
TX00682,2025-12-31,012580001234567890,out,52188.28,Empaques del Norte SAPI de CV,012879792992388684,PAGO FACT 4780,45895CE3-2CB2-00FF-4148-5196F0248197
TX00683,2025-12-31,012580001234567890,out,106815.58,Metálica del Norte SA de CV,021506465287976271,PAGO FACT 7665,5A72FD86-092C-FCB8-0F21-6EC481DDBBF7
TX00684,2025-12-31,012580001234567890,out,25334.28,Industrias Monterrey SA de CV,127977369937116844,PAGO FACT 90610,01B146D5-89F2-DDD7-338F-EB5A5EE1F581
TX00685,2025-12-31,012580001234567890,out,30694.18,Industrias Monterrey SA de CV,127977369937116844,PAGO FACT 17932,4FDFAE0A-1EE4-168E-EE0A-8D1C9560A236
TX00686,2025-12-31,012580001234567890,in,260682.22,Envases Guerra S de RL de CV,058515658918503468,COBRO F1502,37C41846-D5CB-D207-31CC-FF45B346F3AA
TX00687,2025-12-31,012580001234567890,in,293756.83,Envases Guerra S de RL de CV,058515658918503468,COBRO F1505,481C0605-45B4-D726-BC6F-39C366331C33
TX00688,2025-12-31,012580001234567890,in,396631.91,Envases Chapa S de RL de CV,012875403062539993,COBRO F1515,FBE4213C-5635-9EA0-6345-35639605F430
TX00689,2025-12-31,012580001234567890,in,336693.8,Autopartes Quintanilla S de RL de CV,058757871356683026,COBRO F1524,93EA2AAD-6D6B-B983-B857-31231C038896
TX00690,2025-12-31,012580001234567890,in,450764.3,Envases Hernández SAPI de CV,014014253995604307,COBRO F1555,B506A4C1-3BDF-42AC-5C42-1F3B1F2F1F97
TX00691,2025-12-31,012580001234567890,in,279909.91,Envases Hernández SAPI de CV,014014253995604307,COBRO F1558,9414EA5F-CBE2-222F-3745-4DC3FA83708E
TX00692,2025-12-31,012580001234567890,in,146302.61,Autopartes Guerra SAPI de CV,014549124270731279,COBRO F1565,B2FD5A17-9DFC-AFBF-CA8B-A493DDD5D1D3
TX00693,2025-12-31,012580001234567890,in,354946.35,Autopartes Guerra SAPI de CV,014549124270731279,COBRO F1568,E766F037-A5B3-7200-8A6A-F4B56A4EAD8B
TX00694,2025-12-31,012580001234567890,in,287849.59,Autopartes Guerra SAPI de CV,014549124270731279,COBRO F1569,3182821D-BDA3-2DF7-B5BE-DCFD77AD5756
TX00695,2025-12-31,012580001234567890,in,129256.03,Autopartes Guerra SAPI de CV,014549124270731279,COBRO F1576,5B4626DF-8F45-AB88-4240-D38146A5745B
TX00696,2025-12-31,012580001234567890,in,91303.24,Autopartes Chapa SAPI de CV,012310495801939556,COBRO F1592,00E34362-02A1-E8BF-DD3B-5897C2088791
TX00697,2025-12-31,012580001234567890,in,210827.74,Envases Quintanilla S de RL de CV,002812787046782749,COBRO F1601,E547D01C-9703-E772-7B5D-D4327A1FDDD6
TX00698,2025-12-31,012580001234567890,in,325377.33,Construcciones Sada S de RL de CV,021463705344844011,COBRO F1632,50A68BFD-5B6F-C0C8-9365-F070CC84D69E
TX00699,2025-12-31,012580001234567890,in,144081.91,Construcciones Sada S de RL de CV,021463705344844011,COBRO F1636,54C2E89A-00F8-6B2C-23B1-EC1247F1E8D3
TX00700,2025-12-31,012580001234567890,out,4876.38,Herramientas Regiomontana SA de CV,021763365449372097,PAGO FACT 80673,54290B0B-F62F-F26D-F6FE-2632BD02EED2
TX00701,2025-12-31,012580001234567890,out,19467.73,Herramientas Regiomontana SA de CV,021763365449372097,PAGO FACT 15026,BF54DA5F-94DB-B548-37D6-FE4F78C3F841
TX00702,2025-12-31,012580001234567890,out,2184.33,Soldadura Regiomontana S de RL de CV,014236469579938608,PAGO FACT 68484,434C4978-DF15-5507-0078-2EA3337EB129
