uuid,tipo,serie,folio,fecha,fecha_timbrado,rfc_emisor,nombre_emisor,rfc_receptor,nombre_receptor,uso_cfdi,forma_pago,metodo_pago,clave_prod_serv,descripcion,cantidad,valor_unitario,subtotal,iva,total,moneda,po_number,counterparty_id,approved_by
7A222691-49E7-E75C-D770-528B44B23930,recibida,A,54776,2025-01-01,2025-01-01,JDT8809104XZ,Empaques del Norte SAPI de CV,TIN091214KL3,Talleres Industriales del Norte SA de CV,G03,03,PPD,80101500,Consultoría de procesos,1.0,35019.9,35019.9,5603.18,40623.08,MXN,PO00535,S00013,E00002
2AC83CA9-9566-1EF9-9101-28FD44D958C4,recibida,A,34828,2025-01-02,2025-01-04,LNR0211046T5,Pinturas Nuevo León SAPI de CV,TIN091214KL3,Talleres Industriales del Norte SA de CV,G03,03,PPD,30102000,Lámina de acero cal. 14,76.0,176.06,13380.5,2140.88,15521.38,MXN,PO00074,S00019,E00002
347D5E3B-BE44-76F8-CCCC-E22E77EDF7AB,recibida,A,14613,2025-01-03,2025-01-04,MKD060428P24,Suministros Guadalupe SA de CV,TIN091214KL3,Talleres Industriales del Norte SA de CV,G03,03,PUE,40141600,Bandas industriales,73.0,789.86,57659.9,9225.58,66885.48,MXN,PO00529,S00023,E00002
2B44F68C-3CE4-30D6-BC7E-C9A12D3E850C,recibida,A,51328,2025-01-06,2025-01-07,HSA170302L56,Distribuidora del Norte S de RL de CV,TIN091214KL3,Talleres Industriales del Norte SA de CV,G03,03,PPD,80131500,Servicio de energía,1.0,28687.8,28687.8,4590.05,33277.85,MXN,PO00026,S00005,E00002
953AFBAD-426D-DD90-84C0-48F98DA70733,recibida,A,12870,2025-01-06,2025-01-08,JCY220225DEO,Soldadura Regiomontana S de RL de CV,TIN091214KL3,Talleres Industriales del Norte SA de CV,G03,03,PPD,31161500,Discos de corte,157.0,667.07,104730,16756.8,121486.8,MXN,PO00080,S00029,E00002
E9EEC7F7-6E0E-13B2-B228-C91867C5798E,recibida,A,94625,2025-01-06,2025-01-08,RYY210726M9I,Metálica del Norte S de RL de CV,TIN091214KL3,Talleres Industriales del Norte SA de CV,G03,03,PUE,80131500,Renta de montacargas,1.0,25500.5,25500.5,4080.08,29580.58,MXN,PO00045,S00015,E00002
558DBD62-B115-326C-182F-5E16A8055780,recibida,A,54571,2025-01-06,2025-01-07,TYC9409017QY,Hidráulica Industrial S de RL de CV,TIN091214KL3,Talleres Industriales del Norte SA de CV,G03,03,PPD,80101500,Servicios de limpieza,1.0,32427.8,32427.8,5188.45,37616.25,MXN,PO00170,S00006,E00002
2FB00D4B-9273-81B8-85A1-C2032EBE3982,recibida,A,36803,2025-01-06,2025-01-06,BRG980912TE9,Ferretera Guadalupe S de RL de CV,TIN091214KL3,Talleres Industriales del Norte SA de CV,G03,03,PPD,80101500,Asesoría fiscal,1.0,3480.5,3480.5,556.88,4037.38,MXN,PO00019,S00002,E00002
FCF0F07F-8C68-9433-8608-11219B0FB4A4,emitida,F,1519,2025-01-06,2025-01-06,TIN091214KL3,Talleres Industriales del Norte SA de CV,XVS9502132UY,Autopartes Quintanilla S de RL de CV,G01,03,PPD,23271800,Fabricación de estructura,1.0,397431.63,397431.63,63589.06,461020.69,MXN,,C00004,E00007
3C618418-0A99-EC54-E5DB-606406E88EBA,emitida,F,1551,2025-01-06,2025-01-06,TIN091214KL3,Talleres Industriales del Norte SA de CV,IOL031203VT4,Autopartes Guerra S de RL de CV,G01,03,PPD,23271800,Fabricación de estructura,1.0,358114.62,358114.62,57298.34,415412.96,MXN,,C00015,E00007
8B4E12FB-CC8F-DD06-BAEF-D609EC300BB9,emitida,F,1600,2025-01-06,2025-01-06,TIN091214KL3,Talleres Industriales del Norte SA de CV,NBX010517L3O,Envases Quintanilla S de RL de CV,G01,03,PPD,23271800,Maquinado de piezas,1.0,295243.97,295243.97,47239.04,342483.01,MXN,,C00017,E00007
8178731E-550A-C854-136F-E28673894735,emitida,F,1642,2025-01-07,2025-01-07,TIN091214KL3,Talleres Industriales del Norte SA de CV,RSR9508062P4,Grupo Martínez SA de CV,G01,03,PPD,23271800,Maquinado de piezas,1.0,373389.33,373389.33,59742.29,433131.62,MXN,,C00018,E00007
A3D76CE1-0C3D-6B3D-CDD7-906E526AF3B6,recibida,A,61885,2025-01-08,2025-01-08,EJM1706048OE,Servicios Santa Catarina SAPI de CV,TIN091214KL3,Talleres Industriales del Norte SA de CV,G03,03,PPD,40141600,Bandas industriales,165.0,52.79,8710,1393.6,10103.6,MXN,PO00386,S00032,E00002
E777BAF1-6AA6-7B09-3CA4-15DFC9FF6F26,recibida,A,22789,2025-01-09,2025-01-11,ZKV070614580,Empaques Apodaca SAPI de CV,TIN091214KL3,Talleres Industriales del Norte SA de CV,G03,03,PUE,30102000,Perfil PTR 2x2,66.0,180.0,11880,1900.8,13780.8,MXN,PO00458,S00039,E00002
42E3DCD7-9648-3613-589D-77B741599733,emitida,F,1523,2025-01-09,2025-01-09,TIN091214KL3,Talleres Industriales del Norte SA de CV,XVS9502132UY,Autopartes Quintanilla S de RL de CV,G01,03,PPD,23271800,Soldadura industrial,1.0,285413.41,285413.41,45666.15,331079.56,MXN,,C00004,E00007
A42D3646-8B59-FF3C-558F-3B9E414E241A,recibida,A,94791,2025-01-10,2025-01-11,UDA130122EPS,Maquinados Monterrey SA de CV,TIN091214KL3,Talleres Industriales del Norte SA de CV,G03,03,PUE,80131500,Renta de montacargas,1.0,168169.9,168169.9,26907.18,195077.08,MXN,PO00493,S00031,E00002
5E5716D5-ACA8-2AB4-AC7E-36C99BA74342,recibida,A,33722,2025-01-10,2025-01-11,IXR870809SKC,Electrónica del Norte S de RL de CV,TIN091214KL3,Talleres Industriales del Norte SA de CV,G03,03,PPD,78101800,Maniobras de carga,1.0,4740.0,4740,758.4,5498.4,MXN,PO00090,S00012,E00002
B8E07E44-170E-5617-5F72-1C8957366B27,recibida,A,47585,2025-01-10,2025-01-12,MKD060428P24,Suministros Guadalupe SA de CV,TIN091214KL3,Talleres Industriales del Norte SA de CV,G03,03,PUE,40141600,Rodamientos SKF,95.0,640.85,60880.5,9740.88,70621.38,MXN,PO00479,S00023,E00002
F8A6980A-79B7-6035-B7CA-BDA01A17ACC5,emitida,F,1530,2025-01-10,2025-01-10,TIN091214KL3,Talleres Industriales del Norte SA de CV,DXF1705184RD,Envases Martínez SAPI de CV,G01,03,PPD,23271800,Fabricación de estructura,1.0,284683.09,284683.09,45549.29,330232.38,MXN,,C00002,E00007
6D0FD714-1013-B2E7-A8CF-FCA3BDDF7B99,recibida,A,78863,2025-01-13,2025-01-14,RHK9801046MV,Suministros Guadalupe SA de CV,TIN091214KL3,Talleres Industriales del Norte SA de CV,G03,03,PUE,78101800,Flete local,1.0,10092.4,10092.4,1614.78,11707.18,MXN,PO00224,S00008,E00002
37858087-41FC-F9B1-9165-FA8B23BBEACA,recibida,A,57478,2025-01-13,2025-01-13,EVO0907049MQ,Hidráulica Nuevo León SAPI de CV,TIN091214KL3,Talleres Industriales del Norte SA de CV,G03,03,PUE,30102000,Lámina de acero cal. 14,56.0,357.87,20040.5,3206.48,23246.98,MXN,PO00469,S00009,E00002
695AC14D-814A-9763-5C41-5CC51004ABD7,recibida,A,96872,2025-01-13,2025-01-15,TYC9409017QY,Hidráulica Industrial S de RL de CV,TIN091214KL3,Talleres Industriales del Norte SA de CV,G03,03,PPD,80101500,Servicio de mantenimiento,1.0,36597.8,36597.8,5855.65,42453.45,MXN,PO00258,S00006,E00002
77FED1B8-547F-6E4B-6F1F-711BBA89BD68,recibida,A,7907,2025-01-13,2025-01-14,KGD1808073H9,Transportes Industrial S de RL de CV,TIN091214KL3,Talleres Industriales del Norte SA de CV,G03,03,PUE,40141600,Sellos hidráulicos,78.0,665.38,51900,8304.0,60204.0,MXN,PO00103,S00024,E00002
F62359FA-6445-4E1A-F0B9-E1291DD6B5A6,emitida,F,1609,2025-01-13,2025-01-13,TIN091214KL3,Talleres Industriales del Norte SA de CV,CSM870728H9S,Grupo Quintanilla S de RL de CV,G01,03,PPD,23271800,Soldadura industrial,1.0,341034.06,341034.06,54565.45,395599.51,MXN,,C00001,E00007
F2488F1B-597D-D595-0508-78C142ECE01A,emitida,F,1625,2025-01-13,2025-01-13,TIN091214KL3,Talleres Industriales del Norte SA de CV,DDQ850214LFM,Construcciones Zambrano S de RL de CV,G01,03,PPD,23271800,Corte y doblez,1.0,207953.5,207953.5,33272.56,241226.06,MXN,,C00013,E00007
15D01CE8-51FD-C969-CB9E-43AEB4E86935,recibida,A,96525,2025-01-14,2025-01-14,XRN090413Q8F,Grupo San Nicolás SA de CV,TIN091214KL3,Talleres Industriales del Norte SA de CV,G03,03,PPD,80101500,Capacitación,1.0,93619.9,93619.9,14979.18,108599.08,MXN,PO00241,S00025,E00002
CBD1B6DF-3BF9-D69D-E539-726532DE5EFB,recibida,A,22518,2025-01-14,2025-01-15,TYC9409017QY,Hidráulica Industrial S de RL de CV,TIN091214KL3,Talleres Industriales del Norte SA de CV,G03,03,PPD,80101500,Capacitación,1.0,62510.0,62510,10001.6,72511.6,MXN,PO00187,S00006,E00002
D4A23951-FFA9-7506-637D-CCBEF0F544CD,recibida,A,8048,2025-01-14,2025-01-16,ETO1712191GE,Maquinados del Norte SAPI de CV,TIN091214KL3,Talleres Industriales del Norte SA de CV,G03,03,PPD,40141600,Sellos hidráulicos,165.0,519.08,85647.8,13703.65,99351.45,MXN,PO00312,S00028,E00002
3176AD93-BC78-F14C-62A5-3B5B46302431,emitida,F,1517,2025-01-14,2025-01-14,TIN091214KL3,Talleres Industriales del Norte SA de CV,XVS9502132UY,Autopartes Quintanilla S de RL de CV,G01,03,PPD,23271800,Corte y doblez,1.0,293439.66,293439.66,46950.35,340390.01,MXN,,C00004,E00007
FE5909FC-4FF6-DEDC-14BE-E0E34AF32657,recibida,A,5203,2025-01-15,2025-01-16,RHK9801046MV,Suministros Guadalupe SA de CV,TIN091214KL3,Talleres Industriales del Norte SA de CV,G03,03,PUE,78101800,Maniobras de carga,1.0,6789.9,6789.9,1086.38,7876.28,MXN,PO00002,S00008,E00002
834AD09D-33E6-C4BE-DA29-1775B3687B1D,recibida,A,50612,2025-01-15,2025-01-16,YFL9210050X2,Herramientas del Norte S de RL de CV,TIN091214KL3,Talleres Industriales del Norte SA de CV,G03,03,PUE,40141600,Válvulas neumáticas,65.0,137.88,8962.4,1433.98,10396.38,MXN,PO00476,S00037,E00002
0F340B0D-4F94-3305-B7D5-67C69F71A57D,recibida,A,81802,2025-01-15,2025-01-15,NOR190111MKV,Refacciones Santa Catarina S de RL de CV,TIN091214KL3,Talleres Industriales del Norte SA de CV,G03,03,PUE,40141600,Rodamientos SKF,66.0,335.3,22130,3540.8,25670.8,MXN,PO00257,S00022,E00002
0AACD1D6-5E67-D7A0-B67F-AC0627F48EE7,recibida,A,60478,2025-01-15,2025-01-17,ZKV070614580,Empaques Apodaca SAPI de CV,TIN091214KL3,Talleres Industriales del Norte SA de CV,G03,03,PPD,30102000,Tubo estructural,77.0,264.78,20387.8,3262.05,23649.85,MXN,PO00485,S00039,E00002
B8DA1CBC-9DF3-FBCA-941F-62AE1F0ED31B,recibida,A,62696,2025-01-15,2025-01-17,IQX921208XAR,Industrias Monterrey SA de CV,TIN091214KL3,Talleres Industriales del Norte SA de CV,G03,03,PUE,40141600,Válvulas neumáticas,51.0,420.4,21440.5,3430.48,24870.98,MXN,PO00452,S00030,E00002
DD21726F-323D-0195-A294-8E036977929B,recibida,A,27286,2025-01-15,2025-01-17,GER160625BPR,Maquinados Regiomontana S de RL de CV,TIN091214KL3,Talleres Industriales del Norte SA de CV,G03,03,PPD,31161500,Electrodos 6013,48.0,136.33,6543.65,1046.98,7590.63,MXN,PO00424,S00004,E00002
8DA87627-6797-66BF-2A16-4FB269D77AFB,recibida,A,65373,2025-01-16,2025-01-17,BRG980912TE9,Ferretera Guadalupe S de RL de CV,TIN091214KL3,Talleres Industriales del Norte SA de CV,G03,03,PPD,80101500,Asesoría fiscal,1.0,5920.0,5920,947.2,6867.2,MXN,PO00039,S00002,E00002
98F4A8F4-418D-ECE1-99FD-D7E79C4D0004,emitida,F,1604,2025-01-16,2025-01-16,TIN091214KL3,Talleres Industriales del Norte SA de CV,NBX010517L3O,Envases Quintanilla S de RL de CV,G01,03,PPD,23271800,Fabricación de estructura,1.0,70909.0,70909.0,11345.44,82254.44,MXN,,C00017,E00007
70F3DBA0-01E0-234B-9DD3-CD55EF83042A,recibida,A,29178,2025-01-17,2025-01-18,RYY210726M9I,Metálica del Norte S de RL de CV,TIN091214KL3,Talleres Industriales del Norte SA de CV,G03,03,PPD,80131500,Renta de montacargas,1.0,27867.8,27867.8,4458.85,32326.65,MXN,PO00124,S00015,E00002
5B4A4FB0-B0D9-7CA0-02E4-848450203017,recibida,A,34634,2025-01-17,2025-01-19,LEJ901223H0C,Herramientas Regiomontana SA de CV,TIN091214KL3,Talleres Industriales del Norte SA de CV,G03,03,PUE,78101800,Flete local — carta porte anexa,1.0,13533.37,13533.37,2165.34,15698.71,MXN,PO00534,S00033,E00002
1C7A3742-07E8-9EC0-E225-0462CE918AB9,recibida,A,11886,2025-01-20,2025-01-22,RHK9801046MV,Suministros Guadalupe SA de CV,TIN091214KL3,Talleres Industriales del Norte SA de CV,G03,03,PPD,78101800,Maniobras de carga,1.0,10269.9,10269.9,1643.18,11913.08,MXN,PO00454,S00008,E00002
B99FCE81-40D6-F479-0E9E-192A8317AB90,recibida,A,35377,2025-01-20,2025-01-22,BRG980912TE9,Ferretera Guadalupe S de RL de CV,TIN091214KL3,Talleres Industriales del Norte SA de CV,G03,03,PPD,80101500,Asesoría fiscal,1.0,13779.9,13779.9,2204.78,15984.68,MXN,PO00505,S00002,E00002
C97A561D-848D-0F57-6D84-BF83FBA130E2,recibida,A,74471,2025-01-20,2025-01-21,YZN920101669,Neumática Industrial S de RL de CV,TIN091214KL3,Talleres Industriales del Norte SA de CV,G03,03,PUE,40141600,Motor eléctrico 5HP,50.0,272.41,13620.5,2179.28,15799.78,MXN,PO00096,S00020,E00002
0E8D0888-1342-0739-278B-1F8A2FEC7E75,emitida,F,1613,2025-01-20,2025-01-20,TIN091214KL3,Talleres Industriales del Norte SA de CV,CSM870728H9S,Grupo Quintanilla S de RL de CV,G01,03,PPD,23271800,Maquinado de piezas,1.0,166209.34,166209.34,26593.49,192802.83,MXN,,C00001,E00007
06B50424-D48B-15E9-785D-0E2B519DBC3A,recibida,A,83819,2025-01-22,2025-01-23,GIG1908016AL,Ferretera Santa Catarina SAPI de CV,TIN091214KL3,Talleres Industriales del Norte SA de CV,G03,03,PPD,31161500,Discos de corte,166.0,1069.02,177457.8,28393.25,205851.05,MXN,PO00071,S00018,E00002
B25F0CA8-B33F-2821-4297-98C950222B41,emitida,F,1584,2025-01-22,2025-01-22,TIN091214KL3,Talleres Industriales del Norte SA de CV,TIV9003196BV,Grupo Chapa S de RL de CV,G01,03,PPD,23271800,Soldadura industrial,1.0,204254.44,204254.44,32680.71,236935.15,MXN,,C00007,E00007
40485493-B9E9-35C3-4366-CD17934D4185,recibida,A,57080,2025-01-23,2025-01-23,NOR190111MKV,Refacciones Santa Catarina S de RL de CV,TIN091214KL3,Talleres Industriales del Norte SA de CV,G03,03,PUE,40141600,Válvulas neumáticas,69.0,335.66,23160.5,3705.68,26866.18,MXN,PO00013,S00022,E00002
DA261311-3534-DC8D-B49B-90516690181C,recibida,A,71469,2025-01-27,2025-01-28,JCY220225DEO,Soldadura Regiomontana S de RL de CV,TIN091214KL3,Talleres Industriales del Norte SA de CV,G03,03,PUE,31161500,Discos de corte,22.0,4757.63,104667.8,16746.85,121414.65,MXN,PO00099,S00029,E00002
C3128151-2410-C556-12C1-BAD3A597EADB,recibida,A,36802,2025-01-27,2025-01-27,JCY220225DEO,Soldadura Regiomontana S de RL de CV,TIN091214KL3,Talleres Industriales del Norte SA de CV,G03,03,PUE,31161500,Electrodos 6013,40.0,2473.0,98920,15827.2,114747.2,MXN,PO00038,S00029,E00002
4D96E9DA-9DD8-7A35-9B4B-6E9A506BCEB3,recibida,A,668,2025-01-27,2025-01-28,YFL9210050X2,Herramientas del Norte S de RL de CV,TIN091214KL3,Talleres Industriales del Norte SA de CV,G03,03,PPD,40141600,Motor eléctrico 5HP,161.0,164.72,26520.5,4243.28,30763.78,MXN,PO00025,S00037,E00002
3D631B48-B59C-F5CF-A491-583756D751A5,recibida,A,9050,2025-01-27,2025-01-28,EVO0907049MQ,Hidráulica Nuevo León SAPI de CV,TIN091214KL3,Talleres Industriales del Norte SA de CV,G03,03,PPD,30102000,Tubo estructural,121.0,204.63,24760.5,3961.68,28722.18,MXN,PO00437,S00009,E00002
118A7E24-5AB0-CA33-C87C-6570812C814F,recibida,A,56096,2025-01-27,2025-01-28,NOR190111MKV,Refacciones Santa Catarina S de RL de CV,TIN091214KL3,Talleres Industriales del Norte SA de CV,G03,03,PUE,40141600,Válvulas neumáticas,67.0,304.0,20367.8,3258.85,23626.65,MXN,PO00516,S00022,E00002
CB95873E-BE0D-BE6B-3F09-F42E1286BF38,recibida,A,89670,2025-01-27,2025-01-27,POR220413M4Q,Pinturas Guadalupe S de RL de CV,TIN091214KL3,Talleres Industriales del Norte SA de CV,G03,03,PPD,80131500,Renta de montacargas,1.0,5780.5,5780.5,924.88,6705.38,MXN,PO00366,S00036,E00002
985D5F4A-BBE7-E7E2-F93A-6D9280A2A624,recibida,A,15718,2025-01-27,2025-01-29,JDT8809104XZ,Empaques del Norte SAPI de CV,TIN091214KL3,Talleres Industriales del Norte SA de CV,G03,03,PUE,80101500,Asesoría fiscal,1.0,106660.0,106660,17065.6,123725.6,MXN,PO00018,S00013,E00002
6B7B2C87-E50A-7BF4-9EA6-64FB8AC95913,recibida,A,6312,2025-01-28,2025-01-30,RYY210726M9I,Metálica del Norte S de RL de CV,TIN091214KL3,Talleres Industriales del Norte SA de CV,G03,03,PPD,80131500,Renta de nave industrial,1.0,36552.4,36552.4,5848.38,42400.78,MXN,PO00465,S00015,E00002
EA185AB1-8EA9-7878-8C1F-F68B7603BB23,recibida,A,41014,2025-01-28,2025-01-30,NOR190111MKV,Refacciones Santa Catarina S de RL de CV,TIN091214KL3,Talleres Industriales del Norte SA de CV,G03,03,PPD,40141600,Rodamientos SKF,12.0,999.21,11990.5,1918.48,13908.98,MXN,PO00227,S00022,E00002
8C0C562B-97D1-BAB6-43C2-69BDF480A193,recibida,A,8138,2025-01-28,2025-01-30,IXR870809SKC,Electrónica del Norte S de RL de CV,TIN091214KL3,Talleres Industriales del Norte SA de CV,G03,03,PPD,78101800,Maniobras de carga,1.0,14439.9,14439.9,2310.38,16750.28,MXN,PO00143,S00012,E00002
5AA12EBA-A2D6-B281-FAAE-DCB65B9A3F0F,recibida,A,224,2025-01-28,2025-01-29,KGD1808073H9,Transportes Industrial S de RL de CV,TIN091214KL3,Talleres Industriales del Norte SA de CV,G03,03,PPD,40141600,Sellos hidráulicos,171.0,198.88,34007.8,5441.25,39449.05,MXN,PO00181,S00024,E00002
DA4CCF43-D63E-1434-484F-7AF9451DEA42,recibida,A,8867,2025-01-28,2025-01-29,JDT8809104XZ,Empaques del Norte SAPI de CV,TIN091214KL3,Talleres Industriales del Norte SA de CV,G03,03,PUE,80101500,Servicios de limpieza,1.0,30140.5,30140.5,4822.48,34962.98,MXN,PO00496,S00013,E00002
AADA85C4-1951-CA9A-8F3E-26A1CD874639,recibida,A,78438,2025-01-28,2025-01-30,PPK23090228I,Metálica del Norte SA de CV,TIN091214KL3,Talleres Industriales del Norte SA de CV,G03,03,PUE,40141600,Sellos hidráulicos,180.0,446.22,80319.9,12851.18,93171.08,MXN,PO00118,S00017,E00002
4FDF419F-C42A-08C7-EA5A-6D1251D81374,emitida,F,1539,2025-01-28,2025-01-28,TIN091214KL3,Talleres Industriales del Norte SA de CV,LED040311C11,Construcciones Martínez SAPI de CV,G01,03,PPD,23271800,Fabricación de estructura,1.0,241713.99,241713.99,38674.24,280388.23,MXN,,C00005,E00007
DEE3FB06-7D29-0989-52A9-C7FECDCA0DD5,emitida,F,1612,2025-01-28,2025-01-28,TIN091214KL3,Talleres Industriales del Norte SA de CV,CSM870728H9S,Grupo Quintanilla S de RL de CV,G01,03,PPD,23271800,Soldadura industrial,1.0,72425.66,72425.66,11588.11,84013.77,MXN,,C00001,E00007
9F53DABE-1702-2F8B-96EC-059F1439D3BE,recibida,A,22660,2025-01-29,2025-01-30,BRG980912TE9,Ferretera Guadalupe S de RL de CV,TIN091214KL3,Talleres Industriales del Norte SA de CV,G03,03,PPD,80101500,Servicio de mantenimiento,1.0,5260.5,5260.5,841.68,6102.18,MXN,PO00212,S00002,E00002
28660F5E-9A15-91E1-C8B6-F294AEE694ED,recibida,A,22199,2025-01-30,2025-02-01,IXR870809SKC,Electrónica del Norte S de RL de CV,TIN091214KL3,Talleres Industriales del Norte SA de CV,G03,03,PPD,78101800,Flete foráneo,1.0,3360.5,3360.5,537.68,3898.18,MXN,PO00275,S00012,E00002
0590BECE-1D46-A50A-C8DF-77236E0F7BC1,recibida,A,77042,2025-01-30,2025-01-30,TYC9409017QY,Hidráulica Industrial S de RL de CV,TIN091214KL3,Talleres Industriales del Norte SA de CV,G03,03,PPD,80101500,Asesoría fiscal,1.0,65630.0,65630,10500.8,76130.8,MXN,PO00233,S00006,E00002
C1F73FFF-F18B-0AEA-AE02-CCD8B91A7E10,emitida,F,1507,2025-01-31,2025-01-31,TIN091214KL3,Talleres Industriales del Norte SA de CV,AKL141216HQE,Envases Guerra SA de CV,G01,03,PPD,23271800,Fabricación de estructura,1.0,163080.71,163080.71,26092.91,189173.62,MXN,,C00011,E00007
B52E379D-9252-F839-27D9-361E10844E20,recibida,A,55843,2025-02-03,2025-02-03,RYY210726M9I,Metálica del Norte S de RL de CV,TIN091214KL3,Talleres Industriales del Norte SA de CV,G03,03,PPD,80131500,Servicio de energía,1.0,23909.9,23909.9,3825.58,27735.48,MXN,PO00125,S00015,E00002
E653B149-C425-F1DA-914D-04F78BE088CA,recibida,A,57494,2025-02-03,2025-02-03,KGD1808073H9,Transportes Industrial S de RL de CV,TIN091214KL3,Talleres Industriales del Norte SA de CV,G03,03,PUE,40141600,Válvulas neumáticas,125.0,250.8,31350,5016.0,36366.0,MXN,PO00401,S00024,E00002
14687223-A95B-4F0D-E7AE-9F325F06BA92,recibida,A,48005,2025-02-04,2025-02-05,TQX980213KP2,Soldadura Guadalupe S de RL de CV,TIN091214KL3,Talleres Industriales del Norte SA de CV,G03,03,PPD,78101800,Flete local,1.0,7732.4,7732.4,1237.18,8969.58,MXN,PO00349,S00011,E00002
8A82E1AC-09B1-64DD-7578-C1388F980CE0,recibida,A,16354,2025-02-04,2025-02-06,JDT8809104XZ,Empaques del Norte SAPI de CV,TIN091214KL3,Talleres Industriales del Norte SA de CV,G03,03,PUE,80101500,Asesoría fiscal,1.0,76389.9,76389.9,12222.38,88612.28,MXN,PO00342,S00013,E00002
79075C00-C43A-DA06-68B3-4F5FBBFA7EBB,recibida,A,49069,2025-02-06,2025-02-06,JCY220225DEO,Soldadura Regiomontana S de RL de CV,TIN091214KL3,Talleres Industriales del Norte SA de CV,G03,03,PPD,31161500,Discos de corte,41.0,1866.78,76537.8,12246.05,88783.85,MXN,PO00242,S00029,E00002
640B54C1-F15E-4AFE-9C57-DEC783D0F82B,recibida,A,10639,2025-02-06,2025-02-07,RYY210726M9I,Metálica del Norte S de RL de CV,TIN091214KL3,Talleres Industriales del Norte SA de CV,G03,03,PPD,80131500,Renta de nave industrial,1.0,26377.8,26377.8,4220.45,30598.25,MXN,PO00314,S00015,E00002
21F4AC6A-92EE-06A6-0024-57FBD7665B1D,recibida,A,62978,2025-02-06,2025-02-06,UDA130122EPS,Maquinados Monterrey SA de CV,TIN091214KL3,Talleres Industriales del Norte SA de CV,G03,03,PPD,80131500,Renta de montacargas,1.0,157922.4,157922.4,25267.58,183189.98,MXN,PO00279,S00031,E00002
F892DA4F-EC15-D1B3-9EDA-5F9A79ACC269,recibida,A,26948,2025-02-06,2025-02-07,KPZ0809046NE,Neumática Santa Catarina SAPI de CV,TIN091214KL3,Talleres Industriales del Norte SA de CV,G03,03,PPD,80101500,Servicios de asesoría integral,1.0,200000.0,200000,32000.0,232000.0,MXN,PO00438,S00041,E00002
875F01DF-3103-DCFC-CF2E-FBDC6A060915,recibida,A,45671,2025-02-07,2025-02-09,HSA170302L56,Distribuidora del Norte S de RL de CV,TIN091214KL3,Talleres Industriales del Norte SA de CV,G03,03,PPD,80131500,Renta de montacargas,1.0,58290.5,58290.5,9326.48,67616.98,MXN,PO00062,S00005,E00002
12D1A57D-72C5-1FA6-90C0-96D6394AB2A5,recibida,A,84769,2025-02-10,2025-02-11,BRG980912TE9,Ferretera Guadalupe S de RL de CV,TIN091214KL3,Talleres Industriales del Norte SA de CV,G03,03,PPD,80101500,Consultoría de procesos,1.0,10167.8,10167.8,1626.85,11794.65,MXN,PO00451,S00002,E00002
E318378E-1BAA-6D1C-E18E-8344F01B4030,recibida,A,20681,2025-02-10,2025-02-11,YZN920101669,Neumática Industrial S de RL de CV,TIN091214KL3,Talleres Industriales del Norte SA de CV,G03,03,PUE,40141600,Rodamientos SKF,68.0,89.41,6080,972.8,7052.8,MXN,PO00152,S00020,E00002
BC06F9C0-8FA3-652C-7DC2-3853F0B6EFFA,recibida,A,22287,2025-02-10,2025-02-12,PPK23090228I,Metálica del Norte SA de CV,TIN091214KL3,Talleres Industriales del Norte SA de CV,G03,03,PPD,40141600,Motor eléctrico 5HP,22.0,4331.81,95299.9,15247.98,110547.88,MXN,PO00182,S00017,E00002
1865EA65-8155-3BFE-632A-996820F6CB21,emitida,F,1559,2025-02-10,2025-02-10,TIN091214KL3,Talleres Industriales del Norte SA de CV,QBN900325RYY,Envases Hernández SAPI de CV,G01,03,PPD,23271800,Maquinado de piezas,1.0,373179.51,373179.51,59708.72,432888.23,MXN,,C00008,E00007
D6A662E4-BD8F-23F7-D5EF-9693577188D1,recibida,A,99718,2025-02-12,2025-02-12,TYC9409017QY,Hidráulica Industrial S de RL de CV,TIN091214KL3,Talleres Industriales del Norte SA de CV,G03,03,PUE,80101500,Asesoría fiscal,1.0,28570.5,28570.5,4571.28,33141.78,MXN,PO00141,S00006,E00002
E647ABE9-5D0D-6E47-76E6-3BD7384C43D5,recibida,A,77245,2025-02-12,2025-02-12,ETO1712191GE,Maquinados del Norte SAPI de CV,TIN091214KL3,Talleres Industriales del Norte SA de CV,G03,03,PUE,40141600,Válvulas neumáticas,151.0,408.76,61722.4,9875.58,71597.98,MXN,PO00513,S00028,E00002
95A5E92D-119F-28A0-7E82-47B95ADE7C2F,recibida,A,68673,2025-02-13,2025-02-14,TQX980213KP2,Soldadura Guadalupe S de RL de CV,TIN091214KL3,Talleres Industriales del Norte SA de CV,G03,03,PUE,78101800,Flete local,1.0,7349.9,7349.9,1175.98,8525.88,MXN,PO00331,S00011,E00002
2FA50E24-8ADC-F2FC-C2AA-9CB1E480D6C4,recibida,A,65892,2025-02-13,2025-02-15,UDA130122EPS,Maquinados Monterrey SA de CV,TIN091214KL3,Talleres Industriales del Norte SA de CV,G03,03,PUE,80131500,Renta de montacargas,1.0,201070.0,201070,32171.2,233241.2,MXN,PO00209,S00031,E00002
6FB16AF4-07F3-E6F4-4759-F36D5BBDDF89,recibida,A,4180,2025-02-13,2025-02-14,IQX921208XAR,Industrias Monterrey SA de CV,TIN091214KL3,Talleres Industriales del Norte SA de CV,G03,03,PUE,40141600,Válvulas neumáticas,92.0,174.0,16007.8,2561.25,18569.05,MXN,PO00509,S00030,E00002
CA14D539-EB4A-EA0C-314A-86103136A046,emitida,F,1575,2025-02-13,2025-02-13,TIN091214KL3,Talleres Industriales del Norte SA de CV,AVL190904X3P,Autopartes Guerra SAPI de CV,G01,03,PPD,23271800,Soldadura industrial,1.0,344704.71,344704.71,55152.75,399857.46,MXN,,C00006,E00007
2902B633-3DC1-4C9C-969C-19AB41C9C8FB,recibida,A,80156,2025-02-14,2025-02-14,RHK9801046MV,Suministros Guadalupe SA de CV,TIN091214KL3,Talleres Industriales del Norte SA de CV,G03,03,PPD,78101800,Flete foráneo,1.0,6200.0,6200,992.0,7192.0,MXN,PO00047,S00008,E00002
68AEDB47-F6B0-85E5-DC3F-CECFCB7FD6AD,recibida,A,67589,2025-02-14,2025-02-15,KUA86021592H,Grupo Nuevo León SAPI de CV,TIN091214KL3,Talleres Industriales del Norte SA de CV,G03,03,PPD,30102000,Barra redonda 1018,152.0,103.77,15772.4,2523.58,18295.98,MXN,PO00422,S00021,E00002
9695AE3B-3058-4666-4AF8-EBDDACD4438A,recibida,A,65668,2025-02-17,2025-02-18,FVB020903VNA,Herramientas del Norte SAPI de CV,TIN091214KL3,Talleres Industriales del Norte SA de CV,G03,03,PPD,31161500,Guantes de carnaza,32.0,2293.75,73399.9,11743.98,85143.88,MXN,PO00015,S00016,E00002
EF0D3CB7-53C0-6C39-DE8D-2EA884146EBB,recibida,A,25919,2025-02-17,2025-02-19,KUA86021592H,Grupo Nuevo León SAPI de CV,TIN091214KL3,Talleres Industriales del Norte SA de CV,G03,03,PPD,30102000,Placa de acero A36,111.0,118.2,13119.9,2099.18,15219.08,MXN,PO00301,S00021,E00002
02CBFC60-C8D9-90FC-4B5A-5893E52BF4D3,recibida,A,8730,2025-02-17,2025-02-18,ZKV070614580,Empaques Apodaca SAPI de CV,TIN091214KL3,Talleres Industriales del Norte SA de CV,G03,03,PPD,30102000,Lámina de acero cal. 14,68.0,117.5,7989.9,1278.38,9268.28,MXN,PO00179,S00039,E00002
899FC689-23B7-2BD7-4437-295FE3DEC572,recibida,A,57707,2025-02-17,2025-02-17,OFW920626UHP,Refacciones Industrial S de RL de CV,TIN091214KL3,Talleres Industriales del Norte SA de CV,G03,03,PPD,80101500,Servicio de mantenimiento,1.0,68677.8,68677.8,10988.45,79666.25,MXN,PO00378,S00027,E00002
15BEBB48-37B6-DFC2-458C-3B0982EADFE2,emitida,F,1504,2025-02-17,2025-02-17,TIN091214KL3,Talleres Industriales del Norte SA de CV,OXQ101018OOO,Envases Guerra S de RL de CV,G01,03,PPD,23271800,Maquinado de piezas,1.0,323800.03,323800.03,51808.0,375608.03,MXN,,C00009,E00007
AE29C599-4D69-F5B8-9F47-51B1A43022BD,emitida,F,1516,2025-02-17,2025-02-17,TIN091214KL3,Talleres Industriales del Norte SA de CV,AVW130220VAM,Envases Chapa S de RL de CV,G01,03,PPD,23271800,Corte y doblez,1.0,312516.97,312516.97,50002.72,362519.69,MXN,,C00012,E00007
16CC95BF-2FC1-31B8-F3B7-DB2B61DB052E,emitida,F,1536,2025-02-17,2025-02-17,TIN091214KL3,Talleres Industriales del Norte SA de CV,SVP160304LM6,Envases Elizondo SA de CV,G01,03,PPD,23271800,Maquinado de piezas,1.0,124063.16,124063.16,19850.11,143913.27,MXN,,C00016,E00007
5B33785F-9DDE-4299-6D26-BD017215C1E9,emitida,F,1545,2025-02-17,2025-02-17,TIN091214KL3,Talleres Industriales del Norte SA de CV,IOL031203VT4,Autopartes Guerra S de RL de CV,G01,03,PPD,23271800,Maquinado de piezas,1.0,336481.87,336481.87,53837.1,390318.97,MXN,,C00015,E00007
42EE37FB-EA44-63BC-A9AA-B59EEF5DF0EE,recibida,A,99117,2025-02-19,2025-02-21,POR220413M4Q,Pinturas Guadalupe S de RL de CV,TIN091214KL3,Talleres Industriales del Norte SA de CV,G03,03,PUE,80131500,Renta de montacargas,1.0,3260.5,3260.5,521.68,3782.18,MXN,PO00101,S00036,E00002
AF784D91-D2F5-8BBE-339A-82D754355CC2,recibida,A,62334,2025-02-20,2025-02-20,QJX180308HTS,Refacciones Regiomontana SAPI de CV,TIN091214KL3,Talleres Industriales del Norte SA de CV,G03,03,PUE,78101800,Flete foráneo,1.0,9687.8,9687.8,1550.05,11237.85,MXN,PO00539,S00007,E00002
7CA27803-D769-56AB-7B2F-2B94A93A3DF6,recibida,A,10893,2025-02-21,2025-02-22,RHK9801046MV,Suministros Guadalupe SA de CV,TIN091214KL3,Talleres Industriales del Norte SA de CV,G03,03,PPD,78101800,Maniobras de carga,1.0,12200.5,12200.5,1952.08,14152.58,MXN,PO00054,S00008,E00002
6145AA5F-3EE6-965E-EFB4-339A8CC872A4,recibida,A,20338,2025-02-21,2025-02-21,LNR0211046T5,Pinturas Nuevo León SAPI de CV,TIN091214KL3,Talleres Industriales del Norte SA de CV,G03,03,PPD,30102000,Tubo estructural,164.0,105.79,17350,2776.0,20126.0,MXN,PO00515,S00019,E00002
D1E34E17-F5B8-84D6-AE80-A3C84BD45CF9,recibida,A,72904,2025-02-24,2025-02-26,QLD0604095NT,Metálica San Nicolás SA de CV,TIN091214KL3,Talleres Industriales del Norte SA de CV,G03,03,PUE,80101500,Consultoría de procesos,1.0,23710.0,23710,3793.6,27503.6,MXN,PO00468,S00010,E00002
A5289E6B-3DBA-B496-8885-DB13D39A411E,recibida,A,68834,2025-02-24,2025-02-25,RHK9801046MV,Suministros Guadalupe SA de CV,TIN091214KL3,Talleres Industriales del Norte SA de CV,G03,03,PPD,78101800,Flete foráneo,1.0,5472.4,5472.4,875.58,6347.98,MXN,PO00166,S00008,E00002
A0CDA384-2CEE-5D70-E410-B475C58EEF6D,recibida,A,20537,2025-02-24,2025-02-25,LNR0211046T5,Pinturas Nuevo León SAPI de CV,TIN091214KL3,Talleres Industriales del Norte SA de CV,G03,03,PPD,30102000,Barra redonda 1018,119.0,140.15,16677.8,2668.45,19346.25,MXN,PO00147,S00019,E00002
AE6D026D-7682-D29B-B08B-901C87247910,recibida,A,54168,2025-02-24,2025-02-24,YZN920101669,Neumática Industrial S de RL de CV,TIN091214KL3,Talleres Industriales del Norte SA de CV,G03,03,PPD,40141600,Sellos hidráulicos,93.0,166.69,15502.4,2480.38,17982.78,MXN,PO00082,S00020,E00002
0B863E96-7326-F8AD-52FC-DC224C01A766,emitida,F,1554,2025-02-24,2025-02-24,TIN091214KL3,Talleres Industriales del Norte SA de CV,QBN900325RYY,Envases Hernández SAPI de CV,G01,03,PPD,23271800,Soldadura industrial,1.0,200623.3,200623.3,32099.73,232723.03,MXN,,C00008,E00007
AF96D07D-64C0-D64C-6D40-6401A324EF1F,emitida,F,1606,2025-02-24,2025-02-24,TIN091214KL3,Talleres Industriales del Norte SA de CV,NBX010517L3O,Envases Quintanilla S de RL de CV,G01,03,PPD,23271800,Soldadura industrial,1.0,110773.86,110773.86,17723.82,128497.68,MXN,,C00017,E00007
097BB32D-F437-462B-4E00-040E939B484B,recibida,A,6628,2025-02-26,2025-02-27,RYY210726M9I,Metálica del Norte S de RL de CV,TIN091214KL3,Talleres Industriales del Norte SA de CV,G03,03,PPD,80131500,Servicio de energía,1.0,22960.0,22960,3673.6,26633.6,MXN,PO00377,S00015,E00002
2EE87329-9EBE-BDDF-FBDA-5321F6F7E3CC,recibida,A,66558,2025-02-26,2025-02-27,NOR190111MKV,Refacciones Santa Catarina S de RL de CV,TIN091214KL3,Talleres Industriales del Norte SA de CV,G03,03,PPD,40141600,Válvulas neumáticas,132.0,56.29,7429.9,1188.78,8618.68,MXN,PO00330,S00022,E00002
2264E054-1B22-73B5-620B-46B7F8E24B08,recibida,A,9683,2025-02-27,2025-02-28,QJX180308HTS,Refacciones Regiomontana SAPI de CV,TIN091214KL3,Talleres Industriales del Norte SA de CV,G03,03,PUE,78101800,Flete foráneo,1.0,3790.0,3790,606.4,4396.4,MXN,PO00020,S00007,E00002
CA5B4B58-F788-6084-E0C3-A7DBFE029017,recibida,A,1347,2025-02-28,2025-03-02,EJM1706048OE,Servicios Santa Catarina SAPI de CV,TIN091214KL3,Talleres Industriales del Norte SA de CV,G03,03,PPD,40141600,Válvulas neumáticas,189.0,132.43,25030,4004.8,29034.8,MXN,PO00186,S00032,E00002
69AE690B-22F8-6E73-22F8-85BD4F66F5C8,recibida,A,42313,2025-02-28,2025-02-28,KUA86021592H,Grupo Nuevo León SAPI de CV,TIN091214KL3,Talleres Industriales del Norte SA de CV,G03,03,PPD,30102000,Tubo estructural,142.0,172.61,24510,3921.6,28431.6,MXN,PO00351,S00021,E00002
C44ACBE2-35E9-E530-DCA3-A692BF5F940F,recibida,A,69883,2025-02-28,2025-03-02,POR220413M4Q,Pinturas Guadalupe S de RL de CV,TIN091214KL3,Talleres Industriales del Norte SA de CV,G03,03,PPD,80131500,Renta de nave industrial,1.0,13799.9,13799.9,2207.98,16007.88,MXN,PO00334,S00036,E00002
8D4FCA31-2D92-946B-D931-201A1905D63A,emitida,F,1520,2025-02-28,2025-02-28,TIN091214KL3,Talleres Industriales del Norte SA de CV,XVS9502132UY,Autopartes Quintanilla S de RL de CV,G01,03,PPD,23271800,Maquinado de piezas,1.0,389035.4,389035.4,62245.66,451281.06,MXN,,C00004,E00007
FFA38FCA-CC20-FB39-DCD0-BC5E57760985,emitida,F,1647,2025-02-28,2025-02-28,TIN091214KL3,Talleres Industriales del Norte SA de CV,RSR9508062P4,Grupo Martínez SA de CV,G01,03,PPD,23271800,Soldadura industrial,1.0,386293.93,386293.93,61807.03,448100.96,MXN,,C00018,E00007
88D1BDB7-3AB8-F085-003E-9DC9576C7163,recibida,A,77370,2025-03-03,2025-03-04,RYY210726M9I,Metálica del Norte S de RL de CV,TIN091214KL3,Talleres Industriales del Norte SA de CV,G03,03,PUE,80131500,Servicio de energía,1.0,12362.4,12362.4,1977.98,14340.38,MXN,PO00464,S00015,E00002
1F67235E-44C2-D02C-FC43-1B65E9350614,recibida,A,39595,2025-03-03,2025-03-04,TQX980213KP2,Soldadura Guadalupe S de RL de CV,TIN091214KL3,Talleres Industriales del Norte SA de CV,G03,03,PUE,78101800,Flete foráneo,1.0,11170.0,11170,1787.2,12957.2,MXN,PO00336,S00011,E00002
0412A224-ED5E-20FF-B8CE-2F58896C2696,recibida,A,76054,2025-03-03,2025-03-04,QLD0604095NT,Metálica San Nicolás SA de CV,TIN091214KL3,Talleres Industriales del Norte SA de CV,G03,03,PUE,80101500,Servicio de mantenimiento,1.0,43002.4,43002.4,6880.38,49882.78,MXN,PO00284,S00010,E00002
A21D14C5-D3E6-5BE2-A498-ABF895C45DF8,recibida,A,10681,2025-03-03,2025-03-05,RHK9801046MV,Suministros Guadalupe SA de CV,TIN091214KL3,Talleres Industriales del Norte SA de CV,G03,03,PPD,78101800,Maniobras de carga,1.0,5182.4,5182.4,829.18,6011.58,MXN,PO00086,S00008,E00002
312F1F1A-D992-ED93-1A7B-F5688CAAC992,recibida,A,4646,2025-03-03,2025-03-05,FVB020903VNA,Herramientas del Norte SAPI de CV,TIN091214KL3,Talleres Industriales del Norte SA de CV,G03,03,PPD,31161500,Discos de corte,167.0,213.88,35717.8,5714.85,41432.65,MXN,PO00178,S00016,E00002
F6231792-DA92-4590-D40D-ED0FB0A2BDB2,recibida,A,79310,2025-03-03,2025-03-04,LNR0211046T5,Pinturas Nuevo León SAPI de CV,TIN091214KL3,Talleres Industriales del Norte SA de CV,G03,03,PUE,30102000,Tubo estructural,73.0,103.43,7550.5,1208.08,8758.58,MXN,PO00339,S00019,E00002
2207EA4B-C524-1DC7-749A-77710071AA95,recibida,A,6833,2025-03-03,2025-03-05,MKD060428P24,Suministros Guadalupe SA de CV,TIN091214KL3,Talleres Industriales del Norte SA de CV,G03,03,PUE,40141600,Sellos hidráulicos,101.0,630.9,63720.5,10195.28,73915.78,MXN,PO00388,S00023,E00002
A1732AE4-4655-FE42-085C-417D54DC855F,emitida,F,1537,2025-03-03,2025-03-03,TIN091214KL3,Talleres Industriales del Norte SA de CV,SVP160304LM6,Envases Elizondo SA de CV,G01,03,PPD,23271800,Soldadura industrial,1.0,373192.52,373192.52,59710.8,432903.32,MXN,,C00016,E00007
A32949CD-E374-ABA4-0986-E652774D9F80,recibida,A,31628,2025-03-06,2025-03-06,QLD0604095NT,Metálica San Nicolás SA de CV,TIN091214KL3,Talleres Industriales del Norte SA de CV,G03,03,PPD,80101500,Consultoría de procesos,1.0,24800.5,24800.5,3968.08,28768.58,MXN,PO00231,S00010,E00002
8CD76330-0863-060F-9F18-799B8B53ED6B,recibida,A,11745,2025-03-06,2025-03-06,EJM1706048OE,Servicios Santa Catarina SAPI de CV,TIN091214KL3,Talleres Industriales del Norte SA de CV,G03,03,PUE,40141600,Motor eléctrico 5HP,9.0,1213.6,10922.4,1747.58,12669.98,MXN,PO00046,S00032,E00002
EDD9170A-DED0-5C09-CF0C-220AA650C3AE,recibida,A,64914,2025-03-07,2025-03-07,RHK9801046MV,Suministros Guadalupe SA de CV,TIN091214KL3,Talleres Industriales del Norte SA de CV,G03,03,PUE,78101800,Flete local,1.0,9429.9,9429.9,1508.78,10938.68,MXN,PO00298,S00008,E00002
69CAB6B1-A2BC-00E3-A37B-F7A47CF7F10D,recibida,A,21627,2025-03-07,2025-03-08,LNR0211046T5,Pinturas Nuevo León SAPI de CV,TIN091214KL3,Talleres Industriales del Norte SA de CV,G03,03,PPD,30102000,Tubo estructural,168.0,105.6,17740.5,2838.48,20578.98,MXN,PO00502,S00019,E00002
196A26D8-E864-7898-CCAD-EA60D73074B7,recibida,A,20949,2025-03-07,2025-03-07,POR220413M4Q,Pinturas Guadalupe S de RL de CV,TIN091214KL3,Talleres Industriales del Norte SA de CV,G03,03,PUE,80131500,Renta de nave industrial,1.0,10750.0,10750,1720.0,12470.0,MXN,PO00245,S00036,E00002
7C2FF658-BD06-397A-AA15-73C572C896B8,recibida,A,28877,2025-03-10,2025-03-12,NOR190111MKV,Refacciones Santa Catarina S de RL de CV,TIN091214KL3,Talleres Industriales del Norte SA de CV,G03,03,PPD,40141600,Motor eléctrico 5HP,51.0,305.49,15580,2492.8,18072.8,MXN,PO00200,S00022,E00002
D346ACF6-5EA6-9EFA-0C04-78144437BA94,recibida,A,69557,2025-03-10,2025-03-10,IXR870809SKC,Electrónica del Norte S de RL de CV,TIN091214KL3,Talleres Industriales del Norte SA de CV,G03,03,PPD,78101800,Flete foráneo,1.0,7857.8,7857.8,1257.25,9115.05,MXN,PO00176,S00012,E00002
9293C4AB-491A-D859-FD90-F7C94091B454,recibida,A,18088,2025-03-10,2025-03-12,FWD180424QZI,Pinturas Escobedo S de RL de CV,TIN091214KL3,Talleres Industriales del Norte SA de CV,G03,03,PUE,40141600,Sellos hidráulicos,155.0,120.14,18622.4,2979.58,21601.98,MXN,PO00537,S00035,E00002
9588A3C9-FDED-72D9-42E3-D19CBEB8786D,recibida,A,50819,2025-03-10,2025-03-10,JDT8809104XZ,Empaques del Norte SAPI de CV,TIN091214KL3,Talleres Industriales del Norte SA de CV,G03,03,PUE,80101500,Consultoría de procesos,1.0,57042.4,57042.4,9126.78,66169.18,MXN,PO00495,S00013,E00002
EFDF20BE-15E0-E401-6169-C33FE472083B,emitida,F,1607,2025-03-10,2025-03-10,TIN091214KL3,Talleres Industriales del Norte SA de CV,NBX010517L3O,Envases Quintanilla S de RL de CV,G01,03,PPD,23271800,Fabricación de estructura,1.0,122935.15,122935.15,19669.62,142604.77,MXN,,C00017,E00007
77624F78-C16B-6C7E-EABC-AD2AC70A11D5,emitida,F,1616,2025-03-10,2025-03-10,TIN091214KL3,Talleres Industriales del Norte SA de CV,CSM870728H9S,Grupo Quintanilla S de RL de CV,G01,03,PPD,23271800,Soldadura industrial,1.0,86479.83,86479.83,13836.77,100316.6,MXN,,C00001,E00007
9A58E1C2-8D7C-AD40-F6BE-CB57F7543DF7,recibida,A,30543,2025-03-11,2025-03-11,JCY220225DEO,Soldadura Regiomontana S de RL de CV,TIN091214KL3,Talleres Industriales del Norte SA de CV,G03,03,PPD,31161500,Electrodos 6013,117.0,348.89,40820.5,6531.28,47351.78,MXN,PO00355,S00029,E00002
7FD747C0-BE38-3B75-E969-47A1F45D663E,recibida,A,8463,2025-03-11,2025-03-12,KGD1808073H9,Transportes Industrial S de RL de CV,TIN091214KL3,Talleres Industriales del Norte SA de CV,G03,03,PUE,40141600,Rodamientos SKF,155.0,253.73,39327.8,6292.45,45620.25,MXN,PO00094,S00024,E00002
833EE207-6790-FAE7-FBA4-5D05F152B60A,recibida,A,35056,2025-03-12,2025-03-13,MKD060428P24,Suministros Guadalupe SA de CV,TIN091214KL3,Talleres Industriales del Norte SA de CV,G03,03,PUE,40141600,Válvulas neumáticas,150.0,384.6,57689.9,9230.38,66920.28,MXN,PO00448,S00023,E00002
4806BF82-94D2-F5DE-BC5F-68A837B8C17A,emitida,F,1538,2025-03-12,2025-03-12,TIN091214KL3,Talleres Industriales del Norte SA de CV,LED040311C11,Construcciones Martínez SAPI de CV,G01,03,PPD,23271800,Corte y doblez,1.0,273032.63,273032.63,43685.22,316717.85,MXN,,C00005,E00007
8BA92943-63F6-FA72-0733-495702E93EE6,recibida,A,88328,2025-03-13,2025-03-14,FWD180424QZI,Pinturas Escobedo S de RL de CV,TIN091214KL3,Talleres Industriales del Norte SA de CV,G03,03,PPD,40141600,Sellos hidráulicos,128.0,70.25,8992.4,1438.78,10431.18,MXN,PO00293,S00035,E00002
6E2FBF29-18FD-BB81-4D21-2A8EE195FE0F,emitida,F,1553,2025-03-13,2025-03-13,TIN091214KL3,Talleres Industriales del Norte SA de CV,QBN900325RYY,Envases Hernández SAPI de CV,G01,03,PPD,23271800,Maquinado de piezas,1.0,270387.29,270387.29,43261.97,313649.26,MXN,,C00008,E00007
0EB2DA21-DF56-69EF-AB26-3D1B5C5CD90A,recibida,A,92849,2025-03-14,2025-03-16,HSA170302L56,Distribuidora del Norte S de RL de CV,TIN091214KL3,Talleres Industriales del Norte SA de CV,G03,03,PUE,80131500,Renta de montacargas,1.0,39592.4,39592.4,6334.78,45927.18,MXN,PO00093,S00005,E00002
27693E9F-435F-A8CB-FBF4-F9FC088EDC17,recibida,A,46830,2025-03-14,2025-03-14,JCY220225DEO,Soldadura Regiomontana S de RL de CV,TIN091214KL3,Talleres Industriales del Norte SA de CV,G03,03,PPD,31161500,Solvente industrial,110.0,782.02,86022.4,13763.58,99785.98,MXN,PO00352,S00029,E00002
8087CFCD-290A-1413-6AE0-7F6F1C648101,recibida,A,44967,2025-03-14,2025-03-14,ETO1712191GE,Maquinados del Norte SAPI de CV,TIN091214KL3,Talleres Industriales del Norte SA de CV,G03,03,PUE,40141600,Válvulas neumáticas,30.0,1601.26,48037.8,7686.05,55723.85,MXN,PO00171,S00028,E00002
DE245710-DB14-8597-1D59-7E05F2112C0B,recibida,A,96092,2025-03-17,2025-03-19,BRG980912TE9,Ferretera Guadalupe S de RL de CV,TIN091214KL3,Talleres Industriales del Norte SA de CV,G03,03,PUE,80101500,Servicios de limpieza,1.0,9957.8,9957.8,1593.25,11551.05,MXN,PO00368,S00002,E00002
8C7AD216-E124-E9EF-6C98-0155B3142567,emitida,F,1573,2025-03-17,2025-03-17,TIN091214KL3,Talleres Industriales del Norte SA de CV,AVL190904X3P,Autopartes Guerra SAPI de CV,G01,03,PPD,23271800,Maquinado de piezas,1.0,42107.62,42107.62,6737.22,48844.84,MXN,,C00006,E00007
AE4EB627-971A-CC18-8770-BD0D3EB5D0C8,emitida,F,1617,2025-03-17,2025-03-17,TIN091214KL3,Talleres Industriales del Norte SA de CV,CSM870728H9S,Grupo Quintanilla S de RL de CV,G01,03,PPD,23271800,Maquinado de piezas,1.0,312432.79,312432.79,49989.25,362422.04,MXN,,C00001,E00007
6A910736-ED3C-3BB2-29B1-B66D75DE4E6D,emitida,F,1639,2025-03-17,2025-03-17,TIN091214KL3,Talleres Industriales del Norte SA de CV,RSR9508062P4,Grupo Martínez SA de CV,G01,03,PPD,23271800,Soldadura industrial,1.0,138616.83,138616.83,22178.69,160795.52,MXN,,C00018,E00007
B86DF018-C1D5-49B5-4525-590EFBDA9C15,recibida,A,88356,2025-03-18,2025-03-20,TQX980213KP2,Soldadura Guadalupe S de RL de CV,TIN091214KL3,Talleres Industriales del Norte SA de CV,G03,03,PUE,78101800,Flete local,1.0,4910.5,4910.5,785.68,5696.18,MXN,PO00223,S00011,E00002
4BE588CB-6193-0019-37F9-242BF84FEB85,recibida,A,50020,2025-03-18,2025-03-18,EVO0907049MQ,Hidráulica Nuevo León SAPI de CV,TIN091214KL3,Talleres Industriales del Norte SA de CV,G03,03,PPD,30102000,Perfil PTR 2x2,111.0,85.7,9512.4,1521.98,11034.38,MXN,PO00471,S00009,E00002
9F140BC1-F593-9946-5AFD-94A70C05C3B6,recibida,A,77072,2025-03-18,2025-03-20,FWD180424QZI,Pinturas Escobedo S de RL de CV,TIN091214KL3,Talleres Industriales del Norte SA de CV,G03,03,PPD,40141600,Bandas industriales,115.0,102.89,11832.4,1893.18,13725.58,MXN,PO00190,S00035,E00002
66F9F6FC-EBCA-FCD2-04D9-A2C761F4A9A1,recibida,A,37320,2025-03-18,2025-03-20,MKD060428P24,Suministros Guadalupe SA de CV,TIN091214KL3,Talleres Industriales del Norte SA de CV,G03,03,PPD,40141600,Motor eléctrico 5HP,71.0,421.13,29899.9,4783.98,34683.88,MXN,PO00504,S00023,E00002
DF195C4D-7145-F6BC-3172-DDA8B9B15585,recibida,A,66357,2025-03-19,2025-03-19,KGD1808073H9,Transportes Industrial S de RL de CV,TIN091214KL3,Talleres Industriales del Norte SA de CV,G03,03,PPD,40141600,Sellos hidráulicos,69.0,356.09,24570.5,3931.28,28501.78,MXN,PO00450,S00024,E00002
A452532B-E17D-8AB3-4F22-913A0F7978B6,recibida,A,81138,2025-03-19,2025-03-19,MKD060428P24,Suministros Guadalupe SA de CV,TIN091214KL3,Talleres Industriales del Norte SA de CV,G03,03,PUE,40141600,Motor eléctrico 5HP,71.0,1383.38,98219.9,15715.18,113935.08,MXN,PO00057,S00023,E00002
21739B4E-3BBC-8806-CA0C-7686E315358C,emitida,F,1633,2025-03-19,2025-03-19,TIN091214KL3,Talleres Industriales del Norte SA de CV,YRB930321HU5,Construcciones Sada S de RL de CV,G01,03,PPD,23271800,Soldadura industrial,1.0,80834.56,80834.56,12933.53,93768.09,MXN,,C00014,E00007
5223235F-1011-E03C-3BC8-F72528D01B73,recibida,A,48120,2025-03-20,2025-03-21,NOR190111MKV,Refacciones Santa Catarina S de RL de CV,TIN091214KL3,Talleres Industriales del Norte SA de CV,G03,03,PPD,40141600,Sellos hidráulicos,129.0,134.13,17302.4,2768.38,20070.78,MXN,PO00346,S00022,E00002
224D3032-7AE7-46A5-BD00-BDA01048A51E,recibida,A,26995,2025-03-24,2025-03-25,WRV860316MF8,Servicios Nuevo León SA de CV,TIN091214KL3,Talleres Industriales del Norte SA de CV,G03,03,PPD,31161500,Electrodos 6013,104.0,387.02,40249.9,6439.98,46689.88,MXN,PO00322,S00038,E00002
46523CF3-D099-5C33-D51C-F2FEF9F23CD8,recibida,A,83552,2025-03-24,2025-03-25,FVB020903VNA,Herramientas del Norte SAPI de CV,TIN091214KL3,Talleres Industriales del Norte SA de CV,G03,03,PPD,31161500,Electrodos 6013,189.0,143.16,27057.8,4329.25,31387.05,MXN,PO00369,S00016,E00002
C1C8D207-B7A1-07F9-59B2-C0D9815FBF41,recibida,A,46120,2025-03-24,2025-03-25,EVO0907049MQ,Hidráulica Nuevo León SAPI de CV,TIN091214KL3,Talleres Industriales del Norte SA de CV,G03,03,PUE,30102000,Tubo estructural,9.0,2298.89,20690,3310.4,24000.4,MXN,PO00443,S00009,E00002
52081DE2-FA84-6D4C-F00A-0E4DA4DF27C3,recibida,A,58694,2025-03-24,2025-03-24,ZKV070614580,Empaques Apodaca SAPI de CV,TIN091214KL3,Talleres Industriales del Norte SA de CV,G03,03,PPD,30102000,Perfil PTR 2x2,147.0,85.77,12607.8,2017.25,14625.05,MXN,PO00329,S00039,E00002
F68EBA45-24DF-16FE-A290-20D8A3315B40,recibida,A,68543,2025-03-24,2025-03-26,SNS0502149TX,Pinturas Guadalupe S de RL de CV,TIN091214KL3,Talleres Industriales del Norte SA de CV,G03,03,PPD,40141600,Bandas industriales,46.0,363.65,16727.8,2676.45,19404.25,MXN,PO00333,S00040,E00002
C4C4C700-2053-DF44-7707-1F7039117456,recibida,A,15889,2025-03-24,2025-03-24,MKD060428P24,Suministros Guadalupe SA de CV,TIN091214KL3,Talleres Industriales del Norte SA de CV,G03,03,PUE,40141600,Rodamientos SKF,174.0,200.85,34947.8,5591.65,40539.45,MXN,PO00481,S00023,E00002
DCD749F1-8C3E-D2A2-AB83-732152BA9560,recibida,A,95219,2025-03-24,2025-03-24,GER160625BPR,Maquinados Regiomontana S de RL de CV,TIN091214KL3,Talleres Industriales del Norte SA de CV,G03,03,PPD,31161500,Solvente industrial,51.0,369.02,18820.2,3011.23,21831.43,MXN,PO00174,S00004,E00002
73938CAE-53DD-4022-E24E-34BB9FB127CA,recibida,A,88538,2025-03-25,2025-03-27,FVB020903VNA,Herramientas del Norte SAPI de CV,TIN091214KL3,Talleres Industriales del Norte SA de CV,G03,03,PUE,31161500,Discos de corte,199.0,217.34,43250.5,6920.08,50170.58,MXN,PO00367,S00016,E00002
00E6E561-0DE0-FD2E-FF45-012ED1B9B457,emitida,F,1556,2025-03-25,2025-03-25,TIN091214KL3,Talleres Industriales del Norte SA de CV,QBN900325RYY,Envases Hernández SAPI de CV,G01,03,PPD,23271800,Soldadura industrial,1.0,289998.11,289998.11,46399.7,336397.81,MXN,,C00008,E00007
F0DB62D4-DC5B-AD91-9867-C0BC4C101C6F,recibida,A,31957,2025-03-27,2025-03-27,PPK23090228I,Metálica del Norte SA de CV,TIN091214KL3,Talleres Industriales del Norte SA de CV,G03,03,PUE,40141600,Bandas industriales,68.0,1111.14,75557.8,12089.25,87647.05,MXN,PO00255,S00017,E00002
CDB0B572-9686-8785-4CEB-AEB965C35BB2,recibida,A,78338,2025-03-27,2025-03-27,JCY220225DEO,Soldadura Regiomontana S de RL de CV,TIN091214KL3,Talleres Industriales del Norte SA de CV,G03,01,PPD,31161500,Brocas HSS,70.0,18.67,1306.58,209.05,1515.63,MXN,PO00365,S00029,E00002
CEB46C9A-B7D9-30D9-462A-14A0A2F4F723,recibida,A,66870,2025-03-31,2025-03-31,HSA170302L56,Distribuidora del Norte S de RL de CV,TIN091214KL3,Talleres Industriales del Norte SA de CV,G03,03,PUE,80131500,Renta de nave industrial,1.0,51150.5,51150.5,8184.08,59334.58,MXN,PO00240,S00005,E00002
A74D52C3-9E5C-2563-3D9B-D5C5DA5C0757,recibida,A,80704,2025-03-31,2025-04-01,RHK9801046MV,Suministros Guadalupe SA de CV,TIN091214KL3,Talleres Industriales del Norte SA de CV,G03,03,PUE,78101800,Flete foráneo,1.0,8050.5,8050.5,1288.08,9338.58,MXN,PO00250,S00008,E00002
BF908686-CD4B-DA27-D467-83392672D903,recibida,A,57997,2025-03-31,2025-03-31,RHK9801046MV,Suministros Guadalupe SA de CV,TIN091214KL3,Talleres Industriales del Norte SA de CV,G03,03,PPD,78101800,Flete local,1.0,5932.4,5932.4,949.18,6881.58,MXN,PO00482,S00008,E00002
42556041-F5B2-AEEB-CA36-FF192F72F5F3,recibida,A,83440,2025-03-31,2025-04-01,EJM1706048OE,Servicios Santa Catarina SAPI de CV,TIN091214KL3,Talleres Industriales del Norte SA de CV,G03,03,PUE,40141600,Válvulas neumáticas,134.0,63.57,8517.8,1362.85,9880.65,MXN,PO00142,S00032,E00002
0D31216D-EE08-543E-66D9-6A6B0E005F87,recibida,A,18615,2025-03-31,2025-03-31,TYC9409017QY,Hidráulica Industrial S de RL de CV,TIN091214KL3,Talleres Industriales del Norte SA de CV,G03,03,PPD,80101500,Servicios de limpieza,1.0,33582.4,33582.4,5373.18,38955.58,MXN,PO00392,S00006,E00002
97AAAB06-40E4-0862-ADBF-6052E6DA7BF2,recibida,A,28588,2025-03-31,2025-03-31,LNR0211046T5,Pinturas Nuevo León SAPI de CV,TIN091214KL3,Talleres Industriales del Norte SA de CV,G03,03,PPD,30102000,Barra redonda 1018,22.0,659.11,14500.5,2320.08,16820.58,MXN,PO00155,S00019,E00002
E37D36B1-CF65-17B5-FA38-03580E59E2FD,recibida,A,80636,2025-03-31,2025-04-01,FWD180424QZI,Pinturas Escobedo S de RL de CV,TIN091214KL3,Talleres Industriales del Norte SA de CV,G03,03,PPD,40141600,Motor eléctrico 5HP,67.0,96.12,6440,1030.4,7470.4,MXN,PO00004,S00035,E00002
BD02CFCB-F015-A73F-B787-B851D3A2F5DF,emitida,F,1514,2025-03-31,2025-03-31,TIN091214KL3,Talleres Industriales del Norte SA de CV,AVW130220VAM,Envases Chapa S de RL de CV,G01,03,PPD,23271800,Fabricación de estructura,1.0,113946.3,113946.3,18231.41,132177.71,MXN,,C00012,E00007
3794B95F-738D-8E73-9C1F-7FA8AB0BDE68,emitida,F,1529,2025-03-31,2025-03-31,TIN091214KL3,Talleres Industriales del Norte SA de CV,XVS9502132UY,Autopartes Quintanilla S de RL de CV,G01,03,PPD,23271800,Corte y doblez,1.0,337695.27,337695.27,54031.24,391726.51,MXN,,C00004,E00007
6C67A2DE-0366-BE75-C4BA-954AE87D1BB6,emitida,F,1619,2025-03-31,2025-03-31,TIN091214KL3,Talleres Industriales del Norte SA de CV,CSM870728H9S,Grupo Quintanilla S de RL de CV,G01,03,PPD,23271800,Maquinado de piezas,1.0,149581.95,149581.95,23933.11,173515.06,MXN,,C00001,E00007
DBA3C906-17FE-7429-A781-F2407CD56811,recibida,A,26340,2025-04-01,2025-04-03,JCY220225DEO,Soldadura Regiomontana S de RL de CV,TIN091214KL3,Talleres Industriales del Norte SA de CV,G03,03,PPD,31161500,Solvente industrial,107.0,718.5,76879.9,12300.78,89180.68,MXN,PO00373,S00029,E00002
B6CFD5AA-E152-E01D-4A14-E44FB855F18D,recibida,A,61660,2025-04-01,2025-04-02,RHK9801046MV,Suministros Guadalupe SA de CV,TIN091214KL3,Talleres Industriales del Norte SA de CV,G03,03,PPD,78101800,Flete local,1.0,6210.0,6210,993.6,7203.6,MXN,PO00291,S00008,E00002
DDAA1F92-C017-665D-909A-2CE1AE3C6FC1,recibida,A,50544,2025-04-01,2025-04-01,GIG1908016AL,Ferretera Santa Catarina SAPI de CV,TIN091214KL3,Talleres Industriales del Norte SA de CV,G03,03,PPD,31161500,Electrodos 6013,25.0,6735.7,168392.4,26942.78,195335.18,MXN,PO00106,S00018,E00002
E795BD2A-A84B-39AE-8C11-7FCFA34DFAA9,recibida,A,43256,2025-04-01,2025-04-03,RGL990201RM6,Gestoría y Enlace Santa Catarina S de RL de CV,TIN091214KL3,Talleres Industriales del Norte SA de CV,G03,03,PUE,80101500,Servicios de gestión y enlace comercial,1.0,64000.0,64000,10240.0,74240.0,MXN,PO00219,S00034,E00002
F4828865-1412-0185-D880-E0C0F49006CF,recibida,A,15742,2025-04-03,2025-04-03,FWD180424QZI,Pinturas Escobedo S de RL de CV,TIN091214KL3,Talleres Industriales del Norte SA de CV,G03,03,PPD,40141600,Bandas industriales,5.0,3137.56,15687.8,2510.05,18197.85,MXN,PO00500,S00035,E00002
92942BC8-E49F-F0FC-4D4D-9E9C4B2DAEA8,recibida,A,84277,2025-04-04,2025-04-04,TYC9409017QY,Hidráulica Industrial S de RL de CV,TIN091214KL3,Talleres Industriales del Norte SA de CV,G03,03,PUE,80101500,Capacitación,1.0,29570.5,29570.5,4731.28,34301.78,MXN,PO00249,S00006,E00002
5E5F6A23-0559-9F20-A610-3DE24DC7622B,emitida,F,1594,2025-04-04,2025-04-04,TIN091214KL3,Talleres Industriales del Norte SA de CV,KIP8808101ID,Autopartes Chapa SAPI de CV,G01,03,PPD,23271800,Soldadura industrial,1.0,129647.57,129647.57,20743.61,150391.18,MXN,,C00003,E00007
A5BC2EBA-CA03-2526-47D9-815CA134A478,recibida,A,7332,2025-04-07,2025-04-07,ZKV070614580,Empaques Apodaca SAPI de CV,TIN091214KL3,Talleres Industriales del Norte SA de CV,G03,03,PPD,30102000,Perfil PTR 2x2,110.0,123.34,13567.8,2170.85,15738.65,MXN,PO00131,S00039,E00002
8BE84F09-59C0-D4F8-B6EB-F0FA7E695728,recibida,A,69368,2025-04-07,2025-04-07,FWD180424QZI,Pinturas Escobedo S de RL de CV,TIN091214KL3,Talleres Industriales del Norte SA de CV,G03,03,PUE,40141600,Motor eléctrico 5HP,123.0,76.97,9467.8,1514.85,10982.65,MXN,PO00145,S00035,E00002
63C97B34-6CA3-4DD3-0C7F-2218ECD150C1,emitida,F,1602,2025-04-07,2025-04-07,TIN091214KL3,Talleres Industriales del Norte SA de CV,NBX010517L3O,Envases Quintanilla S de RL de CV,G01,03,PPD,23271800,Corte y doblez,1.0,352141.46,352141.46,56342.63,408484.09,MXN,,C00017,E00007
28102817-0D97-9313-55E6-545D38271C18,recibida,A,25785,2025-04-07,2025-04-07,PQK190120RM2,Industrias del Norte S de RL de CV,TIN091214KL3,Talleres Industriales del Norte SA de CV,G03,03,PPD,80101500,Consultoría estratégica,1.0,150000.0,150000,24000.0,174000.0,MXN,PO00432,S00003,E00002
E3A8B231-42DC-8EE0-70CF-1EF08B658718,recibida,A,20327,2025-04-08,2025-04-08,TQX980213KP2,Soldadura Guadalupe S de RL de CV,TIN091214KL3,Talleres Industriales del Norte SA de CV,G03,03,PPD,78101800,Maniobras de carga,1.0,10760.5,10760.5,1721.68,12482.18,MXN,PO00246,S00011,E00002
70488E85-C33C-48D8-9340-7FC01919E15B,recibida,A,65831,2025-04-09,2025-04-11,RYY210726M9I,Metálica del Norte S de RL de CV,TIN091214KL3,Talleres Industriales del Norte SA de CV,G03,03,PPD,80131500,Renta de montacargas,1.0,28760.5,28760.5,4601.68,33362.18,MXN,PO00135,S00015,E00002
4A3EBB6D-FBEF-EBCA-EF5E-BC3EB645DD72,recibida,A,68532,2025-04-09,2025-04-09,YZN920101669,Neumática Industrial S de RL de CV,TIN091214KL3,Talleres Industriales del Norte SA de CV,G03,03,PPD,40141600,Rodamientos SKF,192.0,101.16,19422.4,3107.58,22529.98,MXN,PO00391,S00020,E00002
CFC18B2B-11FD-C8B4-9D71-D5EC9E8B5B4E,emitida,F,1608,2025-04-09,2025-04-09,TIN091214KL3,Talleres Industriales del Norte SA de CV,NBX010517L3O,Envases Quintanilla S de RL de CV,G01,03,PPD,23271800,Soldadura industrial,1.0,289257.22,289257.22,46281.16,335538.38,MXN,,C00017,E00007
95B323DE-CFEE-6958-C9CD-FFC3CE3E94F8,recibida,A,45482,2025-04-10,2025-04-12,RYY210726M9I,Metálica del Norte S de RL de CV,TIN091214KL3,Talleres Industriales del Norte SA de CV,G03,03,PUE,80131500,Servicio de energía,1.0,45159.9,45159.9,7225.58,52385.48,MXN,PO00201,S00015,E00002
81EBFA28-7034-B860-59A4-29B8CDDE76C0,recibida,A,52806,2025-04-10,2025-04-11,JDT8809104XZ,Empaques del Norte SAPI de CV,TIN091214KL3,Talleres Industriales del Norte SA de CV,G03,03,PPD,80101500,Servicios de limpieza,1.0,45420.5,45420.5,7267.28,52687.78,MXN,PO00044,S00013,E00002
F9C64C08-3E5D-3272-E67E-86E51E33E788,recibida,A,84620,2025-04-11,2025-04-13,IXR870809SKC,Electrónica del Norte S de RL de CV,TIN091214KL3,Talleres Industriales del Norte SA de CV,G03,03,PPD,78101800,Maniobras de carga,1.0,11492.4,11492.4,1838.78,13331.18,MXN,PO00328,S00012,E00002
B564F934-FC99-3E8E-2751-1B5230E9B658,emitida,F,1534,2025-04-11,2025-04-11,TIN091214KL3,Talleres Industriales del Norte SA de CV,SVP160304LM6,Envases Elizondo SA de CV,G01,03,PPD,23271800,Corte y doblez,1.0,262594.05,262594.05,42015.05,304609.1,MXN,,C00016,E00007
2982DF3B-D4B4-ED65-6847-9968666231EF,recibida,A,2585,2025-04-11,2025-04-12,RGL990201RM6,Gestoría y Enlace Santa Catarina S de RL de CV,TIN091214KL3,Talleres Industriales del Norte SA de CV,G03,03,PPD,80101500,Servicios de gestión y enlace comercial,1.0,64000.0,64000,10240.0,74240.0,MXN,PO00061,S00034,E00002
8AAFD712-C7C2-671F-C431-7101F69A86C4,recibida,A,60004,2025-04-14,2025-04-15,QLD0604095NT,Metálica San Nicolás SA de CV,TIN091214KL3,Talleres Industriales del Norte SA de CV,G03,03,PPD,80101500,Consultoría de procesos,1.0,44467.8,44467.8,7114.85,51582.65,MXN,PO00236,S00010,E00002
A853DA43-FB1E-F2E3-1092-F06D3809753F,emitida,F,1526,2025-04-14,2025-04-14,TIN091214KL3,Talleres Industriales del Norte SA de CV,XVS9502132UY,Autopartes Quintanilla S de RL de CV,G01,03,PPD,23271800,Fabricación de estructura,1.0,111223.97,111223.97,17795.84,129019.81,MXN,,C00004,E00007
BC9D64ED-0E02-8B42-C8A3-EBD1BC73153E,emitida,F,1585,2025-04-14,2025-04-14,TIN091214KL3,Talleres Industriales del Norte SA de CV,TIV9003196BV,Grupo Chapa S de RL de CV,G01,03,PPD,23271800,Maquinado de piezas,1.0,55922.2,55922.2,8947.55,64869.75,MXN,,C00007,E00007
48131455-4F86-4209-7E68-F50737293959,emitida,F,1615,2025-04-14,2025-04-14,TIN091214KL3,Talleres Industriales del Norte SA de CV,CSM870728H9S,Grupo Quintanilla S de RL de CV,G01,03,PPD,23271800,Soldadura industrial,1.0,105818.69,105818.69,16930.99,122749.68,MXN,,C00001,E00007
B8850C82-6074-EF4A-D2D4-91AB358FB814,recibida,A,27700,2025-04-14,2025-04-14,PQK190120RM2,Industrias del Norte S de RL de CV,TIN091214KL3,Talleres Industriales del Norte SA de CV,G03,03,PPD,80101500,Servicios de asesoría integral,1.0,250000.0,250000,40000.0,290000.0,MXN,PO00350,S00003,E00002
06A1FD3A-0F48-452D-6238-C7493B76B261,recibida,A,39289,2025-04-15,2025-04-17,GIG1908016AL,Ferretera Santa Catarina SAPI de CV,TIN091214KL3,Talleres Industriales del Norte SA de CV,G03,03,PUE,31161500,Brocas HSS,180.0,926.06,166690,26670.4,193360.4,MXN,PO00278,S00018,E00002
72BDA7B6-4C95-3648-1C28-28AAA3C35386,recibida,A,39782,2025-04-15,2025-04-15,KUA86021592H,Grupo Nuevo León SAPI de CV,TIN091214KL3,Talleres Industriales del Norte SA de CV,G03,03,PPD,30102000,Perfil PTR 2x2,81.0,275.31,22300.5,3568.08,25868.58,MXN,PO00442,S00021,E00002
883BE9C3-C09D-B405-5762-61709F860BBF,recibida,A,35108,2025-04-15,2025-04-17,KGD1808073H9,Transportes Industrial S de RL de CV,TIN091214KL3,Talleres Industriales del Norte SA de CV,G03,03,PUE,40141600,Sellos hidráulicos,97.0,414.1,40167.8,6426.85,46594.65,MXN,PO00273,S00024,E00002
4DD0AB74-D257-0290-F616-EC6F704DD17E,recibida,A,69167,2025-04-17,2025-04-17,LNR0211046T5,Pinturas Nuevo León SAPI de CV,TIN091214KL3,Talleres Industriales del Norte SA de CV,G03,03,PUE,30102000,Perfil PTR 2x2,125.0,211.12,26390,4222.4,30612.4,MXN,PO00253,S00019,E00002
690080D1-C7F3-13DC-BF7B-F4E127BC639B,recibida,A,70811,2025-04-17,2025-04-17,RGL990201RM6,Gestoría y Enlace Santa Catarina S de RL de CV,TIN091214KL3,Talleres Industriales del Norte SA de CV,G03,03,PPD,80101500,Servicios de gestión y enlace comercial,1.0,48000.0,48000,7680.0,55680.0,MXN,PO00092,S00034,E00002
D7127F9A-726D-1214-50A5-AA39FA82E27F,recibida,A,22066,2025-04-21,2025-04-22,HSA170302L56,Distribuidora del Norte S de RL de CV,TIN091214KL3,Talleres Industriales del Norte SA de CV,G03,03,PPD,80131500,Renta de montacargas,1.0,29269.9,29269.9,4683.18,33953.08,MXN,PO00398,S00005,E00002
EA8C141F-AC9B-9C04-38C7-F02DA4C41298,recibida,A,10108,2025-04-21,2025-04-21,QLD0604095NT,Metálica San Nicolás SA de CV,TIN091214KL3,Talleres Industriales del Norte SA de CV,G03,03,PUE,80101500,Servicio de mantenimiento,1.0,17357.8,17357.8,2777.25,20135.05,MXN,PO00382,S00010,E00002
0961938C-AF24-D47E-9034-FC79624E6314,recibida,A,58804,2025-04-21,2025-04-22,EVO0907049MQ,Hidráulica Nuevo León SAPI de CV,TIN091214KL3,Talleres Industriales del Norte SA de CV,G03,03,PUE,30102000,Tubo estructural,28.0,520.02,14560.5,2329.68,16890.18,MXN,PO00006,S00009,E00002
DE3904AA-9CA4-202B-983A-EC318EF03A8F,recibida,A,23482,2025-04-21,2025-04-21,FWD180424QZI,Pinturas Escobedo S de RL de CV,TIN091214KL3,Talleres Industriales del Norte SA de CV,G03,03,PPD,40141600,Sellos hidráulicos,144.0,118.73,17097.8,2735.65,19833.45,MXN,PO00159,S00035,E00002
07022D04-17B3-020D-69AD-74002A80FB52,emitida,F,1549,2025-04-21,2025-04-21,TIN091214KL3,Talleres Industriales del Norte SA de CV,IOL031203VT4,Autopartes Guerra S de RL de CV,G01,03,PPD,23271800,Fabricación de estructura,1.0,251218.2,251218.2,40194.91,291413.11,MXN,,C00015,E00007
CCAB53FC-1616-9C28-A38C-E77B02D4DDC2,emitida,F,1581,2025-04-21,2025-04-21,TIN091214KL3,Talleres Industriales del Norte SA de CV,TIV9003196BV,Grupo Chapa S de RL de CV,G01,03,PPD,23271800,Corte y doblez,1.0,106228.16,106228.16,16996.51,123224.67,MXN,,C00007,E00007
7144B8E0-ABDE-39C0-5FA0-9302E939A567,emitida,F,1638,2025-04-21,2025-04-21,TIN091214KL3,Talleres Industriales del Norte SA de CV,YRB930321HU5,Construcciones Sada S de RL de CV,G01,03,PPD,23271800,Corte y doblez,1.0,332143.95,332143.95,53143.03,385286.98,MXN,,C00014,E00007
3104C9E4-F64E-D2D5-FB71-7900F1362AE0,recibida,A,15936,2025-04-21,2025-04-22,PQK190120RM2,Industrias del Norte S de RL de CV,TIN091214KL3,Talleres Industriales del Norte SA de CV,G03,03,PPD,80101500,Servicios de asesoría integral,1.0,85000.0,85000,13600.0,98600.0,MXN,PO00397,S00003,E00002
D4A4E0F6-507C-F4AE-43A6-7D09BF517E78,recibida,A,9284,2025-04-21,2025-04-21,KPZ0809046NE,Neumática Santa Catarina SAPI de CV,TIN091214KL3,Talleres Industriales del Norte SA de CV,G03,03,PPD,80101500,Servicios de asesoría integral,1.0,250000.0,250000,40000.0,290000.0,MXN,PO00269,S00041,E00002
85B16F00-EEC9-AEB1-B024-AAE2E890FF09,recibida,A,5912,2025-04-21,2025-04-23,GER160625BPR,Maquinados Regiomontana S de RL de CV,TIN091214KL3,Talleres Industriales del Norte SA de CV,G03,03,PUE,31161500,Discos de corte,1.0,18590.5,18590.5,2974.48,21564.98,MXN,PO00318,S00004,E00002
526DC30F-366F-4F2A-DFA9-9CB569C64982,recibida,A,54729,2025-04-23,2025-04-24,JSS931109XIQ,Neumática del Norte SA de CV,TIN091214KL3,Talleres Industriales del Norte SA de CV,G03,03,PPD,40141600,Sellos hidráulicos,70.0,59.86,4190.5,670.48,4860.98,MXN,PO00137,S00026,E00002
9118A7DC-3CCC-C0C3-2730-41B2A747A28E,recibida,A,10714,2025-04-24,2025-04-25,YZN920101669,Neumática Industrial S de RL de CV,TIN091214KL3,Talleres Industriales del Norte SA de CV,G03,03,PPD,40141600,Motor eléctrico 5HP,29.0,349.05,10122.4,1619.58,11741.98,MXN,PO00059,S00020,E00002
2F356962-FE67-DB95-8D69-BBEE779A92DC,recibida,A,78297,2025-04-25,2025-04-25,MKD060428P24,Suministros Guadalupe SA de CV,TIN091214KL3,Talleres Industriales del Norte SA de CV,G03,03,PUE,40141600,Bandas industriales,119.0,399.75,47569.9,7611.18,55181.08,MXN,PO00277,S00023,E00002
BD9A7846-02FB-5D6B-BF80-5A8A9155CB16,recibida,A,7292,2025-04-25,2025-04-26,PQK190120RM2,Industrias del Norte S de RL de CV,TIN091214KL3,Talleres Industriales del Norte SA de CV,G03,03,PUE,80101500,Estudio de mercado,1.0,200000.0,200000,32000.0,232000.0,MXN,PO00347,S00003,E00002
452D0345-8133-44CE-B279-B66ECFE50F7F,recibida,A,48518,2025-04-28,2025-04-30,BRG980912TE9,Ferretera Guadalupe S de RL de CV,TIN091214KL3,Talleres Industriales del Norte SA de CV,G03,03,PPD,80101500,Servicios de limpieza,1.0,11199.9,11199.9,1791.98,12991.88,MXN,PO00477,S00002,E00002
E4E87582-22C4-A141-7C77-C033CB13C790,recibida,A,52050,2025-04-28,2025-04-30,BRG980912TE9,Ferretera Guadalupe S de RL de CV,TIN091214KL3,Talleres Industriales del Norte SA de CV,G03,03,PPD,80101500,Consultoría de procesos,1.0,8370.0,8370,1339.2,9709.2,MXN,PO00418,S00002,E00002
4A7D9232-AA1B-DC2D-5C18-0535C726968E,recibida,A,82105,2025-04-28,2025-04-30,MKD060428P24,Suministros Guadalupe SA de CV,TIN091214KL3,Talleres Industriales del Norte SA de CV,G03,03,PPD,40141600,Válvulas neumáticas,132.0,219.09,28920.5,4627.28,33547.78,MXN,PO00130,S00023,E00002
DE526CF3-33CD-E969-8397-9CEC0DFD9B53,recibida,A,27599,2025-04-28,2025-04-29,MKD060428P24,Suministros Guadalupe SA de CV,TIN091214KL3,Talleres Industriales del Norte SA de CV,G03,03,PPD,40141600,Sellos hidráulicos,148.0,517.01,76517.8,12242.85,88760.65,MXN,PO00410,S00023,E00002
DDD4A67A-AC74-69BC-92AA-577E77A85DF0,emitida,F,1577,2025-04-28,2025-04-28,TIN091214KL3,Talleres Industriales del Norte SA de CV,AVL190904X3P,Autopartes Guerra SAPI de CV,G01,03,PPD,23271800,Soldadura industrial,1.0,82129.95,82129.95,13140.79,95270.74,MXN,,C00006,E00007
2983F25E-FDBF-6EDC-DC50-03570A818BC0,emitida,F,1598,2025-04-28,2025-04-28,TIN091214KL3,Talleres Industriales del Norte SA de CV,NBX010517L3O,Envases Quintanilla S de RL de CV,G01,03,PPD,23271800,Corte y doblez,1.0,217471.79,217471.79,34795.49,252267.28,MXN,,C00017,E00007
4BB44588-86A6-4E9A-B00C-554D354EBD00,emitida,F,1614,2025-04-28,2025-04-28,TIN091214KL3,Talleres Industriales del Norte SA de CV,CSM870728H9S,Grupo Quintanilla S de RL de CV,G01,03,PPD,23271800,Fabricación de estructura,1.0,104052.88,104052.88,16648.46,120701.34,MXN,,C00001,E00007
6BE8189C-0137-E8EB-0787-65D4135848F0,recibida,A,94687,2025-04-28,2025-04-28,PQK190120RM2,Industrias del Norte S de RL de CV,TIN091214KL3,Talleres Industriales del Norte SA de CV,G03,03,PUE,80101500,Consultoría estratégica,1.0,120000.0,120000,19200.0,139200.0,MXN,PO00538,S00003,E00002
B687872B-BE82-A004-DB2F-368D0DBA6E25,recibida,A,28284,2025-04-29,2025-04-30,EJM1706048OE,Servicios Santa Catarina SAPI de CV,TIN091214KL3,Talleres Industriales del Norte SA de CV,G03,03,PUE,40141600,Motor eléctrico 5HP,178.0,126.29,22479.9,3596.78,26076.68,MXN,PO00307,S00032,E00002
8F043FBC-F669-3CE4-9C59-7138C841FA96,recibida,A,40464,2025-04-29,2025-04-30,OFW920626UHP,Refacciones Industrial S de RL de CV,TIN091214KL3,Talleres Industriales del Norte SA de CV,G03,03,PPD,80101500,Capacitación,1.0,53332.4,53332.4,8533.18,61865.58,MXN,PO00027,S00027,E00002
FD4A63FA-5380-CE26-FA2B-0D67FBD688C6,recibida,A,31456,2025-05-01,2025-05-03,LNR0211046T5,Pinturas Nuevo León SAPI de CV,TIN091214KL3,Talleres Industriales del Norte SA de CV,G03,03,PPD,30102000,Placa de acero A36,85.0,149.76,12730,2036.8,14766.8,MXN,PO00426,S00019,E00002
FB2A2171-BD2D-0039-513A-F9665FD14FA7,recibida,A,93992,2025-05-01,2025-05-02,YZN920101669,Neumática Industrial S de RL de CV,TIN091214KL3,Talleres Industriales del Norte SA de CV,G03,03,PPD,40141600,Motor eléctrico 5HP,98.0,75.49,7397.8,1183.65,8581.45,MXN,PO00300,S00020,E00002
B51935EE-B1C8-EFE9-D36C-AEEB64663439,recibida,A,27663,2025-05-02,2025-05-04,MKD060428P24,Suministros Guadalupe SA de CV,TIN091214KL3,Talleres Industriales del Norte SA de CV,G03,03,PPD,40141600,Válvulas neumáticas,166.0,634.69,105357.8,16857.25,122215.05,MXN,PO00524,S00023,E00002
40E7E254-2052-1505-8F98-2BDC818419AA,emitida,F,1501,2025-05-02,2025-05-02,TIN091214KL3,Talleres Industriales del Norte SA de CV,OXQ101018OOO,Envases Guerra S de RL de CV,G01,03,PPD,23271800,Maquinado de piezas,1.0,396333.59,396333.59,63413.37,459746.96,MXN,,C00009,E00007
F2426F91-DB85-88A0-EDF2-A878790E64B6,recibida,A,53768,2025-05-05,2025-05-06,WRV860316MF8,Servicios Nuevo León SA de CV,TIN091214KL3,Talleres Industriales del Norte SA de CV,G03,03,PPD,31161500,Solvente industrial,184.0,277.81,51117.8,8178.85,59296.65,MXN,PO00081,S00038,E00002
2D53520C-D6A6-A194-50D3-6B8178FAEB5B,recibida,A,47276,2025-05-05,2025-05-06,FWD180424QZI,Pinturas Escobedo S de RL de CV,TIN091214KL3,Talleres Industriales del Norte SA de CV,G03,03,PUE,40141600,Bandas industriales,48.0,254.54,12217.8,1954.85,14172.65,MXN,PO00207,S00035,E00002
AB91FEF3-D251-7A8F-6E6E-3F4BEAAEA42D,recibida,A,76725,2025-05-05,2025-05-07,OFW920626UHP,Refacciones Industrial S de RL de CV,TIN091214KL3,Talleres Industriales del Norte SA de CV,G03,03,PPD,80101500,Asesoría fiscal,1.0,91552.4,91552.4,14648.38,106200.78,MXN,PO00310,S00027,E00002
BFFACF9D-ED50-5485-9D97-E5A1DD23A405,recibida,A,94569,2025-05-05,2025-05-05,YZN920101669,Neumática Industrial S de RL de CV,TIN091214KL3,Talleres Industriales del Norte SA de CV,G03,03,PPD,40141600,Motor eléctrico 5HP,165.0,156.79,25870,4139.2,30009.2,MXN,PO00446,S00020,E00002
E1524B89-2428-9354-939C-0939432A6D57,emitida,F,1522,2025-05-05,2025-05-05,TIN091214KL3,Talleres Industriales del Norte SA de CV,XVS9502132UY,Autopartes Quintanilla S de RL de CV,G01,03,PPD,23271800,Soldadura industrial,1.0,280933.45,280933.45,44949.35,325882.8,MXN,,C00004,E00007
D49CDA0D-7F3A-532C-1EAE-B2637095CA2C,recibida,A,32993,2025-05-06,2025-05-06,XRN090413Q8F,Grupo San Nicolás SA de CV,TIN091214KL3,Talleres Industriales del Norte SA de CV,G03,03,PPD,80101500,Servicio de mantenimiento,1.0,25667.8,25667.8,4106.85,29774.65,MXN,PO00129,S00025,E00002
9DCE24AB-3686-57DD-72D8-E7C4A2B4736D,recibida,A,12343,2025-05-07,2025-05-09,OFW920626UHP,Refacciones Industrial S de RL de CV,TIN091214KL3,Talleres Industriales del Norte SA de CV,G03,03,PPD,80101500,Servicios de limpieza,1.0,76309.9,76309.9,12209.58,88519.48,MXN,PO00374,S00027,E00002
1D9865E4-B142-34B4-6DCD-66648EF5670C,recibida,A,62206,2025-05-07,2025-05-07,GER160625BPR,Maquinados Regiomontana S de RL de CV,TIN091214KL3,Talleres Industriales del Norte SA de CV,G03,03,PPD,31161500,Discos de corte,98.0,187.5,18374.84,2939.97,21314.81,MXN,PO00319,S00004,E00002
BEFAF74C-DCF9-E4F7-D78D-5E5B2B51E65B,emitida,F,1566,2025-05-09,2025-05-09,TIN091214KL3,Talleres Industriales del Norte SA de CV,AVL190904X3P,Autopartes Guerra SAPI de CV,G01,03,PPD,23271800,Fabricación de estructura,1.0,373878.09,373878.09,59820.49,433698.58,MXN,,C00006,E00007
96960EDA-7321-AA43-05DA-1A327CE8C6ED,recibida,A,41498,2025-05-12,2025-05-12,TQX980213KP2,Soldadura Guadalupe S de RL de CV,TIN091214KL3,Talleres Industriales del Norte SA de CV,G03,03,PUE,78101800,Maniobras de carga,1.0,9477.8,9477.8,1516.45,10994.25,MXN,PO00283,S00011,E00002
B7AEA3D4-E77F-A5D6-79FF-94D40321ABC2,recibida,A,78265,2025-05-12,2025-05-12,XRN090413Q8F,Grupo San Nicolás SA de CV,TIN091214KL3,Talleres Industriales del Norte SA de CV,G03,03,PPD,80101500,Servicio de mantenimiento,1.0,49000.0,49000,7840.0,56840.0,MXN,PO00522,S00025,E00002
9045303A-E35C-4287-F3FB-D118F3B25B17,recibida,A,12478,2025-05-12,2025-05-14,IXR870809SKC,Electrónica del Norte S de RL de CV,TIN091214KL3,Talleres Industriales del Norte SA de CV,G03,03,PPD,78101800,Maniobras de carga,1.0,12147.8,12147.8,1943.65,14091.45,MXN,PO00532,S00012,E00002
A24C2205-2FF3-DCD1-9A06-85C22FAD3468,recibida,A,15912,2025-05-12,2025-05-12,EJM1706048OE,Servicios Santa Catarina SAPI de CV,TIN091214KL3,Talleres Industriales del Norte SA de CV,G03,03,PUE,40141600,Rodamientos SKF,187.0,126.79,23710,3793.6,27503.6,MXN,PO00428,S00032,E00002
ED01F9DE-24A7-C633-ECB1-E26CF597563A,recibida,A,46311,2025-05-12,2025-05-13,OFW920626UHP,Refacciones Industrial S de RL de CV,TIN091214KL3,Talleres Industriales del Norte SA de CV,G03,03,PPD,80101500,Servicios de limpieza,1.0,99169.9,99169.9,15867.18,115037.08,MXN,PO00435,S00027,E00002
9D62B81F-B0FC-D420-C6BA-A643F8F32A95,recibida,A,37670,2025-05-12,2025-05-12,YZN920101669,Neumática Industrial S de RL de CV,TIN091214KL3,Talleres Industriales del Norte SA de CV,G03,03,PPD,40141600,Válvulas neumáticas,183.0,48.09,8800,1408.0,10208.0,MXN,PO00021,S00020,E00002
CA7B1C0C-05A7-8B53-B507-E3E7DB6F3825,emitida,F,1561,2025-05-12,2025-05-12,TIN091214KL3,Talleres Industriales del Norte SA de CV,MFN980928Z69,Envases Martínez S de RL de CV,G01,03,PPD,23271800,Fabricación de estructura,1.0,96033.15,96033.15,15365.3,111398.45,MXN,,C00010,E00007
73BBE033-597E-8A62-6AC8-89DC180823F4,emitida,F,1574,2025-05-12,2025-05-12,TIN091214KL3,Talleres Industriales del Norte SA de CV,AVL190904X3P,Autopartes Guerra SAPI de CV,G01,03,PPD,23271800,Soldadura industrial,1.0,261900.22,261900.22,41904.04,303804.26,MXN,,C00006,E00007
9D6DF827-1EB8-816F-7083-1B3B1E6DF350,recibida,A,34653,2025-05-13,2025-05-13,ZKV070614580,Empaques Apodaca SAPI de CV,TIN091214KL3,Talleres Industriales del Norte SA de CV,G03,03,PPD,30102000,Perfil PTR 2x2,79.0,321.39,25389.9,4062.38,29452.28,MXN,PO00203,S00039,E00002
88BA90F7-2E65-541E-6566-81CE61CFA87F,emitida,F,1508,2025-05-14,2025-05-14,TIN091214KL3,Talleres Industriales del Norte SA de CV,AKL141216HQE,Envases Guerra SA de CV,G01,03,PPD,23271800,Corte y doblez,1.0,223351.85,223351.85,35736.3,259088.15,MXN,,C00011,E00007
63625759-53A1-15B8-6417-2AFE21C9E13C,emitida,F,1570,2025-05-14,2025-05-14,TIN091214KL3,Talleres Industriales del Norte SA de CV,AVL190904X3P,Autopartes Guerra SAPI de CV,G01,03,PPD,23271800,Soldadura industrial,1.0,367875.04,367875.04,58860.01,426735.05,MXN,,C00006,E00007
2B56CEB1-58DD-E915-8DBE-90E01D593D3A,recibida,A,4362,2025-05-15,2025-05-15,EVO0907049MQ,Hidráulica Nuevo León SAPI de CV,TIN091214KL3,Talleres Industriales del Norte SA de CV,G03,03,PPD,30102000,Placa de acero A36,48.0,394.22,18922.4,3027.58,21949.98,MXN,PO00456,S00009,E00002
28CF6A87-063E-653E-2CE3-7441DD42E31B,emitida,F,1540,2025-05-15,2025-05-15,TIN091214KL3,Talleres Industriales del Norte SA de CV,LED040311C11,Construcciones Martínez SAPI de CV,G01,03,PPD,23271800,Corte y doblez,1.0,154685.31,154685.31,24749.65,179434.96,MXN,,C00005,E00007
E5CB5AD2-C99E-A83D-0166-C44CE9BAC0C1,emitida,F,1620,2025-05-15,2025-05-15,TIN091214KL3,Talleres Industriales del Norte SA de CV,CSM870728H9S,Grupo Quintanilla S de RL de CV,G01,03,PPD,23271800,Fabricación de estructura,1.0,42263.37,42263.37,6762.14,49025.51,MXN,,C00001,E00007
066D1E8D-E2A6-50B9-F79C-33224D924E2B,recibida,A,17067,2025-05-19,2025-05-21,JCY220225DEO,Soldadura Regiomontana S de RL de CV,TIN091214KL3,Talleres Industriales del Norte SA de CV,G03,03,PUE,31161500,Solvente industrial,98.0,552.02,54097.8,8655.65,62753.45,MXN,PO00156,S00029,E00002
DE19EB95-4742-9BA2-8549-F950FA318EB4,recibida,A,49975,2025-05-19,2025-05-19,RYY210726M9I,Metálica del Norte S de RL de CV,TIN091214KL3,Talleres Industriales del Norte SA de CV,G03,03,PUE,80131500,Servicio de energía,1.0,49989.9,49989.9,7998.38,57988.28,MXN,PO00126,S00015,E00002
83438698-86F9-7292-8AD7-FF025C6FC589,recibida,A,51891,2025-05-19,2025-05-21,EJM1706048OE,Servicios Santa Catarina SAPI de CV,TIN091214KL3,Talleres Industriales del Norte SA de CV,G03,03,PUE,40141600,Válvulas neumáticas,147.0,164.97,24250.5,3880.08,28130.58,MXN,PO00408,S00032,E00002
2628FDA3-7BF1-5D68-666B-D860375215CF,recibida,A,59743,2025-05-19,2025-05-21,GIG1908016AL,Ferretera Santa Catarina SAPI de CV,TIN091214KL3,Talleres Industriales del Norte SA de CV,G03,03,PUE,31161500,Electrodos 6013,87.0,2106.21,183240.5,29318.48,212558.98,MXN,PO00238,S00018,E00002
7D982D9A-8892-3A5A-992D-4F4463D20C4D,recibida,A,86862,2025-05-19,2025-05-19,KGD1808073H9,Transportes Industrial S de RL de CV,TIN091214KL3,Talleres Industriales del Norte SA de CV,G03,03,PUE,40141600,Motor eléctrico 5HP,141.0,351.77,49600,7936.0,57536.0,MXN,PO00520,S00024,E00002
F5FC167B-7078-F31F-AD7E-C9EF6643E855,recibida,A,7166,2025-05-19,2025-05-21,KPZ0809046NE,Neumática Santa Catarina SAPI de CV,TIN091214KL3,Talleres Industriales del Norte SA de CV,G03,03,PUE,80101500,Servicios de asesoría integral,1.0,120000.0,120000,19200.0,139200.0,MXN,PO00510,S00041,E00002
0C83BB78-EC87-619C-CB89-4FEE1FFF4CC7,recibida,A,19832,2025-05-20,2025-05-21,MKD060428P24,Suministros Guadalupe SA de CV,TIN091214KL3,Talleres Industriales del Norte SA de CV,G03,03,PUE,40141600,Sellos hidráulicos,92.0,830.22,76380.5,12220.88,88601.38,MXN,PO00292,S00023,E00002
69574C35-0235-231B-F129-BCA131E3E74D,recibida,A,37458,2025-05-20,2025-05-20,JDT8809104XZ,Empaques del Norte SAPI de CV,TIN091214KL3,Talleres Industriales del Norte SA de CV,G03,03,PUE,80101500,Asesoría fiscal,1.0,84492.4,84492.4,13518.78,98011.18,MXN,PO00067,S00013,E00002
2E9C6F2B-13BD-99D6-D314-2786394525BB,emitida,F,1596,2025-05-20,2025-05-20,TIN091214KL3,Talleres Industriales del Norte SA de CV,NBX010517L3O,Envases Quintanilla S de RL de CV,G01,03,PPD,23271800,Soldadura industrial,1.0,104438.17,104438.17,16710.11,121148.28,MXN,,C00017,E00007
D4C4D798-0E78-425B-FF91-23ADAF8FD342,emitida,F,1623,2025-05-20,2025-05-20,TIN091214KL3,Talleres Industriales del Norte SA de CV,DDQ850214LFM,Construcciones Zambrano S de RL de CV,G01,03,PPD,23271800,Corte y doblez,1.0,229281.95,229281.95,36685.11,265967.06,MXN,,C00013,E00007
C9B66967-3876-457D-9E1D-D8A8DCF4C0B5,recibida,A,4678,2025-05-21,2025-05-22,IXR870809SKC,Electrónica del Norte S de RL de CV,TIN091214KL3,Talleres Industriales del Norte SA de CV,G03,03,PPD,78101800,Flete foráneo,1.0,9749.9,9749.9,1559.98,11309.88,MXN,PO00248,S00012,E00002
7ED56DEA-2526-E14B-238B-343F83FDCC03,recibida,A,51840,2025-05-21,2025-05-21,TYC9409017QY,Hidráulica Industrial S de RL de CV,TIN091214KL3,Talleres Industriales del Norte SA de CV,G03,03,PUE,80101500,Servicios de limpieza,1.0,87549.9,87549.9,14007.98,101557.88,MXN,PO00406,S00006,E00002
0A06147D-33B0-0016-8BE0-CFD75ED07976,recibida,A,92164,2025-05-21,2025-05-23,KUA86021592H,Grupo Nuevo León SAPI de CV,TIN091214KL3,Talleres Industriales del Norte SA de CV,G03,03,PPD,30102000,Barra redonda 1018,117.0,66.52,7782.4,1245.18,9027.58,MXN,PO00326,S00021,E00002
A7850E93-4269-342E-DAF7-3876DD5F12A2,recibida,A,85582,2025-05-22,2025-05-22,BRG980912TE9,Ferretera Guadalupe S de RL de CV,TIN091214KL3,Talleres Industriales del Norte SA de CV,G03,03,PUE,80101500,Asesoría fiscal,1.0,13769.9,13769.9,2203.18,15973.08,MXN,PO00305,S00002,E00002
5E66FC1E-9BE2-E82A-9683-78F03C792D5F,emitida,F,1631,2025-05-22,2025-05-22,TIN091214KL3,Talleres Industriales del Norte SA de CV,YRB930321HU5,Construcciones Sada S de RL de CV,G01,03,PPD,23271800,Maquinado de piezas,1.0,274516.86,274516.86,43922.7,318439.56,MXN,,C00014,E00007
7956BB82-7927-E052-0CEB-E3EF266B2763,recibida,A,19748,2025-05-23,2025-05-24,GIG1908016AL,Ferretera Santa Catarina SAPI de CV,TIN091214KL3,Talleres Industriales del Norte SA de CV,G03,03,PUE,31161500,Brocas HSS,179.0,430.06,76979.9,12316.78,89296.68,MXN,PO00431,S00018,E00002
C93C07DF-A1E5-D8C9-86E6-7F1CF8967ADC,recibida,A,90461,2025-05-26,2025-05-26,UDA130122EPS,Maquinados Monterrey SA de CV,TIN091214KL3,Talleres Industriales del Norte SA de CV,G03,03,PPD,80131500,Servicio de energía,1.0,110542.4,110542.4,17686.78,128229.18,MXN,PO00531,S00031,E00002
347431C1-FEC6-7590-BDA1-61979F2FCBB0,recibida,A,25756,2025-05-26,2025-05-28,TYC9409017QY,Hidráulica Industrial S de RL de CV,TIN091214KL3,Talleres Industriales del Norte SA de CV,G03,03,PUE,80101500,Consultoría de procesos,1.0,64810.0,64810,10369.6,75179.6,MXN,PO00475,S00006,E00002
B9BDD4A8-F526-50B8-5B6D-929F2FDABD2D,recibida,A,76472,2025-05-26,2025-05-26,LNR0211046T5,Pinturas Nuevo León SAPI de CV,TIN091214KL3,Talleres Industriales del Norte SA de CV,G03,03,PUE,30102000,Lámina de acero cal. 14,151.0,132.78,20050.5,3208.08,23258.58,MXN,PO00416,S00019,E00002
C8BCD0FE-5EED-23B2-46AD-3E3F4C401BBF,emitida,F,1509,2025-05-26,2025-05-26,TIN091214KL3,Talleres Industriales del Norte SA de CV,AKL141216HQE,Envases Guerra SA de CV,G01,03,PPD,23271800,Maquinado de piezas,1.0,271535.15,271535.15,43445.62,314980.77,MXN,,C00011,E00007
E8B1DA2B-58ED-57F8-26FC-3D8A020F73B8,emitida,F,1622,2025-05-26,2025-05-26,TIN091214KL3,Talleres Industriales del Norte SA de CV,DDQ850214LFM,Construcciones Zambrano S de RL de CV,G01,03,PPD,23271800,Soldadura industrial,1.0,345237.28,345237.28,55237.96,400475.24,MXN,,C00013,E00007
6F56E592-A7A8-EB67-55F8-8E2C2DA79322,recibida,A,91471,2025-05-27,2025-05-29,FVB020903VNA,Herramientas del Norte SAPI de CV,TIN091214KL3,Talleres Industriales del Norte SA de CV,G03,03,PPD,31161500,Brocas HSS,115.0,806.11,92702.4,14832.38,107534.78,MXN,PO00303,S00016,E00002
D8837E25-7DC2-4DEF-3D94-C15032048B2C,recibida,A,72710,2025-05-27,2025-05-27,EVO0907049MQ,Hidráulica Nuevo León SAPI de CV,TIN091214KL3,Talleres Industriales del Norte SA de CV,G03,03,PPD,30102000,Tubo estructural,163.0,48.65,7929.9,1268.78,9198.68,MXN,PO00411,S00009,E00002
5DDC2CF4-CB5A-E29D-B5EF-F1159F02104B,recibida,A,69820,2025-05-27,2025-05-27,IXR870809SKC,Electrónica del Norte S de RL de CV,TIN091214KL3,Talleres Industriales del Norte SA de CV,G03,03,PPD,78101800,Flete foráneo,1.0,6680.0,6680,1068.8,7748.8,MXN,PO00128,S00012,E00002
C943AB75-672D-FB18-AE30-81691A8FD6C2,recibida,A,58077,2025-05-27,2025-05-27,EJM1706048OE,Servicios Santa Catarina SAPI de CV,TIN091214KL3,Talleres Industriales del Norte SA de CV,G03,03,PPD,40141600,Sellos hidráulicos,82.0,212.93,17460,2793.6,20253.6,MXN,PO00134,S00032,E00002
F4ADA74D-EDFC-7B93-EBA2-48D352A2C026,recibida,A,85058,2025-05-27,2025-05-27,ZKV070614580,Empaques Apodaca SAPI de CV,TIN091214KL3,Talleres Industriales del Norte SA de CV,G03,03,PPD,30102000,Tubo estructural,51.0,328.19,16737.8,2678.05,19415.85,MXN,PO00511,S00039,E00002
25168F11-B613-A11E-381B-6A18A15E15A3,emitida,F,1640,2025-05-27,2025-05-27,TIN091214KL3,Talleres Industriales del Norte SA de CV,RSR9508062P4,Grupo Martínez SA de CV,G01,03,PPD,23271800,Corte y doblez,1.0,343045.31,343045.31,54887.25,397932.56,MXN,,C00018,E00007
F6CE2E7D-3564-1E0C-5C1D-E8F17D85A61C,recibida,A,85047,2025-05-28,2025-05-30,BRG980912TE9,Ferretera Guadalupe S de RL de CV,TIN091214KL3,Talleres Industriales del Norte SA de CV,G03,03,PUE,80101500,Consultoría de procesos,1.0,9350.5,9350.5,1496.08,10846.58,MXN,PO00429,S00002,E00002
40DA5EF8-5FE1-71BC-7CD7-0A108D47C858,emitida,F,1563,2025-05-28,2025-05-28,TIN091214KL3,Talleres Industriales del Norte SA de CV,MFN980928Z69,Envases Martínez S de RL de CV,G01,03,PPD,23271800,Soldadura industrial,1.0,58421.15,58421.15,9347.38,67768.53,MXN,,C00010,E00007
CEE36492-450D-8DFB-FCE3-E47019D4103F,recibida,A,28376,2025-05-28,2025-05-29,PQK190120RM2,Industrias del Norte S de RL de CV,TIN091214KL3,Talleres Industriales del Norte SA de CV,G03,03,PPD,80101500,Servicios de asesoría integral,1.0,120000.0,120000,19200.0,139200.0,MXN,PO00507,S00003,E00002
57A609DF-45CE-D334-A947-2D678A6C933A,recibida,A,63532,2025-05-29,2025-05-29,XRN090413Q8F,Grupo San Nicolás SA de CV,TIN091214KL3,Talleres Industriales del Norte SA de CV,G03,03,PPD,80101500,Consultoría de procesos,1.0,31320.5,31320.5,5011.28,36331.78,MXN,PO00457,S00025,E00002
85F96B2D-07DF-94C7-6796-5757706A25B3,recibida,A,68629,2025-05-29,2025-05-29,YZN920101669,Neumática Industrial S de RL de CV,TIN091214KL3,Talleres Industriales del Norte SA de CV,G03,03,PUE,40141600,Sellos hidráulicos,141.0,82.2,11590.5,1854.48,13444.98,MXN,PO00239,S00020,E00002
CCA94E84-3BF8-5881-41D1-7EDE3E91611A,recibida,A,98200,2025-05-30,2025-05-30,QLD0604095NT,Metálica San Nicolás SA de CV,TIN091214KL3,Talleres Industriales del Norte SA de CV,G03,03,PPD,80101500,Servicios de limpieza,1.0,23450.5,23450.5,3752.08,27202.58,MXN,PO00017,S00010,E00002
894048D7-D4DD-CBD3-3CF1-3A5F417A97A0,recibida,A,63142,2025-06-02,2025-06-04,RYY210726M9I,Metálica del Norte S de RL de CV,TIN091214KL3,Talleres Industriales del Norte SA de CV,G03,03,PUE,80131500,Servicio de energía,1.0,31949.9,31949.9,5111.98,37061.88,MXN,PO00519,S00015,E00002
9D774D48-0EDB-98D0-E610-66B166824E00,recibida,A,24373,2025-06-02,2025-06-02,KUA86021592H,Grupo Nuevo León SAPI de CV,TIN091214KL3,Talleres Industriales del Norte SA de CV,G03,03,PPD,30102000,Barra redonda 1018,134.0,144.93,19420,3107.2,22527.2,MXN,PO00259,S00021,E00002
3786DFC2-B2E0-FA85-B791-72D9A1C36A5A,recibida,A,74029,2025-06-02,2025-06-04,YZN920101669,Neumática Industrial S de RL de CV,TIN091214KL3,Talleres Industriales del Norte SA de CV,G03,03,PUE,40141600,Motor eléctrico 5HP,93.0,129.68,12060.5,1929.68,13990.18,MXN,PO00483,S00020,E00002
A74A125D-1CF8-4A66-7EA1-EFAF8C34A98D,recibida,A,83295,2025-06-02,2025-06-04,IQX921208XAR,Industrias Monterrey SA de CV,TIN091214KL3,Talleres Industriales del Norte SA de CV,G03,03,PUE,40141600,Válvulas neumáticas,122.0,192.22,23450.5,3752.08,27202.58,MXN,PO00444,S00030,E00002
7B18EE7A-8C9A-0DDC-CD2A-A232350319C2,emitida,F,1511,2025-06-02,2025-06-02,TIN091214KL3,Talleres Industriales del Norte SA de CV,AKL141216HQE,Envases Guerra SA de CV,G01,03,PPD,23271800,Corte y doblez,1.0,352336.15,352336.15,56373.78,408709.93,MXN,,C00011,E00007
C99959E1-8D15-24C8-D7B9-AB98FB86E5A3,emitida,F,1541,2025-06-02,2025-06-02,TIN091214KL3,Talleres Industriales del Norte SA de CV,IOL031203VT4,Autopartes Guerra S de RL de CV,G01,03,PPD,23271800,Corte y doblez,1.0,337321.05,337321.05,53971.37,391292.42,MXN,,C00015,E00007
6C497224-0A60-A799-AA57-A8FE68FEC407,recibida,A,21664,2025-06-03,2025-06-03,EJM1706048OE,Servicios Santa Catarina SAPI de CV,TIN091214KL3,Talleres Industriales del Norte SA de CV,G03,03,PUE,40141600,Rodamientos SKF,152.0,62.11,9440,1510.4,10950.4,MXN,PO00487,S00032,E00002
AC8E58A4-C3AC-46D3-442F-F0B6391FC6DF,recibida,A,76313,2025-06-03,2025-06-03,MKD060428P24,Suministros Guadalupe SA de CV,TIN091214KL3,Talleres Industriales del Norte SA de CV,G03,03,PUE,40141600,Rodamientos SKF,114.0,814.57,92860.5,14857.68,107718.18,MXN,PO00308,S00023,E00002
A66A8A65-8CA2-6A9B-FDA1-371AA8387F03,recibida,A,6699,2025-06-04,2025-06-05,ZKV070614580,Empaques Apodaca SAPI de CV,TIN091214KL3,Talleres Industriales del Norte SA de CV,G03,03,PUE,30102000,Barra redonda 1018,135.0,111.85,15100,2416.0,17516.0,MXN,PO00048,S00039,E00002
2720E200-9749-51C4-4D63-69CCEE68D38B,emitida,F,1567,2025-06-04,2025-06-04,TIN091214KL3,Talleres Industriales del Norte SA de CV,AVL190904X3P,Autopartes Guerra SAPI de CV,G01,03,PPD,23271800,Maquinado de piezas,1.0,95055.03,95055.03,15208.8,110263.83,MXN,,C00006,E00007
78EBEDAC-03EA-3ACD-FBA8-584055E52BAF,emitida,F,1571,2025-06-04,2025-06-04,TIN091214KL3,Talleres Industriales del Norte SA de CV,AVL190904X3P,Autopartes Guerra SAPI de CV,G01,03,PPD,23271800,Fabricación de estructura,1.0,145252.44,145252.44,23240.39,168492.83,MXN,,C00006,E00007
6DC2761E-89A4-E603-9C65-38C40211A939,emitida,F,1595,2025-06-04,2025-06-04,TIN091214KL3,Talleres Industriales del Norte SA de CV,KIP8808101ID,Autopartes Chapa SAPI de CV,G01,03,PPD,23271800,Maquinado de piezas,1.0,322264.12,322264.12,51562.26,373826.38,MXN,,C00003,E00007
74AF0A47-802C-9657-EFC2-093029CDA86A,recibida,A,17848,2025-06-05,2025-06-07,JCY220225DEO,Soldadura Regiomontana S de RL de CV,TIN091214KL3,Talleres Industriales del Norte SA de CV,G03,03,PPD,31161500,Solvente industrial,153.0,601.7,92060,14729.6,106789.6,MXN,PO00053,S00029,E00002
B1E75C96-3DCB-41E1-51EE-1493900275D3,recibida,A,12583,2025-06-05,2025-06-05,FWD180424QZI,Pinturas Escobedo S de RL de CV,TIN091214KL3,Talleres Industriales del Norte SA de CV,G03,03,PUE,40141600,Rodamientos SKF,91.0,271.54,24710.5,3953.68,28664.18,MXN,PO00403,S00035,E00002
69C63F9C-481C-B57D-3507-FD2FB512FABC,emitida,F,1547,2025-06-06,2025-06-06,TIN091214KL3,Talleres Industriales del Norte SA de CV,IOL031203VT4,Autopartes Guerra S de RL de CV,G01,03,PPD,23271800,Corte y doblez,1.0,151448.62,151448.62,24231.78,175680.4,MXN,,C00015,E00007
500F77B3-E0B7-7A92-BE7B-A6DDCE3D439D,recibida,A,87013,2025-06-06,2025-06-07,KPZ0809046NE,Neumática Santa Catarina SAPI de CV,TIN091214KL3,Talleres Industriales del Norte SA de CV,G03,03,PUE,80101500,Servicios de asesoría integral,1.0,85000.0,85000,13600.0,98600.0,MXN,PO00474,S00041,E00002
A48664DC-D312-40AA-159B-9A772D6D1766,recibida,A,4549,2025-06-09,2025-06-11,FWD180424QZI,Pinturas Escobedo S de RL de CV,TIN091214KL3,Talleres Industriales del Norte SA de CV,G03,03,PPD,40141600,Motor eléctrico 5HP,194.0,82.94,16089.9,2574.38,18664.28,MXN,PO00005,S00035,E00002
95EFC975-A157-EEA2-7E1E-98AEEABB6887,emitida,F,1518,2025-06-09,2025-06-09,TIN091214KL3,Talleres Industriales del Norte SA de CV,XVS9502132UY,Autopartes Quintanilla S de RL de CV,G01,03,PPD,23271800,Maquinado de piezas,1.0,338786.17,338786.17,54205.79,392991.96,MXN,,C00004,E00007
25A5806E-5B60-9CAC-896F-DADBDB3A53F1,recibida,A,85055,2025-06-11,2025-06-11,KGD1808073H9,Transportes Industrial S de RL de CV,TIN091214KL3,Talleres Industriales del Norte SA de CV,G03,03,PPD,40141600,Bandas industriales,135.0,175.69,23717.8,3794.85,27512.65,MXN,PO00105,S00024,E00002
5B8487FD-A1B6-08C6-D5CD-A1233D9702C7,recibida,A,32966,2025-06-11,2025-06-11,POR220413M4Q,Pinturas Guadalupe S de RL de CV,TIN091214KL3,Talleres Industriales del Norte SA de CV,G03,03,PPD,80131500,Renta de montacargas,1.0,6197.8,6197.8,991.65,7189.45,MXN,PO00035,S00036,E00002
D93C84B1-F5BB-4C2E-766B-9D4CAA96901D,recibida,A,62262,2025-06-12,2025-06-14,TQX980213KP2,Soldadura Guadalupe S de RL de CV,TIN091214KL3,Talleres Industriales del Norte SA de CV,G03,03,PPD,78101800,Flete foráneo,1.0,4489.9,4489.9,718.38,5208.28,MXN,PO00206,S00011,E00002
D734FD2D-020D-30E9-76E7-2E0D2CC6C145,recibida,A,2215,2025-06-12,2025-06-14,RHK9801046MV,Suministros Guadalupe SA de CV,TIN091214KL3,Talleres Industriales del Norte SA de CV,G03,03,PPD,78101800,Flete local,1.0,13722.4,13722.4,2195.58,15917.98,MXN,PO00360,S00008,E00002
1BDEFADF-1FFB-D654-7C1B-B36797353EC9,recibida,A,34972,2025-06-12,2025-06-14,FVB020903VNA,Herramientas del Norte SAPI de CV,TIN091214KL3,Talleres Industriales del Norte SA de CV,G03,03,PPD,31161500,Solvente industrial,95.0,1115.03,105927.8,16948.45,122876.25,MXN,PO00494,S00016,E00002
1DC4E81C-ED6B-7181-4C0B-64D524231C4C,recibida,A,2296,2025-06-13,2025-06-14,JSS931109XIQ,Neumática del Norte SA de CV,TIN091214KL3,Talleres Industriales del Norte SA de CV,G03,03,PPD,40141600,Sellos hidráulicos,85.0,39.76,3380,540.8,3920.8,MXN,PO00340,S00026,E00002
737BBABA-5546-9918-CFDD-DC2EE72F2C50,recibida,A,74619,2025-06-13,2025-06-15,WRV860316MF8,Servicios Nuevo León SA de CV,TIN091214KL3,Talleres Industriales del Norte SA de CV,G03,03,PUE,31161500,Guantes de carnaza,48.0,397.5,19080,3052.8,22132.8,MXN,PO00523,S00038,E00002
BB934BA0-27B5-ED96-1BC9-32C8A9475C11,recibida,A,17442,2025-06-16,2025-06-16,QJX180308HTS,Refacciones Regiomontana SAPI de CV,TIN091214KL3,Talleres Industriales del Norte SA de CV,G03,03,PPD,78101800,Flete foráneo,1.0,5400.0,5400,864.0,6264.0,MXN,PO00050,S00007,E00002
9A6792FD-7CBA-C673-B828-BF5F1CFD1B68,recibida,A,27122,2025-06-16,2025-06-17,UDA130122EPS,Maquinados Monterrey SA de CV,TIN091214KL3,Talleres Industriales del Norte SA de CV,G03,03,PPD,80131500,Servicio de energía,1.0,121680.0,121680,19468.8,141148.8,MXN,PO00162,S00031,E00002
464101B6-CD39-9289-D22D-20F08215198F,recibida,A,53944,2025-06-16,2025-06-18,POR220413M4Q,Pinturas Guadalupe S de RL de CV,TIN091214KL3,Talleres Industriales del Norte SA de CV,G03,03,PUE,80131500,Servicio de energía,1.0,10722.4,10722.4,1715.58,12437.98,MXN,PO00210,S00036,E00002
30C2F72E-1D71-8E40-6210-D4D446EC0C3E,recibida,A,66958,2025-06-16,2025-06-16,IQX921208XAR,Industrias Monterrey SA de CV,TIN091214KL3,Talleres Industriales del Norte SA de CV,G03,03,PUE,40141600,Sellos hidráulicos,200.0,78.5,15700,2512.0,18212.0,MXN,PO00358,S00030,E00002
B39319D6-9803-51F2-3C65-B31A497A0996,emitida,F,1618,2025-06-16,2025-06-16,TIN091214KL3,Talleres Industriales del Norte SA de CV,CSM870728H9S,Grupo Quintanilla S de RL de CV,G01,03,PPD,23271800,Fabricación de estructura,1.0,385482.22,385482.22,61677.16,447159.38,MXN,,C00001,E00007
8613EAB1-5ED7-3ACA-DE0E-F53623FF2470,emitida,F,1630,2025-06-16,2025-06-16,TIN091214KL3,Talleres Industriales del Norte SA de CV,YRB930321HU5,Construcciones Sada S de RL de CV,G01,03,PPD,23271800,Soldadura industrial,1.0,347923.9,347923.9,55667.82,403591.72,MXN,,C00014,E00007
BFF84BD8-3DF8-34B0-58CA-D6B21912C816,recibida,A,70883,2025-06-17,2025-06-19,EVO0907049MQ,Hidráulica Nuevo León SAPI de CV,TIN091214KL3,Talleres Industriales del Norte SA de CV,G03,03,PUE,30102000,Barra redonda 1018,11.0,1846.16,20307.8,3249.25,23557.05,MXN,PO00150,S00009,E00002
5BC26DC8-FA2E-C701-3366-8E81A6AFA422,emitida,F,1531,2025-06-17,2025-06-17,TIN091214KL3,Talleres Industriales del Norte SA de CV,DXF1705184RD,Envases Martínez SAPI de CV,G01,03,PPD,23271800,Maquinado de piezas,1.0,275325.12,275325.12,44052.02,319377.14,MXN,,C00002,E00007
CBAA0561-A1F7-E942-5FAF-67890AAEC7C4,recibida,A,32511,2025-06-18,2025-06-19,JCY220225DEO,Soldadura Regiomontana S de RL de CV,TIN091214KL3,Talleres Industriales del Norte SA de CV,G03,03,PPD,31161500,Brocas HSS,177.0,312.88,55380,8860.8,64240.8,MXN,PO00049,S00029,E00002
A63FF60D-3241-F080-EDC1-A115DE4508EB,recibida,A,16737,2025-06-18,2025-06-18,LNR0211046T5,Pinturas Nuevo León SAPI de CV,TIN091214KL3,Talleres Industriales del Norte SA de CV,G03,03,PPD,30102000,Barra redonda 1018,58.0,308.45,17889.9,2862.38,20752.28,MXN,PO00462,S00019,E00002
70C27226-B71D-C541-4AD9-C3D13043A746,recibida,A,55575,2025-06-18,2025-06-18,PPK23090228I,Metálica del Norte SA de CV,TIN091214KL3,Talleres Industriales del Norte SA de CV,G03,03,PUE,40141600,Motor eléctrico 5HP,83.0,337.98,28052.4,4488.38,32540.78,MXN,PO00380,S00017,E00002
B5A7A8B7-27F1-FFF0-AE42-8CC9F4425BA1,recibida,A,58238,2025-06-19,2025-06-20,IXR870809SKC,Electrónica del Norte S de RL de CV,TIN091214KL3,Talleres Industriales del Norte SA de CV,G03,03,PUE,78101800,Flete foráneo,1.0,13347.8,13347.8,2135.65,15483.45,MXN,PO00400,S00012,E00002
CEADB30B-8745-A535-5ED2-A5093BCEE4BF,recibida,A,46612,2025-06-19,2025-06-19,RGL990201RM6,Gestoría y Enlace Santa Catarina S de RL de CV,TIN091214KL3,Talleres Industriales del Norte SA de CV,G03,03,PPD,80101500,Servicios de gestión y enlace comercial,1.0,48000.0,48000,7680.0,55680.0,MXN,PO00530,S00034,E00002
D9BBD0B6-6C13-95FD-0E93-55471A134B60,recibida,A,69680,2025-06-20,2025-06-22,YFL9210050X2,Herramientas del Norte S de RL de CV,TIN091214KL3,Talleres Industriales del Norte SA de CV,G03,03,PPD,40141600,Rodamientos SKF,104.0,224.83,23382.4,3741.18,27123.58,MXN,PO00362,S00037,E00002
CF483CE9-22BE-DFD8-E9B6-FFEDC4E76F00,recibida,A,87149,2025-06-20,2025-06-22,EJM1706048OE,Servicios Santa Catarina SAPI de CV,TIN091214KL3,Talleres Industriales del Norte SA de CV,G03,03,PPD,40141600,Bandas industriales,115.0,87.5,10062.4,1609.98,11672.38,MXN,PO00084,S00032,E00002
3BDDA38B-76A6-C3F7-685A-BE57FDD641D1,recibida,A,45195,2025-06-20,2025-06-20,KGD1808073H9,Transportes Industrial S de RL de CV,TIN091214KL3,Talleres Industriales del Norte SA de CV,G03,03,PPD,40141600,Bandas industriales,43.0,1114.2,47910.5,7665.68,55576.18,MXN,PO00281,S00024,E00002
E16BF91B-2973-8E7A-5653-49E44B6A7BBD,recibida,A,33897,2025-06-20,2025-06-21,MKD060428P24,Suministros Guadalupe SA de CV,TIN091214KL3,Talleres Industriales del Norte SA de CV,G03,03,PPD,40141600,Motor eléctrico 5HP,129.0,738.92,95320.5,15251.28,110571.78,MXN,PO00478,S00023,E00002
2D115079-6089-BB33-9045-7C9BEDD200AE,emitida,F,1626,2025-06-20,2025-06-20,TIN091214KL3,Talleres Industriales del Norte SA de CV,DDQ850214LFM,Construcciones Zambrano S de RL de CV,G01,03,PPD,23271800,Soldadura industrial,1.0,366109.54,366109.54,58577.53,424687.07,MXN,,C00013,E00007
14BAD6FA-FB45-F778-0210-396CE02575BB,recibida,A,69920,2025-06-23,2025-06-23,WRV860316MF8,Servicios Nuevo León SA de CV,TIN091214KL3,Talleres Industriales del Norte SA de CV,G03,03,PPD,31161500,Electrodos 6013,69.0,497.39,34320,5491.2,39811.2,MXN,PO00470,S00038,E00002
0B0DD9D0-EC85-EE24-3421-DF043B2F9B02,recibida,A,30771,2025-06-23,2025-06-25,LEJ901223H0C,Herramientas Regiomontana SA de CV,TIN091214KL3,Talleres Industriales del Norte SA de CV,G03,03,PUE,78101800,Flete local — carta porte anexa,1.0,9724.74,9724.74,1555.96,11280.7,MXN,PO00189,S00033,E00002
27B7053D-7908-7722-BCEE-862D867302BA,recibida,A,36628,2025-06-24,2025-06-25,RHK9801046MV,Suministros Guadalupe SA de CV,TIN091214KL3,Talleres Industriales del Norte SA de CV,G03,03,PPD,78101800,Maniobras de carga,1.0,8952.4,8952.4,1432.38,10384.78,MXN,PO00009,S00008,E00002
DCFC14F9-CA53-62F0-D411-0A7F96EC0FFC,recibida,A,43587,2025-06-24,2025-06-24,EJM1706048OE,Servicios Santa Catarina SAPI de CV,TIN091214KL3,Talleres Industriales del Norte SA de CV,G03,03,PPD,40141600,Motor eléctrico 5HP,135.0,120.89,16320.5,2611.28,18931.78,MXN,PO00127,S00032,E00002
C17F2C88-54F6-C195-7A34-84243E505612,recibida,A,59575,2025-06-24,2025-06-26,SNS0502149TX,Pinturas Guadalupe S de RL de CV,TIN091214KL3,Talleres Industriales del Norte SA de CV,G03,03,PUE,40141600,Bandas industriales,26.0,597.02,15522.4,2483.58,18005.98,MXN,PO00078,S00040,E00002
DCFC5F0C-17EE-6731-5B72-862DBE94207A,emitida,F,1635,2025-06-24,2025-06-24,TIN091214KL3,Talleres Industriales del Norte SA de CV,YRB930321HU5,Construcciones Sada S de RL de CV,G01,03,PPD,23271800,Maquinado de piezas,1.0,396141.28,396141.28,63382.6,459523.88,MXN,,C00014,E00007
1533C564-961E-CF61-73C6-2FA39B0A2A7A,recibida,A,9025,2025-06-25,2025-06-27,RHK9801046MV,Suministros Guadalupe SA de CV,TIN091214KL3,Talleres Industriales del Norte SA de CV,G03,03,PUE,78101800,Maniobras de carga,1.0,9432.4,9432.4,1509.18,10941.58,MXN,PO00343,S00008,E00002
C12939C9-2FA4-AE6D-0C10-1D20E8EC5161,recibida,A,4236,2025-06-25,2025-06-26,EVO0907049MQ,Hidráulica Nuevo León SAPI de CV,TIN091214KL3,Talleres Industriales del Norte SA de CV,G03,03,PPD,30102000,Tubo estructural,194.0,76.29,14799.9,2367.98,17167.88,MXN,PO00222,S00009,E00002
7AE658EA-083D-7D4C-9442-9575AF5A1659,recibida,A,97658,2025-06-25,2025-06-27,IQX921208XAR,Industrias Monterrey SA de CV,TIN091214KL3,Talleres Industriales del Norte SA de CV,G03,03,PPD,40141600,Sellos hidráulicos,200.0,104.05,20809.9,3329.58,24139.48,MXN,PO00117,S00030,E00002
AB08214B-E633-5B1C-883F-FFE24A3A94A4,recibida,A,25246,2025-06-26,2025-06-27,BRG980912TE9,Ferretera Guadalupe S de RL de CV,TIN091214KL3,Talleres Industriales del Norte SA de CV,G03,03,PUE,80101500,Servicios de limpieza,1.0,5342.4,5342.4,854.78,6197.18,MXN,PO00235,S00002,E00002
37D57BF6-9650-9C1D-EBBD-E0895620E41E,recibida,A,46891,2025-06-26,2025-06-27,BRG980912TE9,Ferretera Guadalupe S de RL de CV,TIN091214KL3,Talleres Industriales del Norte SA de CV,G03,03,PUE,80101500,Capacitación,1.0,8980.5,8980.5,1436.88,10417.38,MXN,PO00332,S00002,E00002
6C29547A-5579-343D-5497-7EEE2BE9C421,emitida,F,1579,2025-06-26,2025-06-26,TIN091214KL3,Talleres Industriales del Norte SA de CV,TIV9003196BV,Grupo Chapa S de RL de CV,G01,03,PPD,23271800,Soldadura industrial,1.0,307453.23,307453.23,49192.52,356645.75,MXN,,C00007,E00007
4AACE82F-A515-92F4-2EE4-5B09F8BDDA60,emitida,F,1583,2025-06-26,2025-06-26,TIN091214KL3,Talleres Industriales del Norte SA de CV,TIV9003196BV,Grupo Chapa S de RL de CV,G01,03,PPD,23271800,Corte y doblez,1.0,114230.62,114230.62,18276.9,132507.52,MXN,,C00007,E00007
6EBF7C6F-649A-0595-3F9E-717FC4A7DB1C,recibida,A,81728,2025-06-27,2025-06-29,NOR190111MKV,Refacciones Santa Catarina S de RL de CV,TIN091214KL3,Talleres Industriales del Norte SA de CV,G03,03,PPD,40141600,Sellos hidráulicos,73.0,246.31,17980.5,2876.88,20857.38,MXN,PO00198,S00022,E00002
F88E42D7-478D-8BA5-C281-75EBF9097CEC,recibida,A,64330,2025-06-27,2025-06-28,KUA86021592H,Grupo Nuevo León SAPI de CV,TIN091214KL3,Talleres Industriales del Norte SA de CV,G03,03,PPD,30102000,Perfil PTR 2x2,152.0,101.86,15482.4,2477.18,17959.58,MXN,PO00289,S00021,E00002
F8C9FA8D-CA00-F317-196D-A56A12ECEA0F,recibida,A,83486,2025-06-30,2025-06-30,TYC9409017QY,Hidráulica Industrial S de RL de CV,TIN091214KL3,Talleres Industriales del Norte SA de CV,G03,03,PUE,80101500,Servicio de mantenimiento,1.0,83647.8,83647.8,13383.65,97031.45,MXN,PO00079,S00006,E00002
AAF5A369-82C7-598B-2371-2E059AF0A126,recibida,A,97191,2025-06-30,2025-07-02,ZKV070614580,Empaques Apodaca SAPI de CV,TIN091214KL3,Talleres Industriales del Norte SA de CV,G03,03,PPD,30102000,Placa de acero A36,26.0,990.4,25750.5,4120.08,29870.58,MXN,PO00466,S00039,E00002
A7E42117-4F3F-CFC9-9F6F-88E252C49987,recibida,A,73071,2025-06-30,2025-07-01,ETO1712191GE,Maquinados del Norte SAPI de CV,TIN091214KL3,Talleres Industriales del Norte SA de CV,G03,03,PUE,40141600,Rodamientos SKF,10.0,9706.78,97067.8,15530.85,112598.65,MXN,PO00376,S00028,E00002
858223AA-D78E-4CBC-8846-B8CD8D6B147F,recibida,A,42538,2025-06-30,2025-07-02,FWD180424QZI,Pinturas Escobedo S de RL de CV,TIN091214KL3,Talleres Industriales del Norte SA de CV,G03,03,PPD,40141600,Sellos hidráulicos,78.0,324.24,25290.5,4046.48,29336.98,MXN,PO00055,S00035,E00002
34D004A1-6216-1761-23BA-83C63D8C2795,recibida,A,84586,2025-06-30,2025-07-02,FWD180424QZI,Pinturas Escobedo S de RL de CV,TIN091214KL3,Talleres Industriales del Norte SA de CV,G03,03,PUE,40141600,Motor eléctrico 5HP,123.0,213.27,26232.4,4197.18,30429.58,MXN,PO00542,S00035,E00002
C78E9279-EDE5-4ECA-7649-0B05634F70FF,recibida,A,10851,2025-07-01,2025-07-03,YZN920101669,Neumática Industrial S de RL de CV,TIN091214KL3,Talleres Industriales del Norte SA de CV,G03,03,PUE,40141600,Bandas industriales,164.0,66.89,10969.9,1755.18,12725.08,MXN,PO00381,S00020,E00002
47C32F21-E9FF-91A4-CAF1-BE8C862475EF,emitida,F,1510,2025-07-01,2025-07-01,TIN091214KL3,Talleres Industriales del Norte SA de CV,AKL141216HQE,Envases Guerra SA de CV,G01,03,PPD,23271800,Maquinado de piezas,1.0,199654.11,199654.11,31944.66,231598.77,MXN,,C00011,E00007
B1380ABC-A817-13E2-600E-89AAA38D715A,recibida,A,67542,2025-07-02,2025-07-02,JSS931109XIQ,Neumática del Norte SA de CV,TIN091214KL3,Talleres Industriales del Norte SA de CV,G03,03,PUE,40141600,Válvulas neumáticas,7.0,1302.93,9120.5,1459.28,10579.78,MXN,PO00335,S00026,E00002
D9C569B9-2128-3039-1F7E-DDEE58EA0111,recibida,A,84482,2025-07-02,2025-07-02,EJM1706048OE,Servicios Santa Catarina SAPI de CV,TIN091214KL3,Talleres Industriales del Norte SA de CV,G03,03,PPD,40141600,Válvulas neumáticas,98.0,171.02,16760,2681.6,19441.6,MXN,PO00404,S00032,E00002
BC39074C-A2F5-FC9F-F3E6-11F1DA46A79F,emitida,F,1542,2025-07-02,2025-07-02,TIN091214KL3,Talleres Industriales del Norte SA de CV,IOL031203VT4,Autopartes Guerra S de RL de CV,G01,03,PPD,23271800,Fabricación de estructura,1.0,313653.33,313653.33,50184.53,363837.86,MXN,,C00015,E00007
EE287B0D-27FE-CB64-8CB1-D6D8A4AEF417,recibida,A,3784,2025-07-03,2025-07-04,KUG170614DEP,Servicios de México SA de CV,TIN091214KL3,Talleres Industriales del Norte SA de CV,G03,03,PPD,40141600,Bandas industriales,47.0,1063.83,50000,8000.0,58000.0,MXN,PO00123,S00001,E00002
EB7EF068-574A-466F-D039-C6756E7342DA,recibida,A,8971,2025-07-03,2025-07-03,KUG170614DEP,Servicios de México SA de CV,TIN091214KL3,Talleres Industriales del Norte SA de CV,G03,03,PUE,40141600,Bandas industriales,52.0,1923.08,100000,16000.0,116000.0,MXN,PO00512,S00001,E00002
7D9B9522-9FCC-D550-CA40-393CDAEC2E47,recibida,A,10263,2025-07-03,2025-07-04,GER160625BPR,Maquinados Regiomontana S de RL de CV,TIN091214KL3,Talleres Industriales del Norte SA de CV,G03,03,PUE,31161500,Electrodos 6013,58.0,319.93,18555.88,2968.94,21524.82,MXN,PO00153,S00004,E00002
BAE68FA1-ED5C-0BA0-F079-F13EA5462E00,recibida,A,71604,2025-07-04,2025-07-04,QJX180308HTS,Refacciones Regiomontana SAPI de CV,TIN091214KL3,Talleres Industriales del Norte SA de CV,G03,03,PUE,78101800,Flete local,1.0,7520.5,7520.5,1203.28,8723.78,MXN,PO00441,S00007,E00002
DF06B6BB-6FE7-54A7-6A4E-5FF3E7815E64,recibida,A,59538,2025-07-04,2025-07-05,TQX980213KP2,Soldadura Guadalupe S de RL de CV,TIN091214KL3,Talleres Industriales del Norte SA de CV,G03,03,PPD,78101800,Maniobras de carga,1.0,12507.8,12507.8,2001.25,14509.05,MXN,PO00023,S00011,E00002
EA6A42DD-2E3B-F7D9-C433-1457101152C3,recibida,A,89348,2025-07-04,2025-07-04,TYC9409017QY,Hidráulica Industrial S de RL de CV,TIN091214KL3,Talleres Industriales del Norte SA de CV,G03,03,PUE,80101500,Asesoría fiscal,1.0,72817.8,72817.8,11650.85,84468.65,MXN,PO00225,S00006,E00002
39E50E0C-52A2-C2A9-237C-F5C84B0C8547,recibida,A,45672,2025-07-04,2025-07-04,KUA86021592H,Grupo Nuevo León SAPI de CV,TIN091214KL3,Talleres Industriales del Norte SA de CV,G03,03,PUE,30102000,Placa de acero A36,117.0,175.71,20557.8,3289.25,23847.05,MXN,PO00295,S00021,E00002
8FC70DC0-A301-E3E4-1A1B-C4C66A5C07D9,recibida,A,99081,2025-07-07,2025-07-08,HSA170302L56,Distribuidora del Norte S de RL de CV,TIN091214KL3,Talleres Industriales del Norte SA de CV,G03,03,PPD,80131500,Renta de montacargas,1.0,59819.9,59819.9,9571.18,69391.08,MXN,PO00480,S00005,E00002
B138BC65-3093-8E8E-486E-94730EBF847B,recibida,A,94415,2025-07-07,2025-07-09,JCY220225DEO,Soldadura Regiomontana S de RL de CV,TIN091214KL3,Talleres Industriales del Norte SA de CV,G03,03,PUE,31161500,Electrodos 6013,132.0,272.94,36027.8,5764.45,41792.25,MXN,PO00204,S00029,E00002
80103945-602D-F68B-6623-450351938A24,recibida,A,44209,2025-07-07,2025-07-08,WRV860316MF8,Servicios Nuevo León SA de CV,TIN091214KL3,Talleres Industriales del Norte SA de CV,G03,03,PPD,31161500,Solvente industrial,23.0,1796.43,41317.8,6610.85,47928.65,MXN,PO00461,S00038,E00002
AD12E116-A08C-7563-C846-A9489AF17948,recibida,A,54772,2025-07-07,2025-07-09,FVB020903VNA,Herramientas del Norte SAPI de CV,TIN091214KL3,Talleres Industriales del Norte SA de CV,G03,03,PUE,31161500,Brocas HSS,28.0,2293.21,64209.9,10273.58,74483.48,MXN,PO00486,S00016,E00002
D7D7D5B0-3FA0-6889-20F9-38CC42CF0072,recibida,A,7297,2025-07-07,2025-07-07,BRG980912TE9,Ferretera Guadalupe S de RL de CV,TIN091214KL3,Talleres Industriales del Norte SA de CV,G03,03,PUE,80101500,Servicios de limpieza,1.0,10890.5,10890.5,1742.48,12632.98,MXN,PO00338,S00002,E00002
88503546-9C6D-FF68-E117-D02D67926E92,emitida,F,1557,2025-07-07,2025-07-07,TIN091214KL3,Talleres Industriales del Norte SA de CV,QBN900325RYY,Envases Hernández SAPI de CV,G01,03,PPD,23271800,Corte y doblez,1.0,267197.07,267197.07,42751.53,309948.6,MXN,,C00008,E00007
E8A5BF98-C87D-8556-607D-D782DC934D86,emitida,F,1611,2025-07-07,2025-07-07,TIN091214KL3,Talleres Industriales del Norte SA de CV,CSM870728H9S,Grupo Quintanilla S de RL de CV,G01,03,PPD,23271800,Fabricación de estructura,1.0,226688.35,226688.35,36270.14,262958.49,MXN,,C00001,E00007
B36E1F8B-2F28-3992-9E41-54C8A0BB3EE0,recibida,A,36161,2025-07-08,2025-07-10,RYY210726M9I,Metálica del Norte S de RL de CV,TIN091214KL3,Talleres Industriales del Norte SA de CV,G03,03,PPD,80131500,Servicio de energía,1.0,26430.0,26430,4228.8,30658.8,MXN,PO00031,S00015,E00002
01C0074F-E355-FA97-93CB-95E3D03D9C2F,recibida,A,32738,2025-07-08,2025-07-08,EJM1706048OE,Servicios Santa Catarina SAPI de CV,TIN091214KL3,Talleres Industriales del Norte SA de CV,G03,03,PUE,40141600,Rodamientos SKF,132.0,147.27,19439.9,3110.38,22550.28,MXN,PO00140,S00032,E00002
1104A7A4-9067-0535-9FAA-227F18A2F4CF,recibida,A,66993,2025-07-08,2025-07-10,POR220413M4Q,Pinturas Guadalupe S de RL de CV,TIN091214KL3,Talleres Industriales del Norte SA de CV,G03,03,PUE,80131500,Renta de nave industrial,1.0,9047.8,9047.8,1447.65,10495.45,MXN,PO00040,S00036,E00002
F00DD252-1838-FA7A-1723-7D5E55413783,recibida,A,69205,2025-07-08,2025-07-08,YZN920101669,Neumática Industrial S de RL de CV,TIN091214KL3,Talleres Industriales del Norte SA de CV,G03,03,PPD,40141600,Bandas industriales,141.0,123.97,17480,2796.8,20276.8,MXN,PO00115,S00020,E00002
A44D835E-E6D6-F490-76A6-1AECC9385845,emitida,F,1544,2025-07-08,2025-07-08,TIN091214KL3,Talleres Industriales del Norte SA de CV,IOL031203VT4,Autopartes Guerra S de RL de CV,G01,03,PPD,23271800,Soldadura industrial,1.0,398229.03,398229.03,63716.64,461945.67,MXN,,C00015,E00007
4C30948B-B568-D59E-44F2-B268F86CC39D,recibida,A,55957,2025-07-09,2025-07-09,TQX980213KP2,Soldadura Guadalupe S de RL de CV,TIN091214KL3,Talleres Industriales del Norte SA de CV,G03,03,PUE,78101800,Flete foráneo,1.0,9372.4,9372.4,1499.58,10871.98,MXN,PO00417,S00011,E00002
BD65DB72-19CD-399D-9C90-80E6C0AB2DA2,recibida,A,98246,2025-07-09,2025-07-09,KUA86021592H,Grupo Nuevo León SAPI de CV,TIN091214KL3,Talleres Industriales del Norte SA de CV,G03,03,PUE,30102000,Lámina de acero cal. 14,113.0,207.08,23399.9,3743.98,27143.88,MXN,PO00296,S00021,E00002
6FE57398-F3BE-5C8C-48FC-823882E43A26,recibida,A,1840,2025-07-11,2025-07-11,JCY220225DEO,Soldadura Regiomontana S de RL de CV,TIN091214KL3,Talleres Industriales del Norte SA de CV,G03,03,PPD,31161500,Electrodos 6013,127.0,508.51,64580.5,10332.88,74913.38,MXN,PO00459,S00029,E00002
8DF7D010-8831-D487-8216-F241AF8C77F5,recibida,A,24242,2025-07-11,2025-07-12,EJM1706048OE,Servicios Santa Catarina SAPI de CV,TIN091214KL3,Talleres Industriales del Norte SA de CV,G03,03,PUE,40141600,Rodamientos SKF,193.0,51.4,9920,1587.2,11507.2,MXN,PO00232,S00032,E00002
FD8E5107-7180-4B4B-BAFB-710C26FF4A94,emitida,F,1593,2025-07-11,2025-07-11,TIN091214KL3,Talleres Industriales del Norte SA de CV,KIP8808101ID,Autopartes Chapa SAPI de CV,G01,03,PPD,23271800,Soldadura industrial,1.0,59685.85,59685.85,9549.74,69235.59,MXN,,C00003,E00007
5E3E2C93-E46C-C67A-F4CD-E02089E03AEF,recibida,A,22041,2025-07-14,2025-07-15,XRN090413Q8F,Grupo San Nicolás SA de CV,TIN091214KL3,Talleres Industriales del Norte SA de CV,G03,03,PPD,80101500,Capacitación,1.0,77529.9,77529.9,12404.78,89934.68,MXN,PO00066,S00025,E00002
68CC2B62-DB94-1FB3-5C03-4E128A0D8076,emitida,F,1589,2025-07-14,2025-07-14,TIN091214KL3,Talleres Industriales del Norte SA de CV,KIP8808101ID,Autopartes Chapa SAPI de CV,G01,03,PPD,23271800,Soldadura industrial,1.0,111289.97,111289.97,17806.4,129096.37,MXN,,C00003,E00007
8157E31A-EC98-7126-2584-763D803211B8,recibida,A,12725,2025-07-16,2025-07-17,QLD0604095NT,Metálica San Nicolás SA de CV,TIN091214KL3,Talleres Industriales del Norte SA de CV,G03,03,PPD,80101500,Servicio de mantenimiento,1.0,16367.8,16367.8,2618.85,18986.65,MXN,PO00072,S00010,E00002
95D02FFF-2912-6346-3EC2-5E07162953E5,emitida,F,1550,2025-07-18,2025-07-18,TIN091214KL3,Talleres Industriales del Norte SA de CV,IOL031203VT4,Autopartes Guerra S de RL de CV,G01,03,PPD,23271800,Soldadura industrial,1.0,365608.38,365608.38,58497.34,424105.72,MXN,,C00015,E00007
29A11FCA-4575-FB7F-1611-6AB4B881C839,recibida,A,84536,2025-07-21,2025-07-23,TQX980213KP2,Soldadura Guadalupe S de RL de CV,TIN091214KL3,Talleres Industriales del Norte SA de CV,G03,03,PUE,78101800,Flete local,1.0,13640.5,13640.5,2182.48,15822.98,MXN,PO00184,S00011,E00002
35477892-C788-E765-796D-1EC6DA308FA8,recibida,A,71998,2025-07-21,2025-07-22,RHK9801046MV,Suministros Guadalupe SA de CV,TIN091214KL3,Talleres Industriales del Norte SA de CV,G03,03,PPD,78101800,Flete foráneo,1.0,4270.5,4270.5,683.28,4953.78,MXN,PO00304,S00008,E00002
F9F0868B-17F3-BE81-4804-2944BB7CF8BA,recibida,A,49556,2025-07-21,2025-07-23,TYC9409017QY,Hidráulica Industrial S de RL de CV,TIN091214KL3,Talleres Industriales del Norte SA de CV,G03,03,PUE,80101500,Consultoría de procesos,1.0,27730.5,27730.5,4436.88,32167.38,MXN,PO00070,S00006,E00002
2377E968-FC57-E063-6D73-962764B22D07,recibida,A,95674,2025-07-21,2025-07-21,POR220413M4Q,Pinturas Guadalupe S de RL de CV,TIN091214KL3,Talleres Industriales del Norte SA de CV,G03,03,PPD,80131500,Renta de montacargas,1.0,5899.9,5899.9,943.98,6843.88,MXN,PO00262,S00036,E00002
14A9DAD6-C392-08D9-F199-C50A513C4C1A,emitida,F,1587,2025-07-21,2025-07-21,TIN091214KL3,Talleres Industriales del Norte SA de CV,TIV9003196BV,Grupo Chapa S de RL de CV,G01,03,PPD,23271800,Corte y doblez,1.0,47404.21,47404.21,7584.67,54988.88,MXN,,C00007,E00007
F4A55DA5-7858-C1B4-2E0C-722B85805CF9,emitida,F,1597,2025-07-21,2025-07-21,TIN091214KL3,Talleres Industriales del Norte SA de CV,NBX010517L3O,Envases Quintanilla S de RL de CV,G01,03,PPD,23271800,Fabricación de estructura,1.0,290791.01,290791.01,46526.56,337317.57,MXN,,C00017,E00007
60C790E1-DA3E-EDF6-6DBA-1EFB7837DC5D,emitida,F,1627,2025-07-21,2025-07-21,TIN091214KL3,Talleres Industriales del Norte SA de CV,DDQ850214LFM,Construcciones Zambrano S de RL de CV,G01,03,PPD,23271800,Corte y doblez,1.0,378502.7,378502.7,60560.43,439063.13,MXN,,C00013,E00007
37CF0EED-527E-9B71-80B8-7D84C0B379B5,recibida,A,19258,2025-07-22,2025-07-23,KUA86021592H,Grupo Nuevo León SAPI de CV,TIN091214KL3,Talleres Industriales del Norte SA de CV,G03,03,PPD,30102000,Perfil PTR 2x2,59.0,179.83,10610,1697.6,12307.6,MXN,PO00440,S00021,E00002
DF152480-A809-9B6C-3E85-96E948AF4260,recibida,A,13545,2025-07-22,2025-07-22,OFW920626UHP,Refacciones Industrial S de RL de CV,TIN091214KL3,Talleres Industriales del Norte SA de CV,G03,03,PPD,80101500,Servicio de mantenimiento,1.0,43432.4,43432.4,6949.18,50381.58,MXN,PO00158,S00027,E00002
800E0243-968B-1687-5441-B3FD372164F9,recibida,A,78310,2025-07-23,2025-07-23,QJX180308HTS,Refacciones Regiomontana SAPI de CV,TIN091214KL3,Talleres Industriales del Norte SA de CV,G03,03,PPD,78101800,Flete local,1.0,4039.9,4039.9,646.38,4686.28,MXN,PO00274,S00007,E00002
B1058400-C098-964F-4889-EDDC628C124C,recibida,A,17912,2025-07-24,2025-07-26,JCY220225DEO,Soldadura Regiomontana S de RL de CV,TIN091214KL3,Talleres Industriales del Norte SA de CV,G03,03,PPD,31161500,Brocas HSS,198.0,490.65,97147.8,15543.65,112691.45,MXN,PO00029,S00029,E00002
006D2AEF-AF38-7A27-0055-CC1A2674EBE3,emitida,F,1590,2025-07-24,2025-07-24,TIN091214KL3,Talleres Industriales del Norte SA de CV,KIP8808101ID,Autopartes Chapa SAPI de CV,G01,03,PPD,23271800,Fabricación de estructura,1.0,264381.99,264381.99,42301.12,306683.11,MXN,,C00003,E00007
3FEAD6E7-24A8-69C7-F52A-E53DA543ED82,recibida,A,51268,2025-07-25,2025-07-26,FVB020903VNA,Herramientas del Norte SAPI de CV,TIN091214KL3,Talleres Industriales del Norte SA de CV,G03,03,PUE,31161500,Solvente industrial,167.0,629.6,105142.4,16822.78,121965.18,MXN,PO00508,S00016,E00002
5BC6710C-C556-97B8-5A4A-1D3BB452FE74,recibida,A,85024,2025-07-25,2025-07-27,FVB020903VNA,Herramientas del Norte SAPI de CV,TIN091214KL3,Talleres Industriales del Norte SA de CV,G03,03,PUE,31161500,Brocas HSS,182.0,169.4,30829.9,4932.78,35762.68,MXN,PO00060,S00016,E00002
8411A922-9136-D373-5E62-1D8EBA50B60D,emitida,F,1580,2025-07-25,2025-07-25,TIN091214KL3,Talleres Industriales del Norte SA de CV,TIV9003196BV,Grupo Chapa S de RL de CV,G01,03,PPD,23271800,Corte y doblez,1.0,173688.53,173688.53,27790.16,201478.69,MXN,,C00007,E00007
B1D40CA2-EFC7-D97D-5CB3-33E4C7ECDF8A,recibida,A,5690,2025-07-25,2025-07-25,RGL990201RM6,Gestoría y Enlace Santa Catarina S de RL de CV,TIN091214KL3,Talleres Industriales del Norte SA de CV,G03,03,PUE,80101500,Servicios de gestión y enlace comercial,1.0,64000.0,64000,10240.0,74240.0,MXN,PO00453,S00034,E00002
67F2D14E-F70A-B30C-B8FF-62AA5FBF9B71,recibida,A,99690,2025-07-28,2025-07-28,WRV860316MF8,Servicios Nuevo León SA de CV,TIN091214KL3,Talleres Industriales del Norte SA de CV,G03,03,PPD,31161500,Guantes de carnaza,140.0,303.23,42452.4,6792.38,49244.78,MXN,PO00089,S00038,E00002
BC9D5678-F878-13D9-12A5-6E5BBFF404E4,recibida,A,20734,2025-07-28,2025-07-29,EVO0907049MQ,Hidráulica Nuevo León SAPI de CV,TIN091214KL3,Talleres Industriales del Norte SA de CV,G03,03,PPD,30102000,Tubo estructural,196.0,35.61,6979.9,1116.78,8096.68,MXN,PO00415,S00009,E00002
88419BDB-938A-9757-54EE-B60B1145C5C1,recibida,A,29845,2025-07-28,2025-07-29,IXR870809SKC,Electrónica del Norte S de RL de CV,TIN091214KL3,Talleres Industriales del Norte SA de CV,G03,03,PPD,78101800,Flete foráneo,1.0,3400.0,3400,544.0,3944.0,MXN,PO00234,S00012,E00002
600B043F-5F81-59DC-62A8-731C720C4F9A,recibida,A,42444,2025-07-28,2025-07-28,MKD060428P24,Suministros Guadalupe SA de CV,TIN091214KL3,Talleres Industriales del Norte SA de CV,G03,03,PUE,40141600,Sellos hidráulicos,139.0,638.13,88700.5,14192.08,102892.58,MXN,PO00294,S00023,E00002
AE10F411-2DB4-4195-1646-284DFA83BEB6,recibida,A,8164,2025-07-28,2025-07-29,IQX921208XAR,Industrias Monterrey SA de CV,TIN091214KL3,Talleres Industriales del Norte SA de CV,G03,03,PPD,40141600,Bandas industriales,175.0,95.43,16700.5,2672.08,19372.58,MXN,PO00076,S00030,E00002
D4CAAB0B-CAAF-2E23-2F43-B0131A729BA7,emitida,F,1572,2025-07-28,2025-07-28,TIN091214KL3,Talleres Industriales del Norte SA de CV,AVL190904X3P,Autopartes Guerra SAPI de CV,G01,03,PPD,23271800,Maquinado de piezas,1.0,123116.4,123116.4,19698.62,142815.02,MXN,,C00006,E00007
3AD9E0E8-316F-BF19-E036-7D09D098A081,recibida,A,94683,2025-07-28,2025-07-30,GER160625BPR,Maquinados Regiomontana S de RL de CV,TIN091214KL3,Talleres Industriales del Norte SA de CV,G03,03,PUE,31161500,Guantes de carnaza,138.0,111.26,15353.92,2456.63,17810.55,MXN,PO00088,S00004,E00002
757A0F87-13B0-FCB0-AB35-B3294448B59B,recibida,A,49098,2025-07-29,2025-07-30,IXR870809SKC,Electrónica del Norte S de RL de CV,TIN091214KL3,Talleres Industriales del Norte SA de CV,G03,03,PPD,78101800,Flete foráneo,1.0,10689.9,10689.9,1710.38,12400.28,MXN,PO00169,S00012,E00002
EE8A7832-ACEB-9DD6-251A-F2F42B56A1CF,recibida,A,24499,2025-07-29,2025-07-30,ZKV070614580,Empaques Apodaca SAPI de CV,TIN091214KL3,Talleres Industriales del Norte SA de CV,G03,03,PPD,30102000,Barra redonda 1018,50.0,391.41,19570.5,3131.28,22701.78,MXN,PO00256,S00039,E00002
FB31CA1D-4BD5-5012-D911-C377957110C7,recibida,A,65674,2025-07-29,2025-07-29,KGD1808073H9,Transportes Industrial S de RL de CV,TIN091214KL3,Talleres Industriales del Norte SA de CV,G03,03,PPD,40141600,Rodamientos SKF,1.0,50007.8,50007.8,8001.25,58009.05,MXN,PO00254,S00024,E00002
E2ED6587-8104-EBA3-91D7-5B510E16F62F,recibida,A,53167,2025-07-30,2025-07-30,BRG980912TE9,Ferretera Guadalupe S de RL de CV,TIN091214KL3,Talleres Industriales del Norte SA de CV,G03,03,PUE,80101500,Servicios de limpieza,1.0,9952.4,9952.4,1592.38,11544.78,MXN,PO00133,S00002,E00002
10D080C1-790B-48A5-D770-EFB5D44D3ABB,recibida,A,18066,2025-07-30,2025-07-30,FWD180424QZI,Pinturas Escobedo S de RL de CV,TIN091214KL3,Talleres Industriales del Norte SA de CV,G03,03,PPD,40141600,Bandas industriales,36.0,562.57,20252.4,3240.38,23492.78,MXN,PO00011,S00035,E00002
62542D14-995A-F825-5731-5F9B0782F740,emitida,F,1599,2025-07-30,2025-07-30,TIN091214KL3,Talleres Industriales del Norte SA de CV,NBX010517L3O,Envases Quintanilla S de RL de CV,G01,03,PPD,23271800,Soldadura industrial,1.0,204764.67,204764.67,32762.35,237527.02,MXN,,C00017,E00007
BD391012-F84E-540D-CAFD-7B8DB23144CA,emitida,F,1646,2025-07-31,2025-07-31,TIN091214KL3,Talleres Industriales del Norte SA de CV,RSR9508062P4,Grupo Martínez SA de CV,G01,03,PPD,23271800,Soldadura industrial,1.0,349840.68,349840.68,55974.51,405815.19,MXN,,C00018,E00007
839B490A-F7C2-5E10-9F4D-5155519C7CFB,recibida,A,11802,2025-08-01,2025-08-02,KGD1808073H9,Transportes Industrial S de RL de CV,TIN091214KL3,Talleres Industriales del Norte SA de CV,G03,03,PPD,40141600,Rodamientos SKF,190.0,276.7,52572.4,8411.58,60983.98,MXN,PO00460,S00024,E00002
2E26E465-409A-D393-71C2-D65ED114E8F6,recibida,A,25840,2025-08-04,2025-08-06,JCY220225DEO,Soldadura Regiomontana S de RL de CV,TIN091214KL3,Talleres Industriales del Norte SA de CV,G03,03,PUE,31161500,Discos de corte,99.0,542.42,53699.9,8591.98,62291.88,MXN,PO00267,S00029,E00002
F7A97E6C-2D8A-64FC-B82D-E96F03DC96AA,recibida,A,85129,2025-08-04,2025-08-05,FVB020903VNA,Herramientas del Norte SAPI de CV,TIN091214KL3,Talleres Industriales del Norte SA de CV,G03,03,PPD,31161500,Electrodos 6013,170.0,402.88,68489.9,10958.38,79448.28,MXN,PO00185,S00016,E00002
71BB93AD-ED5E-DE01-1A48-018FA25F626C,recibida,A,21150,2025-08-04,2025-08-05,ZKV070614580,Empaques Apodaca SAPI de CV,TIN091214KL3,Talleres Industriales del Norte SA de CV,G03,03,PPD,30102000,Perfil PTR 2x2,157.0,107.31,16847.8,2695.65,19543.45,MXN,PO00423,S00039,E00002
61397A1E-0913-CC3A-0775-F84A49CBA2F1,recibida,A,19975,2025-08-04,2025-08-04,KGD1808073H9,Transportes Industrial S de RL de CV,TIN091214KL3,Talleres Industriales del Norte SA de CV,G03,03,PUE,40141600,Bandas industriales,82.0,490.4,40212.4,6433.98,46646.38,MXN,PO00375,S00024,E00002
392913E7-4F06-6900-5132-FC56F90B8999,emitida,F,1643,2025-08-04,2025-08-04,TIN091214KL3,Talleres Industriales del Norte SA de CV,RSR9508062P4,Grupo Martínez SA de CV,G01,03,PPD,23271800,Corte y doblez,1.0,143223.41,143223.41,22915.75,166139.16,MXN,,C00018,E00007
835CC7A8-7E8D-EAEA-4FDC-EE7053F491C6,recibida,A,20065,2025-08-05,2025-08-06,XRN090413Q8F,Grupo San Nicolás SA de CV,TIN091214KL3,Talleres Industriales del Norte SA de CV,G03,03,PPD,80101500,Asesoría fiscal,1.0,71979.9,71979.9,11516.78,83496.68,MXN,PO00518,S00025,E00002
BF133966-6D8D-5227-165E-05680C1EC8CC,recibida,A,32703,2025-08-05,2025-08-06,TYC9409017QY,Hidráulica Industrial S de RL de CV,TIN091214KL3,Talleres Industriales del Norte SA de CV,G03,03,PUE,80101500,Capacitación,1.0,42930.0,42930,6868.8,49798.8,MXN,PO00282,S00006,E00002
4EC6DACC-8033-CB16-DBD8-6C46D28E28CE,emitida,F,1645,2025-08-05,2025-08-05,TIN091214KL3,Talleres Industriales del Norte SA de CV,RSR9508062P4,Grupo Martínez SA de CV,G01,03,PPD,23271800,Maquinado de piezas,1.0,233194.03,233194.03,37311.04,270505.07,MXN,,C00018,E00007
89F182BE-8A8B-F4F6-D855-6B60EAD5C047,recibida,A,12121,2025-08-06,2025-08-08,TYC9409017QY,Hidráulica Industrial S de RL de CV,TIN091214KL3,Talleres Industriales del Norte SA de CV,G03,03,PUE,80101500,Asesoría fiscal,1.0,63917.8,63917.8,10226.85,74144.65,MXN,PO00052,S00006,E00002
A38D8CB8-4365-88E5-331A-DEB5510FA10F,recibida,A,43558,2025-08-08,2025-08-08,OFW920626UHP,Refacciones Industrial S de RL de CV,TIN091214KL3,Talleres Industriales del Norte SA de CV,G03,03,PPD,80101500,Servicio de mantenimiento,1.0,26349.9,26349.9,4215.98,30565.88,MXN,PO00311,S00027,E00002
4C53E2C5-4142-2585-1915-E06E7E1EB63C,recibida,A,88432,2025-08-11,2025-08-11,QLD0604095NT,Metálica San Nicolás SA de CV,TIN091214KL3,Talleres Industriales del Norte SA de CV,G03,03,PPD,80101500,Asesoría fiscal,1.0,45142.4,45142.4,7222.78,52365.18,MXN,PO00395,S00010,E00002
8A865457-6FE6-EFBE-AB9D-65BD7BFDA133,recibida,A,94947,2025-08-11,2025-08-12,YFL9210050X2,Herramientas del Norte S de RL de CV,TIN091214KL3,Talleres Industriales del Norte SA de CV,G03,03,PPD,40141600,Rodamientos SKF,197.0,30.7,6047.8,967.65,7015.45,MXN,PO00107,S00037,E00002
A4B838C1-D9AB-A6B9-55BF-6BF849F0E009,recibida,A,34701,2025-08-11,2025-08-12,ZKV070614580,Empaques Apodaca SAPI de CV,TIN091214KL3,Talleres Industriales del Norte SA de CV,G03,03,PUE,30102000,Perfil PTR 2x2,112.0,205.0,22960,3673.6,26633.6,MXN,PO00073,S00039,E00002
BE081AA8-9FBC-32DE-103B-69EF95DCE955,recibida,A,95384,2025-08-11,2025-08-12,OFW920626UHP,Refacciones Industrial S de RL de CV,TIN091214KL3,Talleres Industriales del Norte SA de CV,G03,03,PPD,80101500,Capacitación,1.0,40527.8,40527.8,6484.45,47012.25,MXN,PO00344,S00027,E00002
26909D62-FE5B-1BB4-4D2F-242175B6BCF2,recibida,A,7789,2025-08-11,2025-08-13,OFW920626UHP,Refacciones Industrial S de RL de CV,TIN091214KL3,Talleres Industriales del Norte SA de CV,G03,03,PUE,80101500,Servicios de limpieza,1.0,54370.0,54370,8699.2,63069.2,MXN,PO00012,S00027,E00002
EB3D4662-5EBB-D0C4-4C40-C8833B484400,emitida,F,1512,2025-08-11,2025-08-11,TIN091214KL3,Talleres Industriales del Norte SA de CV,AKL141216HQE,Envases Guerra SA de CV,G01,03,PPD,23271800,Soldadura industrial,1.0,216985.63,216985.63,34717.7,251703.33,MXN,,C00011,E00007
777F2088-ABB6-D7AE-9095-E8BDDD7D4972,emitida,F,1624,2025-08-11,2025-08-11,TIN091214KL3,Talleres Industriales del Norte SA de CV,DDQ850214LFM,Construcciones Zambrano S de RL de CV,G01,03,PPD,23271800,Fabricación de estructura,1.0,301913.63,301913.63,48306.18,350219.81,MXN,,C00013,E00007
FD720DD1-13D0-75F6-18A2-C79A128AD481,recibida,A,50936,2025-08-13,2025-08-15,EVO0907049MQ,Hidráulica Nuevo León SAPI de CV,TIN091214KL3,Talleres Industriales del Norte SA de CV,G03,03,PPD,30102000,Lámina de acero cal. 14,64.0,175.62,11239.9,1798.38,13038.28,MXN,PO00357,S00009,E00002
2CB58CD3-99D6-75C5-5944-50FC0A2D9269,recibida,A,38122,2025-08-13,2025-08-15,NOR190111MKV,Refacciones Santa Catarina S de RL de CV,TIN091214KL3,Talleres Industriales del Norte SA de CV,G03,03,PUE,40141600,Válvulas neumáticas,175.0,53.44,9352.4,1496.38,10848.78,MXN,PO00068,S00022,E00002
2BFD22CC-8CB6-CE61-BD83-D4B56BAE0422,recibida,A,93738,2025-08-13,2025-08-13,IXR870809SKC,Electrónica del Norte S de RL de CV,TIN091214KL3,Talleres Industriales del Norte SA de CV,G03,03,PPD,78101800,Flete foráneo,1.0,13637.8,13637.8,2182.05,15819.85,MXN,PO00506,S00012,E00002
F6466E33-2D1E-44B7-5C21-8211BA69FFF1,recibida,A,51998,2025-08-14,2025-08-15,DHA150823MMY,Treviño y Asociados SC,TIN091214KL3,Talleres Industriales del Norte SA de CV,G03,03,PPD,80101500,Honorarios — litigio mercantil exp. 412/2025,1.0,380000.0,380000,60800.0,440800.0,MXN,PO00492,S00014,E00001
FB5D6CDB-0CB9-6143-58E6-6CE212D89245,recibida,A,9681,2025-08-15,2025-08-17,GIG1908016AL,Ferretera Santa Catarina SAPI de CV,TIN091214KL3,Talleres Industriales del Norte SA de CV,G03,03,PUE,31161500,Electrodos 6013,24.0,3778.77,90690.5,14510.48,105200.98,MXN,PO00525,S00018,E00002
337B1F7C-8E9E-4CEB-0F23-E62E7805389E,recibida,A,50629,2025-08-15,2025-08-16,GIG1908016AL,Ferretera Santa Catarina SAPI de CV,TIN091214KL3,Talleres Industriales del Norte SA de CV,G03,03,PUE,31161500,Electrodos 6013,59.0,1960.0,115640,18502.4,134142.4,MXN,PO00247,S00018,E00002
B84793A9-4B79-45C6-1B57-375C69EDA1C8,recibida,A,95371,2025-08-15,2025-08-15,KGD1808073H9,Transportes Industrial S de RL de CV,TIN091214KL3,Talleres Industriales del Norte SA de CV,G03,03,PUE,40141600,Motor eléctrico 5HP,24.0,2175.02,52200.5,8352.08,60552.58,MXN,PO00095,S00024,E00002
EADF3EFE-DCC2-6853-891F-D12782627F5E,recibida,A,79737,2025-08-15,2025-08-15,MKD060428P24,Suministros Guadalupe SA de CV,TIN091214KL3,Talleres Industriales del Norte SA de CV,G03,03,PUE,40141600,Rodamientos SKF,23.0,1960.43,45090,7214.4,52304.4,MXN,PO00173,S00023,E00002
DEDD5C59-571B-4AEE-65C1-A0C1057AD199,recibida,A,3272,2025-08-18,2025-08-18,TQX980213KP2,Soldadura Guadalupe S de RL de CV,TIN091214KL3,Talleres Industriales del Norte SA de CV,G03,03,PPD,78101800,Flete local,1.0,8137.8,8137.8,1302.05,9439.85,MXN,PO00108,S00011,E00002
52D7824F-9CCF-D8A2-47F4-19CD7CE353FF,recibida,A,18074,2025-08-18,2025-08-18,ZKV070614580,Empaques Apodaca SAPI de CV,TIN091214KL3,Talleres Industriales del Norte SA de CV,G03,03,PUE,30102000,Barra redonda 1018,37.0,520.54,19259.9,3081.58,22341.48,MXN,PO00069,S00039,E00002
84377C12-3736-B3F9-7245-E6D12B496778,emitida,F,1548,2025-08-18,2025-08-18,TIN091214KL3,Talleres Industriales del Norte SA de CV,IOL031203VT4,Autopartes Guerra S de RL de CV,G01,03,PPD,23271800,Soldadura industrial,1.0,67054.57,67054.57,10728.73,77783.3,MXN,,C00015,E00007
683A1A5E-2347-E949-3E45-FB56BBC0EE47,recibida,A,36942,2025-08-19,2025-08-21,HSA170302L56,Distribuidora del Norte S de RL de CV,TIN091214KL3,Talleres Industriales del Norte SA de CV,G03,03,PPD,80131500,Servicio de energía,1.0,96129.9,96129.9,15380.78,111510.68,MXN,PO00154,S00005,E00002
201FA060-6975-EE55-1BEC-F2B4B470DC3C,emitida,F,1543,2025-08-19,2025-08-19,TIN091214KL3,Talleres Industriales del Norte SA de CV,IOL031203VT4,Autopartes Guerra S de RL de CV,G01,03,PPD,23271800,Maquinado de piezas,1.0,104919.38,104919.38,16787.1,121706.48,MXN,,C00015,E00007
2EEC5BEA-48C7-60CE-5026-D80A0B009C17,recibida,A,51444,2025-08-20,2025-08-20,LNR0211046T5,Pinturas Nuevo León SAPI de CV,TIN091214KL3,Talleres Industriales del Norte SA de CV,G03,03,PPD,30102000,Barra redonda 1018,4.0,5451.95,21807.8,3489.25,25297.05,MXN,PO00058,S00019,E00002
08A662F1-D18B-A4D0-ADEB-0C1AC133ADCE,recibida,A,37666,2025-08-21,2025-08-22,RGL990201RM6,Gestoría y Enlace Santa Catarina S de RL de CV,TIN091214KL3,Talleres Industriales del Norte SA de CV,G03,03,PUE,80101500,Servicios de gestión y enlace comercial,1.0,128000.0,128000,20480.0,148480.0,MXN,PO00389,S00034,E00002
BCF3E209-EE91-413D-0DEB-1A0E8E4FEF24,recibida,A,20414,2025-08-22,2025-08-23,IXR870809SKC,Electrónica del Norte S de RL de CV,TIN091214KL3,Talleres Industriales del Norte SA de CV,G03,03,PUE,78101800,Maniobras de carga,1.0,4922.4,4922.4,787.58,5709.98,MXN,PO00252,S00012,E00002
A5AC032F-1F49-8DF9-3DD5-517DF8CEF6A5,recibida,A,39719,2025-08-22,2025-08-23,OFW920626UHP,Refacciones Industrial S de RL de CV,TIN091214KL3,Talleres Industriales del Norte SA de CV,G03,03,PUE,80101500,Servicio de mantenimiento,1.0,50417.8,50417.8,8066.85,58484.65,MXN,PO00191,S00027,E00002
B6120CF4-53D5-87AF-B856-8E1470CAD4D8,emitida,F,1610,2025-08-22,2025-08-22,TIN091214KL3,Talleres Industriales del Norte SA de CV,CSM870728H9S,Grupo Quintanilla S de RL de CV,G01,03,PPD,23271800,Soldadura industrial,1.0,253418.34,253418.34,40546.93,293965.27,MXN,,C00001,E00007
63043A17-7A8A-5C3D-52DA-385921B25F2F,recibida,A,22385,2025-08-25,2025-08-26,RYY210726M9I,Metálica del Norte S de RL de CV,TIN091214KL3,Talleres Industriales del Norte SA de CV,G03,03,PUE,80131500,Servicio de energía,1.0,33979.9,33979.9,5436.78,39416.68,MXN,PO00167,S00015,E00002
3F7DBD20-79A2-40DB-9406-35388473DF13,recibida,A,61526,2025-08-25,2025-08-27,TQX980213KP2,Soldadura Guadalupe S de RL de CV,TIN091214KL3,Talleres Industriales del Norte SA de CV,G03,03,PPD,78101800,Flete local,1.0,6390.5,6390.5,1022.48,7412.98,MXN,PO00228,S00011,E00002
65A419A4-6453-287C-333C-B8D5ED16DD8E,recibida,A,56794,2025-08-25,2025-08-27,EJM1706048OE,Servicios Santa Catarina SAPI de CV,TIN091214KL3,Talleres Industriales del Norte SA de CV,G03,03,PPD,40141600,Motor eléctrico 5HP,75.0,222.01,16650.5,2664.08,19314.58,MXN,PO00087,S00032,E00002
D32468C0-807C-18C1-F409-45537BB44E8B,recibida,A,74288,2025-08-25,2025-08-27,ZKV070614580,Empaques Apodaca SAPI de CV,TIN091214KL3,Talleres Industriales del Norte SA de CV,G03,03,PPD,30102000,Barra redonda 1018,41.0,419.08,17182.4,2749.18,19931.58,MXN,PO00016,S00039,E00002
30920BC1-18ED-B8D6-C2F6-0FE34C611F15,recibida,A,20783,2025-08-25,2025-08-27,BRG980912TE9,Ferretera Guadalupe S de RL de CV,TIN091214KL3,Talleres Industriales del Norte SA de CV,G03,03,PPD,80101500,Capacitación,1.0,13507.8,13507.8,2161.25,15669.05,MXN,PO00033,S00002,E00002
3A9D6D24-4549-D6ED-9D57-03F33D4CDFF2,emitida,F,1637,2025-08-25,2025-08-25,TIN091214KL3,Talleres Industriales del Norte SA de CV,YRB930321HU5,Construcciones Sada S de RL de CV,G01,03,PPD,23271800,Soldadura industrial,1.0,125355.84,125355.84,20056.93,145412.77,MXN,,C00014,E00007
2E735BEB-A174-738C-24A6-58019463090F,recibida,A,1871,2025-08-27,2025-08-28,POR220413M4Q,Pinturas Guadalupe S de RL de CV,TIN091214KL3,Talleres Industriales del Norte SA de CV,G03,03,PUE,80131500,Servicio de energía,1.0,11800.0,11800,1888.0,13688.0,MXN,PO00199,S00036,E00002
95F852B0-731C-5D05-D20F-51C7F56F4C08,emitida,F,1582,2025-08-27,2025-08-27,TIN091214KL3,Talleres Industriales del Norte SA de CV,TIV9003196BV,Grupo Chapa S de RL de CV,G01,03,PPD,23271800,Fabricación de estructura,1.0,87150.67,87150.67,13944.11,101094.78,MXN,,C00007,E00007
3FE457D0-B985-4F64-F42E-8B759A608B3B,recibida,A,74637,2025-08-27,2025-08-29,RGL990201RM6,Gestoría y Enlace Santa Catarina S de RL de CV,TIN091214KL3,Talleres Industriales del Norte SA de CV,G03,03,PUE,80101500,Servicios de gestión y enlace comercial,1.0,128000.0,128000,20480.0,148480.0,MXN,PO00196,S00034,E00002
BE603D2A-CF72-DC3E-646E-FEFA62C85123,recibida,A,82486,2025-09-01,2025-09-01,JSS931109XIQ,Neumática del Norte SA de CV,TIN091214KL3,Talleres Industriales del Norte SA de CV,G03,03,PPD,40141600,Motor eléctrico 5HP,40.0,229.06,9162.4,1465.98,10628.38,MXN,PO00430,S00026,E00002
21E8AC65-8ECC-2626-51F7-98C911696F49,recibida,A,80551,2025-09-01,2025-09-03,NOR190111MKV,Refacciones Santa Catarina S de RL de CV,TIN091214KL3,Talleres Industriales del Norte SA de CV,G03,03,PUE,40141600,Rodamientos SKF,91.0,250.2,22767.8,3642.85,26410.65,MXN,PO00180,S00022,E00002
64812DC4-0969-25FE-DDF8-BF27B699283A,recibida,A,3676,2025-09-01,2025-09-02,ZKV070614580,Empaques Apodaca SAPI de CV,TIN091214KL3,Talleres Industriales del Norte SA de CV,G03,03,PPD,30102000,Perfil PTR 2x2,61.0,209.8,12797.8,2047.65,14845.45,MXN,PO00175,S00039,E00002
F706CC7C-09E0-9524-4D16-6274665DD169,recibida,A,52871,2025-09-01,2025-09-01,BRG980912TE9,Ferretera Guadalupe S de RL de CV,TIN091214KL3,Talleres Industriales del Norte SA de CV,G03,03,PUE,80101500,Capacitación,1.0,13489.9,13489.9,2158.38,15648.28,MXN,PO00109,S00002,E00002
DB05BBE8-A122-367B-B787-291D33ECAAE1,recibida,A,33841,2025-09-01,2025-09-03,BRG980912TE9,Ferretera Guadalupe S de RL de CV,TIN091214KL3,Talleres Industriales del Norte SA de CV,G03,03,PPD,80101500,Servicios de limpieza,1.0,9067.8,9067.8,1450.85,10518.65,MXN,PO00489,S00002,E00002
77D7B334-F06E-F762-C460-4606E4429B5F,recibida,A,91511,2025-09-02,2025-09-03,LNR0211046T5,Pinturas Nuevo León SAPI de CV,TIN091214KL3,Talleres Industriales del Norte SA de CV,G03,03,PPD,30102000,Lámina de acero cal. 14,63.0,357.46,22519.9,3603.18,26123.08,MXN,PO00144,S00019,E00002
D836F087-6AF9-2E26-D09E-6FD3BE2316AA,emitida,F,1521,2025-09-02,2025-09-02,TIN091214KL3,Talleres Industriales del Norte SA de CV,XVS9502132UY,Autopartes Quintanilla S de RL de CV,G01,03,PPD,23271800,Soldadura industrial,1.0,127561.9,127561.9,20409.9,147971.8,MXN,,C00004,E00007
2175E359-16F2-4468-7EF1-19518E68C624,recibida,A,94340,2025-09-03,2025-09-05,ETO1712191GE,Maquinados del Norte SAPI de CV,TIN091214KL3,Talleres Industriales del Norte SA de CV,G03,03,PUE,40141600,Motor eléctrico 5HP,97.0,985.75,95617.8,15298.85,110916.65,MXN,PO00007,S00028,E00002
5859904D-6816-4663-A05D-BD1368C235D4,recibida,A,68664,2025-09-03,2025-09-05,LNR0211046T5,Pinturas Nuevo León SAPI de CV,TIN091214KL3,Talleres Industriales del Norte SA de CV,G03,03,PUE,30102000,Barra redonda 1018,100.0,212.68,21267.8,3402.85,24670.65,MXN,PO00449,S00019,E00002
BEA271A2-A90A-9D89-3C45-745640E41F58,recibida,A,1504,2025-09-03,2025-09-03,YZN920101669,Neumática Industrial S de RL de CV,TIN091214KL3,Talleres Industriales del Norte SA de CV,G03,03,PPD,40141600,Rodamientos SKF,181.0,75.86,13729.9,2196.78,15926.68,MXN,PO00263,S00020,E00002
E4BC8F73-228D-0DDD-BABA-352B228614AF,recibida,A,59311,2025-09-04,2025-09-05,TQX980213KP2,Soldadura Guadalupe S de RL de CV,TIN091214KL3,Talleres Industriales del Norte SA de CV,G03,03,PPD,78101800,Flete foráneo,1.0,3327.8,3327.8,532.45,3860.25,MXN,PO00132,S00011,E00002
B5B12EE5-9314-9227-6AC4-C6153073C640,recibida,A,14633,2025-09-05,2025-09-05,KUG170614DEP,Servicios de México SA de CV,TIN091214KL3,Talleres Industriales del Norte SA de CV,G03,03,PUE,40141600,Motor eléctrico 5HP,200.0,250.0,50000,8000.0,58000.0,MXN,PO00036,S00001,E00002
73AD8D3A-CD04-09DB-20C9-FCCCB3FCC776,recibida,A,34005,2025-09-08,2025-09-08,WRV860316MF8,Servicios Nuevo León SA de CV,TIN091214KL3,Talleres Industriales del Norte SA de CV,G03,03,PPD,31161500,Brocas HSS,32.0,445.31,14250,2280.0,16530.0,MXN,PO00221,S00038,E00002
F83AD800-E284-E956-9FEC-2DF63014FE0D,recibida,A,39031,2025-09-08,2025-09-09,FWD180424QZI,Pinturas Escobedo S de RL de CV,TIN091214KL3,Talleres Industriales del Norte SA de CV,G03,03,PPD,40141600,Rodamientos SKF,3.0,3526.83,10580.5,1692.88,12273.38,MXN,PO00473,S00035,E00002
A2AB5673-962C-E6B8-A70C-27842CAB7FB7,recibida,A,19492,2025-09-08,2025-09-10,MKD060428P24,Suministros Guadalupe SA de CV,TIN091214KL3,Talleres Industriales del Norte SA de CV,G03,03,PUE,40141600,Rodamientos SKF,17.0,4368.38,74262.4,11881.98,86144.38,MXN,PO00419,S00023,E00002
3944C41D-1607-7075-12A9-86E10C963723,recibida,A,42942,2025-09-08,2025-09-09,POR220413M4Q,Pinturas Guadalupe S de RL de CV,TIN091214KL3,Talleres Industriales del Norte SA de CV,G03,03,PPD,80131500,Servicio de energía,1.0,9640.0,9640,1542.4,11182.4,MXN,PO00370,S00036,E00002
0D1BE2DE-B0CE-6B32-5CB2-DF82ACEE9270,recibida,A,69199,2025-09-08,2025-09-09,OFW920626UHP,Refacciones Industrial S de RL de CV,TIN091214KL3,Talleres Industriales del Norte SA de CV,G03,03,PPD,80101500,Consultoría de procesos,1.0,30370.5,30370.5,4859.28,35229.78,MXN,PO00041,S00027,E00002
AB8E3F76-A5D4-A934-F7CC-1D7D7B59BF05,recibida,A,90174,2025-09-08,2025-09-08,JDT8809104XZ,Empaques del Norte SAPI de CV,TIN091214KL3,Talleres Industriales del Norte SA de CV,G03,03,PUE,80101500,Consultoría de procesos,1.0,53379.9,53379.9,8540.78,61920.68,MXN,PO00261,S00013,E00002
B175509D-268C-1102-E32C-87F969767D61,emitida,F,1533,2025-09-08,2025-09-08,TIN091214KL3,Talleres Industriales del Norte SA de CV,DXF1705184RD,Envases Martínez SAPI de CV,G01,03,PPD,23271800,Corte y doblez,1.0,182999.59,182999.59,29279.93,212279.52,MXN,,C00002,E00007
F94A8968-CA83-3E87-6890-4DF65C087A84,recibida,A,55868,2025-09-09,2025-09-10,JCY220225DEO,Soldadura Regiomontana S de RL de CV,TIN091214KL3,Talleres Industriales del Norte SA de CV,G03,03,PUE,31161500,Brocas HSS,105.0,528.07,55447.8,8871.65,64319.45,MXN,PO00302,S00029,E00002
C582880E-2C4B-9B9A-2BC1-26915FF674E9,recibida,A,2778,2025-09-09,2025-09-10,EVO0907049MQ,Hidráulica Nuevo León SAPI de CV,TIN091214KL3,Talleres Industriales del Norte SA de CV,G03,03,PUE,30102000,Perfil PTR 2x2,81.0,242.6,19650.5,3144.08,22794.58,MXN,PO00490,S00009,E00002
ACA1832B-7E78-C313-9A29-DACF61C5EB13,recibida,A,59609,2025-09-09,2025-09-10,BRG980912TE9,Ferretera Guadalupe S de RL de CV,TIN091214KL3,Talleres Industriales del Norte SA de CV,G03,03,PPD,80101500,Capacitación,1.0,11777.8,11777.8,1884.45,13662.25,MXN,PO00463,S00002,E00002
A01DB751-C73B-EAB0-316C-BC48C81C1EA7,recibida,A,89256,2025-09-09,2025-09-10,SNS0502149TX,Pinturas Guadalupe S de RL de CV,TIN091214KL3,Talleres Industriales del Norte SA de CV,G03,03,PPD,40141600,Válvulas neumáticas,49.0,335.15,16422.4,2627.58,19049.98,MXN,PO00193,S00040,E00002
95D0B2CC-D06B-CDF1-C03A-EC3AD90E6F93,recibida,A,80028,2025-09-10,2025-09-10,RYY210726M9I,Metálica del Norte S de RL de CV,TIN091214KL3,Talleres Industriales del Norte SA de CV,G03,03,PUE,80131500,Renta de montacargas,1.0,22197.8,22197.8,3551.65,25749.45,MXN,PO00265,S00015,E00002
2306DD43-1FA6-3C5A-B2C9-AA518E47490C,recibida,A,15883,2025-09-10,2025-09-11,YZN920101669,Neumática Industrial S de RL de CV,TIN091214KL3,Talleres Industriales del Norte SA de CV,G03,03,PPD,40141600,Válvulas neumáticas,136.0,71.84,9770,1563.2,11333.2,MXN,PO00268,S00020,E00002
72422545-7F98-5D3B-8A80-CAD86AD6418F,recibida,A,86132,2025-09-11,2025-09-13,FVB020903VNA,Herramientas del Norte SAPI de CV,TIN091214KL3,Talleres Industriales del Norte SA de CV,G03,03,PPD,31161500,Electrodos 6013,71.0,551.7,39170.5,6267.28,45437.78,MXN,PO00183,S00016,E00002
CB07E7CA-5180-3730-A6B0-132BD7E54335,recibida,A,77448,2025-09-11,2025-09-11,EJM1706048OE,Servicios Santa Catarina SAPI de CV,TIN091214KL3,Talleres Industriales del Norte SA de CV,G03,03,PPD,40141600,Sellos hidráulicos,193.0,46.79,9030.5,1444.88,10475.38,MXN,PO00010,S00032,E00002
0B0A7967-3034-3AB5-AF88-19DE64AA11D6,recibida,A,8594,2025-09-12,2025-09-12,KUA86021592H,Grupo Nuevo León SAPI de CV,TIN091214KL3,Talleres Industriales del Norte SA de CV,G03,03,PPD,30102000,Perfil PTR 2x2,96.0,129.71,12452.4,1992.38,14444.78,MXN,PO00393,S00021,E00002
F33D43F0-A084-1339-7BCD-76AA1E4A6BE6,recibida,A,13269,2025-09-12,2025-09-12,GER160625BPR,Maquinados Regiomontana S de RL de CV,TIN091214KL3,Talleres Industriales del Norte SA de CV,G03,03,PUE,31161500,Discos de corte,83.0,235.48,19544.83,3127.17,22672.0,MXN,PO00237,S00004,E00002
19B3D911-3402-86D3-55B0-951DC13CFC4D,recibida,A,87651,2025-09-15,2025-09-17,ETO1712191GE,Maquinados del Norte SAPI de CV,TIN091214KL3,Talleres Industriales del Norte SA de CV,G03,03,PPD,40141600,Rodamientos SKF,121.0,505.54,61170,9787.2,70957.2,MXN,PO00527,S00028,E00002
685B809C-2402-0689-CC49-DAEE0B820C9C,emitida,F,1503,2025-09-15,2025-09-15,TIN091214KL3,Talleres Industriales del Norte SA de CV,OXQ101018OOO,Envases Guerra S de RL de CV,G01,03,PPD,23271800,Maquinado de piezas,1.0,340114.0,340114.0,54418.24,394532.24,MXN,,C00009,E00007
C96D9984-1963-806E-0417-2F06E0218BC2,emitida,F,1564,2025-09-15,2025-09-15,TIN091214KL3,Talleres Industriales del Norte SA de CV,MFN980928Z69,Envases Martínez S de RL de CV,G01,03,PPD,23271800,Maquinado de piezas,1.0,82625.39,82625.39,13220.06,95845.45,MXN,,C00010,E00007
CAB68F11-20EF-6518-D25A-CC24FA563B1D,recibida,A,36926,2025-09-15,2025-09-15,PQK190120RM2,Industrias del Norte S de RL de CV,TIN091214KL3,Talleres Industriales del Norte SA de CV,G03,03,PUE,80101500,Servicios de asesoría integral,1.0,120000.0,120000,19200.0,139200.0,MXN,PO00217,S00003,E00002
3DE92CD0-3A32-0164-AB19-FAB5847D1D56,recibida,A,8576,2025-09-16,2025-09-18,WRV860316MF8,Servicios Nuevo León SA de CV,TIN091214KL3,Talleres Industriales del Norte SA de CV,G03,03,PUE,31161500,Brocas HSS,100.0,459.7,45970.5,7355.28,53325.78,MXN,PO00421,S00038,E00002
FFE4F4CC-F8FD-CE68-20F9-7428BFDD2E6A,recibida,A,97259,2025-09-17,2025-09-19,UDA130122EPS,Maquinados Monterrey SA de CV,TIN091214KL3,Talleres Industriales del Norte SA de CV,G03,03,PPD,80131500,Renta de montacargas,1.0,143170.5,143170.5,22907.28,166077.78,MXN,PO00116,S00031,E00002
77F4578C-138C-6F5A-1362-F7DF68B073CD,recibida,A,71058,2025-09-17,2025-09-18,NOR190111MKV,Refacciones Santa Catarina S de RL de CV,TIN091214KL3,Talleres Industriales del Norte SA de CV,G03,03,PUE,40141600,Sellos hidráulicos,16.0,798.74,12779.9,2044.78,14824.68,MXN,PO00220,S00022,E00002
2358701A-19D9-7E6D-19F6-7283F0FDDA92,recibida,A,98796,2025-09-17,2025-09-18,FWD180424QZI,Pinturas Escobedo S de RL de CV,TIN091214KL3,Talleres Industriales del Norte SA de CV,G03,03,PUE,40141600,Rodamientos SKF,120.0,102.23,12267.8,1962.85,14230.65,MXN,PO00113,S00035,E00002
BE345462-A90E-AE20-C8BC-C681C79FEE86,recibida,A,68764,2025-09-17,2025-09-19,FWD180424QZI,Pinturas Escobedo S de RL de CV,TIN091214KL3,Talleres Industriales del Norte SA de CV,G03,03,PUE,40141600,Válvulas neumáticas,66.0,118.37,7812.4,1249.98,9062.38,MXN,PO00168,S00035,E00002
862EAA34-3989-22C2-6714-90635480C8F7,recibida,A,95289,2025-09-18,2025-09-20,ZKV070614580,Empaques Apodaca SAPI de CV,TIN091214KL3,Talleres Industriales del Norte SA de CV,G03,03,PPD,30102000,Placa de acero A36,153.0,45.16,6910,1105.6,8015.6,MXN,PO00323,S00039,E00002
9D1058E7-9D8F-FE0E-6764-CB03F0E39BD4,recibida,A,70051,2025-09-19,2025-09-19,YFL9210050X2,Herramientas del Norte S de RL de CV,TIN091214KL3,Talleres Industriales del Norte SA de CV,G03,03,PUE,40141600,Rodamientos SKF,144.0,135.77,19550.5,3128.08,22678.58,MXN,PO00384,S00037,E00002
78D93FB2-123B-2587-0353-7E3103620634,recibida,A,66230,2025-09-19,2025-09-20,IXR870809SKC,Electrónica del Norte S de RL de CV,TIN091214KL3,Talleres Industriales del Norte SA de CV,G03,03,PPD,78101800,Flete local,1.0,5382.4,5382.4,861.18,6243.58,MXN,PO00354,S00012,E00002
95DFACE9-0732-34EA-5D1B-795F308E3587,recibida,A,91723,2025-09-22,2025-09-23,QLD0604095NT,Metálica San Nicolás SA de CV,TIN091214KL3,Talleres Industriales del Norte SA de CV,G03,03,PPD,80101500,Asesoría fiscal,1.0,18869.9,18869.9,3019.18,21889.08,MXN,PO00413,S00010,E00002
4652AACD-79DD-0744-6406-5BE3D0486600,recibida,A,27224,2025-09-22,2025-09-24,RHK9801046MV,Suministros Guadalupe SA de CV,TIN091214KL3,Talleres Industriales del Norte SA de CV,G03,03,PPD,78101800,Flete local,1.0,12562.4,12562.4,2009.98,14572.38,MXN,PO00359,S00008,E00002
561DB456-E040-D18E-9C49-530985EEDF43,recibida,A,5617,2025-09-22,2025-09-23,YFL9210050X2,Herramientas del Norte S de RL de CV,TIN091214KL3,Talleres Industriales del Norte SA de CV,G03,03,PPD,40141600,Motor eléctrico 5HP,76.0,186.55,14177.8,2268.45,16446.25,MXN,PO00030,S00037,E00002
5E172829-9E18-8E87-C217-9E2C6283AA73,recibida,A,18515,2025-09-22,2025-09-23,ETO1712191GE,Maquinados del Norte SAPI de CV,TIN091214KL3,Talleres Industriales del Norte SA de CV,G03,03,PPD,40141600,Motor eléctrico 5HP,40.0,1856.2,74247.8,11879.65,86127.45,MXN,PO00043,S00028,E00002
86003DC9-0414-CCA4-F50B-201EAE76FC17,recibida,A,95028,2025-09-22,2025-09-22,LNR0211046T5,Pinturas Nuevo León SAPI de CV,TIN091214KL3,Talleres Industriales del Norte SA de CV,G03,03,PUE,30102000,Lámina de acero cal. 14,184.0,100.6,18510.5,2961.68,21472.18,MXN,PO00083,S00019,E00002
145B313F-4B2A-C8ED-DC3D-44CC9D21C1B0,recibida,A,83863,2025-09-22,2025-09-24,OFW920626UHP,Refacciones Industrial S de RL de CV,TIN091214KL3,Talleres Industriales del Norte SA de CV,G03,03,PUE,80101500,Servicios de limpieza,1.0,78930.0,78930,12628.8,91558.8,MXN,PO00149,S00027,E00002
49767A8F-20E1-6267-8846-7C34DD859639,recibida,A,40943,2025-09-23,2025-09-25,BRG980912TE9,Ferretera Guadalupe S de RL de CV,TIN091214KL3,Talleres Industriales del Norte SA de CV,G03,03,PPD,80101500,Consultoría de procesos,1.0,13589.9,13589.9,2174.38,15764.28,MXN,PO00164,S00002,E00002
224586A3-4AD6-6163-1C47-648BB36BEF36,emitida,F,1525,2025-09-23,2025-09-23,TIN091214KL3,Talleres Industriales del Norte SA de CV,XVS9502132UY,Autopartes Quintanilla S de RL de CV,G01,03,PPD,23271800,Corte y doblez,1.0,384484.37,384484.37,61517.5,446001.87,MXN,,C00004,E00007
AA5A2D9C-FB05-8569-B931-12850B45F1A1,recibida,A,53198,2025-09-24,2025-09-24,RYY210726M9I,Metálica del Norte S de RL de CV,TIN091214KL3,Talleres Industriales del Norte SA de CV,G03,03,PPD,80131500,Renta de montacargas,1.0,22740.5,22740.5,3638.48,26378.98,MXN,PO00425,S00015,E00002
5BD70479-4605-D8F9-2FDA-583B83E8CBBB,recibida,A,9376,2025-09-25,2025-09-25,LNR0211046T5,Pinturas Nuevo León SAPI de CV,TIN091214KL3,Talleres Industriales del Norte SA de CV,G03,03,PUE,30102000,Lámina de acero cal. 14,137.0,136.04,18637.8,2982.05,21619.85,MXN,PO00536,S00019,E00002
E76E1C4A-BE6D-6B6F-4FC7-C684E0AB9572,recibida,A,99318,2025-09-26,2025-09-28,RHK9801046MV,Suministros Guadalupe SA de CV,TIN091214KL3,Talleres Industriales del Norte SA de CV,G03,03,PUE,78101800,Flete foráneo,1.0,6097.8,6097.8,975.65,7073.45,MXN,PO00313,S00008,E00002
BCB3E1C7-23BA-D034-1806-DB032242ED0E,recibida,A,66361,2025-09-29,2025-10-01,TQX980213KP2,Soldadura Guadalupe S de RL de CV,TIN091214KL3,Talleres Industriales del Norte SA de CV,G03,03,PPD,78101800,Maniobras de carga,1.0,3912.4,3912.4,625.98,4538.38,MXN,PO00003,S00011,E00002
0F1A3D3D-062B-4570-E86B-629E54E8FCB4,recibida,A,63297,2025-09-29,2025-10-01,RHK9801046MV,Suministros Guadalupe SA de CV,TIN091214KL3,Talleres Industriales del Norte SA de CV,G03,03,PPD,78101800,Maniobras de carga,1.0,11290.5,11290.5,1806.48,13096.98,MXN,PO00230,S00008,E00002
B8F4B7A8-E851-241C-9339-7589089D2A60,recibida,A,75732,2025-09-29,2025-10-01,FVB020903VNA,Herramientas del Norte SAPI de CV,TIN091214KL3,Talleres Industriales del Norte SA de CV,G03,03,PUE,31161500,Discos de corte,138.0,612.83,84569.9,13531.18,98101.08,MXN,PO00533,S00016,E00002
85A8EE45-E738-ECC1-DDE5-BD37542762D8,recibida,A,59413,2025-09-29,2025-09-29,EVO0907049MQ,Hidráulica Nuevo León SAPI de CV,TIN091214KL3,Talleres Industriales del Norte SA de CV,G03,03,PUE,30102000,Lámina de acero cal. 14,35.0,618.29,21640,3462.4,25102.4,MXN,PO00526,S00009,E00002
C567E185-3BA1-B4DE-761B-FF8FAE308272,recibida,A,14874,2025-09-29,2025-10-01,TYC9409017QY,Hidráulica Industrial S de RL de CV,TIN091214KL3,Talleres Industriales del Norte SA de CV,G03,03,PPD,80101500,Asesoría fiscal,1.0,99610.0,99610,15937.6,115547.6,MXN,PO00399,S00006,E00002
79E5D7BD-E5B8-295F-1AB7-3FA4E7CDEEB7,recibida,A,4495,2025-09-29,2025-09-30,ZKV070614580,Empaques Apodaca SAPI de CV,TIN091214KL3,Talleres Industriales del Norte SA de CV,G03,03,PUE,30102000,Lámina de acero cal. 14,130.0,183.85,23900,3824.0,27724.0,MXN,PO00491,S00039,E00002
DC9EAD68-1AFA-2F17-0610-30B9FE98132A,recibida,A,17086,2025-09-29,2025-09-30,OFW920626UHP,Refacciones Industrial S de RL de CV,TIN091214KL3,Talleres Industriales del Norte SA de CV,G03,03,PPD,80101500,Servicios de limpieza,1.0,39397.8,39397.8,6303.65,45701.45,MXN,PO00205,S00027,E00002
2283B092-EF04-B886-5298-A43DDC486489,emitida,F,1513,2025-09-29,2025-09-29,TIN091214KL3,Talleres Industriales del Norte SA de CV,AKL141216HQE,Envases Guerra SA de CV,G01,03,PPD,23271800,Corte y doblez,1.0,296950.84,296950.84,47512.13,344462.97,MXN,,C00011,E00007
C197BD42-BFDE-B325-0E4E-AF457C96D8AD,recibida,A,7659,2025-10-01,2025-10-01,JDT8809104XZ,Empaques del Norte SAPI de CV,TIN091214KL3,Talleres Industriales del Norte SA de CV,G03,03,PPD,80101500,Servicio de mantenimiento,1.0,68309.9,68309.9,10929.58,79239.48,MXN,PO00420,S00013,E00002
125FE0DF-E767-ABAF-8EE7-1871F226387A,emitida,F,1562,2025-10-01,2025-10-01,TIN091214KL3,Talleres Industriales del Norte SA de CV,MFN980928Z69,Envases Martínez S de RL de CV,G01,03,PPD,23271800,Maquinado de piezas,1.0,197459.45,197459.45,31593.51,229052.96,MXN,,C00010,E00007
07714705-F7F5-8A8F-B2FD-9CB184BF9337,recibida,A,43369,2025-10-03,2025-10-03,LNR0211046T5,Pinturas Nuevo León SAPI de CV,TIN091214KL3,Talleres Industriales del Norte SA de CV,G03,03,PPD,30102000,Placa de acero A36,34.0,220.29,7489.9,1198.38,8688.28,MXN,PO00498,S00019,E00002
A2289446-8075-A7DA-4D6A-12D554DC841E,emitida,F,1532,2025-10-03,2025-10-03,TIN091214KL3,Talleres Industriales del Norte SA de CV,DXF1705184RD,Envases Martínez SAPI de CV,G01,03,PPD,23271800,Fabricación de estructura,1.0,131842.06,131842.06,21094.73,152936.79,MXN,,C00002,E00007
27B8AEA3-56BC-0512-C446-5545A92EC787,emitida,F,1552,2025-10-03,2025-10-03,TIN091214KL3,Talleres Industriales del Norte SA de CV,QBN900325RYY,Envases Hernández SAPI de CV,G01,03,PPD,23271800,Corte y doblez,1.0,152700.27,152700.27,24432.04,177132.31,MXN,,C00008,E00007
30F190FF-782C-92D2-CD83-E0353096C610,emitida,F,1641,2025-10-03,2025-10-03,TIN091214KL3,Talleres Industriales del Norte SA de CV,RSR9508062P4,Grupo Martínez SA de CV,G01,03,PPD,23271800,Maquinado de piezas,1.0,168172.56,168172.56,26907.61,195080.17,MXN,,C00018,E00007
FA27EBC9-0ECC-3134-2CD3-DB3791DE0D69,recibida,A,68040,2025-10-06,2025-10-06,ETO1712191GE,Maquinados del Norte SAPI de CV,TIN091214KL3,Talleres Industriales del Norte SA de CV,G03,03,PPD,40141600,Motor eléctrico 5HP,21.0,3190.85,67007.8,10721.25,77729.05,MXN,PO00110,S00028,E00002
BF80D751-DBFD-4C58-D8A8-616ADB62D331,recibida,A,19673,2025-10-06,2025-10-06,MKD060428P24,Suministros Guadalupe SA de CV,TIN091214KL3,Talleres Industriales del Norte SA de CV,G03,03,PPD,40141600,Rodamientos SKF,100.0,390.4,39040.5,6246.48,45286.98,MXN,PO00138,S00023,E00002
6FBA0781-7B42-4DC2-6A6D-CB0C49D610F3,emitida,F,1634,2025-10-06,2025-10-06,TIN091214KL3,Talleres Industriales del Norte SA de CV,YRB930321HU5,Construcciones Sada S de RL de CV,G01,03,PPD,23271800,Maquinado de piezas,1.0,96953.84,96953.84,15512.61,112466.45,MXN,,C00014,E00007
FCA0C768-8640-CF3C-821B-24F5690B62F8,recibida,A,77248,2025-10-06,2025-10-06,GER160625BPR,Maquinados Regiomontana S de RL de CV,TIN091214KL3,Talleres Industriales del Norte SA de CV,G03,03,PPD,31161500,Guantes de carnaza,62.0,184.89,11463.12,1834.1,13297.22,MXN,PO00306,S00004,E00002
07136DFB-E001-F534-2387-1E42780BA92E,recibida,A,14628,2025-10-06,2025-10-08,LEJ901223H0C,Herramientas Regiomontana SA de CV,TIN091214KL3,Talleres Industriales del Norte SA de CV,G03,03,PUE,78101800,Flete local — carta porte anexa,1.0,10211.65,10211.65,1633.86,11845.51,MXN,PO00022,S00033,E00002
08426FF2-A861-DC2F-705F-332DACADBFD1,recibida,A,41712,2025-10-07,2025-10-09,EVO0907049MQ,Hidráulica Nuevo León SAPI de CV,TIN091214KL3,Talleres Industriales del Norte SA de CV,G03,03,PPD,30102000,Placa de acero A36,115.0,136.87,15740.5,2518.48,18258.98,MXN,PO00075,S00009,E00002
C83566DE-9B46-237C-3492-90594C1E3159,recibida,A,60381,2025-10-07,2025-10-09,ETO1712191GE,Maquinados del Norte SAPI de CV,TIN091214KL3,Talleres Industriales del Norte SA de CV,G03,03,PUE,40141600,Bandas industriales,58.0,1790.86,103869.9,16619.18,120489.08,MXN,PO00439,S00028,E00002
594E51BB-E593-9AD2-343D-2DFE3C39FA6F,emitida,F,1535,2025-10-07,2025-10-07,TIN091214KL3,Talleres Industriales del Norte SA de CV,SVP160304LM6,Envases Elizondo SA de CV,G01,03,PPD,23271800,Soldadura industrial,1.0,360091.33,360091.33,57614.61,417705.94,MXN,,C00016,E00007
B51169F0-97B2-AFF2-9C8F-120147AE4B4F,emitida,F,1591,2025-10-08,2025-10-08,TIN091214KL3,Talleres Industriales del Norte SA de CV,KIP8808101ID,Autopartes Chapa SAPI de CV,G01,03,PPD,23271800,Soldadura industrial,1.0,103256.15,103256.15,16520.98,119777.13,MXN,,C00003,E00007
E3FE017C-A89D-DBC5-1156-ADD4ADFE702D,recibida,A,80044,2025-10-10,2025-10-12,XRN090413Q8F,Grupo San Nicolás SA de CV,TIN091214KL3,Talleres Industriales del Norte SA de CV,G03,03,PPD,80101500,Servicio de mantenimiento,1.0,100247.8,100247.8,16039.65,116287.45,MXN,PO00042,S00025,E00002
9F129A91-C1BD-7413-13DF-2C235B8E73BB,recibida,A,63866,2025-10-10,2025-10-11,KUA86021592H,Grupo Nuevo León SAPI de CV,TIN091214KL3,Talleres Industriales del Norte SA de CV,G03,03,PUE,30102000,Tubo estructural,106.0,134.81,14290,2286.4,16576.4,MXN,PO00337,S00021,E00002
D0E797E0-D90D-1748-D33D-AF23F7425465,recibida,A,9636,2025-10-10,2025-10-11,MKD060428P24,Suministros Guadalupe SA de CV,TIN091214KL3,Talleres Industriales del Norte SA de CV,G03,03,PUE,40141600,Rodamientos SKF,63.0,998.26,62890.5,10062.48,72952.98,MXN,PO00056,S00023,E00002
6922853F-CFE2-2A15-7BFB-81AA07DFB0C7,emitida,F,1546,2025-10-10,2025-10-10,TIN091214KL3,Talleres Industriales del Norte SA de CV,IOL031203VT4,Autopartes Guerra S de RL de CV,G01,03,PPD,23271800,Fabricación de estructura,1.0,45271.97,45271.97,7243.52,52515.49,MXN,,C00015,E00007
2EAE170F-D449-5B18-BB70-C35DEA3867A5,recibida,A,61466,2025-10-13,2025-10-14,JCY220225DEO,Soldadura Regiomontana S de RL de CV,TIN091214KL3,Talleres Industriales del Norte SA de CV,G03,03,PUE,31161500,Guantes de carnaza,22.0,4812.84,105882.4,16941.18,122823.58,MXN,PO00001,S00029,E00002
976AFBCD-50D1-7512-433A-B9F3912A7254,recibida,A,11318,2025-10-13,2025-10-15,XRN090413Q8F,Grupo San Nicolás SA de CV,TIN091214KL3,Talleres Industriales del Norte SA de CV,G03,03,PPD,80101500,Servicios de limpieza,1.0,27630.5,27630.5,4420.88,32051.38,MXN,PO00434,S00025,E00002
E836A8BD-DA66-6A97-F989-94AE4D5811A1,recibida,A,13103,2025-10-13,2025-10-15,FVB020903VNA,Herramientas del Norte SAPI de CV,TIN091214KL3,Talleres Industriales del Norte SA de CV,G03,03,PPD,31161500,Solvente industrial,45.0,2280.84,102637.8,16422.05,119059.85,MXN,PO00215,S00016,E00002
1606530D-259A-8F69-467B-BA652D05137E,recibida,A,6503,2025-10-13,2025-10-13,IXR870809SKC,Electrónica del Norte S de RL de CV,TIN091214KL3,Talleres Industriales del Norte SA de CV,G03,03,PPD,78101800,Flete local,1.0,8500.5,8500.5,1360.08,9860.58,MXN,PO00139,S00012,E00002
D9EA63A0-F872-D4E4-73EA-9415586ADE67,recibida,A,19194,2025-10-13,2025-10-14,LNR0211046T5,Pinturas Nuevo León SAPI de CV,TIN091214KL3,Talleres Industriales del Norte SA de CV,G03,03,PPD,30102000,Barra redonda 1018,1.0,25640.0,25640,4102.4,29742.4,MXN,PO00271,S00019,E00002
E062C303-7FD2-CED3-3EAA-59AAF3108747,recibida,A,55305,2025-10-13,2025-10-15,PPK23090228I,Metálica del Norte SA de CV,TIN091214KL3,Talleres Industriales del Norte SA de CV,G03,03,PUE,40141600,Válvulas neumáticas,172.0,215.64,37089.9,5934.38,43024.28,MXN,PO00192,S00017,E00002
624377D6-5A6A-6075-2073-3AAD5CA2257B,emitida,F,1586,2025-10-13,2025-10-13,TIN091214KL3,Talleres Industriales del Norte SA de CV,TIV9003196BV,Grupo Chapa S de RL de CV,G01,03,PPD,23271800,Maquinado de piezas,1.0,244011.74,244011.74,39041.88,283053.62,MXN,,C00007,E00007
55861A86-978A-0862-FB3E-13FA2874C9AE,emitida,F,1628,2025-10-13,2025-10-13,TIN091214KL3,Talleres Industriales del Norte SA de CV,YRB930321HU5,Construcciones Sada S de RL de CV,G01,03,PPD,23271800,Maquinado de piezas,1.0,104808.35,104808.35,16769.34,121577.69,MXN,,C00014,E00007
EA72D09D-D72B-8639-9938-E0D43702769C,recibida,A,47863,2025-10-13,2025-10-14,JCY220225DEO,Soldadura Regiomontana S de RL de CV,TIN091214KL3,Talleres Industriales del Norte SA de CV,G03,01,PUE,31161500,Guantes de carnaza,82.0,14.71,1206.27,193.0,1399.27,MXN,PO00517,S00029,E00002
2F0D0516-99A4-6485-FC45-B8A76195A41D,recibida,A,19685,2025-10-14,2025-10-16,YZN920101669,Neumática Industrial S de RL de CV,TIN091214KL3,Talleres Industriales del Norte SA de CV,G03,03,PUE,40141600,Sellos hidráulicos,14.0,920.04,12880.5,2060.88,14941.38,MXN,PO00051,S00020,E00002
DA3D6E0C-2C53-075E-3EE4-931EA2C02CB1,emitida,F,1560,2025-10-14,2025-10-14,TIN091214KL3,Talleres Industriales del Norte SA de CV,MFN980928Z69,Envases Martínez S de RL de CV,G01,03,PPD,23271800,Fabricación de estructura,1.0,107395.89,107395.89,17183.34,124579.23,MXN,,C00010,E00007
0CE5806A-4FEC-832F-8306-5FACCA16774D,recibida,A,72290,2025-10-15,2025-10-17,JCY220225DEO,Soldadura Regiomontana S de RL de CV,TIN091214KL3,Talleres Industriales del Norte SA de CV,G03,03,PUE,31161500,Brocas HSS,81.0,477.04,38640,6182.4,44822.4,MXN,PO00211,S00029,E00002
7AD2763D-0E3A-1F4D-5CF3-A5B996B95CBA,recibida,A,85923,2025-10-17,2025-10-17,EJM1706048OE,Servicios Santa Catarina SAPI de CV,TIN091214KL3,Talleres Industriales del Norte SA de CV,G03,03,PPD,40141600,Válvulas neumáticas,21.0,353.33,7420,1187.2,8607.2,MXN,PO00136,S00032,E00002
96860C67-C99A-B40A-5128-A9A4C795E4BB,recibida,A,26375,2025-10-17,2025-10-17,KGD1808073H9,Transportes Industrial S de RL de CV,TIN091214KL3,Talleres Industriales del Norte SA de CV,G03,03,PPD,40141600,Motor eléctrico 5HP,69.0,705.07,48650,7784.0,56434.0,MXN,PO00065,S00024,E00002
85D35457-A641-15F2-EE35-528A39A00213,recibida,A,71705,2025-10-20,2025-10-22,JCY220225DEO,Soldadura Regiomontana S de RL de CV,TIN091214KL3,Talleres Industriales del Norte SA de CV,G03,03,PPD,31161500,Electrodos 6013,197.0,430.46,84800,13568.0,98368.0,MXN,PO00208,S00029,E00002
EAAB0852-A5AF-B10F-97C5-FE82C604B59B,recibida,A,22413,2025-10-20,2025-10-20,QJX180308HTS,Refacciones Regiomontana SAPI de CV,TIN091214KL3,Talleres Industriales del Norte SA de CV,G03,03,PPD,78101800,Flete foráneo,1.0,10079.9,10079.9,1612.78,11692.68,MXN,PO00216,S00007,E00002
09EFB7DC-4E54-46CB-876D-1BB5F9CDBBB3,recibida,A,24317,2025-10-20,2025-10-21,RYY210726M9I,Metálica del Norte S de RL de CV,TIN091214KL3,Talleres Industriales del Norte SA de CV,G03,03,PPD,80131500,Renta de montacargas,1.0,22480.5,22480.5,3596.88,26077.38,MXN,PO00528,S00015,E00002
F0043EC1-2AE8-42E5-F2B7-4E9387EB78AE,recibida,A,20773,2025-10-20,2025-10-20,FVB020903VNA,Herramientas del Norte SAPI de CV,TIN091214KL3,Talleres Industriales del Norte SA de CV,G03,03,PPD,31161500,Guantes de carnaza,141.0,754.97,106450.5,17032.08,123482.58,MXN,PO00287,S00016,E00002
B4503E64-3436-C5BE-0A06-2DD8D8102305,recibida,A,1135,2025-10-20,2025-10-22,EVO0907049MQ,Hidráulica Nuevo León SAPI de CV,TIN091214KL3,Talleres Industriales del Norte SA de CV,G03,03,PUE,30102000,Lámina de acero cal. 14,103.0,207.01,21322.4,3411.58,24733.98,MXN,PO00194,S00009,E00002
A7FC426D-C9B7-0822-E0BA-ED749E1A841B,recibida,A,53616,2025-10-20,2025-10-20,NOR190111MKV,Refacciones Santa Catarina S de RL de CV,TIN091214KL3,Talleres Industriales del Norte SA de CV,G03,03,PPD,40141600,Sellos hidráulicos,134.0,192.46,25790,4126.4,29916.4,MXN,PO00146,S00022,E00002
23A707BD-0773-E9CE-7853-92F999108D47,recibida,A,89002,2025-10-20,2025-10-20,IQX921208XAR,Industrias Monterrey SA de CV,TIN091214KL3,Talleres Industriales del Norte SA de CV,G03,03,PPD,40141600,Motor eléctrico 5HP,186.0,69.26,12882.4,2061.18,14943.58,MXN,PO00014,S00030,E00002
83DF3BD7-4B05-D6CA-9798-FD62DFC462F9,recibida,A,33507,2025-10-21,2025-10-23,GIG1908016AL,Ferretera Santa Catarina SAPI de CV,TIN091214KL3,Talleres Industriales del Norte SA de CV,G03,03,PPD,31161500,Brocas HSS,98.0,893.17,87530.5,14004.88,101535.38,MXN,PO00276,S00018,E00002
D1CABB8E-074C-2B19-C219-81D10616413A,recibida,A,66090,2025-10-22,2025-10-22,QJX180308HTS,Refacciones Regiomontana SAPI de CV,TIN091214KL3,Talleres Industriales del Norte SA de CV,G03,03,PPD,78101800,Flete foráneo,1.0,6260.0,6260,1001.6,7261.6,MXN,PO00541,S00007,E00002
221AE363-7B80-B11F-C901-B95F5B35F002,recibida,A,58514,2025-10-22,2025-10-23,NOR190111MKV,Refacciones Santa Catarina S de RL de CV,TIN091214KL3,Talleres Industriales del Norte SA de CV,G03,03,PPD,40141600,Sellos hidráulicos,38.0,174.47,6629.9,1060.78,7690.68,MXN,PO00316,S00022,E00002
9E969ABC-19FA-9E1D-D921-91571506FF15,recibida,A,31287,2025-10-22,2025-10-22,OFW920626UHP,Refacciones Industrial S de RL de CV,TIN091214KL3,Talleres Industriales del Norte SA de CV,G03,03,PPD,80101500,Asesoría fiscal,1.0,69512.4,69512.4,11121.98,80634.38,MXN,PO00028,S00027,E00002
69D6EF47-C093-519E-C6AD-F8349E50EC9C,recibida,A,88510,2025-10-24,2025-10-25,RYY210726M9I,Metálica del Norte S de RL de CV,TIN091214KL3,Talleres Industriales del Norte SA de CV,G03,03,PPD,80131500,Renta de nave industrial,1.0,13847.8,13847.8,2215.65,16063.45,MXN,PO00540,S00015,E00002
0EAD9FC3-7559-D59F-E049-F1F57F3DE16F,recibida,A,13654,2025-10-24,2025-10-26,EVO0907049MQ,Hidráulica Nuevo León SAPI de CV,TIN091214KL3,Talleres Industriales del Norte SA de CV,G03,03,PPD,30102000,Barra redonda 1018,151.0,129.94,19620.5,3139.28,22759.78,MXN,PO00390,S00009,E00002
16291F8B-99C2-7984-1725-43961F4A8608,recibida,A,17785,2025-10-24,2025-10-25,FWD180424QZI,Pinturas Escobedo S de RL de CV,TIN091214KL3,Talleres Industriales del Norte SA de CV,G03,03,PPD,40141600,Válvulas neumáticas,10.0,692.05,6920.5,1107.28,8027.78,MXN,PO00363,S00035,E00002
A693C642-F39C-5841-FE31-D405CDED21C5,recibida,A,48761,2025-10-27,2025-10-28,KUA86021592H,Grupo Nuevo León SAPI de CV,TIN091214KL3,Talleres Industriales del Norte SA de CV,G03,03,PPD,30102000,Perfil PTR 2x2,114.0,154.83,17650.5,2824.08,20474.58,MXN,PO00379,S00021,E00002
338AB341-380B-88BB-81B1-D8E7E5DDA9B6,emitida,F,1527,2025-10-27,2025-10-27,TIN091214KL3,Talleres Industriales del Norte SA de CV,XVS9502132UY,Autopartes Quintanilla S de RL de CV,G01,03,PPD,23271800,Corte y doblez,1.0,337942.88,337942.88,54070.86,392013.74,MXN,,C00004,E00007
171759C6-4DCC-FF8C-0EF9-BF8B20A33A28,recibida,A,71755,2025-10-28,2025-10-28,TYC9409017QY,Hidráulica Industrial S de RL de CV,TIN091214KL3,Talleres Industriales del Norte SA de CV,G03,03,PPD,80101500,Consultoría de procesos,1.0,44250.5,44250.5,7080.08,51330.58,MXN,PO00280,S00006,E00002
AED47BDB-1DB5-B83E-05C7-83208C383458,recibida,A,14954,2025-10-28,2025-10-29,KGD1808073H9,Transportes Industrial S de RL de CV,TIN091214KL3,Talleres Industriales del Norte SA de CV,G03,03,PPD,40141600,Motor eléctrico 5HP,180.0,131.56,23680,3788.8,27468.8,MXN,PO00409,S00024,E00002
2A8C585C-4C59-1FD6-36D3-9DF4136292F0,recibida,A,62117,2025-10-28,2025-10-30,MKD060428P24,Suministros Guadalupe SA de CV,TIN091214KL3,Talleres Industriales del Norte SA de CV,G03,03,PUE,40141600,Sellos hidráulicos,171.0,419.69,71767.8,11482.85,83250.65,MXN,PO00385,S00023,E00002
10769D64-AF2C-B30E-879C-FF8AC6EE0151,recibida,A,19909,2025-10-28,2025-10-29,OFW920626UHP,Refacciones Industrial S de RL de CV,TIN091214KL3,Talleres Industriales del Norte SA de CV,G03,03,PPD,80101500,Capacitación,1.0,86000.0,86000,13760.0,99760.0,MXN,PO00091,S00027,E00002
BCF1399D-3FFB-34E6-6543-1AF273DBB243,emitida,F,1578,2025-10-28,2025-10-28,TIN091214KL3,Talleres Industriales del Norte SA de CV,TIV9003196BV,Grupo Chapa S de RL de CV,G01,03,PPD,23271800,Corte y doblez,1.0,76071.15,76071.15,12171.38,88242.53,MXN,,C00007,E00007
F06B7C40-773B-6BDD-57CB-BA38FEA4EA77,emitida,F,1605,2025-10-28,2025-10-28,TIN091214KL3,Talleres Industriales del Norte SA de CV,NBX010517L3O,Envases Quintanilla S de RL de CV,G01,03,PPD,23271800,Corte y doblez,1.0,243453.95,243453.95,38952.63,282406.58,MXN,,C00017,E00007
86E4B518-A68B-539D-1559-0392AED5C25F,emitida,F,1644,2025-10-28,2025-10-28,TIN091214KL3,Talleres Industriales del Norte SA de CV,RSR9508062P4,Grupo Martínez SA de CV,G01,03,PPD,23271800,Corte y doblez,1.0,254646.68,254646.68,40743.47,295390.15,MXN,,C00018,E00007
6232F02A-0C1C-E4C3-E0F7-DD748991A3B7,emitida,F,1621,2025-10-29,2025-10-29,TIN091214KL3,Talleres Industriales del Norte SA de CV,CSM870728H9S,Grupo Quintanilla S de RL de CV,G01,03,PPD,23271800,Maquinado de piezas,1.0,251254.85,251254.85,40200.78,291455.63,MXN,,C00001,E00007
85B6CEB9-BF66-7AB4-55FB-2280932AA794,recibida,A,74288,2025-10-30,2025-11-01,WRV860316MF8,Servicios Nuevo León SA de CV,TIN091214KL3,Talleres Industriales del Norte SA de CV,G03,03,PPD,31161500,Discos de corte,122.0,352.31,42982.4,6877.18,49859.58,MXN,PO00034,S00038,E00002
C137F79F-4CDB-0364-9605-A11F393B4F6B,recibida,A,82362,2025-10-31,2025-11-01,YFL9210050X2,Herramientas del Norte S de RL de CV,TIN091214KL3,Talleres Industriales del Norte SA de CV,G03,03,PPD,40141600,Rodamientos SKF,60.0,245.34,14720.5,2355.28,17075.78,MXN,PO00161,S00037,E00002
A22FD41D-1F84-83D8-7AA1-0555A1C5CDC1,recibida,A,34052,2025-10-31,2025-11-01,TYC9409017QY,Hidráulica Industrial S de RL de CV,TIN091214KL3,Talleres Industriales del Norte SA de CV,G03,03,PPD,80101500,Servicio de mantenimiento,1.0,44689.9,44689.9,7150.38,51840.28,MXN,PO00097,S00006,E00002
9165D384-3A42-6396-8829-3554BC5935CB,recibida,A,93074,2025-10-31,2025-10-31,KGD1808073H9,Transportes Industrial S de RL de CV,TIN091214KL3,Talleres Industriales del Norte SA de CV,G03,03,PUE,40141600,Sellos hidráulicos,193.0,151.35,29210,4673.6,33883.6,MXN,PO00364,S00024,E00002
13927C17-3D66-AF2C-5D9D-B096DDBF5B80,emitida,F,1603,2025-10-31,2025-10-31,TIN091214KL3,Talleres Industriales del Norte SA de CV,NBX010517L3O,Envases Quintanilla S de RL de CV,G01,03,PPD,23271800,Maquinado de piezas,1.0,126177.84,126177.84,20188.45,146366.29,MXN,,C00017,E00007
9FAE6141-3A1E-5B56-2A1D-BF824086533D,recibida,A,20579,2025-11-03,2025-11-04,JCY220225DEO,Soldadura Regiomontana S de RL de CV,TIN091214KL3,Talleres Industriales del Norte SA de CV,G03,03,PPD,31161500,Brocas HSS,87.0,308.86,26870.5,4299.28,31169.78,MXN,PO00260,S00029,E00002
9498E0B3-5CB2-3618-67D7-7EE05EE11D22,recibida,A,62957,2025-11-03,2025-11-04,JCY220225DEO,Soldadura Regiomontana S de RL de CV,TIN091214KL3,Talleres Industriales del Norte SA de CV,G03,03,PUE,31161500,Solvente industrial,196.0,155.56,30490,4878.4,35368.4,MXN,PO00341,S00029,E00002
3EBE2B3A-00E9-8677-CBF7-B0969AE93C8F,recibida,A,86820,2025-11-03,2025-11-04,NOR190111MKV,Refacciones Santa Catarina S de RL de CV,TIN091214KL3,Talleres Industriales del Norte SA de CV,G03,03,PPD,40141600,Bandas industriales,79.0,291.65,23040.5,3686.48,26726.98,MXN,PO00348,S00022,E00002
5ADCDC5C-5655-023F-F581-F8AEEE99E8E3,emitida,F,1629,2025-11-03,2025-11-03,TIN091214KL3,Talleres Industriales del Norte SA de CV,YRB930321HU5,Construcciones Sada S de RL de CV,G01,03,PPD,23271800,Soldadura industrial,1.0,63559.9,63559.9,10169.58,73729.48,MXN,,C00014,E00007
C26EA1C1-8399-CE69-590E-CC34B0FF7E55,recibida,A,39119,2025-11-04,2025-11-04,FWD180424QZI,Pinturas Escobedo S de RL de CV,TIN091214KL3,Talleres Industriales del Norte SA de CV,G03,03,PPD,40141600,Sellos hidráulicos,74.0,363.75,26917.8,4306.85,31224.65,MXN,PO00387,S00035,E00002
E87556BD-6C58-94EF-608B-D3C305FE85C9,emitida,F,1648,2025-11-04,2025-11-04,TIN091214KL3,Talleres Industriales del Norte SA de CV,RSR9508062P4,Grupo Martínez SA de CV,G01,03,PPD,23271800,Corte y doblez,1.0,45612.84,45612.84,7298.05,52910.89,MXN,,C00018,E00007
FDC165D3-3D4C-F7E3-B963-46E4007A5108,recibida,A,75826,2025-11-07,2025-11-08,KGD1808073H9,Transportes Industrial S de RL de CV,TIN091214KL3,Talleres Industriales del Norte SA de CV,G03,03,PPD,40141600,Motor eléctrico 5HP,86.0,599.18,51529.9,8244.78,59774.68,MXN,PO00160,S00024,E00002
0EE127F7-8F70-4037-51B4-904699B9AA56,emitida,F,1506,2025-11-07,2025-11-07,TIN091214KL3,Talleres Industriales del Norte SA de CV,OXQ101018OOO,Envases Guerra S de RL de CV,G01,03,PPD,23271800,Fabricación de estructura,1.0,354903.67,354903.67,56784.59,411688.26,MXN,,C00009,E00007
4856EB12-B048-B8F6-705F-7BAF5A923089,recibida,A,75432,2025-11-07,2025-11-08,RGL990201RM6,Gestoría y Enlace Santa Catarina S de RL de CV,TIN091214KL3,Talleres Industriales del Norte SA de CV,G03,03,PPD,80101500,Servicios de gestión y enlace comercial,1.0,48000.0,48000,7680.0,55680.0,MXN,PO00037,S00034,E00002
741D5566-6769-3123-8526-22B5C019DAA0,recibida,A,80861,2025-11-10,2025-11-12,ZKV070614580,Empaques Apodaca SAPI de CV,TIN091214KL3,Talleres Industriales del Norte SA de CV,G03,03,PPD,30102000,Placa de acero A36,31.0,763.55,23670,3787.2,27457.2,MXN,PO00104,S00039,E00002
1672CEF6-21BE-6AAD-E094-09FBB83B06BF,recibida,A,55810,2025-11-10,2025-11-12,ZKV070614580,Empaques Apodaca SAPI de CV,TIN091214KL3,Talleres Industriales del Norte SA de CV,G03,03,PUE,30102000,Placa de acero A36,102.0,236.3,24102.4,3856.38,27958.78,MXN,PO00405,S00039,E00002
3E8B2361-14B0-2CF2-FB29-6E06FEEFA6DD,recibida,A,2466,2025-11-10,2025-11-10,BRG980912TE9,Ferretera Guadalupe S de RL de CV,TIN091214KL3,Talleres Industriales del Norte SA de CV,G03,03,PPD,80101500,Asesoría fiscal,1.0,11147.8,11147.8,1783.65,12931.45,MXN,PO00309,S00002,E00002
99595042-76B4-B134-8A30-2BAB06577CB0,recibida,A,30901,2025-11-10,2025-11-10,BRG980912TE9,Ferretera Guadalupe S de RL de CV,TIN091214KL3,Talleres Industriales del Norte SA de CV,G03,03,PPD,80101500,Capacitación,1.0,5089.9,5089.9,814.38,5904.28,MXN,PO00244,S00002,E00002
9414EA5F-CBE2-222F-3745-4DC3FA83708E,emitida,F,1558,2025-11-10,2025-11-10,TIN091214KL3,Talleres Industriales del Norte SA de CV,QBN900325RYY,Envases Hernández SAPI de CV,G01,03,PPD,23271800,Soldadura industrial,1.0,241301.65,241301.65,38608.26,279909.91,MXN,,C00008,E00007
519500EB-F084-A80F-9232-18B5138038F0,recibida,A,40333,2025-11-11,2025-11-11,HSA170302L56,Distribuidora del Norte S de RL de CV,TIN091214KL3,Talleres Industriales del Norte SA de CV,G03,03,PUE,80131500,Renta de montacargas,1.0,83820.5,83820.5,13411.28,97231.78,MXN,PO00120,S00005,E00002
56F6F0BD-7DCE-7553-B2C0-E2542AEA2271,recibida,A,73715,2025-11-11,2025-11-12,TQX980213KP2,Soldadura Guadalupe S de RL de CV,TIN091214KL3,Talleres Industriales del Norte SA de CV,G03,03,PPD,78101800,Maniobras de carga,1.0,3732.4,3732.4,597.18,4329.58,MXN,PO00521,S00011,E00002
F114E93A-685E-7DAE-436A-1F70301BA4BB,recibida,A,93875,2025-11-11,2025-11-11,LNR0211046T5,Pinturas Nuevo León SAPI de CV,TIN091214KL3,Talleres Industriales del Norte SA de CV,G03,03,PPD,30102000,Placa de acero A36,13.0,1155.38,15019.9,2403.18,17423.08,MXN,PO00266,S00019,E00002
4A1C4E46-AAC5-0535-0F47-69F58DB93FAD,recibida,A,54887,2025-11-12,2025-11-14,JCY220225DEO,Soldadura Regiomontana S de RL de CV,TIN091214KL3,Talleres Industriales del Norte SA de CV,G03,03,PPD,31161500,Guantes de carnaza,51.0,2004.95,102252.4,16360.38,118612.78,MXN,PO00325,S00029,E00002
BDA99833-C33D-933A-84F5-1C358197B090,recibida,A,39523,2025-11-12,2025-11-12,RYY210726M9I,Metálica del Norte S de RL de CV,TIN091214KL3,Talleres Industriales del Norte SA de CV,G03,03,PUE,80131500,Servicio de energía,1.0,24237.8,24237.8,3878.05,28115.85,MXN,PO00484,S00015,E00002
B4E4AEB7-8064-03F6-572C-A2591DEC4894,recibida,A,77522,2025-11-12,2025-11-14,BRG980912TE9,Ferretera Guadalupe S de RL de CV,TIN091214KL3,Talleres Industriales del Norte SA de CV,G03,03,PPD,80101500,Capacitación,1.0,14200.5,14200.5,2272.08,16472.58,MXN,PO00361,S00002,E00002
05D02F7D-8CA5-39DB-B0E6-2DD0C6CF20A2,recibida,A,18243,2025-11-13,2025-11-13,TQX980213KP2,Soldadura Guadalupe S de RL de CV,TIN091214KL3,Talleres Industriales del Norte SA de CV,G03,03,PPD,78101800,Flete local,1.0,3902.4,3902.4,624.38,4526.78,MXN,PO00157,S00011,E00002
02992946-B69F-37FB-2297-3926B240D7BA,recibida,A,12251,2025-11-14,2025-11-15,HSA170302L56,Distribuidora del Norte S de RL de CV,TIN091214KL3,Talleres Industriales del Norte SA de CV,G03,03,PPD,80131500,Renta de nave industrial,1.0,93107.8,93107.8,14897.25,108005.05,MXN,PO00455,S00005,E00002
6D111FBE-F0B7-4BDB-736E-EF368A1ABE8B,recibida,A,85597,2025-11-14,2025-11-14,ZKV070614580,Empaques Apodaca SAPI de CV,TIN091214KL3,Talleres Industriales del Norte SA de CV,G03,03,PUE,30102000,Perfil PTR 2x2,86.0,246.74,21220,3395.2,24615.2,MXN,PO00497,S00039,E00002
BFEC75AD-52F6-4B27-BBBE-FEF7FCAB53AE,recibida,A,14182,2025-11-14,2025-11-15,OFW920626UHP,Refacciones Industrial S de RL de CV,TIN091214KL3,Talleres Industriales del Norte SA de CV,G03,03,PPD,80101500,Servicio de mantenimiento,1.0,30662.4,30662.4,4905.98,35568.38,MXN,PO00195,S00027,E00002
1BF3F43E-48C7-6796-88F9-90063D22F860,recibida,A,84828,2025-11-17,2025-11-17,RHK9801046MV,Suministros Guadalupe SA de CV,TIN091214KL3,Talleres Industriales del Norte SA de CV,G03,03,PUE,78101800,Flete foráneo,1.0,13012.4,13012.4,2081.98,15094.38,MXN,PO00213,S00008,E00002
C02FB522-1FA4-2779-CF35-BFEB7A5D33D5,recibida,A,19312,2025-11-17,2025-11-19,YFL9210050X2,Herramientas del Norte S de RL de CV,TIN091214KL3,Talleres Industriales del Norte SA de CV,G03,03,PUE,40141600,Motor eléctrico 5HP,29.0,586.2,16999.9,2719.98,19719.88,MXN,PO00122,S00037,E00002
A5326684-D210-1E03-7609-E7940747F9C6,recibida,A,42619,2025-11-17,2025-11-19,EVO0907049MQ,Hidráulica Nuevo León SAPI de CV,TIN091214KL3,Talleres Industriales del Norte SA de CV,G03,03,PUE,30102000,Placa de acero A36,102.0,245.0,24989.9,3998.38,28988.28,MXN,PO00299,S00009,E00002
F4F74AAA-32B7-9C95-C414-BFB44DF7B92E,recibida,A,39904,2025-11-17,2025-11-17,NOR190111MKV,Refacciones Santa Catarina S de RL de CV,TIN091214KL3,Talleres Industriales del Norte SA de CV,G03,03,PUE,40141600,Rodamientos SKF,178.0,68.43,12180,1948.8,14128.8,MXN,PO00427,S00022,E00002
8AA6E277-5142-71E6-8C69-BFC0E1507E58,recibida,A,53728,2025-11-17,2025-11-18,EJM1706048OE,Servicios Santa Catarina SAPI de CV,TIN091214KL3,Talleres Industriales del Norte SA de CV,G03,03,PUE,40141600,Motor eléctrico 5HP,20.0,549.5,10989.9,1758.38,12748.28,MXN,PO00100,S00032,E00002
514BE8E7-DEFC-31BB-5ECB-E93142DE3544,recibida,A,55487,2025-11-17,2025-11-19,MKD060428P24,Suministros Guadalupe SA de CV,TIN091214KL3,Talleres Industriales del Norte SA de CV,G03,03,PUE,40141600,Válvulas neumáticas,49.0,2158.57,105770,16923.2,122693.2,MXN,PO00412,S00023,E00002
F63ACDFA-92E6-0629-DA2D-47D112966A79,recibida,A,59856,2025-11-18,2025-11-20,HSA170302L56,Distribuidora del Norte S de RL de CV,TIN091214KL3,Talleres Industriales del Norte SA de CV,G03,03,PPD,80131500,Renta de nave industrial,1.0,73030.0,73030,11684.8,84714.8,MXN,PO00396,S00005,E00002
A833221F-F777-C7A8-0635-0D03443BF44B,recibida,A,13286,2025-11-18,2025-11-18,KUG170614DEP,Servicios de México SA de CV,TIN091214KL3,Talleres Industriales del Norte SA de CV,G03,03,PUE,40141600,Motor eléctrico 5HP,138.0,543.48,75000,12000.0,87000.0,MXN,PO00499,S00001,E00002
54290B0B-F62F-F26D-F6FE-2632BD02EED2,recibida,A,80673,2025-11-18,2025-11-18,LEJ901223H0C,Herramientas Regiomontana SA de CV,TIN091214KL3,Talleres Industriales del Norte SA de CV,G03,03,PUE,78101800,Flete local — carta porte anexa,1.0,4203.78,4203.78,672.6,4876.38,MXN,PO00472,S00033,E00002
DF3A23A0-6EF0-2FBD-97C3-D137D7BF0A6B,recibida,A,6453,2025-11-20,2025-11-22,OFW920626UHP,Refacciones Industrial S de RL de CV,TIN091214KL3,Talleres Industriales del Norte SA de CV,G03,03,PUE,80101500,Consultoría de procesos,1.0,95920.5,95920.5,15347.28,111267.78,MXN,PO00290,S00027,E00002
50A68BFD-5B6F-C0C8-9365-F070CC84D69E,emitida,F,1632,2025-11-20,2025-11-20,TIN091214KL3,Talleres Industriales del Norte SA de CV,YRB930321HU5,Construcciones Sada S de RL de CV,G01,03,PPD,23271800,Maquinado de piezas,1.0,280497.7,280497.7,44879.63,325377.33,MXN,,C00014,E00007
B8DDAA93-23E3-415B-B8C3-38AE871FDA74,recibida,A,34264,2025-11-21,2025-11-23,SNS0502149TX,Pinturas Guadalupe S de RL de CV,TIN091214KL3,Talleres Industriales del Norte SA de CV,G03,03,PPD,40141600,Bandas industriales,171.0,64.1,10960.5,1753.68,12714.18,MXN,PO00436,S00040,E00002
3ADEC602-85D4-8CF5-BAB1-4BC691733BA2,recibida,A,44311,2025-11-24,2025-11-26,JCY220225DEO,Soldadura Regiomontana S de RL de CV,TIN091214KL3,Talleres Industriales del Norte SA de CV,G03,03,PPD,31161500,Brocas HSS,195.0,343.64,67010.5,10721.68,77732.18,MXN,PO00433,S00029,E00002
40D21963-DC53-89A8-8E9C-1B31172CA7F0,recibida,A,70143,2025-11-24,2025-11-26,QLD0604095NT,Metálica San Nicolás SA de CV,TIN091214KL3,Talleres Industriales del Norte SA de CV,G03,03,PPD,80101500,Asesoría fiscal,1.0,30569.9,30569.9,4891.18,35461.08,MXN,PO00356,S00010,E00002
D1E04292-2A23-8262-2C5F-56D140477989,recibida,A,80559,2025-11-24,2025-11-26,FVB020903VNA,Herramientas del Norte SAPI de CV,TIN091214KL3,Talleres Industriales del Norte SA de CV,G03,03,PUE,31161500,Discos de corte,20.0,2862.99,57259.9,9161.58,66421.48,MXN,PO00151,S00016,E00002
40A2DB9B-5978-69D2-A8AD-5F5812F4B270,recibida,A,71577,2025-11-24,2025-11-24,TYC9409017QY,Hidráulica Industrial S de RL de CV,TIN091214KL3,Talleres Industriales del Norte SA de CV,G03,03,PUE,80101500,Servicios de limpieza,1.0,53939.9,53939.9,8630.38,62570.28,MXN,PO00148,S00006,E00002
0E466DBE-7EBC-E414-C4A0-499F6BC64D98,recibida,A,42033,2025-11-24,2025-11-24,LNR0211046T5,Pinturas Nuevo León SAPI de CV,TIN091214KL3,Talleres Industriales del Norte SA de CV,G03,03,PPD,30102000,Barra redonda 1018,125.0,135.92,16990,2718.4,19708.4,MXN,PO00243,S00019,E00002
88E67482-6092-B67B-B67E-67304B95B6C3,recibida,A,55366,2025-11-24,2025-11-24,JDT8809104XZ,Empaques del Norte SAPI de CV,TIN091214KL3,Talleres Industriales del Norte SA de CV,G03,03,PPD,80101500,Consultoría de procesos,1.0,68907.8,68907.8,11025.25,79933.05,MXN,PO00503,S00013,E00002
54C2E89A-00F8-6B2C-23B1-EC1247F1E8D3,emitida,F,1636,2025-11-24,2025-11-24,TIN091214KL3,Talleres Industriales del Norte SA de CV,YRB930321HU5,Construcciones Sada S de RL de CV,G01,03,PPD,23271800,Fabricación de estructura,1.0,124208.54,124208.54,19873.37,144081.91,MXN,,C00014,E00007
3159AF5F-93CA-C47B-3D45-116D2864C624,recibida,A,39550,2025-11-24,2025-11-24,KUG170614DEP,Servicios de México SA de CV,TIN091214KL3,Talleres Industriales del Norte SA de CV,G03,03,PPD,40141600,Sellos hidráulicos,22.0,2272.73,50000,8000.0,58000.0,MXN,PO00317,S00001,E00002
6E16321F-32A2-59D4-5C76-09E0D775EA70,recibida,A,12597,2025-11-25,2025-11-26,JCY220225DEO,Soldadura Regiomontana S de RL de CV,TIN091214KL3,Talleres Industriales del Norte SA de CV,G03,03,PPD,31161500,Brocas HSS,47.0,1324.48,62250.5,9960.08,72210.58,MXN,PO00008,S00029,E00002
D087B609-605A-FEE5-75B4-5C1E21EEFD64,recibida,A,51628,2025-11-25,2025-11-26,WRV860316MF8,Servicios Nuevo León SA de CV,TIN091214KL3,Talleres Industriales del Norte SA de CV,G03,03,PPD,31161500,Guantes de carnaza,198.0,261.21,51720.5,8275.28,59995.78,MXN,PO00285,S00038,E00002
8C337BA4-994F-4894-67DD-2FAF32015B7E,recibida,A,52178,2025-11-26,2025-11-26,QLD0604095NT,Metálica San Nicolás SA de CV,TIN091214KL3,Talleres Industriales del Norte SA de CV,G03,03,PPD,80101500,Consultoría de procesos,1.0,43020.0,43020,6883.2,49903.2,MXN,PO00467,S00010,E00002
CFD08077-5D7F-5A51-5578-82768F052278,recibida,A,55011,2025-11-26,2025-11-27,ZKV070614580,Empaques Apodaca SAPI de CV,TIN091214KL3,Talleres Industriales del Norte SA de CV,G03,03,PPD,30102000,Placa de acero A36,138.0,114.86,15850.5,2536.08,18386.58,MXN,PO00286,S00039,E00002
D6495B7D-714E-11AB-03E5-3338C7477392,recibida,A,31684,2025-11-26,2025-11-26,JDT8809104XZ,Empaques del Norte SAPI de CV,TIN091214KL3,Talleres Industriales del Norte SA de CV,G03,03,PPD,80101500,Consultoría de procesos,1.0,26640.0,26640,4262.4,30902.4,MXN,PO00063,S00013,E00002
2C04A287-AAAB-D1FE-5724-4E76CCB71BD2,recibida,A,87897,2025-11-27,2025-11-27,RHK9801046MV,Suministros Guadalupe SA de CV,TIN091214KL3,Talleres Industriales del Norte SA de CV,G03,03,PPD,78101800,Maniobras de carga,1.0,5012.4,5012.4,801.98,5814.38,MXN,PO00407,S00008,E00002
1F72C8CB-D898-6F08-73BE-50E9A55924E6,recibida,A,19270,2025-11-27,2025-11-29,FWD180424QZI,Pinturas Escobedo S de RL de CV,TIN091214KL3,Talleres Industriales del Norte SA de CV,G03,03,PUE,40141600,Motor eléctrico 5HP,19.0,977.89,18580,2972.8,21552.8,MXN,PO00163,S00035,E00002
4FDFAE0A-1EE4-168E-EE0A-8D1C9560A236,recibida,A,17932,2025-11-27,2025-11-29,IQX921208XAR,Industrias Monterrey SA de CV,TIN091214KL3,Talleres Industriales del Norte SA de CV,G03,03,PPD,40141600,Bandas industriales,105.0,252.0,26460.5,4233.68,30694.18,MXN,PO00447,S00030,E00002
FF66AB3D-7374-BFB9-EEED-6C4768AA50E8,emitida,F,1528,2025-11-27,2025-11-27,TIN091214KL3,Talleres Industriales del Norte SA de CV,XVS9502132UY,Autopartes Quintanilla S de RL de CV,G01,03,PPD,23271800,Corte y doblez,1.0,371105.09,371105.09,59376.81,430481.9,MXN,,C00004,E00007
01B146D5-89F2-DDD7-338F-EB5A5EE1F581,recibida,A,90610,2025-11-28,2025-11-28,IQX921208XAR,Industrias Monterrey SA de CV,TIN091214KL3,Talleres Industriales del Norte SA de CV,G03,03,PUE,40141600,Válvulas neumáticas,85.0,256.94,21839.9,3494.38,25334.28,MXN,PO00394,S00030,E00002
8E6E086F-60EC-7182-A364-1266492F1789,recibida,A,82288,2025-12-01,2025-12-02,HSA170302L56,Distribuidora del Norte S de RL de CV,TIN091214KL3,Talleres Industriales del Norte SA de CV,G03,03,PUE,80131500,Servicio de energía,1.0,76692.4,76692.4,12270.78,88963.18,MXN,PO00353,S00005,E00002
9AA66C3E-C72C-1D99-F646-AC33DBAB42A2,recibida,A,7859,2025-12-01,2025-12-03,WRV860316MF8,Servicios Nuevo León SA de CV,TIN091214KL3,Talleres Industriales del Norte SA de CV,G03,03,PPD,31161500,Solvente industrial,39.0,1047.43,40849.9,6535.98,47385.88,MXN,PO00064,S00038,E00002
5A72FD86-092C-FCB8-0F21-6EC481DDBBF7,recibida,A,7665,2025-12-01,2025-12-01,PPK23090228I,Metálica del Norte SA de CV,TIN091214KL3,Talleres Industriales del Norte SA de CV,G03,03,PUE,40141600,Sellos hidráulicos,112.0,822.16,92082.4,14733.18,106815.58,MXN,PO00121,S00017,E00002
B2FD5A17-9DFC-AFBF-CA8B-A493DDD5D1D3,emitida,F,1565,2025-12-01,2025-12-01,TIN091214KL3,Talleres Industriales del Norte SA de CV,AVL190904X3P,Autopartes Guerra SAPI de CV,G01,03,PPD,23271800,Fabricación de estructura,1.0,126122.94,126122.94,20179.67,146302.61,MXN,,C00006,E00007
5B4626DF-8F45-AB88-4240-D38146A5745B,emitida,F,1576,2025-12-01,2025-12-01,TIN091214KL3,Talleres Industriales del Norte SA de CV,AVL190904X3P,Autopartes Guerra SAPI de CV,G01,03,PPD,23271800,Fabricación de estructura,1.0,111427.61,111427.61,17828.42,129256.03,MXN,,C00006,E00007
1779BFFE-E8E6-3CDF-41CE-3815B17BD4F5,recibida,A,29221,2025-12-01,2025-12-02,LEJ901223H0C,Herramientas Regiomontana SA de CV,TIN091214KL3,Talleres Industriales del Norte SA de CV,G03,03,PUE,78101800,Flete local — carta porte anexa,1.0,4666.85,4666.85,746.7,5413.55,MXN,PO00297,S00033,E00002
80F1B2A5-2A55-DFC9-1EEA-0145B08A00E2,recibida,A,88086,2025-12-02,2025-12-02,MKD060428P24,Suministros Guadalupe SA de CV,TIN091214KL3,Talleres Industriales del Norte SA de CV,G03,03,PUE,40141600,Sellos hidráulicos,38.0,1225.79,46579.9,7452.78,54032.68,MXN,PO00119,S00023,E00002
0B595EA1-21AD-8A70-64D3-BBA6CCD18499,recibida,A,13187,2025-12-03,2025-12-03,RHK9801046MV,Suministros Guadalupe SA de CV,TIN091214KL3,Talleres Industriales del Norte SA de CV,G03,03,PPD,78101800,Flete local,1.0,3580.5,3580.5,572.88,4153.38,MXN,PO00372,S00008,E00002
CBC5023E-EB39-12CA-7093-05C23D0E9C6E,recibida,A,30863,2025-12-03,2025-12-04,MKD060428P24,Suministros Guadalupe SA de CV,TIN091214KL3,Talleres Industriales del Norte SA de CV,G03,03,PPD,40141600,Sellos hidráulicos,72.0,384.31,27670,4427.2,32097.2,MXN,PO00264,S00023,E00002
B3CE7619-81A3-E76C-0725-2016ABFE25E1,recibida,A,788,2025-12-03,2025-12-03,POR220413M4Q,Pinturas Guadalupe S de RL de CV,TIN091214KL3,Talleres Industriales del Norte SA de CV,G03,03,PUE,80131500,Servicio de energía,1.0,10350.5,10350.5,1656.08,12006.58,MXN,PO00288,S00036,E00002
CF5BB6CF-87ED-2641-96CE-80F4EFE87B88,recibida,A,78196,2025-12-04,2025-12-04,TYC9409017QY,Hidráulica Industrial S de RL de CV,TIN091214KL3,Talleres Industriales del Norte SA de CV,G03,03,PPD,80101500,Servicios de limpieza,1.0,106480.0,106480,17036.8,123516.8,MXN,PO00272,S00006,E00002
BBB53824-6E8B-20AA-25BB-C3F1964EDDD2,recibida,A,29992,2025-12-04,2025-12-06,KGD1808073H9,Transportes Industrial S de RL de CV,TIN091214KL3,Talleres Industriales del Norte SA de CV,G03,03,PPD,40141600,Sellos hidráulicos,75.0,668.9,50167.8,8026.85,58194.65,MXN,PO00032,S00024,E00002
F6FCC458-E017-8592-502F-8C5F3A4FBC3E,recibida,A,16153,2025-12-04,2025-12-05,OFW920626UHP,Refacciones Industrial S de RL de CV,TIN091214KL3,Talleres Industriales del Norte SA de CV,G03,03,PPD,80101500,Consultoría de procesos,1.0,48220.5,48220.5,7715.28,55935.78,MXN,PO00114,S00027,E00002
481C0605-45B4-D726-BC6F-39C366331C33,emitida,F,1505,2025-12-04,2025-12-04,TIN091214KL3,Talleres Industriales del Norte SA de CV,OXQ101018OOO,Envases Guerra S de RL de CV,G01,03,PPD,23271800,Fabricación de estructura,1.0,253238.65,253238.65,40518.18,293756.83,MXN,,C00009,E00007
E766F037-A5B3-7200-8A6A-F4B56A4EAD8B,emitida,F,1568,2025-12-05,2025-12-05,TIN091214KL3,Talleres Industriales del Norte SA de CV,AVL190904X3P,Autopartes Guerra SAPI de CV,G01,03,PPD,23271800,Soldadura industrial,1.0,305988.23,305988.23,48958.12,354946.35,MXN,,C00006,E00007
A629396F-9EFC-7E27-0056-539AB71EFCC6,emitida,F,1588,2025-12-05,2025-12-05,TIN091214KL3,Talleres Industriales del Norte SA de CV,KIP8808101ID,Autopartes Chapa SAPI de CV,G01,03,PPD,23271800,Fabricación de estructura,1.0,366671.4,366671.4,58667.42,425338.82,MXN,,C00003,E00007
9FC84F49-E72A-3CDF-5E61-06FEC50BF8AC,recibida,A,46692,2025-12-08,2025-12-10,JCY220225DEO,Soldadura Regiomontana S de RL de CV,TIN091214KL3,Talleres Industriales del Norte SA de CV,G03,03,PPD,31161500,Solvente industrial,93.0,976.24,90789.9,14526.38,105316.28,MXN,PO00324,S00029,E00002
93B62A84-06DF-515F-E9FF-079F62ED2E8F,recibida,A,77479,2025-12-08,2025-12-09,TQX980213KP2,Soldadura Guadalupe S de RL de CV,TIN091214KL3,Talleres Industriales del Norte SA de CV,G03,03,PUE,78101800,Maniobras de carga,1.0,13520.5,13520.5,2163.28,15683.78,MXN,PO00111,S00011,E00002
A592447E-EAD3-4441-E67A-53C28D7BB667,recibida,A,54474,2025-12-08,2025-12-10,QLD0604095NT,Metálica San Nicolás SA de CV,TIN091214KL3,Talleres Industriales del Norte SA de CV,G03,03,PUE,80101500,Servicio de mantenimiento,1.0,29430.5,29430.5,4708.88,34139.38,MXN,PO00414,S00010,E00002
25BC582D-EEA4-5362-AF33-DC9CCD9DC1E6,recibida,A,38807,2025-12-08,2025-12-08,QLD0604095NT,Metálica San Nicolás SA de CV,TIN091214KL3,Talleres Industriales del Norte SA de CV,G03,03,PUE,80101500,Servicio de mantenimiento,1.0,22717.8,22717.8,3634.85,26352.65,MXN,PO00514,S00010,E00002
AF701877-B2E3-DFB6-6902-918EF9FCFBCD,recibida,A,50014,2025-12-08,2025-12-09,YFL9210050X2,Herramientas del Norte S de RL de CV,TIN091214KL3,Talleres Industriales del Norte SA de CV,G03,03,PUE,40141600,Motor eléctrico 5HP,98.0,167.65,16430,2628.8,19058.8,MXN,PO00214,S00037,E00002
C534FFBD-B6C8-70BE-43E0-32805D5614E9,recibida,A,30003,2025-12-08,2025-12-10,FVB020903VNA,Herramientas del Norte SAPI de CV,TIN091214KL3,Talleres Industriales del Norte SA de CV,G03,03,PPD,31161500,Solvente industrial,104.0,882.69,91799.9,14687.98,106487.88,MXN,PO00251,S00016,E00002
D6CE8910-DDAA-35FE-51C1-4B6D8C3E142A,recibida,A,22386,2025-12-08,2025-12-09,ZKV070614580,Empaques Apodaca SAPI de CV,TIN091214KL3,Talleres Industriales del Norte SA de CV,G03,03,PUE,30102000,Perfil PTR 2x2,21.0,1159.05,24340,3894.4,28234.4,MXN,PO00315,S00039,E00002
46E455EB-552E-42E4-E962-87086E3C6D67,recibida,A,19810,2025-12-08,2025-12-09,LNR0211046T5,Pinturas Nuevo León SAPI de CV,TIN091214KL3,Talleres Industriales del Norte SA de CV,G03,03,PUE,30102000,Perfil PTR 2x2,131.0,105.58,13830.5,2212.88,16043.38,MXN,PO00102,S00019,E00002
83DF11C8-F0BC-0E6E-CD28-800873B57B74,recibida,A,74119,2025-12-08,2025-12-09,FWD180424QZI,Pinturas Escobedo S de RL de CV,TIN091214KL3,Talleres Industriales del Norte SA de CV,G03,03,PPD,40141600,Válvulas neumáticas,64.0,183.75,11759.9,1881.58,13641.48,MXN,PO00445,S00035,E00002
3E21EB16-B0F1-EA80-E0F6-7FBE0FB9D35C,recibida,A,39306,2025-12-08,2025-12-10,MKD060428P24,Suministros Guadalupe SA de CV,TIN091214KL3,Talleres Industriales del Norte SA de CV,G03,03,PUE,40141600,Rodamientos SKF,35.0,1976.07,69162.4,11065.98,80228.38,MXN,PO00098,S00023,E00002
00E34362-02A1-E8BF-DD3B-5897C2088791,emitida,F,1592,2025-12-08,2025-12-08,TIN091214KL3,Talleres Industriales del Norte SA de CV,KIP8808101ID,Autopartes Chapa SAPI de CV,G01,03,PPD,23271800,Fabricación de estructura,1.0,78709.69,78709.69,12593.55,91303.24,MXN,,C00003,E00007
E547D01C-9703-E772-7B5D-D4327A1FDDD6,emitida,F,1601,2025-12-08,2025-12-08,TIN091214KL3,Talleres Industriales del Norte SA de CV,NBX010517L3O,Envases Quintanilla S de RL de CV,G01,03,PPD,23271800,Fabricación de estructura,1.0,181748.05,181748.05,29079.69,210827.74,MXN,,C00017,E00007
7F1B5D69-92EF-C534-C85D-843C147DE567,recibida,A,7760,2025-12-09,2025-12-10,QJX180308HTS,Refacciones Regiomontana SAPI de CV,TIN091214KL3,Talleres Industriales del Norte SA de CV,G03,03,PPD,78101800,Flete local,1.0,5500.5,5500.5,880.08,6380.58,MXN,PO00085,S00007,E00002
A284EEDA-8B88-5172-BFB1-CC483C969C82,recibida,A,26926,2025-12-09,2025-12-09,KGD1808073H9,Transportes Industrial S de RL de CV,TIN091214KL3,Talleres Industriales del Norte SA de CV,G03,03,PPD,40141600,Rodamientos SKF,17.0,2671.64,45417.8,7266.85,52684.65,MXN,PO00024,S00024,E00002
3182821D-BDA3-2DF7-B5BE-DCFD77AD5756,emitida,F,1569,2025-12-09,2025-12-09,TIN091214KL3,Talleres Industriales del Norte SA de CV,AVL190904X3P,Autopartes Guerra SAPI de CV,G01,03,PPD,23271800,Fabricación de estructura,1.0,248146.2,248146.2,39703.39,287849.59,MXN,,C00006,E00007
FDF79877-7A17-87EF-84EE-FD874661CFAB,recibida,A,18042,2025-12-10,2025-12-10,OFW920626UHP,Refacciones Industrial S de RL de CV,TIN091214KL3,Talleres Industriales del Norte SA de CV,G03,03,PUE,80101500,Capacitación,1.0,52900.0,52900,8464.0,61364.0,MXN,PO00402,S00027,E00002
E5575A19-3AD2-98A9-7F62-A6DF14E96CFC,recibida,A,77992,2025-12-11,2025-12-13,GIG1908016AL,Ferretera Santa Catarina SAPI de CV,TIN091214KL3,Talleres Industriales del Norte SA de CV,G03,03,PUE,31161500,Electrodos 6013,135.0,1379.35,186212.4,29793.98,216006.38,MXN,PO00197,S00018,E00002
FBE4213C-5635-9EA0-6345-35639605F430,emitida,F,1515,2025-12-12,2025-12-12,TIN091214KL3,Talleres Industriales del Norte SA de CV,AVW130220VAM,Envases Chapa S de RL de CV,G01,03,PPD,23271800,Maquinado de piezas,1.0,341924.06,341924.06,54707.85,396631.91,MXN,,C00012,E00007
434C4978-DF15-5507-0078-2EA3337EB129,recibida,A,68484,2025-12-12,2025-12-13,JCY220225DEO,Soldadura Regiomontana S de RL de CV,TIN091214KL3,Talleres Industriales del Norte SA de CV,G03,01,PPD,31161500,Solvente industrial,25.0,75.32,1883.04,301.29,2184.33,MXN,PO00172,S00029,E00002
D283975A-48D0-6298-269C-ADE675B3E36B,recibida,A,24945,2025-12-15,2025-12-15,QLD0604095NT,Metálica San Nicolás SA de CV,TIN091214KL3,Talleres Industriales del Norte SA de CV,G03,03,PPD,80101500,Consultoría de procesos,1.0,18130.5,18130.5,2900.88,21031.38,MXN,PO00229,S00010,E00002
03CBBA55-5357-E99C-ADF6-484BE40EDE4A,recibida,A,75452,2025-12-15,2025-12-17,RHK9801046MV,Suministros Guadalupe SA de CV,TIN091214KL3,Talleres Industriales del Norte SA de CV,G03,03,PUE,78101800,Flete local,1.0,7330.5,7330.5,1172.88,8503.38,MXN,PO00077,S00008,E00002
3A806214-86FF-C22F-43AF-50C810D2C82B,recibida,A,73980,2025-12-15,2025-12-16,ZKV070614580,Empaques Apodaca SAPI de CV,TIN091214KL3,Talleres Industriales del Norte SA de CV,G03,03,PUE,30102000,Tubo estructural,99.0,252.73,25020,4003.2,29023.2,MXN,PO00202,S00039,E00002
7BA4B58A-EDE6-F9EB-EEA4-BC777D5F6789,recibida,A,14372,2025-12-15,2025-12-16,BRG980912TE9,Ferretera Guadalupe S de RL de CV,TIN091214KL3,Talleres Industriales del Norte SA de CV,G03,03,PUE,80101500,Asesoría fiscal,1.0,9019.9,9019.9,1443.18,10463.08,MXN,PO00345,S00002,E00002
8170AD86-80B3-49EA-673A-E4213DA0F6AC,recibida,A,56720,2025-12-15,2025-12-16,LNR0211046T5,Pinturas Nuevo León SAPI de CV,TIN091214KL3,Talleres Industriales del Norte SA de CV,G03,03,PPD,30102000,Lámina de acero cal. 14,50.0,454.16,22707.8,3633.25,26341.05,MXN,PO00327,S00019,E00002
B506A4C1-3BDF-42AC-5C42-1F3B1F2F1F97,emitida,F,1555,2025-12-15,2025-12-15,TIN091214KL3,Talleres Industriales del Norte SA de CV,QBN900325RYY,Envases Hernández SAPI de CV,G01,03,PPD,23271800,Fabricación de estructura,1.0,388589.91,388589.91,62174.39,450764.3,MXN,,C00008,E00007
BF54DA5F-94DB-B548-37D6-FE4F78C3F841,recibida,A,15026,2025-12-15,2025-12-15,LEJ901223H0C,Herramientas Regiomontana SA de CV,TIN091214KL3,Talleres Industriales del Norte SA de CV,G03,03,PUE,78101800,Flete local — carta porte anexa,1.0,16782.53,16782.53,2685.2,19467.73,MXN,PO00270,S00033,E00002
9603D712-8C7A-2469-2245-6295D51AF221,recibida,A,35745,2025-12-16,2025-12-17,ETO1712191GE,Maquinados del Norte SAPI de CV,TIN091214KL3,Talleres Industriales del Norte SA de CV,G03,03,PUE,40141600,Válvulas neumáticas,112.0,905.0,101359.9,16217.58,117577.48,MXN,PO00165,S00028,E00002
44464387-91FB-C621-A47E-9AAF441C7FD0,recibida,A,70849,2025-12-17,2025-12-18,LNR0211046T5,Pinturas Nuevo León SAPI de CV,TIN091214KL3,Talleres Industriales del Norte SA de CV,G03,03,PPD,30102000,Perfil PTR 2x2,25.0,522.4,13059.9,2089.58,15149.48,MXN,PO00177,S00019,E00002
84B986EB-E48B-7EA4-B50B-1083BBFF5548,recibida,A,86234,2025-12-17,2025-12-17,FWD180424QZI,Pinturas Escobedo S de RL de CV,TIN091214KL3,Talleres Industriales del Norte SA de CV,G03,03,PUE,40141600,Rodamientos SKF,116.0,219.31,25440,4070.4,29510.4,MXN,PO00501,S00035,E00002
37C41846-D5CB-D207-31CC-FF45B346F3AA,emitida,F,1502,2025-12-17,2025-12-17,TIN091214KL3,Talleres Industriales del Norte SA de CV,OXQ101018OOO,Envases Guerra S de RL de CV,G01,03,PPD,23271800,Corte y doblez,1.0,224726.05,224726.05,35956.17,260682.22,MXN,,C00009,E00007
19D36F4F-9684-8C23-78D8-DD418FAE401C,recibida,A,90593,2025-12-18,2025-12-18,HSA170302L56,Distribuidora del Norte S de RL de CV,TIN091214KL3,Talleres Industriales del Norte SA de CV,G03,03,PPD,80131500,Renta de nave industrial,1.0,74490.0,74490,11918.4,86408.4,MXN,PO00383,S00005,E00002
141A57D2-4007-245B-CF4C-E615A8EF2092,recibida,A,6544,2025-12-18,2025-12-19,RYY210726M9I,Metálica del Norte S de RL de CV,TIN091214KL3,Talleres Industriales del Norte SA de CV,G03,03,PUE,80131500,Renta de nave industrial,1.0,32699.9,32699.9,5231.98,37931.88,MXN,PO00218,S00015,E00002
8D29A2F0-F251-844A-06B2-9B4E98E61D70,recibida,A,45563,2025-12-19,2025-12-19,EVO0907049MQ,Hidráulica Nuevo León SAPI de CV,TIN091214KL3,Talleres Industriales del Norte SA de CV,G03,03,PUE,30102000,Perfil PTR 2x2,82.0,146.07,11977.8,1916.45,13894.25,MXN,PO00112,S00009,E00002
F3845650-C139-28F2-0DF2-92298332D7BF,recibida,A,98698,2025-12-19,2025-12-19,BRG980912TE9,Ferretera Guadalupe S de RL de CV,TIN091214KL3,Talleres Industriales del Norte SA de CV,G03,03,PUE,80101500,Capacitación,1.0,8932.4,8932.4,1429.18,10361.58,MXN,PO00321,S00002,E00002
D0B2DA52-544A-AEAD-FB02-D41FE978DBDE,recibida,A,69965,2025-12-19,2025-12-19,LNR0211046T5,Pinturas Nuevo León SAPI de CV,TIN091214KL3,Talleres Industriales del Norte SA de CV,G03,03,PUE,30102000,Barra redonda 1018,13.0,1822.35,23690.5,3790.48,27480.98,MXN,PO00371,S00019,E00002
45895CE3-2CB2-00FF-4148-5196F0248197,recibida,A,4780,2025-12-19,2025-12-19,JDT8809104XZ,Empaques del Norte SAPI de CV,TIN091214KL3,Talleres Industriales del Norte SA de CV,G03,03,PUE,80101500,Servicio de mantenimiento,1.0,44989.9,44989.9,7198.38,52188.28,MXN,PO00188,S00013,E00002
93EA2AAD-6D6B-B983-B857-31231C038896,emitida,F,1524,2025-12-19,2025-12-19,TIN091214KL3,Talleres Industriales del Norte SA de CV,XVS9502132UY,Autopartes Quintanilla S de RL de CV,G01,03,PPD,23271800,Fabricación de estructura,1.0,290253.28,290253.28,46440.52,336693.8,MXN,,C00004,E00007
2CF5CAAA-4E15-7D8C-9AB8-FFC5050483C9,recibida,A,28836,2025-12-22,2025-12-24,QLD0604095NT,Metálica San Nicolás SA de CV,TIN091214KL3,Talleres Industriales del Norte SA de CV,G03,03,PPD,80101500,Asesoría fiscal,1.0,41490.0,41490,6638.4,48128.4,MXN,PO00226,S00010,E00002
25DDF711-91C4-9F8C-AF6B-BBAD4C9FA691,recibida,A,52319,2025-12-22,2025-12-22,XRN090413Q8F,Grupo San Nicolás SA de CV,TIN091214KL3,Talleres Industriales del Norte SA de CV,G03,03,PPD,80101500,Servicio de mantenimiento,1.0,50070.5,50070.5,8011.28,58081.78,MXN,PO00320,S00025,E00002
F4C54EAC-FB25-FD48-5CFD-6CBB988191C2,recibida,A,96558,2025-12-22,2025-12-22,TYC9409017QY,Hidráulica Industrial S de RL de CV,TIN091214KL3,Talleres Industriales del Norte SA de CV,G03,03,PPD,80101500,Consultoría de procesos,1.0,61710.5,61710.5,9873.68,71584.18,MXN,PO00488,S00006,E00002
