entry_id,fecha,account_code,account_name,debit,credit,descripcion,invoice_uuid,txn_id
GL00001,2025-01-01,6000,Gastos servicios,35019.9,0,Factura 54776 Empaques del Norte SAPI de CV,7A222691-49E7-E75C-D770-528B44B23930,
GL00002,2025-01-01,1180,IVA acreditable,5603.18,0,IVA factura 54776,7A222691-49E7-E75C-D770-528B44B23930,
GL00003,2025-01-01,2100,Proveedores,0,40623.08,Factura 54776 Empaques del Norte SAPI de CV,7A222691-49E7-E75C-D770-528B44B23930,
GL00004,2025-01-02,6000,Gastos materia_prima,13380.5,0,Factura 34828 Pinturas Nuevo León SAPI de CV,2AC83CA9-9566-1EF9-9101-28FD44D958C4,
GL00005,2025-01-02,1180,IVA acreditable,2140.88,0,IVA factura 34828,2AC83CA9-9566-1EF9-9101-28FD44D958C4,
GL00006,2025-01-02,2100,Proveedores,0,15521.38,Factura 34828 Pinturas Nuevo León SAPI de CV,2AC83CA9-9566-1EF9-9101-28FD44D958C4,
GL00007,2025-01-03,6000,Gastos refacciones,57659.9,0,Factura 14613 Suministros Guadalupe SA de CV,347D5E3B-BE44-76F8-CCCC-E22E77EDF7AB,
GL00008,2025-01-03,1180,IVA acreditable,9225.58,0,IVA factura 14613,347D5E3B-BE44-76F8-CCCC-E22E77EDF7AB,
GL00009,2025-01-03,2100,Proveedores,0,66885.48,Factura 14613 Suministros Guadalupe SA de CV,347D5E3B-BE44-76F8-CCCC-E22E77EDF7AB,
GL00010,2025-01-06,6000,Gastos renta_util,28687.8,0,Factura 51328 Distribuidora del Norte S de RL de CV,2B44F68C-3CE4-30D6-BC7E-C9A12D3E850C,
GL00011,2025-01-06,1180,IVA acreditable,4590.05,0,IVA factura 51328,2B44F68C-3CE4-30D6-BC7E-C9A12D3E850C,
GL00012,2025-01-06,2100,Proveedores,0,33277.85,Factura 51328 Distribuidora del Norte S de RL de CV,2B44F68C-3CE4-30D6-BC7E-C9A12D3E850C,
GL00013,2025-01-06,6000,Gastos consumibles,104730,0,Factura 12870 Soldadura Regiomontana S de RL de CV,953AFBAD-426D-DD90-84C0-48F98DA70733,
GL00014,2025-01-06,1180,IVA acreditable,16756.8,0,IVA factura 12870,953AFBAD-426D-DD90-84C0-48F98DA70733,
GL00015,2025-01-06,2100,Proveedores,0,121486.8,Factura 12870 Soldadura Regiomontana S de RL de CV,953AFBAD-426D-DD90-84C0-48F98DA70733,
GL00016,2025-01-06,6000,Gastos renta_util,25500.5,0,Factura 94625 Metálica del Norte S de RL de CV,E9EEC7F7-6E0E-13B2-B228-C91867C5798E,
GL00017,2025-01-06,1180,IVA acreditable,4080.08,0,IVA factura 94625,E9EEC7F7-6E0E-13B2-B228-C91867C5798E,
GL00018,2025-01-06,2100,Proveedores,0,29580.58,Factura 94625 Metálica del Norte S de RL de CV,E9EEC7F7-6E0E-13B2-B228-C91867C5798E,
GL00019,2025-01-06,6000,Gastos servicios,32427.8,0,Factura 54571 Hidráulica Industrial S de RL de CV,558DBD62-B115-326C-182F-5E16A8055780,
GL00020,2025-01-06,1180,IVA acreditable,5188.45,0,IVA factura 54571,558DBD62-B115-326C-182F-5E16A8055780,
GL00021,2025-01-06,2100,Proveedores,0,37616.25,Factura 54571 Hidráulica Industrial S de RL de CV,558DBD62-B115-326C-182F-5E16A8055780,
GL00022,2025-01-06,6000,Gastos servicios,3480.5,0,Factura 36803 Ferretera Guadalupe S de RL de CV,2FB00D4B-9273-81B8-85A1-C2032EBE3982,
GL00023,2025-01-06,1180,IVA acreditable,556.88,0,IVA factura 36803,2FB00D4B-9273-81B8-85A1-C2032EBE3982,
GL00024,2025-01-06,2100,Proveedores,0,4037.38,Factura 36803 Ferretera Guadalupe S de RL de CV,2FB00D4B-9273-81B8-85A1-C2032EBE3982,
GL00025,2025-01-06,1200,Clientes,461020.69,0,Venta 1519 Autopartes Quintanilla S de RL de CV,FCF0F07F-8C68-9433-8608-11219B0FB4A4,
GL00026,2025-01-06,4000,Ventas,0,397431.63,Venta 1519 Autopartes Quintanilla S de RL de CV,FCF0F07F-8C68-9433-8608-11219B0FB4A4,
GL00027,2025-01-06,2180,IVA trasladado,0,63589.06,IVA venta 1519,FCF0F07F-8C68-9433-8608-11219B0FB4A4,
GL00028,2025-01-06,1200,Clientes,415412.96,0,Venta 1551 Autopartes Guerra S de RL de CV,3C618418-0A99-EC54-E5DB-606406E88EBA,
GL00029,2025-01-06,4000,Ventas,0,358114.62,Venta 1551 Autopartes Guerra S de RL de CV,3C618418-0A99-EC54-E5DB-606406E88EBA,
GL00030,2025-01-06,2180,IVA trasladado,0,57298.34,IVA venta 1551,3C618418-0A99-EC54-E5DB-606406E88EBA,
GL00031,2025-01-06,1200,Clientes,342483.01,0,Venta 1600 Envases Quintanilla S de RL de CV,8B4E12FB-CC8F-DD06-BAEF-D609EC300BB9,
GL00032,2025-01-06,4000,Ventas,0,295243.97,Venta 1600 Envases Quintanilla S de RL de CV,8B4E12FB-CC8F-DD06-BAEF-D609EC300BB9,
GL00033,2025-01-06,2180,IVA trasladado,0,47239.04,IVA venta 1600,8B4E12FB-CC8F-DD06-BAEF-D609EC300BB9,
GL00034,2025-01-07,1200,Clientes,433131.62,0,Venta 1642 Grupo Martínez SA de CV,8178731E-550A-C854-136F-E28673894735,
GL00035,2025-01-07,4000,Ventas,0,373389.33,Venta 1642 Grupo Martínez SA de CV,8178731E-550A-C854-136F-E28673894735,
GL00036,2025-01-07,2180,IVA trasladado,0,59742.29,IVA venta 1642,8178731E-550A-C854-136F-E28673894735,
GL00037,2025-01-08,6000,Gastos refacciones,8710,0,Factura 61885 Servicios Santa Catarina SAPI de CV,A3D76CE1-0C3D-6B3D-CDD7-906E526AF3B6,
GL00038,2025-01-08,1180,IVA acreditable,1393.6,0,IVA factura 61885,A3D76CE1-0C3D-6B3D-CDD7-906E526AF3B6,
GL00039,2025-01-08,2100,Proveedores,0,10103.6,Factura 61885 Servicios Santa Catarina SAPI de CV,A3D76CE1-0C3D-6B3D-CDD7-906E526AF3B6,
GL00040,2025-01-09,6000,Gastos materia_prima,11880,0,Factura 22789 Empaques Apodaca SAPI de CV,E777BAF1-6AA6-7B09-3CA4-15DFC9FF6F26,
GL00041,2025-01-09,1180,IVA acreditable,1900.8,0,IVA factura 22789,E777BAF1-6AA6-7B09-3CA4-15DFC9FF6F26,
GL00042,2025-01-09,2100,Proveedores,0,13780.8,Factura 22789 Empaques Apodaca SAPI de CV,E777BAF1-6AA6-7B09-3CA4-15DFC9FF6F26,
GL00043,2025-01-09,1200,Clientes,331079.56,0,Venta 1523 Autopartes Quintanilla S de RL de CV,42E3DCD7-9648-3613-589D-77B741599733,
GL00044,2025-01-09,4000,Ventas,0,285413.41,Venta 1523 Autopartes Quintanilla S de RL de CV,42E3DCD7-9648-3613-589D-77B741599733,
GL00045,2025-01-09,2180,IVA trasladado,0,45666.15,IVA venta 1523,42E3DCD7-9648-3613-589D-77B741599733,
GL00046,2025-01-10,6000,Gastos renta_util,168169.9,0,Factura 94791 Maquinados Monterrey SA de CV,A42D3646-8B59-FF3C-558F-3B9E414E241A,
GL00047,2025-01-10,1180,IVA acreditable,26907.18,0,IVA factura 94791,A42D3646-8B59-FF3C-558F-3B9E414E241A,
GL00048,2025-01-10,2100,Proveedores,0,195077.08,Factura 94791 Maquinados Monterrey SA de CV,A42D3646-8B59-FF3C-558F-3B9E414E241A,
GL00049,2025-01-10,6000,Gastos logistica,4740,0,Factura 33722 Electrónica del Norte S de RL de CV,5E5716D5-ACA8-2AB4-AC7E-36C99BA74342,
GL00050,2025-01-10,1180,IVA acreditable,758.4,0,IVA factura 33722,5E5716D5-ACA8-2AB4-AC7E-36C99BA74342,
GL00051,2025-01-10,2100,Proveedores,0,5498.4,Factura 33722 Electrónica del Norte S de RL de CV,5E5716D5-ACA8-2AB4-AC7E-36C99BA74342,
GL00052,2025-01-10,6000,Gastos refacciones,60880.5,0,Factura 47585 Suministros Guadalupe SA de CV,B8E07E44-170E-5617-5F72-1C8957366B27,
GL00053,2025-01-10,1180,IVA acreditable,9740.88,0,IVA factura 47585,B8E07E44-170E-5617-5F72-1C8957366B27,
GL00054,2025-01-10,2100,Proveedores,0,70621.38,Factura 47585 Suministros Guadalupe SA de CV,B8E07E44-170E-5617-5F72-1C8957366B27,
GL00055,2025-01-10,1200,Clientes,330232.38,0,Venta 1530 Envases Martínez SAPI de CV,F8A6980A-79B7-6035-B7CA-BDA01A17ACC5,
GL00056,2025-01-10,4000,Ventas,0,284683.09,Venta 1530 Envases Martínez SAPI de CV,F8A6980A-79B7-6035-B7CA-BDA01A17ACC5,
GL00057,2025-01-10,2180,IVA trasladado,0,45549.29,IVA venta 1530,F8A6980A-79B7-6035-B7CA-BDA01A17ACC5,
GL00058,2025-01-13,6000,Gastos logistica,10092.4,0,Factura 78863 Suministros Guadalupe SA de CV,6D0FD714-1013-B2E7-A8CF-FCA3BDDF7B99,
GL00059,2025-01-13,1180,IVA acreditable,1614.78,0,IVA factura 78863,6D0FD714-1013-B2E7-A8CF-FCA3BDDF7B99,
GL00060,2025-01-13,2100,Proveedores,0,11707.18,Factura 78863 Suministros Guadalupe SA de CV,6D0FD714-1013-B2E7-A8CF-FCA3BDDF7B99,
GL00061,2025-01-13,6000,Gastos materia_prima,20040.5,0,Factura 57478 Hidráulica Nuevo León SAPI de CV,37858087-41FC-F9B1-9165-FA8B23BBEACA,
GL00062,2025-01-13,1180,IVA acreditable,3206.48,0,IVA factura 57478,37858087-41FC-F9B1-9165-FA8B23BBEACA,
GL00063,2025-01-13,2100,Proveedores,0,23246.98,Factura 57478 Hidráulica Nuevo León SAPI de CV,37858087-41FC-F9B1-9165-FA8B23BBEACA,
GL00064,2025-01-13,6000,Gastos servicios,36597.8,0,Factura 96872 Hidráulica Industrial S de RL de CV,695AC14D-814A-9763-5C41-5CC51004ABD7,
GL00065,2025-01-13,1180,IVA acreditable,5855.65,0,IVA factura 96872,695AC14D-814A-9763-5C41-5CC51004ABD7,
GL00066,2025-01-13,2100,Proveedores,0,42453.45,Factura 96872 Hidráulica Industrial S de RL de CV,695AC14D-814A-9763-5C41-5CC51004ABD7,
GL00067,2025-01-13,6000,Gastos refacciones,51900,0,Factura 7907 Transportes Industrial S de RL de CV,77FED1B8-547F-6E4B-6F1F-711BBA89BD68,
GL00068,2025-01-13,1180,IVA acreditable,8304.0,0,IVA factura 7907,77FED1B8-547F-6E4B-6F1F-711BBA89BD68,
GL00069,2025-01-13,2100,Proveedores,0,60204.0,Factura 7907 Transportes Industrial S de RL de CV,77FED1B8-547F-6E4B-6F1F-711BBA89BD68,
GL00070,2025-01-13,1200,Clientes,395599.51,0,Venta 1609 Grupo Quintanilla S de RL de CV,F62359FA-6445-4E1A-F0B9-E1291DD6B5A6,
GL00071,2025-01-13,4000,Ventas,0,341034.06,Venta 1609 Grupo Quintanilla S de RL de CV,F62359FA-6445-4E1A-F0B9-E1291DD6B5A6,
GL00072,2025-01-13,2180,IVA trasladado,0,54565.45,IVA venta 1609,F62359FA-6445-4E1A-F0B9-E1291DD6B5A6,
GL00073,2025-01-13,1200,Clientes,241226.06,0,Venta 1625 Construcciones Zambrano S de RL de CV,F2488F1B-597D-D595-0508-78C142ECE01A,
GL00074,2025-01-13,4000,Ventas,0,207953.5,Venta 1625 Construcciones Zambrano S de RL de CV,F2488F1B-597D-D595-0508-78C142ECE01A,
GL00075,2025-01-13,2180,IVA trasladado,0,33272.56,IVA venta 1625,F2488F1B-597D-D595-0508-78C142ECE01A,
GL00076,2025-01-14,6000,Gastos servicios,93619.9,0,Factura 96525 Grupo San Nicolás SA de CV,15D01CE8-51FD-C969-CB9E-43AEB4E86935,
GL00077,2025-01-14,1180,IVA acreditable,14979.18,0,IVA factura 96525,15D01CE8-51FD-C969-CB9E-43AEB4E86935,
GL00078,2025-01-14,2100,Proveedores,0,108599.08,Factura 96525 Grupo San Nicolás SA de CV,15D01CE8-51FD-C969-CB9E-43AEB4E86935,
GL00079,2025-01-14,6000,Gastos servicios,62510,0,Factura 22518 Hidráulica Industrial S de RL de CV,CBD1B6DF-3BF9-D69D-E539-726532DE5EFB,
GL00080,2025-01-14,1180,IVA acreditable,10001.6,0,IVA factura 22518,CBD1B6DF-3BF9-D69D-E539-726532DE5EFB,
GL00081,2025-01-14,2100,Proveedores,0,72511.6,Factura 22518 Hidráulica Industrial S de RL de CV,CBD1B6DF-3BF9-D69D-E539-726532DE5EFB,
GL00082,2025-01-14,6000,Gastos refacciones,85647.8,0,Factura 8048 Maquinados del Norte SAPI de CV,D4A23951-FFA9-7506-637D-CCBEF0F544CD,
GL00083,2025-01-14,1180,IVA acreditable,13703.65,0,IVA factura 8048,D4A23951-FFA9-7506-637D-CCBEF0F544CD,
GL00084,2025-01-14,2100,Proveedores,0,99351.45,Factura 8048 Maquinados del Norte SAPI de CV,D4A23951-FFA9-7506-637D-CCBEF0F544CD,
GL00085,2025-01-14,1200,Clientes,340390.01,0,Venta 1517 Autopartes Quintanilla S de RL de CV,3176AD93-BC78-F14C-62A5-3B5B46302431,
GL00086,2025-01-14,4000,Ventas,0,293439.66,Venta 1517 Autopartes Quintanilla S de RL de CV,3176AD93-BC78-F14C-62A5-3B5B46302431,
GL00087,2025-01-14,2180,IVA trasladado,0,46950.35,IVA venta 1517,3176AD93-BC78-F14C-62A5-3B5B46302431,
GL00088,2025-01-15,6000,Gastos logistica,6789.9,0,Factura 5203 Suministros Guadalupe SA de CV,FE5909FC-4FF6-DEDC-14BE-E0E34AF32657,
GL00089,2025-01-15,1180,IVA acreditable,1086.38,0,IVA factura 5203,FE5909FC-4FF6-DEDC-14BE-E0E34AF32657,
GL00090,2025-01-15,2100,Proveedores,0,7876.28,Factura 5203 Suministros Guadalupe SA de CV,FE5909FC-4FF6-DEDC-14BE-E0E34AF32657,
GL00091,2025-01-15,6000,Gastos refacciones,8962.4,0,Factura 50612 Herramientas del Norte S de RL de CV,834AD09D-33E6-C4BE-DA29-1775B3687B1D,
GL00092,2025-01-15,1180,IVA acreditable,1433.98,0,IVA factura 50612,834AD09D-33E6-C4BE-DA29-1775B3687B1D,
GL00093,2025-01-15,2100,Proveedores,0,10396.38,Factura 50612 Herramientas del Norte S de RL de CV,834AD09D-33E6-C4BE-DA29-1775B3687B1D,
GL00094,2025-01-15,6000,Gastos refacciones,22130,0,Factura 81802 Refacciones Santa Catarina S de RL de CV,0F340B0D-4F94-3305-B7D5-67C69F71A57D,
GL00095,2025-01-15,1180,IVA acreditable,3540.8,0,IVA factura 81802,0F340B0D-4F94-3305-B7D5-67C69F71A57D,
GL00096,2025-01-15,2100,Proveedores,0,25670.8,Factura 81802 Refacciones Santa Catarina S de RL de CV,0F340B0D-4F94-3305-B7D5-67C69F71A57D,
GL00097,2025-01-15,6000,Gastos materia_prima,20387.8,0,Factura 60478 Empaques Apodaca SAPI de CV,0AACD1D6-5E67-D7A0-B67F-AC0627F48EE7,
GL00098,2025-01-15,1180,IVA acreditable,3262.05,0,IVA factura 60478,0AACD1D6-5E67-D7A0-B67F-AC0627F48EE7,
GL00099,2025-01-15,2100,Proveedores,0,23649.85,Factura 60478 Empaques Apodaca SAPI de CV,0AACD1D6-5E67-D7A0-B67F-AC0627F48EE7,
GL00100,2025-01-15,6000,Gastos refacciones,21440.5,0,Factura 62696 Industrias Monterrey SA de CV,B8DA1CBC-9DF3-FBCA-941F-62AE1F0ED31B,
GL00101,2025-01-15,1180,IVA acreditable,3430.48,0,IVA factura 62696,B8DA1CBC-9DF3-FBCA-941F-62AE1F0ED31B,
GL00102,2025-01-15,2100,Proveedores,0,24870.98,Factura 62696 Industrias Monterrey SA de CV,B8DA1CBC-9DF3-FBCA-941F-62AE1F0ED31B,
GL00103,2025-01-15,6000,Gastos consumibles,6543.65,0,Factura 27286 Maquinados Regiomontana S de RL de CV,DD21726F-323D-0195-A294-8E036977929B,
GL00104,2025-01-15,1180,IVA acreditable,1046.98,0,IVA factura 27286,DD21726F-323D-0195-A294-8E036977929B,
GL00105,2025-01-15,2100,Proveedores,0,7590.63,Factura 27286 Maquinados Regiomontana S de RL de CV,DD21726F-323D-0195-A294-8E036977929B,
GL00106,2025-01-16,6000,Gastos servicios,5920,0,Factura 65373 Ferretera Guadalupe S de RL de CV,8DA87627-6797-66BF-2A16-4FB269D77AFB,
GL00107,2025-01-16,1180,IVA acreditable,947.2,0,IVA factura 65373,8DA87627-6797-66BF-2A16-4FB269D77AFB,
GL00108,2025-01-16,2100,Proveedores,0,6867.2,Factura 65373 Ferretera Guadalupe S de RL de CV,8DA87627-6797-66BF-2A16-4FB269D77AFB,
GL00109,2025-01-16,1200,Clientes,82254.44,0,Venta 1604 Envases Quintanilla S de RL de CV,98F4A8F4-418D-ECE1-99FD-D7E79C4D0004,
GL00110,2025-01-16,4000,Ventas,0,70909.0,Venta 1604 Envases Quintanilla S de RL de CV,98F4A8F4-418D-ECE1-99FD-D7E79C4D0004,
GL00111,2025-01-16,2180,IVA trasladado,0,11345.44,IVA venta 1604,98F4A8F4-418D-ECE1-99FD-D7E79C4D0004,
GL00112,2025-01-17,6000,Gastos renta_util,27867.8,0,Factura 29178 Metálica del Norte S de RL de CV,70F3DBA0-01E0-234B-9DD3-CD55EF83042A,
GL00113,2025-01-17,1180,IVA acreditable,4458.85,0,IVA factura 29178,70F3DBA0-01E0-234B-9DD3-CD55EF83042A,
GL00114,2025-01-17,2100,Proveedores,0,32326.65,Factura 29178 Metálica del Norte S de RL de CV,70F3DBA0-01E0-234B-9DD3-CD55EF83042A,
GL00115,2025-01-17,6000,Gastos logistica,13533.37,0,Factura 34634 Herramientas Regiomontana SA de CV,5B4A4FB0-B0D9-7CA0-02E4-848450203017,
GL00116,2025-01-17,1180,IVA acreditable,2165.34,0,IVA factura 34634,5B4A4FB0-B0D9-7CA0-02E4-848450203017,
GL00117,2025-01-17,2100,Proveedores,0,15698.71,Factura 34634 Herramientas Regiomontana SA de CV,5B4A4FB0-B0D9-7CA0-02E4-848450203017,
GL00118,2025-01-20,6000,Gastos logistica,10269.9,0,Factura 11886 Suministros Guadalupe SA de CV,1C7A3742-07E8-9EC0-E225-0462CE918AB9,
GL00119,2025-01-20,1180,IVA acreditable,1643.18,0,IVA factura 11886,1C7A3742-07E8-9EC0-E225-0462CE918AB9,
GL00120,2025-01-20,2100,Proveedores,0,11913.08,Factura 11886 Suministros Guadalupe SA de CV,1C7A3742-07E8-9EC0-E225-0462CE918AB9,
GL00121,2025-01-20,6000,Gastos servicios,13779.9,0,Factura 35377 Ferretera Guadalupe S de RL de CV,B99FCE81-40D6-F479-0E9E-192A8317AB90,
GL00122,2025-01-20,1180,IVA acreditable,2204.78,0,IVA factura 35377,B99FCE81-40D6-F479-0E9E-192A8317AB90,
GL00123,2025-01-20,2100,Proveedores,0,15984.68,Factura 35377 Ferretera Guadalupe S de RL de CV,B99FCE81-40D6-F479-0E9E-192A8317AB90,
GL00124,2025-01-20,2100,Proveedores,15521.38,0,Pago Pinturas Nuevo León SAPI de CV,2AC83CA9-9566-1EF9-9101-28FD44D958C4,TX00001
GL00125,2025-01-20,1020,Bancos,0,15521.38,Pago Pinturas Nuevo León SAPI de CV,2AC83CA9-9566-1EF9-9101-28FD44D958C4,TX00001
GL00126,2025-01-20,6000,Gastos refacciones,13620.5,0,Factura 74471 Neumática Industrial S de RL de CV,C97A561D-848D-0F57-6D84-BF83FBA130E2,
GL00127,2025-01-20,1180,IVA acreditable,2179.28,0,IVA factura 74471,C97A561D-848D-0F57-6D84-BF83FBA130E2,
GL00128,2025-01-20,2100,Proveedores,0,15799.78,Factura 74471 Neumática Industrial S de RL de CV,C97A561D-848D-0F57-6D84-BF83FBA130E2,
GL00129,2025-01-20,1200,Clientes,192802.83,0,Venta 1613 Grupo Quintanilla S de RL de CV,0E8D0888-1342-0739-278B-1F8A2FEC7E75,
GL00130,2025-01-20,4000,Ventas,0,166209.34,Venta 1613 Grupo Quintanilla S de RL de CV,0E8D0888-1342-0739-278B-1F8A2FEC7E75,
GL00131,2025-01-20,2180,IVA trasladado,0,26593.49,IVA venta 1613,0E8D0888-1342-0739-278B-1F8A2FEC7E75,
GL00132,2025-01-22,6000,Gastos consumibles,177457.8,0,Factura 83819 Ferretera Santa Catarina SAPI de CV,06B50424-D48B-15E9-785D-0E2B519DBC3A,
GL00133,2025-01-22,1180,IVA acreditable,28393.25,0,IVA factura 83819,06B50424-D48B-15E9-785D-0E2B519DBC3A,
GL00134,2025-01-22,2100,Proveedores,0,205851.05,Factura 83819 Ferretera Santa Catarina SAPI de CV,06B50424-D48B-15E9-785D-0E2B519DBC3A,
GL00135,2025-01-22,1200,Clientes,236935.15,0,Venta 1584 Grupo Chapa S de RL de CV,B25F0CA8-B33F-2821-4297-98C950222B41,
GL00136,2025-01-22,4000,Ventas,0,204254.44,Venta 1584 Grupo Chapa S de RL de CV,B25F0CA8-B33F-2821-4297-98C950222B41,
GL00137,2025-01-22,2180,IVA trasladado,0,32680.71,IVA venta 1584,B25F0CA8-B33F-2821-4297-98C950222B41,
GL00138,2025-01-23,6000,Gastos refacciones,23160.5,0,Factura 57080 Refacciones Santa Catarina S de RL de CV,40485493-B9E9-35C3-4366-CD17934D4185,
GL00139,2025-01-23,1180,IVA acreditable,3705.68,0,IVA factura 57080,40485493-B9E9-35C3-4366-CD17934D4185,
GL00140,2025-01-23,2100,Proveedores,0,26866.18,Factura 57080 Refacciones Santa Catarina S de RL de CV,40485493-B9E9-35C3-4366-CD17934D4185,
GL00141,2025-01-24,2100,Proveedores,4037.38,0,Pago Ferretera Guadalupe S de RL de CV,2FB00D4B-9273-81B8-85A1-C2032EBE3982,TX00002
GL00142,2025-01-24,1020,Bancos,0,4037.38,Pago Ferretera Guadalupe S de RL de CV,2FB00D4B-9273-81B8-85A1-C2032EBE3982,TX00002
GL00143,2025-01-27,6000,Gastos consumibles,104667.8,0,Factura 71469 Soldadura Regiomontana S de RL de CV,DA261311-3534-DC8D-B49B-90516690181C,
GL00144,2025-01-27,1180,IVA acreditable,16746.85,0,IVA factura 71469,DA261311-3534-DC8D-B49B-90516690181C,
GL00145,2025-01-27,2100,Proveedores,0,121414.65,Factura 71469 Soldadura Regiomontana S de RL de CV,DA261311-3534-DC8D-B49B-90516690181C,
GL00146,2025-01-27,6000,Gastos consumibles,98920,0,Factura 36802 Soldadura Regiomontana S de RL de CV,C3128151-2410-C556-12C1-BAD3A597EADB,
GL00147,2025-01-27,1180,IVA acreditable,15827.2,0,IVA factura 36802,C3128151-2410-C556-12C1-BAD3A597EADB,
GL00148,2025-01-27,2100,Proveedores,0,114747.2,Factura 36802 Soldadura Regiomontana S de RL de CV,C3128151-2410-C556-12C1-BAD3A597EADB,
GL00149,2025-01-27,6000,Gastos refacciones,26520.5,0,Factura 668 Herramientas del Norte S de RL de CV,4D96E9DA-9DD8-7A35-9B4B-6E9A506BCEB3,
GL00150,2025-01-27,1180,IVA acreditable,4243.28,0,IVA factura 668,4D96E9DA-9DD8-7A35-9B4B-6E9A506BCEB3,
GL00151,2025-01-27,2100,Proveedores,0,30763.78,Factura 668 Herramientas del Norte S de RL de CV,4D96E9DA-9DD8-7A35-9B4B-6E9A506BCEB3,
GL00152,2025-01-27,6000,Gastos materia_prima,24760.5,0,Factura 9050 Hidráulica Nuevo León SAPI de CV,3D631B48-B59C-F5CF-A491-583756D751A5,
GL00153,2025-01-27,1180,IVA acreditable,3961.68,0,IVA factura 9050,3D631B48-B59C-F5CF-A491-583756D751A5,
GL00154,2025-01-27,2100,Proveedores,0,28722.18,Factura 9050 Hidráulica Nuevo León SAPI de CV,3D631B48-B59C-F5CF-A491-583756D751A5,
GL00155,2025-01-27,6000,Gastos refacciones,20367.8,0,Factura 56096 Refacciones Santa Catarina S de RL de CV,118A7E24-5AB0-CA33-C87C-6570812C814F,
GL00156,2025-01-27,1180,IVA acreditable,3258.85,0,IVA factura 56096,118A7E24-5AB0-CA33-C87C-6570812C814F,
GL00157,2025-01-27,2100,Proveedores,0,23626.65,Factura 56096 Refacciones Santa Catarina S de RL de CV,118A7E24-5AB0-CA33-C87C-6570812C814F,
GL00158,2025-01-27,2100,Proveedores,37616.25,0,Pago Hidráulica Industrial S de RL de CV,558DBD62-B115-326C-182F-5E16A8055780,TX00003
GL00159,2025-01-27,1020,Bancos,0,37616.25,Pago Hidráulica Industrial S de RL de CV,558DBD62-B115-326C-182F-5E16A8055780,TX00003
GL00160,2025-01-27,6000,Gastos renta_util,5780.5,0,Factura 89670 Pinturas Guadalupe S de RL de CV,CB95873E-BE0D-BE6B-3F09-F42E1286BF38,
GL00161,2025-01-27,1180,IVA acreditable,924.88,0,IVA factura 89670,CB95873E-BE0D-BE6B-3F09-F42E1286BF38,
GL00162,2025-01-27,2100,Proveedores,0,6705.38,Factura 89670 Pinturas Guadalupe S de RL de CV,CB95873E-BE0D-BE6B-3F09-F42E1286BF38,
GL00163,2025-01-27,6000,Gastos servicios,106660,0,Factura 15718 Empaques del Norte SAPI de CV,985D5F4A-BBE7-E7E2-F93A-6D9280A2A624,
GL00164,2025-01-27,1180,IVA acreditable,17065.6,0,IVA factura 15718,985D5F4A-BBE7-E7E2-F93A-6D9280A2A624,
GL00165,2025-01-27,2100,Proveedores,0,123725.6,Factura 15718 Empaques del Norte SAPI de CV,985D5F4A-BBE7-E7E2-F93A-6D9280A2A624,
GL00166,2025-01-27,2100,Proveedores,40623.08,0,Pago Empaques del Norte SAPI de CV,7A222691-49E7-E75C-D770-528B44B23930,TX00004
GL00167,2025-01-27,1020,Bancos,0,40623.08,Pago Empaques del Norte SAPI de CV,7A222691-49E7-E75C-D770-528B44B23930,TX00004
GL00168,2025-01-28,6000,Gastos renta_util,36552.4,0,Factura 6312 Metálica del Norte S de RL de CV,6B7B2C87-E50A-7BF4-9EA6-64FB8AC95913,
GL00169,2025-01-28,1180,IVA acreditable,5848.38,0,IVA factura 6312,6B7B2C87-E50A-7BF4-9EA6-64FB8AC95913,
GL00170,2025-01-28,2100,Proveedores,0,42400.78,Factura 6312 Metálica del Norte S de RL de CV,6B7B2C87-E50A-7BF4-9EA6-64FB8AC95913,
GL00171,2025-01-28,2100,Proveedores,195077.08,0,Pago Maquinados Monterrey SA de CV,A42D3646-8B59-FF3C-558F-3B9E414E241A,TX00005
GL00172,2025-01-28,1020,Bancos,0,195077.08,Pago Maquinados Monterrey SA de CV,A42D3646-8B59-FF3C-558F-3B9E414E241A,TX00005
GL00173,2025-01-28,6000,Gastos refacciones,11990.5,0,Factura 41014 Refacciones Santa Catarina S de RL de CV,EA185AB1-8EA9-7878-8C1F-F68B7603BB23,
GL00174,2025-01-28,1180,IVA acreditable,1918.48,0,IVA factura 41014,EA185AB1-8EA9-7878-8C1F-F68B7603BB23,
GL00175,2025-01-28,2100,Proveedores,0,13908.98,Factura 41014 Refacciones Santa Catarina S de RL de CV,EA185AB1-8EA9-7878-8C1F-F68B7603BB23,
GL00176,2025-01-28,6000,Gastos logistica,14439.9,0,Factura 8138 Electrónica del Norte S de RL de CV,8C0C562B-97D1-BAB6-43C2-69BDF480A193,
GL00177,2025-01-28,1180,IVA acreditable,2310.38,0,IVA factura 8138,8C0C562B-97D1-BAB6-43C2-69BDF480A193,
GL00178,2025-01-28,2100,Proveedores,0,16750.28,Factura 8138 Electrónica del Norte S de RL de CV,8C0C562B-97D1-BAB6-43C2-69BDF480A193,
GL00179,2025-01-28,6000,Gastos refacciones,34007.8,0,Factura 224 Transportes Industrial S de RL de CV,5AA12EBA-A2D6-B281-FAAE-DCB65B9A3F0F,
GL00180,2025-01-28,1180,IVA acreditable,5441.25,0,IVA factura 224,5AA12EBA-A2D6-B281-FAAE-DCB65B9A3F0F,
GL00181,2025-01-28,2100,Proveedores,0,39449.05,Factura 224 Transportes Industrial S de RL de CV,5AA12EBA-A2D6-B281-FAAE-DCB65B9A3F0F,
GL00182,2025-01-28,6000,Gastos servicios,30140.5,0,Factura 8867 Empaques del Norte SAPI de CV,DA4CCF43-D63E-1434-484F-7AF9451DEA42,
GL00183,2025-01-28,1180,IVA acreditable,4822.48,0,IVA factura 8867,DA4CCF43-D63E-1434-484F-7AF9451DEA42,
GL00184,2025-01-28,2100,Proveedores,0,34962.98,Factura 8867 Empaques del Norte SAPI de CV,DA4CCF43-D63E-1434-484F-7AF9451DEA42,
GL00185,2025-01-28,6000,Gastos refacciones,80319.9,0,Factura 78438 Metálica del Norte SA de CV,AADA85C4-1951-CA9A-8F3E-26A1CD874639,
GL00186,2025-01-28,1180,IVA acreditable,12851.18,0,IVA factura 78438,AADA85C4-1951-CA9A-8F3E-26A1CD874639,
GL00187,2025-01-28,2100,Proveedores,0,93171.08,Factura 78438 Metálica del Norte SA de CV,AADA85C4-1951-CA9A-8F3E-26A1CD874639,
GL00188,2025-01-28,1200,Clientes,280388.23,0,Venta 1539 Construcciones Martínez SAPI de CV,4FDF419F-C42A-08C7-EA5A-6D1251D81374,
GL00189,2025-01-28,4000,Ventas,0,241713.99,Venta 1539 Construcciones Martínez SAPI de CV,4FDF419F-C42A-08C7-EA5A-6D1251D81374,
GL00190,2025-01-28,2180,IVA trasladado,0,38674.24,IVA venta 1539,4FDF419F-C42A-08C7-EA5A-6D1251D81374,
GL00191,2025-01-28,1200,Clientes,84013.77,0,Venta 1612 Grupo Quintanilla S de RL de CV,DEE3FB06-7D29-0989-52A9-C7FECDCA0DD5,
GL00192,2025-01-28,4000,Ventas,0,72425.66,Venta 1612 Grupo Quintanilla S de RL de CV,DEE3FB06-7D29-0989-52A9-C7FECDCA0DD5,
GL00193,2025-01-28,2180,IVA trasladado,0,11588.11,IVA venta 1612,DEE3FB06-7D29-0989-52A9-C7FECDCA0DD5,
GL00194,2025-01-28,6100,Sueldos y salarios,436393.74,0,Nómina,,TX00006
GL00195,2025-01-28,1020,Bancos,0,436393.74,Nómina,,TX00006
GL00196,2025-01-29,6000,Gastos servicios,5260.5,0,Factura 22660 Ferretera Guadalupe S de RL de CV,9F53DABE-1702-2F8B-96EC-059F1439D3BE,
GL00197,2025-01-29,1180,IVA acreditable,841.68,0,IVA factura 22660,9F53DABE-1702-2F8B-96EC-059F1439D3BE,
GL00198,2025-01-29,2100,Proveedores,0,6102.18,Factura 22660 Ferretera Guadalupe S de RL de CV,9F53DABE-1702-2F8B-96EC-059F1439D3BE,
GL00199,2025-01-30,6000,Gastos logistica,3360.5,0,Factura 22199 Electrónica del Norte S de RL de CV,28660F5E-9A15-91E1-C8B6-F294AEE694ED,
GL00200,2025-01-30,1180,IVA acreditable,537.68,0,IVA factura 22199,28660F5E-9A15-91E1-C8B6-F294AEE694ED,
GL00201,2025-01-30,2100,Proveedores,0,3898.18,Factura 22199 Electrónica del Norte S de RL de CV,28660F5E-9A15-91E1-C8B6-F294AEE694ED,
GL00202,2025-01-30,6000,Gastos servicios,65630,0,Factura 77042 Hidráulica Industrial S de RL de CV,0590BECE-1D46-A50A-C8DF-77236E0F7BC1,
GL00203,2025-01-30,1180,IVA acreditable,10500.8,0,IVA factura 77042,0590BECE-1D46-A50A-C8DF-77236E0F7BC1,
GL00204,2025-01-30,2100,Proveedores,0,76130.8,Factura 77042 Hidráulica Industrial S de RL de CV,0590BECE-1D46-A50A-C8DF-77236E0F7BC1,
GL00205,2025-01-31,2100,Proveedores,108599.08,0,Pago Grupo San Nicolás SA de CV,15D01CE8-51FD-C969-CB9E-43AEB4E86935,TX00007
GL00206,2025-01-31,1020,Bancos,0,108599.08,Pago Grupo San Nicolás SA de CV,15D01CE8-51FD-C969-CB9E-43AEB4E86935,TX00007
GL00207,2025-01-31,2100,Proveedores,5498.4,0,Pago Electrónica del Norte S de RL de CV,5E5716D5-ACA8-2AB4-AC7E-36C99BA74342,TX00008
GL00208,2025-01-31,1020,Bancos,0,5498.4,Pago Electrónica del Norte S de RL de CV,5E5716D5-ACA8-2AB4-AC7E-36C99BA74342,TX00008
GL00209,2025-01-31,1200,Clientes,189173.62,0,Venta 1507 Envases Guerra SA de CV,C1F73FFF-F18B-0AEA-AE02-CCD8B91A7E10,
GL00210,2025-01-31,4000,Ventas,0,163080.71,Venta 1507 Envases Guerra SA de CV,C1F73FFF-F18B-0AEA-AE02-CCD8B91A7E10,
GL00211,2025-01-31,2180,IVA trasladado,0,26092.91,IVA venta 1507,C1F73FFF-F18B-0AEA-AE02-CCD8B91A7E10,
GL00212,2025-02-03,2100,Proveedores,121486.8,0,Pago Soldadura Regiomontana S de RL de CV,953AFBAD-426D-DD90-84C0-48F98DA70733,TX00009
GL00213,2025-02-03,1020,Bancos,0,121486.8,Pago Soldadura Regiomontana S de RL de CV,953AFBAD-426D-DD90-84C0-48F98DA70733,TX00009
GL00214,2025-02-03,6000,Gastos renta_util,23909.9,0,Factura 55843 Metálica del Norte S de RL de CV,B52E379D-9252-F839-27D9-361E10844E20,
GL00215,2025-02-03,1180,IVA acreditable,3825.58,0,IVA factura 55843,B52E379D-9252-F839-27D9-361E10844E20,
GL00216,2025-02-03,2100,Proveedores,0,27735.48,Factura 55843 Metálica del Norte S de RL de CV,B52E379D-9252-F839-27D9-361E10844E20,
GL00217,2025-02-03,6000,Gastos refacciones,31350,0,Factura 57494 Transportes Industrial S de RL de CV,E653B149-C425-F1DA-914D-04F78BE088CA,
GL00218,2025-02-03,1180,IVA acreditable,5016.0,0,IVA factura 57494,E653B149-C425-F1DA-914D-04F78BE088CA,
GL00219,2025-02-03,2100,Proveedores,0,36366.0,Factura 57494 Transportes Industrial S de RL de CV,E653B149-C425-F1DA-914D-04F78BE088CA,
GL00220,2025-02-04,6000,Gastos logistica,7732.4,0,Factura 48005 Soldadura Guadalupe S de RL de CV,14687223-A95B-4F0D-E7AE-9F325F06BA92,
GL00221,2025-02-04,1180,IVA acreditable,1237.18,0,IVA factura 48005,14687223-A95B-4F0D-E7AE-9F325F06BA92,
GL00222,2025-02-04,2100,Proveedores,0,8969.58,Factura 48005 Soldadura Guadalupe S de RL de CV,14687223-A95B-4F0D-E7AE-9F325F06BA92,
GL00223,2025-02-04,2100,Proveedores,10103.6,0,Pago Servicios Santa Catarina SAPI de CV,A3D76CE1-0C3D-6B3D-CDD7-906E526AF3B6,TX00010
GL00224,2025-02-04,1020,Bancos,0,10103.6,Pago Servicios Santa Catarina SAPI de CV,A3D76CE1-0C3D-6B3D-CDD7-906E526AF3B6,TX00010
GL00225,2025-02-04,2100,Proveedores,60204.0,0,Pago Transportes Industrial S de RL de CV,77FED1B8-547F-6E4B-6F1F-711BBA89BD68,TX00011
GL00226,2025-02-04,1020,Bancos,0,60204.0,Pago Transportes Industrial S de RL de CV,77FED1B8-547F-6E4B-6F1F-711BBA89BD68,TX00011
GL00227,2025-02-04,6000,Gastos servicios,76389.9,0,Factura 16354 Empaques del Norte SAPI de CV,8A82E1AC-09B1-64DD-7578-C1388F980CE0,
GL00228,2025-02-04,1180,IVA acreditable,12222.38,0,IVA factura 16354,8A82E1AC-09B1-64DD-7578-C1388F980CE0,
GL00229,2025-02-04,2100,Proveedores,0,88612.28,Factura 16354 Empaques del Norte SAPI de CV,8A82E1AC-09B1-64DD-7578-C1388F980CE0,
GL00230,2025-02-06,6000,Gastos consumibles,76537.8,0,Factura 49069 Soldadura Regiomontana S de RL de CV,79075C00-C43A-DA06-68B3-4F5FBBFA7EBB,
GL00231,2025-02-06,1180,IVA acreditable,12246.05,0,IVA factura 49069,79075C00-C43A-DA06-68B3-4F5FBBFA7EBB,
GL00232,2025-02-06,2100,Proveedores,0,88783.85,Factura 49069 Soldadura Regiomontana S de RL de CV,79075C00-C43A-DA06-68B3-4F5FBBFA7EBB,
GL00233,2025-02-06,6000,Gastos renta_util,26377.8,0,Factura 10639 Metálica del Norte S de RL de CV,640B54C1-F15E-4AFE-9C57-DEC783D0F82B,
GL00234,2025-02-06,1180,IVA acreditable,4220.45,0,IVA factura 10639,640B54C1-F15E-4AFE-9C57-DEC783D0F82B,
GL00235,2025-02-06,2100,Proveedores,0,30598.25,Factura 10639 Metálica del Norte S de RL de CV,640B54C1-F15E-4AFE-9C57-DEC783D0F82B,
GL00236,2025-02-06,6000,Gastos renta_util,157922.4,0,Factura 62978 Maquinados Monterrey SA de CV,21F4AC6A-92EE-06A6-0024-57FBD7665B1D,
GL00237,2025-02-06,1180,IVA acreditable,25267.58,0,IVA factura 62978,21F4AC6A-92EE-06A6-0024-57FBD7665B1D,
GL00238,2025-02-06,2100,Proveedores,0,183189.98,Factura 62978 Maquinados Monterrey SA de CV,21F4AC6A-92EE-06A6-0024-57FBD7665B1D,
GL00239,2025-02-06,6000,Gastos servicios,200000,0,Factura 26948 Neumática Santa Catarina SAPI de CV,F892DA4F-EC15-D1B3-9EDA-5F9A79ACC269,
GL00240,2025-02-06,1180,IVA acreditable,32000.0,0,IVA factura 26948,F892DA4F-EC15-D1B3-9EDA-5F9A79ACC269,
GL00241,2025-02-06,2100,Proveedores,0,232000.0,Factura 26948 Neumática Santa Catarina SAPI de CV,F892DA4F-EC15-D1B3-9EDA-5F9A79ACC269,
GL00242,2025-02-07,6000,Gastos renta_util,58290.5,0,Factura 45671 Distribuidora del Norte S de RL de CV,875F01DF-3103-DCFC-CF2E-FBDC6A060915,
GL00243,2025-02-07,1180,IVA acreditable,9326.48,0,IVA factura 45671,875F01DF-3103-DCFC-CF2E-FBDC6A060915,
GL00244,2025-02-07,2100,Proveedores,0,67616.98,Factura 45671 Distribuidora del Norte S de RL de CV,875F01DF-3103-DCFC-CF2E-FBDC6A060915,
GL00245,2025-02-07,2100,Proveedores,33277.85,0,Pago Distribuidora del Norte S de RL de CV,2B44F68C-3CE4-30D6-BC7E-C9A12D3E850C,TX00012
GL00246,2025-02-07,1020,Bancos,0,33277.85,Pago Distribuidora del Norte S de RL de CV,2B44F68C-3CE4-30D6-BC7E-C9A12D3E850C,TX00012
GL00247,2025-02-07,2100,Proveedores,23246.98,0,Pago Hidráulica Nuevo León SAPI de CV,37858087-41FC-F9B1-9165-FA8B23BBEACA,TX00013
GL00248,2025-02-07,1020,Bancos,0,23246.98,Pago Hidráulica Nuevo León SAPI de CV,37858087-41FC-F9B1-9165-FA8B23BBEACA,TX00013
GL00249,2025-02-07,1020,Bancos,330232.38,0,Cobro Envases Martínez SAPI de CV,F8A6980A-79B7-6035-B7CA-BDA01A17ACC5,TX00014
GL00250,2025-02-07,1200,Clientes,0,330232.38,Cobro Envases Martínez SAPI de CV,F8A6980A-79B7-6035-B7CA-BDA01A17ACC5,TX00014
GL00251,2025-02-10,2100,Proveedores,29580.58,0,Pago Metálica del Norte S de RL de CV,E9EEC7F7-6E0E-13B2-B228-C91867C5798E,TX00015
GL00252,2025-02-10,1020,Bancos,0,29580.58,Pago Metálica del Norte S de RL de CV,E9EEC7F7-6E0E-13B2-B228-C91867C5798E,TX00015
GL00253,2025-02-10,6000,Gastos servicios,10167.8,0,Factura 84769 Ferretera Guadalupe S de RL de CV,12D1A57D-72C5-1FA6-90C0-96D6394AB2A5,
GL00254,2025-02-10,1180,IVA acreditable,1626.85,0,IVA factura 84769,12D1A57D-72C5-1FA6-90C0-96D6394AB2A5,
GL00255,2025-02-10,2100,Proveedores,0,11794.65,Factura 84769 Ferretera Guadalupe S de RL de CV,12D1A57D-72C5-1FA6-90C0-96D6394AB2A5,
GL00256,2025-02-10,6000,Gastos refacciones,6080,0,Factura 20681 Neumática Industrial S de RL de CV,E318378E-1BAA-6D1C-E18E-8344F01B4030,
GL00257,2025-02-10,1180,IVA acreditable,972.8,0,IVA factura 20681,E318378E-1BAA-6D1C-E18E-8344F01B4030,
GL00258,2025-02-10,2100,Proveedores,0,7052.8,Factura 20681 Neumática Industrial S de RL de CV,E318378E-1BAA-6D1C-E18E-8344F01B4030,
GL00259,2025-02-10,6000,Gastos refacciones,95299.9,0,Factura 22287 Metálica del Norte SA de CV,BC06F9C0-8FA3-652C-7DC2-3853F0B6EFFA,
GL00260,2025-02-10,1180,IVA acreditable,15247.98,0,IVA factura 22287,BC06F9C0-8FA3-652C-7DC2-3853F0B6EFFA,
GL00261,2025-02-10,2100,Proveedores,0,110547.88,Factura 22287 Metálica del Norte SA de CV,BC06F9C0-8FA3-652C-7DC2-3853F0B6EFFA,
GL00262,2025-02-10,1200,Clientes,432888.23,0,Venta 1559 Envases Hernández SAPI de CV,1865EA65-8155-3BFE-632A-996820F6CB21,
GL00263,2025-02-10,4000,Ventas,0,373179.51,Venta 1559 Envases Hernández SAPI de CV,1865EA65-8155-3BFE-632A-996820F6CB21,
GL00264,2025-02-10,2180,IVA trasladado,0,59708.72,IVA venta 1559,1865EA65-8155-3BFE-632A-996820F6CB21,
GL00265,2025-02-11,2100,Proveedores,66885.48,0,Pago Suministros Guadalupe SA de CV,347D5E3B-BE44-76F8-CCCC-E22E77EDF7AB,TX00016
GL00266,2025-02-11,1020,Bancos,0,66885.48,Pago Suministros Guadalupe SA de CV,347D5E3B-BE44-76F8-CCCC-E22E77EDF7AB,TX00016
GL00267,2025-02-11,2100,Proveedores,232000.0,0,Pago Neumática Santa Catarina SAPI de CV,F892DA4F-EC15-D1B3-9EDA-5F9A79ACC269,TX00017
GL00268,2025-02-11,1020,Bancos,0,232000.0,Pago Neumática Santa Catarina SAPI de CV,F892DA4F-EC15-D1B3-9EDA-5F9A79ACC269,TX00017
GL00269,2025-02-12,6000,Gastos servicios,28570.5,0,Factura 99718 Hidráulica Industrial S de RL de CV,D6A662E4-BD8F-23F7-D5EF-9693577188D1,
GL00270,2025-02-12,1180,IVA acreditable,4571.28,0,IVA factura 99718,D6A662E4-BD8F-23F7-D5EF-9693577188D1,
GL00271,2025-02-12,2100,Proveedores,0,33141.78,Factura 99718 Hidráulica Industrial S de RL de CV,D6A662E4-BD8F-23F7-D5EF-9693577188D1,
GL00272,2025-02-12,6000,Gastos refacciones,61722.4,0,Factura 77245 Maquinados del Norte SAPI de CV,E647ABE9-5D0D-6E47-76E6-3BD7384C43D5,
GL00273,2025-02-12,1180,IVA acreditable,9875.58,0,IVA factura 77245,E647ABE9-5D0D-6E47-76E6-3BD7384C43D5,
GL00274,2025-02-12,2100,Proveedores,0,71597.98,Factura 77245 Maquinados del Norte SAPI de CV,E647ABE9-5D0D-6E47-76E6-3BD7384C43D5,
GL00275,2025-02-13,6000,Gastos logistica,7349.9,0,Factura 68673 Soldadura Guadalupe S de RL de CV,95A5E92D-119F-28A0-7E82-47B95ADE7C2F,
GL00276,2025-02-13,1180,IVA acreditable,1175.98,0,IVA factura 68673,95A5E92D-119F-28A0-7E82-47B95ADE7C2F,
GL00277,2025-02-13,2100,Proveedores,0,8525.88,Factura 68673 Soldadura Guadalupe S de RL de CV,95A5E92D-119F-28A0-7E82-47B95ADE7C2F,
GL00278,2025-02-13,6000,Gastos renta_util,201070,0,Factura 65892 Maquinados Monterrey SA de CV,2FA50E24-8ADC-F2FC-C2AA-9CB1E480D6C4,
GL00279,2025-02-13,1180,IVA acreditable,32171.2,0,IVA factura 65892,2FA50E24-8ADC-F2FC-C2AA-9CB1E480D6C4,
GL00280,2025-02-13,2100,Proveedores,0,233241.2,Factura 65892 Maquinados Monterrey SA de CV,2FA50E24-8ADC-F2FC-C2AA-9CB1E480D6C4,
GL00281,2025-02-13,2100,Proveedores,70621.38,0,Pago Suministros Guadalupe SA de CV,B8E07E44-170E-5617-5F72-1C8957366B27,TX00018
GL00282,2025-02-13,1020,Bancos,0,70621.38,Pago Suministros Guadalupe SA de CV,B8E07E44-170E-5617-5F72-1C8957366B27,TX00018
GL00283,2025-02-13,2100,Proveedores,15799.78,0,Pago Neumática Industrial S de RL de CV,C97A561D-848D-0F57-6D84-BF83FBA130E2,TX00019
GL00284,2025-02-13,1020,Bancos,0,15799.78,Pago Neumática Industrial S de RL de CV,C97A561D-848D-0F57-6D84-BF83FBA130E2,TX00019
GL00285,2025-02-13,2100,Proveedores,93171.08,0,Pago Metálica del Norte SA de CV,AADA85C4-1951-CA9A-8F3E-26A1CD874639,TX00020
GL00286,2025-02-13,1020,Bancos,0,93171.08,Pago Metálica del Norte SA de CV,AADA85C4-1951-CA9A-8F3E-26A1CD874639,TX00020
GL00287,2025-02-13,6000,Gastos refacciones,16007.8,0,Factura 4180 Industrias Monterrey SA de CV,6FB16AF4-07F3-E6F4-4759-F36D5BBDDF89,
GL00288,2025-02-13,1180,IVA acreditable,2561.25,0,IVA factura 4180,6FB16AF4-07F3-E6F4-4759-F36D5BBDDF89,
GL00289,2025-02-13,2100,Proveedores,0,18569.05,Factura 4180 Industrias Monterrey SA de CV,6FB16AF4-07F3-E6F4-4759-F36D5BBDDF89,
GL00290,2025-02-13,1200,Clientes,399857.46,0,Venta 1575 Autopartes Guerra SAPI de CV,CA14D539-EB4A-EA0C-314A-86103136A046,
GL00291,2025-02-13,4000,Ventas,0,344704.71,Venta 1575 Autopartes Guerra SAPI de CV,CA14D539-EB4A-EA0C-314A-86103136A046,
GL00292,2025-02-13,2180,IVA trasladado,0,55152.75,IVA venta 1575,CA14D539-EB4A-EA0C-314A-86103136A046,
GL00293,2025-02-14,6000,Gastos logistica,6200,0,Factura 80156 Suministros Guadalupe SA de CV,2902B633-3DC1-4C9C-969C-19AB41C9C8FB,
GL00294,2025-02-14,1180,IVA acreditable,992.0,0,IVA factura 80156,2902B633-3DC1-4C9C-969C-19AB41C9C8FB,
GL00295,2025-02-14,2100,Proveedores,0,7192.0,Factura 80156 Suministros Guadalupe SA de CV,2902B633-3DC1-4C9C-969C-19AB41C9C8FB,
GL00296,2025-02-14,2100,Proveedores,42453.45,0,Pago Hidráulica Industrial S de RL de CV,695AC14D-814A-9763-5C41-5CC51004ABD7,TX00021
GL00297,2025-02-14,1020,Bancos,0,42453.45,Pago Hidráulica Industrial S de RL de CV,695AC14D-814A-9763-5C41-5CC51004ABD7,TX00021
GL00298,2025-02-14,6000,Gastos materia_prima,15772.4,0,Factura 67589 Grupo Nuevo León SAPI de CV,68AEDB47-F6B0-85E5-DC3F-CECFCB7FD6AD,
GL00299,2025-02-14,1180,IVA acreditable,2523.58,0,IVA factura 67589,68AEDB47-F6B0-85E5-DC3F-CECFCB7FD6AD,
GL00300,2025-02-14,2100,Proveedores,0,18295.98,Factura 67589 Grupo Nuevo León SAPI de CV,68AEDB47-F6B0-85E5-DC3F-CECFCB7FD6AD,
GL00301,2025-02-14,2100,Proveedores,13780.8,0,Pago Empaques Apodaca SAPI de CV,E777BAF1-6AA6-7B09-3CA4-15DFC9FF6F26,TX00022
GL00302,2025-02-14,1020,Bancos,0,13780.8,Pago Empaques Apodaca SAPI de CV,E777BAF1-6AA6-7B09-3CA4-15DFC9FF6F26,TX00022
GL00303,2025-02-14,1020,Bancos,415412.96,0,Cobro Autopartes Guerra S de RL de CV,3C618418-0A99-EC54-E5DB-606406E88EBA,TX00023
GL00304,2025-02-14,1200,Clientes,0,415412.96,Cobro Autopartes Guerra S de RL de CV,3C618418-0A99-EC54-E5DB-606406E88EBA,TX00023
GL00305,2025-02-17,2100,Proveedores,7876.28,0,Pago Suministros Guadalupe SA de CV,FE5909FC-4FF6-DEDC-14BE-E0E34AF32657,TX00024
GL00306,2025-02-17,1020,Bancos,0,7876.28,Pago Suministros Guadalupe SA de CV,FE5909FC-4FF6-DEDC-14BE-E0E34AF32657,TX00024
GL00307,2025-02-17,2100,Proveedores,11913.08,0,Pago Suministros Guadalupe SA de CV,1C7A3742-07E8-9EC0-E225-0462CE918AB9,TX00025
GL00308,2025-02-17,1020,Bancos,0,11913.08,Pago Suministros Guadalupe SA de CV,1C7A3742-07E8-9EC0-E225-0462CE918AB9,TX00025
GL00309,2025-02-17,6000,Gastos consumibles,73399.9,0,Factura 65668 Herramientas del Norte SAPI de CV,9695AE3B-3058-4666-4AF8-EBDDACD4438A,
GL00310,2025-02-17,1180,IVA acreditable,11743.98,0,IVA factura 65668,9695AE3B-3058-4666-4AF8-EBDDACD4438A,
GL00311,2025-02-17,2100,Proveedores,0,85143.88,Factura 65668 Herramientas del Norte SAPI de CV,9695AE3B-3058-4666-4AF8-EBDDACD4438A,
GL00312,2025-02-17,2100,Proveedores,205851.05,0,Pago Ferretera Santa Catarina SAPI de CV,06B50424-D48B-15E9-785D-0E2B519DBC3A,TX00026
GL00313,2025-02-17,1020,Bancos,0,205851.05,Pago Ferretera Santa Catarina SAPI de CV,06B50424-D48B-15E9-785D-0E2B519DBC3A,TX00026
GL00314,2025-02-17,6000,Gastos materia_prima,13119.9,0,Factura 25919 Grupo Nuevo León SAPI de CV,EF0D3CB7-53C0-6C39-DE8D-2EA884146EBB,
GL00315,2025-02-17,1180,IVA acreditable,2099.18,0,IVA factura 25919,EF0D3CB7-53C0-6C39-DE8D-2EA884146EBB,
GL00316,2025-02-17,2100,Proveedores,0,15219.08,Factura 25919 Grupo Nuevo León SAPI de CV,EF0D3CB7-53C0-6C39-DE8D-2EA884146EBB,
GL00317,2025-02-17,6000,Gastos materia_prima,7989.9,0,Factura 8730 Empaques Apodaca SAPI de CV,02CBFC60-C8D9-90FC-4B5A-5893E52BF4D3,
GL00318,2025-02-17,1180,IVA acreditable,1278.38,0,IVA factura 8730,02CBFC60-C8D9-90FC-4B5A-5893E52BF4D3,
GL00319,2025-02-17,2100,Proveedores,0,9268.28,Factura 8730 Empaques Apodaca SAPI de CV,02CBFC60-C8D9-90FC-4B5A-5893E52BF4D3,
GL00320,2025-02-17,6000,Gastos servicios,68677.8,0,Factura 57707 Refacciones Industrial S de RL de CV,899FC689-23B7-2BD7-4437-295FE3DEC572,
GL00321,2025-02-17,1180,IVA acreditable,10988.45,0,IVA factura 57707,899FC689-23B7-2BD7-4437-295FE3DEC572,
GL00322,2025-02-17,2100,Proveedores,0,79666.25,Factura 57707 Refacciones Industrial S de RL de CV,899FC689-23B7-2BD7-4437-295FE3DEC572,
GL00323,2025-02-17,2100,Proveedores,24870.98,0,Pago Industrias Monterrey SA de CV,B8DA1CBC-9DF3-FBCA-941F-62AE1F0ED31B,TX00027
GL00324,2025-02-17,1020,Bancos,0,24870.98,Pago Industrias Monterrey SA de CV,B8DA1CBC-9DF3-FBCA-941F-62AE1F0ED31B,TX00027
GL00325,2025-02-17,1200,Clientes,375608.03,0,Venta 1504 Envases Guerra S de RL de CV,15BEBB48-37B6-DFC2-458C-3B0982EADFE2,
GL00326,2025-02-17,4000,Ventas,0,323800.03,Venta 1504 Envases Guerra S de RL de CV,15BEBB48-37B6-DFC2-458C-3B0982EADFE2,
GL00327,2025-02-17,2180,IVA trasladado,0,51808.0,IVA venta 1504,15BEBB48-37B6-DFC2-458C-3B0982EADFE2,
GL00328,2025-02-17,1200,Clientes,362519.69,0,Venta 1516 Envases Chapa S de RL de CV,AE29C599-4D69-F5B8-9F47-51B1A43022BD,
GL00329,2025-02-17,4000,Ventas,0,312516.97,Venta 1516 Envases Chapa S de RL de CV,AE29C599-4D69-F5B8-9F47-51B1A43022BD,
GL00330,2025-02-17,2180,IVA trasladado,0,50002.72,IVA venta 1516,AE29C599-4D69-F5B8-9F47-51B1A43022BD,
GL00331,2025-02-17,1020,Bancos,331079.56,0,Cobro Autopartes Quintanilla S de RL de CV,42E3DCD7-9648-3613-589D-77B741599733,TX00028
GL00332,2025-02-17,1200,Clientes,0,331079.56,Cobro Autopartes Quintanilla S de RL de CV,42E3DCD7-9648-3613-589D-77B741599733,TX00028
GL00333,2025-02-17,1200,Clientes,143913.27,0,Venta 1536 Envases Elizondo SA de CV,16CC95BF-2FC1-31B8-F3B7-DB2B61DB052E,
GL00334,2025-02-17,4000,Ventas,0,124063.16,Venta 1536 Envases Elizondo SA de CV,16CC95BF-2FC1-31B8-F3B7-DB2B61DB052E,
GL00335,2025-02-17,2180,IVA trasladado,0,19850.11,IVA venta 1536,16CC95BF-2FC1-31B8-F3B7-DB2B61DB052E,
GL00336,2025-02-17,1200,Clientes,390318.97,0,Venta 1545 Autopartes Guerra S de RL de CV,5B33785F-9DDE-4299-6D26-BD017215C1E9,
GL00337,2025-02-17,4000,Ventas,0,336481.87,Venta 1545 Autopartes Guerra S de RL de CV,5B33785F-9DDE-4299-6D26-BD017215C1E9,
GL00338,2025-02-17,2180,IVA trasladado,0,53837.1,IVA venta 1545,5B33785F-9DDE-4299-6D26-BD017215C1E9,
GL00339,2025-02-17,1020,Bancos,395599.51,0,Cobro Grupo Quintanilla S de RL de CV,F62359FA-6445-4E1A-F0B9-E1291DD6B5A6,TX00029
GL00340,2025-02-17,1200,Clientes,0,395599.51,Cobro Grupo Quintanilla S de RL de CV,F62359FA-6445-4E1A-F0B9-E1291DD6B5A6,TX00029
GL00341,2025-02-18,2100,Proveedores,114747.2,0,Pago Soldadura Regiomontana S de RL de CV,C3128151-2410-C556-12C1-BAD3A597EADB,TX00030
GL00342,2025-02-18,1020,Bancos,0,114747.2,Pago Soldadura Regiomontana S de RL de CV,C3128151-2410-C556-12C1-BAD3A597EADB,TX00030
GL00343,2025-02-18,2100,Proveedores,72511.6,0,Pago Hidráulica Industrial S de RL de CV,CBD1B6DF-3BF9-D69D-E539-726532DE5EFB,TX00031
GL00344,2025-02-18,1020,Bancos,0,72511.6,Pago Hidráulica Industrial S de RL de CV,CBD1B6DF-3BF9-D69D-E539-726532DE5EFB,TX00031
GL00345,2025-02-18,2100,Proveedores,15698.71,0,Pago Herramientas Regiomontana SA de CV,5B4A4FB0-B0D9-7CA0-02E4-848450203017,TX00032
GL00346,2025-02-18,1020,Bancos,0,15698.71,Pago Herramientas Regiomontana SA de CV,5B4A4FB0-B0D9-7CA0-02E4-848450203017,TX00032
GL00347,2025-02-19,2100,Proveedores,11707.18,0,Pago Suministros Guadalupe SA de CV,6D0FD714-1013-B2E7-A8CF-FCA3BDDF7B99,TX00033
GL00348,2025-02-19,1020,Bancos,0,11707.18,Pago Suministros Guadalupe SA de CV,6D0FD714-1013-B2E7-A8CF-FCA3BDDF7B99,TX00033
GL00349,2025-02-19,2100,Proveedores,6867.2,0,Pago Ferretera Guadalupe S de RL de CV,8DA87627-6797-66BF-2A16-4FB269D77AFB,TX00034
GL00350,2025-02-19,1020,Bancos,0,6867.2,Pago Ferretera Guadalupe S de RL de CV,8DA87627-6797-66BF-2A16-4FB269D77AFB,TX00034
GL00351,2025-02-19,6000,Gastos renta_util,3260.5,0,Factura 99117 Pinturas Guadalupe S de RL de CV,42EE37FB-EA44-63BC-A9AA-B59EEF5DF0EE,
GL00352,2025-02-19,1180,IVA acreditable,521.68,0,IVA factura 99117,42EE37FB-EA44-63BC-A9AA-B59EEF5DF0EE,
GL00353,2025-02-19,2100,Proveedores,0,3782.18,Factura 99117 Pinturas Guadalupe S de RL de CV,42EE37FB-EA44-63BC-A9AA-B59EEF5DF0EE,
GL00354,2025-02-19,1020,Bancos,342483.01,0,Cobro Envases Quintanilla S de RL de CV,8B4E12FB-CC8F-DD06-BAEF-D609EC300BB9,TX00035
GL00355,2025-02-19,1200,Clientes,0,342483.01,Cobro Envases Quintanilla S de RL de CV,8B4E12FB-CC8F-DD06-BAEF-D609EC300BB9,TX00035
GL00356,2025-02-20,6000,Gastos logistica,9687.8,0,Factura 62334 Refacciones Regiomontana SAPI de CV,AF784D91-D2F5-8BBE-339A-82D754355CC2,
GL00357,2025-02-20,1180,IVA acreditable,1550.05,0,IVA factura 62334,AF784D91-D2F5-8BBE-339A-82D754355CC2,
GL00358,2025-02-20,2100,Proveedores,0,11237.85,Factura 62334 Refacciones Regiomontana SAPI de CV,AF784D91-D2F5-8BBE-339A-82D754355CC2,
GL00359,2025-02-21,6000,Gastos logistica,12200.5,0,Factura 10893 Suministros Guadalupe SA de CV,7CA27803-D769-56AB-7B2F-2B94A93A3DF6,
GL00360,2025-02-21,1180,IVA acreditable,1952.08,0,IVA factura 10893,7CA27803-D769-56AB-7B2F-2B94A93A3DF6,
GL00361,2025-02-21,2100,Proveedores,0,14152.58,Factura 10893 Suministros Guadalupe SA de CV,7CA27803-D769-56AB-7B2F-2B94A93A3DF6,
GL00362,2025-02-21,2100,Proveedores,99351.45,0,Pago Maquinados del Norte SAPI de CV,D4A23951-FFA9-7506-637D-CCBEF0F544CD,TX00036
GL00363,2025-02-21,1020,Bancos,0,99351.45,Pago Maquinados del Norte SAPI de CV,D4A23951-FFA9-7506-637D-CCBEF0F544CD,TX00036
GL00364,2025-02-21,6000,Gastos materia_prima,17350,0,Factura 20338 Pinturas Nuevo León SAPI de CV,6145AA5F-3EE6-965E-EFB4-339A8CC872A4,
GL00365,2025-02-21,1180,IVA acreditable,2776.0,0,IVA factura 20338,6145AA5F-3EE6-965E-EFB4-339A8CC872A4,
GL00366,2025-02-21,2100,Proveedores,0,20126.0,Factura 20338 Pinturas Nuevo León SAPI de CV,6145AA5F-3EE6-965E-EFB4-339A8CC872A4,
GL00367,2025-02-24,2100,Proveedores,32326.65,0,Pago Metálica del Norte S de RL de CV,70F3DBA0-01E0-234B-9DD3-CD55EF83042A,TX00037
GL00368,2025-02-24,1020,Bancos,0,32326.65,Pago Metálica del Norte S de RL de CV,70F3DBA0-01E0-234B-9DD3-CD55EF83042A,TX00037
GL00369,2025-02-24,6000,Gastos servicios,23710,0,Factura 72904 Metálica San Nicolás SA de CV,D1E34E17-F5B8-84D6-AE80-A3C84BD45CF9,
GL00370,2025-02-24,1180,IVA acreditable,3793.6,0,IVA factura 72904,D1E34E17-F5B8-84D6-AE80-A3C84BD45CF9,
GL00371,2025-02-24,2100,Proveedores,0,27503.6,Factura 72904 Metálica San Nicolás SA de CV,D1E34E17-F5B8-84D6-AE80-A3C84BD45CF9,
GL00372,2025-02-24,6000,Gastos logistica,5472.4,0,Factura 68834 Suministros Guadalupe SA de CV,A5289E6B-3DBA-B496-8885-DB13D39A411E,
GL00373,2025-02-24,1180,IVA acreditable,875.58,0,IVA factura 68834,A5289E6B-3DBA-B496-8885-DB13D39A411E,
GL00374,2025-02-24,2100,Proveedores,0,6347.98,Factura 68834 Suministros Guadalupe SA de CV,A5289E6B-3DBA-B496-8885-DB13D39A411E,
GL00375,2025-02-24,2100,Proveedores,25670.8,0,Pago Refacciones Santa Catarina S de RL de CV,0F340B0D-4F94-3305-B7D5-67C69F71A57D,TX00038
GL00376,2025-02-24,1020,Bancos,0,25670.8,Pago Refacciones Santa Catarina S de RL de CV,0F340B0D-4F94-3305-B7D5-67C69F71A57D,TX00038
GL00377,2025-02-24,2100,Proveedores,23649.85,0,Pago Empaques Apodaca SAPI de CV,0AACD1D6-5E67-D7A0-B67F-AC0627F48EE7,TX00039
GL00378,2025-02-24,1020,Bancos,0,23649.85,Pago Empaques Apodaca SAPI de CV,0AACD1D6-5E67-D7A0-B67F-AC0627F48EE7,TX00039
GL00379,2025-02-24,6000,Gastos materia_prima,16677.8,0,Factura 20537 Pinturas Nuevo León SAPI de CV,A0CDA384-2CEE-5D70-E410-B475C58EEF6D,
GL00380,2025-02-24,1180,IVA acreditable,2668.45,0,IVA factura 20537,A0CDA384-2CEE-5D70-E410-B475C58EEF6D,
GL00381,2025-02-24,2100,Proveedores,0,19346.25,Factura 20537 Pinturas Nuevo León SAPI de CV,A0CDA384-2CEE-5D70-E410-B475C58EEF6D,
GL00382,2025-02-24,6000,Gastos refacciones,15502.4,0,Factura 54168 Neumática Industrial S de RL de CV,AE6D026D-7682-D29B-B08B-901C87247910,
GL00383,2025-02-24,1180,IVA acreditable,2480.38,0,IVA factura 54168,AE6D026D-7682-D29B-B08B-901C87247910,
GL00384,2025-02-24,2100,Proveedores,0,17982.78,Factura 54168 Neumática Industrial S de RL de CV,AE6D026D-7682-D29B-B08B-901C87247910,
GL00385,2025-02-24,1020,Bancos,461020.69,0,Cobro Autopartes Quintanilla S de RL de CV,FCF0F07F-8C68-9433-8608-11219B0FB4A4,TX00040
GL00386,2025-02-24,1200,Clientes,0,461020.69,Cobro Autopartes Quintanilla S de RL de CV,FCF0F07F-8C68-9433-8608-11219B0FB4A4,TX00040
GL00387,2025-02-24,1200,Clientes,232723.03,0,Venta 1554 Envases Hernández SAPI de CV,0B863E96-7326-F8AD-52FC-DC224C01A766,
GL00388,2025-02-24,4000,Ventas,0,200623.3,Venta 1554 Envases Hernández SAPI de CV,0B863E96-7326-F8AD-52FC-DC224C01A766,
GL00389,2025-02-24,2180,IVA trasladado,0,32099.73,IVA venta 1554,0B863E96-7326-F8AD-52FC-DC224C01A766,
GL00390,2025-02-24,1200,Clientes,128497.68,0,Venta 1606 Envases Quintanilla S de RL de CV,AF96D07D-64C0-D64C-6D40-6401A324EF1F,
GL00391,2025-02-24,4000,Ventas,0,110773.86,Venta 1606 Envases Quintanilla S de RL de CV,AF96D07D-64C0-D64C-6D40-6401A324EF1F,
GL00392,2025-02-24,2180,IVA trasladado,0,17723.82,IVA venta 1606,AF96D07D-64C0-D64C-6D40-6401A324EF1F,
GL00393,2025-02-24,2100,Proveedores,7590.63,0,Pago Maquinados Regiomontana S de RL de CV,DD21726F-323D-0195-A294-8E036977929B,TX00041
GL00394,2025-02-24,1020,Bancos,0,7590.63,Pago Maquinados Regiomontana S de RL de CV,DD21726F-323D-0195-A294-8E036977929B,TX00041
GL00395,2025-02-25,2100,Proveedores,88783.85,0,Pago Soldadura Regiomontana S de RL de CV,79075C00-C43A-DA06-68B3-4F5FBBFA7EBB,TX00042
GL00396,2025-02-25,1020,Bancos,0,88783.85,Pago Soldadura Regiomontana S de RL de CV,79075C00-C43A-DA06-68B3-4F5FBBFA7EBB,TX00042
GL00397,2025-02-25,2100,Proveedores,30598.25,0,Pago Metálica del Norte S de RL de CV,640B54C1-F15E-4AFE-9C57-DEC783D0F82B,TX00043
GL00398,2025-02-25,1020,Bancos,0,30598.25,Pago Metálica del Norte S de RL de CV,640B54C1-F15E-4AFE-9C57-DEC783D0F82B,TX00043
GL00399,2025-02-25,2100,Proveedores,30763.78,0,Pago Herramientas del Norte S de RL de CV,4D96E9DA-9DD8-7A35-9B4B-6E9A506BCEB3,TX00044
GL00400,2025-02-25,1020,Bancos,0,30763.78,Pago Herramientas del Norte S de RL de CV,4D96E9DA-9DD8-7A35-9B4B-6E9A506BCEB3,TX00044
GL00401,2025-02-25,2100,Proveedores,39449.05,0,Pago Transportes Industrial S de RL de CV,5AA12EBA-A2D6-B281-FAAE-DCB65B9A3F0F,TX00045
GL00402,2025-02-25,1020,Bancos,0,39449.05,Pago Transportes Industrial S de RL de CV,5AA12EBA-A2D6-B281-FAAE-DCB65B9A3F0F,TX00045
GL00403,2025-02-26,6000,Gastos renta_util,22960,0,Factura 6628 Metálica del Norte S de RL de CV,097BB32D-F437-462B-4E00-040E939B484B,
GL00404,2025-02-26,1180,IVA acreditable,3673.6,0,IVA factura 6628,097BB32D-F437-462B-4E00-040E939B484B,
GL00405,2025-02-26,2100,Proveedores,0,26633.6,Factura 6628 Metálica del Norte S de RL de CV,097BB32D-F437-462B-4E00-040E939B484B,
GL00406,2025-02-26,2100,Proveedores,10396.38,0,Pago Herramientas del Norte S de RL de CV,834AD09D-33E6-C4BE-DA29-1775B3687B1D,TX00046
GL00407,2025-02-26,1020,Bancos,0,10396.38,Pago Herramientas del Norte S de RL de CV,834AD09D-33E6-C4BE-DA29-1775B3687B1D,TX00046
GL00408,2025-02-26,2100,Proveedores,183189.98,0,Pago Maquinados Monterrey SA de CV,21F4AC6A-92EE-06A6-0024-57FBD7665B1D,TX00047
GL00409,2025-02-26,1020,Bancos,0,183189.98,Pago Maquinados Monterrey SA de CV,21F4AC6A-92EE-06A6-0024-57FBD7665B1D,TX00047
GL00410,2025-02-26,2100,Proveedores,23626.65,0,Pago Refacciones Santa Catarina S de RL de CV,118A7E24-5AB0-CA33-C87C-6570812C814F,TX00048
GL00411,2025-02-26,1020,Bancos,0,23626.65,Pago Refacciones Santa Catarina S de RL de CV,118A7E24-5AB0-CA33-C87C-6570812C814F,TX00048
GL00412,2025-02-26,6000,Gastos refacciones,7429.9,0,Factura 66558 Refacciones Santa Catarina S de RL de CV,2EE87329-9EBE-BDDF-FBDA-5321F6F7E3CC,
GL00413,2025-02-26,1180,IVA acreditable,1188.78,0,IVA factura 66558,2EE87329-9EBE-BDDF-FBDA-5321F6F7E3CC,
GL00414,2025-02-26,2100,Proveedores,0,8618.68,Factura 66558 Refacciones Santa Catarina S de RL de CV,2EE87329-9EBE-BDDF-FBDA-5321F6F7E3CC,
GL00415,2025-02-27,6000,Gastos logistica,3790,0,Factura 9683 Refacciones Regiomontana SAPI de CV,2264E054-1B22-73B5-620B-46B7F8E24B08,
GL00416,2025-02-27,1180,IVA acreditable,606.4,0,IVA factura 9683,2264E054-1B22-73B5-620B-46B7F8E24B08,
GL00417,2025-02-27,2100,Proveedores,0,4396.4,Factura 9683 Refacciones Regiomontana SAPI de CV,2264E054-1B22-73B5-620B-46B7F8E24B08,
GL00418,2025-02-27,2100,Proveedores,26866.18,0,Pago Refacciones Santa Catarina S de RL de CV,40485493-B9E9-35C3-4366-CD17934D4185,TX00049
GL00419,2025-02-27,1020,Bancos,0,26866.18,Pago Refacciones Santa Catarina S de RL de CV,40485493-B9E9-35C3-4366-CD17934D4185,TX00049
GL00420,2025-02-27,6100,Sueldos y salarios,411950.09,0,Nómina,,TX00050
GL00421,2025-02-27,1020,Bancos,0,411950.09,Nómina,,TX00050
GL00422,2025-02-28,2100,Proveedores,8969.58,0,Pago Soldadura Guadalupe S de RL de CV,14687223-A95B-4F0D-E7AE-9F325F06BA92,TX00051
GL00423,2025-02-28,1020,Bancos,0,8969.58,Pago Soldadura Guadalupe S de RL de CV,14687223-A95B-4F0D-E7AE-9F325F06BA92,TX00051
GL00424,2025-02-28,6000,Gastos refacciones,25030,0,Factura 1347 Servicios Santa Catarina SAPI de CV,CA5B4B58-F788-6084-E0C3-A7DBFE029017,
GL00425,2025-02-28,1180,IVA acreditable,4004.8,0,IVA factura 1347,CA5B4B58-F788-6084-E0C3-A7DBFE029017,
GL00426,2025-02-28,2100,Proveedores,0,29034.8,Factura 1347 Servicios Santa Catarina SAPI de CV,CA5B4B58-F788-6084-E0C3-A7DBFE029017,
GL00427,2025-02-28,6000,Gastos materia_prima,24510,0,Factura 42313 Grupo Nuevo León SAPI de CV,69AE690B-22F8-6E73-22F8-85BD4F66F5C8,
GL00428,2025-02-28,1180,IVA acreditable,3921.6,0,IVA factura 42313,69AE690B-22F8-6E73-22F8-85BD4F66F5C8,
GL00429,2025-02-28,2100,Proveedores,0,28431.6,Factura 42313 Grupo Nuevo León SAPI de CV,69AE690B-22F8-6E73-22F8-85BD4F66F5C8,
GL00430,2025-02-28,6000,Gastos renta_util,13799.9,0,Factura 69883 Pinturas Guadalupe S de RL de CV,C44ACBE2-35E9-E530-DCA3-A692BF5F940F,
GL00431,2025-02-28,1180,IVA acreditable,2207.98,0,IVA factura 69883,C44ACBE2-35E9-E530-DCA3-A692BF5F940F,
GL00432,2025-02-28,2100,Proveedores,0,16007.88,Factura 69883 Pinturas Guadalupe S de RL de CV,C44ACBE2-35E9-E530-DCA3-A692BF5F940F,
GL00433,2025-02-28,1200,Clientes,451281.06,0,Venta 1520 Autopartes Quintanilla S de RL de CV,8D4FCA31-2D92-946B-D931-201A1905D63A,
GL00434,2025-02-28,4000,Ventas,0,389035.4,Venta 1520 Autopartes Quintanilla S de RL de CV,8D4FCA31-2D92-946B-D931-201A1905D63A,
GL00435,2025-02-28,2180,IVA trasladado,0,62245.66,IVA venta 1520,8D4FCA31-2D92-946B-D931-201A1905D63A,
GL00436,2025-02-28,1200,Clientes,448100.96,0,Venta 1647 Grupo Martínez SA de CV,FFA38FCA-CC20-FB39-DCD0-BC5E57760985,
GL00437,2025-02-28,4000,Ventas,0,386293.93,Venta 1647 Grupo Martínez SA de CV,FFA38FCA-CC20-FB39-DCD0-BC5E57760985,
GL00438,2025-02-28,2180,IVA trasladado,0,61807.03,IVA venta 1647,FFA38FCA-CC20-FB39-DCD0-BC5E57760985,
GL00439,2025-03-03,2100,Proveedores,121414.65,0,Pago Soldadura Regiomontana S de RL de CV,DA261311-3534-DC8D-B49B-90516690181C,TX00052
GL00440,2025-03-03,1020,Bancos,0,121414.65,Pago Soldadura Regiomontana S de RL de CV,DA261311-3534-DC8D-B49B-90516690181C,TX00052
GL00441,2025-03-03,6000,Gastos renta_util,12362.4,0,Factura 77370 Metálica del Norte S de RL de CV,88D1BDB7-3AB8-F085-003E-9DC9576C7163,
GL00442,2025-03-03,1180,IVA acreditable,1977.98,0,IVA factura 77370,88D1BDB7-3AB8-F085-003E-9DC9576C7163,
GL00443,2025-03-03,2100,Proveedores,0,14340.38,Factura 77370 Metálica del Norte S de RL de CV,88D1BDB7-3AB8-F085-003E-9DC9576C7163,
GL00444,2025-03-03,6000,Gastos logistica,11170,0,Factura 39595 Soldadura Guadalupe S de RL de CV,1F67235E-44C2-D02C-FC43-1B65E9350614,
GL00445,2025-03-03,1180,IVA acreditable,1787.2,0,IVA factura 39595,1F67235E-44C2-D02C-FC43-1B65E9350614,
GL00446,2025-03-03,2100,Proveedores,0,12957.2,Factura 39595 Soldadura Guadalupe S de RL de CV,1F67235E-44C2-D02C-FC43-1B65E9350614,
GL00447,2025-03-03,2100,Proveedores,8525.88,0,Pago Soldadura Guadalupe S de RL de CV,95A5E92D-119F-28A0-7E82-47B95ADE7C2F,TX00053
GL00448,2025-03-03,1020,Bancos,0,8525.88,Pago Soldadura Guadalupe S de RL de CV,95A5E92D-119F-28A0-7E82-47B95ADE7C2F,TX00053
GL00449,2025-03-03,6000,Gastos servicios,43002.4,0,Factura 76054 Metálica San Nicolás SA de CV,0412A224-ED5E-20FF-B8CE-2F58896C2696,
GL00450,2025-03-03,1180,IVA acreditable,6880.38,0,IVA factura 76054,0412A224-ED5E-20FF-B8CE-2F58896C2696,
GL00451,2025-03-03,2100,Proveedores,0,49882.78,Factura 76054 Metálica San Nicolás SA de CV,0412A224-ED5E-20FF-B8CE-2F58896C2696,
GL00452,2025-03-03,6000,Gastos logistica,5182.4,0,Factura 10681 Suministros Guadalupe SA de CV,A21D14C5-D3E6-5BE2-A498-ABF895C45DF8,
GL00453,2025-03-03,1180,IVA acreditable,829.18,0,IVA factura 10681,A21D14C5-D3E6-5BE2-A498-ABF895C45DF8,
GL00454,2025-03-03,2100,Proveedores,0,6011.58,Factura 10681 Suministros Guadalupe SA de CV,A21D14C5-D3E6-5BE2-A498-ABF895C45DF8,
GL00455,2025-03-03,6000,Gastos consumibles,35717.8,0,Factura 4646 Herramientas del Norte SAPI de CV,312F1F1A-D992-ED93-1A7B-F5688CAAC992,
GL00456,2025-03-03,1180,IVA acreditable,5714.85,0,IVA factura 4646,312F1F1A-D992-ED93-1A7B-F5688CAAC992,
GL00457,2025-03-03,2100,Proveedores,0,41432.65,Factura 4646 Herramientas del Norte SAPI de CV,312F1F1A-D992-ED93-1A7B-F5688CAAC992,
GL00458,2025-03-03,2100,Proveedores,16750.28,0,Pago Electrónica del Norte S de RL de CV,8C0C562B-97D1-BAB6-43C2-69BDF480A193,TX00054
GL00459,2025-03-03,1020,Bancos,0,16750.28,Pago Electrónica del Norte S de RL de CV,8C0C562B-97D1-BAB6-43C2-69BDF480A193,TX00054
GL00460,2025-03-03,2100,Proveedores,18295.98,0,Pago Grupo Nuevo León SAPI de CV,68AEDB47-F6B0-85E5-DC3F-CECFCB7FD6AD,TX00055
GL00461,2025-03-03,1020,Bancos,0,18295.98,Pago Grupo Nuevo León SAPI de CV,68AEDB47-F6B0-85E5-DC3F-CECFCB7FD6AD,TX00055
GL00462,2025-03-03,6000,Gastos materia_prima,7550.5,0,Factura 79310 Pinturas Nuevo León SAPI de CV,F6231792-DA92-4590-D40D-ED0FB0A2BDB2,
GL00463,2025-03-03,1180,IVA acreditable,1208.08,0,IVA factura 79310,F6231792-DA92-4590-D40D-ED0FB0A2BDB2,
GL00464,2025-03-03,2100,Proveedores,0,8758.58,Factura 79310 Pinturas Nuevo León SAPI de CV,F6231792-DA92-4590-D40D-ED0FB0A2BDB2,
GL00465,2025-03-03,6000,Gastos refacciones,63720.5,0,Factura 6833 Suministros Guadalupe SA de CV,2207EA4B-C524-1DC7-749A-77710071AA95,
GL00466,2025-03-03,1180,IVA acreditable,10195.28,0,IVA factura 6833,2207EA4B-C524-1DC7-749A-77710071AA95,
GL00467,2025-03-03,2100,Proveedores,0,73915.78,Factura 6833 Suministros Guadalupe SA de CV,2207EA4B-C524-1DC7-749A-77710071AA95,
GL00468,2025-03-03,2100,Proveedores,88612.28,0,Pago Empaques del Norte SAPI de CV,8A82E1AC-09B1-64DD-7578-C1388F980CE0,TX00056
GL00469,2025-03-03,1020,Bancos,0,88612.28,Pago Empaques del Norte SAPI de CV,8A82E1AC-09B1-64DD-7578-C1388F980CE0,TX00056
GL00470,2025-03-03,2100,Proveedores,34962.98,0,Pago Empaques del Norte SAPI de CV,DA4CCF43-D63E-1434-484F-7AF9451DEA42,TX00057
GL00471,2025-03-03,1020,Bancos,0,34962.98,Pago Empaques del Norte SAPI de CV,DA4CCF43-D63E-1434-484F-7AF9451DEA42,TX00057
GL00472,2025-03-03,1020,Bancos,340390.01,0,Cobro Autopartes Quintanilla S de RL de CV,3176AD93-BC78-F14C-62A5-3B5B46302431,TX00058
GL00473,2025-03-03,1200,Clientes,0,340390.01,Cobro Autopartes Quintanilla S de RL de CV,3176AD93-BC78-F14C-62A5-3B5B46302431,TX00058
GL00474,2025-03-03,1200,Clientes,432903.32,0,Venta 1537 Envases Elizondo SA de CV,A1732AE4-4655-FE42-085C-417D54DC855F,
GL00475,2025-03-03,4000,Ventas,0,373192.52,Venta 1537 Envases Elizondo SA de CV,A1732AE4-4655-FE42-085C-417D54DC855F,
GL00476,2025-03-03,2180,IVA trasladado,0,59710.8,IVA venta 1537,A1732AE4-4655-FE42-085C-417D54DC855F,
GL00477,2025-03-03,1020,Bancos,432888.23,0,Cobro Envases Hernández SAPI de CV,1865EA65-8155-3BFE-632A-996820F6CB21,TX00059
GL00478,2025-03-03,1200,Clientes,0,432888.23,Cobro Envases Hernández SAPI de CV,1865EA65-8155-3BFE-632A-996820F6CB21,TX00059
GL00479,2025-03-03,1020,Bancos,236935.15,0,Cobro Grupo Chapa S de RL de CV,B25F0CA8-B33F-2821-4297-98C950222B41,TX00060
GL00480,2025-03-03,1200,Clientes,0,236935.15,Cobro Grupo Chapa S de RL de CV,B25F0CA8-B33F-2821-4297-98C950222B41,TX00060
GL00481,2025-03-04,2100,Proveedores,36366.0,0,Pago Transportes Industrial S de RL de CV,E653B149-C425-F1DA-914D-04F78BE088CA,TX00061
GL00482,2025-03-04,1020,Bancos,0,36366.0,Pago Transportes Industrial S de RL de CV,E653B149-C425-F1DA-914D-04F78BE088CA,TX00061
GL00483,2025-03-04,2100,Proveedores,15984.68,0,Pago Ferretera Guadalupe S de RL de CV,B99FCE81-40D6-F479-0E9E-192A8317AB90,TX00062
GL00484,2025-03-04,1020,Bancos,0,15984.68,Pago Ferretera Guadalupe S de RL de CV,B99FCE81-40D6-F479-0E9E-192A8317AB90,TX00062
GL00485,2025-03-04,2100,Proveedores,110547.88,0,Pago Metálica del Norte SA de CV,BC06F9C0-8FA3-652C-7DC2-3853F0B6EFFA,TX00063
GL00486,2025-03-04,1020,Bancos,0,110547.88,Pago Metálica del Norte SA de CV,BC06F9C0-8FA3-652C-7DC2-3853F0B6EFFA,TX00063
GL00487,2025-03-04,1020,Bancos,82254.44,0,Cobro Envases Quintanilla S de RL de CV,98F4A8F4-418D-ECE1-99FD-D7E79C4D0004,TX00064
GL00488,2025-03-04,1200,Clientes,0,82254.44,Cobro Envases Quintanilla S de RL de CV,98F4A8F4-418D-ECE1-99FD-D7E79C4D0004,TX00064
GL00489,2025-03-05,1020,Bancos,192802.83,0,Cobro Grupo Quintanilla S de RL de CV,0E8D0888-1342-0739-278B-1F8A2FEC7E75,TX00065
GL00490,2025-03-05,1200,Clientes,0,192802.83,Cobro Grupo Quintanilla S de RL de CV,0E8D0888-1342-0739-278B-1F8A2FEC7E75,TX00065
GL00491,2025-03-06,2100,Proveedores,42400.78,0,Pago Metálica del Norte S de RL de CV,6B7B2C87-E50A-7BF4-9EA6-64FB8AC95913,TX00066
GL00492,2025-03-06,1020,Bancos,0,42400.78,Pago Metálica del Norte S de RL de CV,6B7B2C87-E50A-7BF4-9EA6-64FB8AC95913,TX00066
GL00493,2025-03-06,6000,Gastos servicios,24800.5,0,Factura 31628 Metálica San Nicolás SA de CV,A32949CD-E374-ABA4-0986-E652774D9F80,
GL00494,2025-03-06,1180,IVA acreditable,3968.08,0,IVA factura 31628,A32949CD-E374-ABA4-0986-E652774D9F80,
GL00495,2025-03-06,2100,Proveedores,0,28768.58,Factura 31628 Metálica San Nicolás SA de CV,A32949CD-E374-ABA4-0986-E652774D9F80,
GL00496,2025-03-06,2100,Proveedores,7192.0,0,Pago Suministros Guadalupe SA de CV,2902B633-3DC1-4C9C-969C-19AB41C9C8FB,TX00067
GL00497,2025-03-06,1020,Bancos,0,7192.0,Pago Suministros Guadalupe SA de CV,2902B633-3DC1-4C9C-969C-19AB41C9C8FB,TX00067
GL00498,2025-03-06,6000,Gastos refacciones,10922.4,0,Factura 11745 Servicios Santa Catarina SAPI de CV,8CD76330-0863-060F-9F18-799B8B53ED6B,
GL00499,2025-03-06,1180,IVA acreditable,1747.58,0,IVA factura 11745,8CD76330-0863-060F-9F18-799B8B53ED6B,
GL00500,2025-03-06,2100,Proveedores,0,12669.98,Factura 11745 Servicios Santa Catarina SAPI de CV,8CD76330-0863-060F-9F18-799B8B53ED6B,
GL00501,2025-03-06,1020,Bancos,433131.62,0,Cobro Grupo Martínez SA de CV,8178731E-550A-C854-136F-E28673894735,TX00068
GL00502,2025-03-06,1200,Clientes,0,433131.62,Cobro Grupo Martínez SA de CV,8178731E-550A-C854-136F-E28673894735,TX00068
GL00503,2025-03-07,6000,Gastos logistica,9429.9,0,Factura 64914 Suministros Guadalupe SA de CV,EDD9170A-DED0-5C09-CF0C-220AA650C3AE,
GL00504,2025-03-07,1180,IVA acreditable,1508.78,0,IVA factura 64914,EDD9170A-DED0-5C09-CF0C-220AA650C3AE,
GL00505,2025-03-07,2100,Proveedores,0,10938.68,Factura 64914 Suministros Guadalupe SA de CV,EDD9170A-DED0-5C09-CF0C-220AA650C3AE,
GL00506,2025-03-07,2100,Proveedores,13908.98,0,Pago Refacciones Santa Catarina S de RL de CV,EA185AB1-8EA9-7878-8C1F-F68B7603BB23,TX00069
GL00507,2025-03-07,1020,Bancos,0,13908.98,Pago Refacciones Santa Catarina S de RL de CV,EA185AB1-8EA9-7878-8C1F-F68B7603BB23,TX00069
GL00508,2025-03-07,2100,Proveedores,76130.8,0,Pago Hidráulica Industrial S de RL de CV,0590BECE-1D46-A50A-C8DF-77236E0F7BC1,TX00070
GL00509,2025-03-07,1020,Bancos,0,76130.8,Pago Hidráulica Industrial S de RL de CV,0590BECE-1D46-A50A-C8DF-77236E0F7BC1,TX00070
GL00510,2025-03-07,6000,Gastos materia_prima,17740.5,0,Factura 21627 Pinturas Nuevo León SAPI de CV,69CAB6B1-A2BC-00E3-A37B-F7A47CF7F10D,
GL00511,2025-03-07,1180,IVA acreditable,2838.48,0,IVA factura 21627,69CAB6B1-A2BC-00E3-A37B-F7A47CF7F10D,
GL00512,2025-03-07,2100,Proveedores,0,20578.98,Factura 21627 Pinturas Nuevo León SAPI de CV,69CAB6B1-A2BC-00E3-A37B-F7A47CF7F10D,
GL00513,2025-03-07,6000,Gastos renta_util,10750,0,Factura 20949 Pinturas Guadalupe S de RL de CV,196A26D8-E864-7898-CCAD-EA60D73074B7,
GL00514,2025-03-07,1180,IVA acreditable,1720.0,0,IVA factura 20949,196A26D8-E864-7898-CCAD-EA60D73074B7,
GL00515,2025-03-07,2100,Proveedores,0,12470.0,Factura 20949 Pinturas Guadalupe S de RL de CV,196A26D8-E864-7898-CCAD-EA60D73074B7,
GL00516,2025-03-10,2100,Proveedores,28722.18,0,Pago Hidráulica Nuevo León SAPI de CV,3D631B48-B59C-F5CF-A491-583756D751A5,TX00071
GL00517,2025-03-10,1020,Bancos,0,28722.18,Pago Hidráulica Nuevo León SAPI de CV,3D631B48-B59C-F5CF-A491-583756D751A5,TX00071
GL00518,2025-03-10,6000,Gastos refacciones,15580,0,Factura 28877 Refacciones Santa Catarina S de RL de CV,7C2FF658-BD06-397A-AA15-73C572C896B8,
GL00519,2025-03-10,1180,IVA acreditable,2492.8,0,IVA factura 28877,7C2FF658-BD06-397A-AA15-73C572C896B8,
GL00520,2025-03-10,2100,Proveedores,0,18072.8,Factura 28877 Refacciones Santa Catarina S de RL de CV,7C2FF658-BD06-397A-AA15-73C572C896B8,
GL00521,2025-03-10,6000,Gastos logistica,7857.8,0,Factura 69557 Electrónica del Norte S de RL de CV,D346ACF6-5EA6-9EFA-0C04-78144437BA94,
GL00522,2025-03-10,1180,IVA acreditable,1257.25,0,IVA factura 69557,D346ACF6-5EA6-9EFA-0C04-78144437BA94,
GL00523,2025-03-10,2100,Proveedores,0,9115.05,Factura 69557 Electrónica del Norte S de RL de CV,D346ACF6-5EA6-9EFA-0C04-78144437BA94,
GL00524,2025-03-10,2100,Proveedores,11794.65,0,Pago Ferretera Guadalupe S de RL de CV,12D1A57D-72C5-1FA6-90C0-96D6394AB2A5,TX00072
GL00525,2025-03-10,1020,Bancos,0,11794.65,Pago Ferretera Guadalupe S de RL de CV,12D1A57D-72C5-1FA6-90C0-96D6394AB2A5,TX00072
GL00526,2025-03-10,6000,Gastos refacciones,18622.4,0,Factura 18088 Pinturas Escobedo S de RL de CV,9293C4AB-491A-D859-FD90-F7C94091B454,
GL00527,2025-03-10,1180,IVA acreditable,2979.58,0,IVA factura 18088,9293C4AB-491A-D859-FD90-F7C94091B454,
GL00528,2025-03-10,2100,Proveedores,0,21601.98,Factura 18088 Pinturas Escobedo S de RL de CV,9293C4AB-491A-D859-FD90-F7C94091B454,
GL00529,2025-03-10,2100,Proveedores,3782.18,0,Pago Pinturas Guadalupe S de RL de CV,42EE37FB-EA44-63BC-A9AA-B59EEF5DF0EE,TX00073
GL00530,2025-03-10,1020,Bancos,0,3782.18,Pago Pinturas Guadalupe S de RL de CV,42EE37FB-EA44-63BC-A9AA-B59EEF5DF0EE,TX00073
GL00531,2025-03-10,2100,Proveedores,6705.38,0,Pago Pinturas Guadalupe S de RL de CV,CB95873E-BE0D-BE6B-3F09-F42E1286BF38,TX00074
GL00532,2025-03-10,1020,Bancos,0,6705.38,Pago Pinturas Guadalupe S de RL de CV,CB95873E-BE0D-BE6B-3F09-F42E1286BF38,TX00074
GL00533,2025-03-10,6000,Gastos servicios,57042.4,0,Factura 50819 Empaques del Norte SAPI de CV,9588A3C9-FDED-72D9-42E3-D19CBEB8786D,
GL00534,2025-03-10,1180,IVA acreditable,9126.78,0,IVA factura 50819,9588A3C9-FDED-72D9-42E3-D19CBEB8786D,
GL00535,2025-03-10,2100,Proveedores,0,66169.18,Factura 50819 Empaques del Norte SAPI de CV,9588A3C9-FDED-72D9-42E3-D19CBEB8786D,
GL00536,2025-03-10,1020,Bancos,189173.62,0,Cobro Envases Guerra SA de CV,C1F73FFF-F18B-0AEA-AE02-CCD8B91A7E10,TX00075
GL00537,2025-03-10,1200,Clientes,0,189173.62,Cobro Envases Guerra SA de CV,C1F73FFF-F18B-0AEA-AE02-CCD8B91A7E10,TX00075
GL00538,2025-03-10,1200,Clientes,142604.77,0,Venta 1607 Envases Quintanilla S de RL de CV,EFDF20BE-15E0-E401-6169-C33FE472083B,
GL00539,2025-03-10,4000,Ventas,0,122935.15,Venta 1607 Envases Quintanilla S de RL de CV,EFDF20BE-15E0-E401-6169-C33FE472083B,
GL00540,2025-03-10,2180,IVA trasladado,0,19669.62,IVA venta 1607,EFDF20BE-15E0-E401-6169-C33FE472083B,
GL00541,2025-03-10,1200,Clientes,100316.6,0,Venta 1616 Grupo Quintanilla S de RL de CV,77624F78-C16B-6C7E-EABC-AD2AC70A11D5,
GL00542,2025-03-10,4000,Ventas,0,86479.83,Venta 1616 Grupo Quintanilla S de RL de CV,77624F78-C16B-6C7E-EABC-AD2AC70A11D5,
GL00543,2025-03-10,2180,IVA trasladado,0,13836.77,IVA venta 1616,77624F78-C16B-6C7E-EABC-AD2AC70A11D5,
GL00544,2025-03-11,6000,Gastos consumibles,40820.5,0,Factura 30543 Soldadura Regiomontana S de RL de CV,9A58E1C2-8D7C-AD40-F6BE-CB57F7543DF7,
GL00545,2025-03-11,1180,IVA acreditable,6531.28,0,IVA factura 30543,9A58E1C2-8D7C-AD40-F6BE-CB57F7543DF7,
GL00546,2025-03-11,2100,Proveedores,0,47351.78,Factura 30543 Soldadura Regiomontana S de RL de CV,9A58E1C2-8D7C-AD40-F6BE-CB57F7543DF7,
GL00547,2025-03-11,2100,Proveedores,3898.18,0,Pago Electrónica del Norte S de RL de CV,28660F5E-9A15-91E1-C8B6-F294AEE694ED,TX00076
GL00548,2025-03-11,1020,Bancos,0,3898.18,Pago Electrónica del Norte S de RL de CV,28660F5E-9A15-91E1-C8B6-F294AEE694ED,TX00076
GL00549,2025-03-11,6000,Gastos refacciones,39327.8,0,Factura 8463 Transportes Industrial S de RL de CV,7FD747C0-BE38-3B75-E969-47A1F45D663E,
GL00550,2025-03-11,1180,IVA acreditable,6292.45,0,IVA factura 8463,7FD747C0-BE38-3B75-E969-47A1F45D663E,
GL00551,2025-03-11,2100,Proveedores,0,45620.25,Factura 8463 Transportes Industrial S de RL de CV,7FD747C0-BE38-3B75-E969-47A1F45D663E,
GL00552,2025-03-12,2100,Proveedores,27503.6,0,Pago Metálica San Nicolás SA de CV,D1E34E17-F5B8-84D6-AE80-A3C84BD45CF9,TX00077
GL00553,2025-03-12,1020,Bancos,0,27503.6,Pago Metálica San Nicolás SA de CV,D1E34E17-F5B8-84D6-AE80-A3C84BD45CF9,TX00077
GL00554,2025-03-12,2100,Proveedores,6102.18,0,Pago Ferretera Guadalupe S de RL de CV,9F53DABE-1702-2F8B-96EC-059F1439D3BE,TX00078
GL00555,2025-03-12,1020,Bancos,0,6102.18,Pago Ferretera Guadalupe S de RL de CV,9F53DABE-1702-2F8B-96EC-059F1439D3BE,TX00078
GL00556,2025-03-12,6000,Gastos refacciones,57689.9,0,Factura 35056 Suministros Guadalupe SA de CV,833EE207-6790-FAE7-FBA4-5D05F152B60A,
GL00557,2025-03-12,1180,IVA acreditable,9230.38,0,IVA factura 35056,833EE207-6790-FAE7-FBA4-5D05F152B60A,
GL00558,2025-03-12,2100,Proveedores,0,66920.28,Factura 35056 Suministros Guadalupe SA de CV,833EE207-6790-FAE7-FBA4-5D05F152B60A,
GL00559,2025-03-12,1200,Clientes,316717.85,0,Venta 1538 Construcciones Martínez SAPI de CV,4806BF82-94D2-F5DE-BC5F-68A837B8C17A,
GL00560,2025-03-12,4000,Ventas,0,273032.63,Venta 1538 Construcciones Martínez SAPI de CV,4806BF82-94D2-F5DE-BC5F-68A837B8C17A,
GL00561,2025-03-12,2180,IVA trasladado,0,43685.22,IVA venta 1538,4806BF82-94D2-F5DE-BC5F-68A837B8C17A,
GL00562,2025-03-12,1020,Bancos,84013.77,0,Cobro Grupo Quintanilla S de RL de CV,DEE3FB06-7D29-0989-52A9-C7FECDCA0DD5,TX00079
GL00563,2025-03-12,1200,Clientes,0,84013.77,Cobro Grupo Quintanilla S de RL de CV,DEE3FB06-7D29-0989-52A9-C7FECDCA0DD5,TX00079
GL00564,2025-03-12,1020,Bancos,241226.06,0,Cobro Construcciones Zambrano S de RL de CV,F2488F1B-597D-D595-0508-78C142ECE01A,TX00080
GL00565,2025-03-12,1200,Clientes,0,241226.06,Cobro Construcciones Zambrano S de RL de CV,F2488F1B-597D-D595-0508-78C142ECE01A,TX00080
GL00566,2025-03-13,2100,Proveedores,8618.68,0,Pago Refacciones Santa Catarina S de RL de CV,2EE87329-9EBE-BDDF-FBDA-5321F6F7E3CC,TX00081
GL00567,2025-03-13,1020,Bancos,0,8618.68,Pago Refacciones Santa Catarina S de RL de CV,2EE87329-9EBE-BDDF-FBDA-5321F6F7E3CC,TX00081
GL00568,2025-03-13,2100,Proveedores,9268.28,0,Pago Empaques Apodaca SAPI de CV,02CBFC60-C8D9-90FC-4B5A-5893E52BF4D3,TX00082
GL00569,2025-03-13,1020,Bancos,0,9268.28,Pago Empaques Apodaca SAPI de CV,02CBFC60-C8D9-90FC-4B5A-5893E52BF4D3,TX00082
GL00570,2025-03-13,6000,Gastos refacciones,8992.4,0,Factura 88328 Pinturas Escobedo S de RL de CV,8BA92943-63F6-FA72-0733-495702E93EE6,
GL00571,2025-03-13,1180,IVA acreditable,1438.78,0,IVA factura 88328,8BA92943-63F6-FA72-0733-495702E93EE6,
GL00572,2025-03-13,2100,Proveedores,0,10431.18,Factura 88328 Pinturas Escobedo S de RL de CV,8BA92943-63F6-FA72-0733-495702E93EE6,
GL00573,2025-03-13,2100,Proveedores,123725.6,0,Pago Empaques del Norte SAPI de CV,985D5F4A-BBE7-E7E2-F93A-6D9280A2A624,TX00083
GL00574,2025-03-13,1020,Bancos,0,123725.6,Pago Empaques del Norte SAPI de CV,985D5F4A-BBE7-E7E2-F93A-6D9280A2A624,TX00083
GL00575,2025-03-13,1200,Clientes,313649.26,0,Venta 1553 Envases Hernández SAPI de CV,6E2FBF29-18FD-BB81-4D21-2A8EE195FE0F,
GL00576,2025-03-13,4000,Ventas,0,270387.29,Venta 1553 Envases Hernández SAPI de CV,6E2FBF29-18FD-BB81-4D21-2A8EE195FE0F,
GL00577,2025-03-13,2180,IVA trasladado,0,43261.97,IVA venta 1553,6E2FBF29-18FD-BB81-4D21-2A8EE195FE0F,
GL00578,2025-03-14,6000,Gastos renta_util,39592.4,0,Factura 92849 Distribuidora del Norte S de RL de CV,0EB2DA21-DF56-69EF-AB26-3D1B5C5CD90A,
GL00579,2025-03-14,1180,IVA acreditable,6334.78,0,IVA factura 92849,0EB2DA21-DF56-69EF-AB26-3D1B5C5CD90A,
GL00580,2025-03-14,2100,Proveedores,0,45927.18,Factura 92849 Distribuidora del Norte S de RL de CV,0EB2DA21-DF56-69EF-AB26-3D1B5C5CD90A,
GL00581,2025-03-14,6000,Gastos consumibles,86022.4,0,Factura 46830 Soldadura Regiomontana S de RL de CV,27693E9F-435F-A8CB-FBF4-F9FC088EDC17,
GL00582,2025-03-14,1180,IVA acreditable,13763.58,0,IVA factura 46830,27693E9F-435F-A8CB-FBF4-F9FC088EDC17,
GL00583,2025-03-14,2100,Proveedores,0,99785.98,Factura 46830 Soldadura Regiomontana S de RL de CV,27693E9F-435F-A8CB-FBF4-F9FC088EDC17,
GL00584,2025-03-14,6000,Gastos refacciones,48037.8,0,Factura 44967 Maquinados del Norte SAPI de CV,8087CFCD-290A-1413-6AE0-7F6F1C648101,
GL00585,2025-03-14,1180,IVA acreditable,7686.05,0,IVA factura 44967,8087CFCD-290A-1413-6AE0-7F6F1C648101,
GL00586,2025-03-14,2100,Proveedores,0,55723.85,Factura 44967 Maquinados del Norte SAPI de CV,8087CFCD-290A-1413-6AE0-7F6F1C648101,
GL00587,2025-03-17,2100,Proveedores,27735.48,0,Pago Metálica del Norte S de RL de CV,B52E379D-9252-F839-27D9-361E10844E20,TX00084
GL00588,2025-03-17,1020,Bancos,0,27735.48,Pago Metálica del Norte S de RL de CV,B52E379D-9252-F839-27D9-361E10844E20,TX00084
GL00589,2025-03-17,2100,Proveedores,15219.08,0,Pago Grupo Nuevo León SAPI de CV,EF0D3CB7-53C0-6C39-DE8D-2EA884146EBB,TX00085
GL00590,2025-03-17,1020,Bancos,0,15219.08,Pago Grupo Nuevo León SAPI de CV,EF0D3CB7-53C0-6C39-DE8D-2EA884146EBB,TX00085
GL00591,2025-03-17,6000,Gastos servicios,9957.8,0,Factura 96092 Ferretera Guadalupe S de RL de CV,DE245710-DB14-8597-1D59-7E05F2112C0B,
GL00592,2025-03-17,1180,IVA acreditable,1593.25,0,IVA factura 96092,DE245710-DB14-8597-1D59-7E05F2112C0B,
GL00593,2025-03-17,2100,Proveedores,0,11551.05,Factura 96092 Ferretera Guadalupe S de RL de CV,DE245710-DB14-8597-1D59-7E05F2112C0B,
GL00594,2025-03-17,2100,Proveedores,71597.98,0,Pago Maquinados del Norte SAPI de CV,E647ABE9-5D0D-6E47-76E6-3BD7384C43D5,TX00086
GL00595,2025-03-17,1020,Bancos,0,71597.98,Pago Maquinados del Norte SAPI de CV,E647ABE9-5D0D-6E47-76E6-3BD7384C43D5,TX00086
GL00596,2025-03-17,1200,Clientes,48844.84,0,Venta 1573 Autopartes Guerra SAPI de CV,8C7AD216-E124-E9EF-6C98-0155B3142567,
GL00597,2025-03-17,4000,Ventas,0,42107.62,Venta 1573 Autopartes Guerra SAPI de CV,8C7AD216-E124-E9EF-6C98-0155B3142567,
GL00598,2025-03-17,2180,IVA trasladado,0,6737.22,IVA venta 1573,8C7AD216-E124-E9EF-6C98-0155B3142567,
GL00599,2025-03-17,1200,Clientes,362422.04,0,Venta 1617 Grupo Quintanilla S de RL de CV,AE4EB627-971A-CC18-8770-BD0D3EB5D0C8,
GL00600,2025-03-17,4000,Ventas,0,312432.79,Venta 1617 Grupo Quintanilla S de RL de CV,AE4EB627-971A-CC18-8770-BD0D3EB5D0C8,
GL00601,2025-03-17,2180,IVA trasladado,0,49989.25,IVA venta 1617,AE4EB627-971A-CC18-8770-BD0D3EB5D0C8,
GL00602,2025-03-17,1200,Clientes,160795.52,0,Venta 1639 Grupo Martínez SA de CV,6A910736-ED3C-3BB2-29B1-B66D75DE4E6D,
GL00603,2025-03-17,4000,Ventas,0,138616.83,Venta 1639 Grupo Martínez SA de CV,6A910736-ED3C-3BB2-29B1-B66D75DE4E6D,
GL00604,2025-03-17,2180,IVA trasladado,0,22178.69,IVA venta 1639,6A910736-ED3C-3BB2-29B1-B66D75DE4E6D,
GL00605,2025-03-18,2100,Proveedores,14340.38,0,Pago Metálica del Norte S de RL de CV,88D1BDB7-3AB8-F085-003E-9DC9576C7163,TX00087
GL00606,2025-03-18,1020,Bancos,0,14340.38,Pago Metálica del Norte S de RL de CV,88D1BDB7-3AB8-F085-003E-9DC9576C7163,TX00087
GL00607,2025-03-18,6000,Gastos logistica,4910.5,0,Factura 88356 Soldadura Guadalupe S de RL de CV,B86DF018-C1D5-49B5-4525-590EFBDA9C15,
GL00608,2025-03-18,1180,IVA acreditable,785.68,0,IVA factura 88356,B86DF018-C1D5-49B5-4525-590EFBDA9C15,
GL00609,2025-03-18,2100,Proveedores,0,5696.18,Factura 88356 Soldadura Guadalupe S de RL de CV,B86DF018-C1D5-49B5-4525-590EFBDA9C15,
GL00610,2025-03-18,2100,Proveedores,85143.88,0,Pago Herramientas del Norte SAPI de CV,9695AE3B-3058-4666-4AF8-EBDDACD4438A,TX00088
GL00611,2025-03-18,1020,Bancos,0,85143.88,Pago Herramientas del Norte SAPI de CV,9695AE3B-3058-4666-4AF8-EBDDACD4438A,TX00088
GL00612,2025-03-18,6000,Gastos materia_prima,9512.4,0,Factura 50020 Hidráulica Nuevo León SAPI de CV,4BE588CB-6193-0019-37F9-242BF84FEB85,
GL00613,2025-03-18,1180,IVA acreditable,1521.98,0,IVA factura 50020,4BE588CB-6193-0019-37F9-242BF84FEB85,
GL00614,2025-03-18,2100,Proveedores,0,11034.38,Factura 50020 Hidráulica Nuevo León SAPI de CV,4BE588CB-6193-0019-37F9-242BF84FEB85,
GL00615,2025-03-18,6000,Gastos refacciones,11832.4,0,Factura 77072 Pinturas Escobedo S de RL de CV,9F140BC1-F593-9946-5AFD-94A70C05C3B6,
GL00616,2025-03-18,1180,IVA acreditable,1893.18,0,IVA factura 77072,9F140BC1-F593-9946-5AFD-94A70C05C3B6,
GL00617,2025-03-18,2100,Proveedores,0,13725.58,Factura 77072 Pinturas Escobedo S de RL de CV,9F140BC1-F593-9946-5AFD-94A70C05C3B6,
GL00618,2025-03-18,6000,Gastos refacciones,29899.9,0,Factura 37320 Suministros Guadalupe SA de CV,66F9F6FC-EBCA-FCD2-04D9-A2C761F4A9A1,
GL00619,2025-03-18,1180,IVA acreditable,4783.98,0,IVA factura 37320,66F9F6FC-EBCA-FCD2-04D9-A2C761F4A9A1,
GL00620,2025-03-18,2100,Proveedores,0,34683.88,Factura 37320 Suministros Guadalupe SA de CV,66F9F6FC-EBCA-FCD2-04D9-A2C761F4A9A1,
GL00621,2025-03-18,2100,Proveedores,7052.8,0,Pago Neumática Industrial S de RL de CV,E318378E-1BAA-6D1C-E18E-8344F01B4030,TX00089
GL00622,2025-03-18,1020,Bancos,0,7052.8,Pago Neumática Industrial S de RL de CV,E318378E-1BAA-6D1C-E18E-8344F01B4030,TX00089
GL00623,2025-03-19,2100,Proveedores,26633.6,0,Pago Metálica del Norte S de RL de CV,097BB32D-F437-462B-4E00-040E939B484B,TX00090
GL00624,2025-03-19,1020,Bancos,0,26633.6,Pago Metálica del Norte S de RL de CV,097BB32D-F437-462B-4E00-040E939B484B,TX00090
GL00625,2025-03-19,6000,Gastos refacciones,24570.5,0,Factura 66357 Transportes Industrial S de RL de CV,DF195C4D-7145-F6BC-3172-DDA8B9B15585,
GL00626,2025-03-19,1180,IVA acreditable,3931.28,0,IVA factura 66357,DF195C4D-7145-F6BC-3172-DDA8B9B15585,
GL00627,2025-03-19,2100,Proveedores,0,28501.78,Factura 66357 Transportes Industrial S de RL de CV,DF195C4D-7145-F6BC-3172-DDA8B9B15585,
GL00628,2025-03-19,6000,Gastos refacciones,98219.9,0,Factura 81138 Suministros Guadalupe SA de CV,A452532B-E17D-8AB3-4F22-913A0F7978B6,
GL00629,2025-03-19,1180,IVA acreditable,15715.18,0,IVA factura 81138,A452532B-E17D-8AB3-4F22-913A0F7978B6,
GL00630,2025-03-19,2100,Proveedores,0,113935.08,Factura 81138 Suministros Guadalupe SA de CV,A452532B-E17D-8AB3-4F22-913A0F7978B6,
GL00631,2025-03-19,1200,Clientes,93768.09,0,Venta 1633 Construcciones Sada S de RL de CV,21739B4E-3BBC-8806-CA0C-7686E315358C,
GL00632,2025-03-19,4000,Ventas,0,80834.56,Venta 1633 Construcciones Sada S de RL de CV,21739B4E-3BBC-8806-CA0C-7686E315358C,
GL00633,2025-03-19,2180,IVA trasladado,0,12933.53,IVA venta 1633,21739B4E-3BBC-8806-CA0C-7686E315358C,
GL00634,2025-03-20,6000,Gastos refacciones,17302.4,0,Factura 48120 Refacciones Santa Catarina S de RL de CV,5223235F-1011-E03C-3BC8-F72528D01B73,
GL00635,2025-03-20,1180,IVA acreditable,2768.38,0,IVA factura 48120,5223235F-1011-E03C-3BC8-F72528D01B73,
GL00636,2025-03-20,2100,Proveedores,0,20070.78,Factura 48120 Refacciones Santa Catarina S de RL de CV,5223235F-1011-E03C-3BC8-F72528D01B73,
GL00637,2025-03-20,2100,Proveedores,29034.8,0,Pago Servicios Santa Catarina SAPI de CV,CA5B4B58-F788-6084-E0C3-A7DBFE029017,TX00091
GL00638,2025-03-20,1020,Bancos,0,29034.8,Pago Servicios Santa Catarina SAPI de CV,CA5B4B58-F788-6084-E0C3-A7DBFE029017,TX00091
GL00639,2025-03-24,2100,Proveedores,67616.98,0,Pago Distribuidora del Norte S de RL de CV,875F01DF-3103-DCFC-CF2E-FBDC6A060915,TX00092
GL00640,2025-03-24,1020,Bancos,0,67616.98,Pago Distribuidora del Norte S de RL de CV,875F01DF-3103-DCFC-CF2E-FBDC6A060915,TX00092
GL00641,2025-03-24,2100,Proveedores,11237.85,0,Pago Refacciones Regiomontana SAPI de CV,AF784D91-D2F5-8BBE-339A-82D754355CC2,TX00093
GL00642,2025-03-24,1020,Bancos,0,11237.85,Pago Refacciones Regiomontana SAPI de CV,AF784D91-D2F5-8BBE-339A-82D754355CC2,TX00093
GL00643,2025-03-24,6000,Gastos consumibles,40249.9,0,Factura 26995 Servicios Nuevo León SA de CV,224D3032-7AE7-46A5-BD00-BDA01048A51E,
GL00644,2025-03-24,1180,IVA acreditable,6439.98,0,IVA factura 26995,224D3032-7AE7-46A5-BD00-BDA01048A51E,
GL00645,2025-03-24,2100,Proveedores,0,46689.88,Factura 26995 Servicios Nuevo León SA de CV,224D3032-7AE7-46A5-BD00-BDA01048A51E,
GL00646,2025-03-24,6000,Gastos consumibles,27057.8,0,Factura 83552 Herramientas del Norte SAPI de CV,46523CF3-D099-5C33-D51C-F2FEF9F23CD8,
GL00647,2025-03-24,1180,IVA acreditable,4329.25,0,IVA factura 83552,46523CF3-D099-5C33-D51C-F2FEF9F23CD8,
GL00648,2025-03-24,2100,Proveedores,0,31387.05,Factura 83552 Herramientas del Norte SAPI de CV,46523CF3-D099-5C33-D51C-F2FEF9F23CD8,
GL00649,2025-03-24,6000,Gastos materia_prima,20690,0,Factura 46120 Hidráulica Nuevo León SAPI de CV,C1C8D207-B7A1-07F9-59B2-C0D9815FBF41,
GL00650,2025-03-24,1180,IVA acreditable,3310.4,0,IVA factura 46120,C1C8D207-B7A1-07F9-59B2-C0D9815FBF41,
GL00651,2025-03-24,2100,Proveedores,0,24000.4,Factura 46120 Hidráulica Nuevo León SAPI de CV,C1C8D207-B7A1-07F9-59B2-C0D9815FBF41,
GL00652,2025-03-24,2100,Proveedores,33141.78,0,Pago Hidráulica Industrial S de RL de CV,D6A662E4-BD8F-23F7-D5EF-9693577188D1,TX00094
GL00653,2025-03-24,1020,Bancos,0,33141.78,Pago Hidráulica Industrial S de RL de CV,D6A662E4-BD8F-23F7-D5EF-9693577188D1,TX00094
GL00654,2025-03-24,6000,Gastos materia_prima,12607.8,0,Factura 58694 Empaques Apodaca SAPI de CV,52081DE2-FA84-6D4C-F00A-0E4DA4DF27C3,
GL00655,2025-03-24,1180,IVA acreditable,2017.25,0,IVA factura 58694,52081DE2-FA84-6D4C-F00A-0E4DA4DF27C3,
GL00656,2025-03-24,2100,Proveedores,0,14625.05,Factura 58694 Empaques Apodaca SAPI de CV,52081DE2-FA84-6D4C-F00A-0E4DA4DF27C3,
GL00657,2025-03-24,6000,Gastos refacciones,16727.8,0,Factura 68543 Pinturas Guadalupe S de RL de CV,F68EBA45-24DF-16FE-A290-20D8A3315B40,
GL00658,2025-03-24,1180,IVA acreditable,2676.45,0,IVA factura 68543,F68EBA45-24DF-16FE-A290-20D8A3315B40,
GL00659,2025-03-24,2100,Proveedores,0,19404.25,Factura 68543 Pinturas Guadalupe S de RL de CV,F68EBA45-24DF-16FE-A290-20D8A3315B40,
GL00660,2025-03-24,6000,Gastos refacciones,34947.8,0,Factura 15889 Suministros Guadalupe SA de CV,C4C4C700-2053-DF44-7707-1F7039117456,
GL00661,2025-03-24,1180,IVA acreditable,5591.65,0,IVA factura 15889,C4C4C700-2053-DF44-7707-1F7039117456,
GL00662,2025-03-24,2100,Proveedores,0,40539.45,Factura 15889 Suministros Guadalupe SA de CV,C4C4C700-2053-DF44-7707-1F7039117456,
GL00663,2025-03-24,2100,Proveedores,79666.25,0,Pago Refacciones Industrial S de RL de CV,899FC689-23B7-2BD7-4437-295FE3DEC572,TX00095
GL00664,2025-03-24,1020,Bancos,0,79666.25,Pago Refacciones Industrial S de RL de CV,899FC689-23B7-2BD7-4437-295FE3DEC572,TX00095
GL00665,2025-03-24,6000,Gastos consumibles,18820.2,0,Factura 95219 Maquinados Regiomontana S de RL de CV,DCD749F1-8C3E-D2A2-AB83-732152BA9560,
GL00666,2025-03-24,1180,IVA acreditable,3011.23,0,IVA factura 95219,DCD749F1-8C3E-D2A2-AB83-732152BA9560,
GL00667,2025-03-24,2100,Proveedores,0,21831.43,Factura 95219 Maquinados Regiomontana S de RL de CV,DCD749F1-8C3E-D2A2-AB83-732152BA9560,
GL00668,2025-03-25,2100,Proveedores,233241.2,0,Pago Maquinados Monterrey SA de CV,2FA50E24-8ADC-F2FC-C2AA-9CB1E480D6C4,TX00096
GL00669,2025-03-25,1020,Bancos,0,233241.2,Pago Maquinados Monterrey SA de CV,2FA50E24-8ADC-F2FC-C2AA-9CB1E480D6C4,TX00096
GL00670,2025-03-25,6000,Gastos consumibles,43250.5,0,Factura 88538 Herramientas del Norte SAPI de CV,73938CAE-53DD-4022-E24E-34BB9FB127CA,
GL00671,2025-03-25,1180,IVA acreditable,6920.08,0,IVA factura 88538,73938CAE-53DD-4022-E24E-34BB9FB127CA,
GL00672,2025-03-25,2100,Proveedores,0,50170.58,Factura 88538 Herramientas del Norte SAPI de CV,73938CAE-53DD-4022-E24E-34BB9FB127CA,
GL00673,2025-03-25,2100,Proveedores,21601.98,0,Pago Pinturas Escobedo S de RL de CV,9293C4AB-491A-D859-FD90-F7C94091B454,TX00097
GL00674,2025-03-25,1020,Bancos,0,21601.98,Pago Pinturas Escobedo S de RL de CV,9293C4AB-491A-D859-FD90-F7C94091B454,TX00097
GL00675,2025-03-25,2100,Proveedores,73915.78,0,Pago Suministros Guadalupe SA de CV,2207EA4B-C524-1DC7-749A-77710071AA95,TX00098
GL00676,2025-03-25,1020,Bancos,0,73915.78,Pago Suministros Guadalupe SA de CV,2207EA4B-C524-1DC7-749A-77710071AA95,TX00098
GL00677,2025-03-25,1200,Clientes,336397.81,0,Venta 1556 Envases Hernández SAPI de CV,00E6E561-0DE0-FD2E-FF45-012ED1B9B457,
GL00678,2025-03-25,4000,Ventas,0,289998.11,Venta 1556 Envases Hernández SAPI de CV,00E6E561-0DE0-FD2E-FF45-012ED1B9B457,
GL00679,2025-03-25,2180,IVA trasladado,0,46399.7,IVA venta 1556,00E6E561-0DE0-FD2E-FF45-012ED1B9B457,
GL00680,2025-03-27,2100,Proveedores,12957.2,0,Pago Soldadura Guadalupe S de RL de CV,1F67235E-44C2-D02C-FC43-1B65E9350614,TX00099
GL00681,2025-03-27,1020,Bancos,0,12957.2,Pago Soldadura Guadalupe S de RL de CV,1F67235E-44C2-D02C-FC43-1B65E9350614,TX00099
GL00682,2025-03-27,2100,Proveedores,28431.6,0,Pago Grupo Nuevo León SAPI de CV,69AE690B-22F8-6E73-22F8-85BD4F66F5C8,TX00100
GL00683,2025-03-27,1020,Bancos,0,28431.6,Pago Grupo Nuevo León SAPI de CV,69AE690B-22F8-6E73-22F8-85BD4F66F5C8,TX00100
GL00684,2025-03-27,6000,Gastos refacciones,75557.8,0,Factura 31957 Metálica del Norte SA de CV,F0DB62D4-DC5B-AD91-9867-C0BC4C101C6F,
GL00685,2025-03-27,1180,IVA acreditable,12089.25,0,IVA factura 31957,F0DB62D4-DC5B-AD91-9867-C0BC4C101C6F,
GL00686,2025-03-27,2100,Proveedores,0,87647.05,Factura 31957 Metálica del Norte SA de CV,F0DB62D4-DC5B-AD91-9867-C0BC4C101C6F,
GL00687,2025-03-27,6000,Gastos consumibles,1306.58,0,Factura 78338 Soldadura Regiomontana S de RL de CV,CDB0B572-9686-8785-4CEB-AEB965C35BB2,
GL00688,2025-03-27,1180,IVA acreditable,209.05,0,IVA factura 78338,CDB0B572-9686-8785-4CEB-AEB965C35BB2,
GL00689,2025-03-27,2100,Proveedores,0,1515.63,Factura 78338 Soldadura Regiomontana S de RL de CV,CDB0B572-9686-8785-4CEB-AEB965C35BB2,
GL00690,2025-03-28,2100,Proveedores,6011.58,0,Pago Suministros Guadalupe SA de CV,A21D14C5-D3E6-5BE2-A498-ABF895C45DF8,TX00101
GL00691,2025-03-28,1020,Bancos,0,6011.58,Pago Suministros Guadalupe SA de CV,A21D14C5-D3E6-5BE2-A498-ABF895C45DF8,TX00101
GL00692,2025-03-28,2100,Proveedores,18569.05,0,Pago Industrias Monterrey SA de CV,6FB16AF4-07F3-E6F4-4759-F36D5BBDDF89,TX00102
GL00693,2025-03-28,1020,Bancos,0,18569.05,Pago Industrias Monterrey SA de CV,6FB16AF4-07F3-E6F4-4759-F36D5BBDDF89,TX00102
GL00694,2025-03-28,1020,Bancos,280388.23,0,Cobro Construcciones Martínez SAPI de CV,4FDF419F-C42A-08C7-EA5A-6D1251D81374,TX00103
GL00695,2025-03-28,1200,Clientes,0,280388.23,Cobro Construcciones Martínez SAPI de CV,4FDF419F-C42A-08C7-EA5A-6D1251D81374,TX00103
GL00696,2025-03-28,6100,Sueldos y salarios,424030.71,0,Nómina,,TX00104
GL00697,2025-03-28,1020,Bancos,0,424030.71,Nómina,,TX00104
GL00698,2025-03-31,6000,Gastos renta_util,51150.5,0,Factura 66870 Distribuidora del Norte S de RL de CV,CEB46C9A-B7D9-30D9-462A-14A0A2F4F723,
GL00699,2025-03-31,1180,IVA acreditable,8184.08,0,IVA factura 66870,CEB46C9A-B7D9-30D9-462A-14A0A2F4F723,
GL00700,2025-03-31,2100,Proveedores,0,59334.58,Factura 66870 Distribuidora del Norte S de RL de CV,CEB46C9A-B7D9-30D9-462A-14A0A2F4F723,
GL00701,2025-03-31,2100,Proveedores,45927.18,0,Pago Distribuidora del Norte S de RL de CV,0EB2DA21-DF56-69EF-AB26-3D1B5C5CD90A,TX00105
GL00702,2025-03-31,1020,Bancos,0,45927.18,Pago Distribuidora del Norte S de RL de CV,0EB2DA21-DF56-69EF-AB26-3D1B5C5CD90A,TX00105
GL00703,2025-03-31,2100,Proveedores,14152.58,0,Pago Suministros Guadalupe SA de CV,7CA27803-D769-56AB-7B2F-2B94A93A3DF6,TX00106
GL00704,2025-03-31,1020,Bancos,0,14152.58,Pago Suministros Guadalupe SA de CV,7CA27803-D769-56AB-7B2F-2B94A93A3DF6,TX00106
GL00705,2025-03-31,6000,Gastos logistica,8050.5,0,Factura 80704 Suministros Guadalupe SA de CV,A74D52C3-9E5C-2563-3D9B-D5C5DA5C0757,
GL00706,2025-03-31,1180,IVA acreditable,1288.08,0,IVA factura 80704,A74D52C3-9E5C-2563-3D9B-D5C5DA5C0757,
GL00707,2025-03-31,2100,Proveedores,0,9338.58,Factura 80704 Suministros Guadalupe SA de CV,A74D52C3-9E5C-2563-3D9B-D5C5DA5C0757,
GL00708,2025-03-31,6000,Gastos logistica,5932.4,0,Factura 57997 Suministros Guadalupe SA de CV,BF908686-CD4B-DA27-D467-83392672D903,
GL00709,2025-03-31,1180,IVA acreditable,949.18,0,IVA factura 57997,BF908686-CD4B-DA27-D467-83392672D903,
GL00710,2025-03-31,2100,Proveedores,0,6881.58,Factura 57997 Suministros Guadalupe SA de CV,BF908686-CD4B-DA27-D467-83392672D903,
GL00711,2025-03-31,6000,Gastos refacciones,8517.8,0,Factura 83440 Servicios Santa Catarina SAPI de CV,42556041-F5B2-AEEB-CA36-FF192F72F5F3,
GL00712,2025-03-31,1180,IVA acreditable,1362.85,0,IVA factura 83440,42556041-F5B2-AEEB-CA36-FF192F72F5F3,
GL00713,2025-03-31,2100,Proveedores,0,9880.65,Factura 83440 Servicios Santa Catarina SAPI de CV,42556041-F5B2-AEEB-CA36-FF192F72F5F3,
GL00714,2025-03-31,6000,Gastos servicios,33582.4,0,Factura 18615 Hidráulica Industrial S de RL de CV,0D31216D-EE08-543E-66D9-6A6B0E005F87,
GL00715,2025-03-31,1180,IVA acreditable,5373.18,0,IVA factura 18615,0D31216D-EE08-543E-66D9-6A6B0E005F87,
GL00716,2025-03-31,2100,Proveedores,0,38955.58,Factura 18615 Hidráulica Industrial S de RL de CV,0D31216D-EE08-543E-66D9-6A6B0E005F87,
GL00717,2025-03-31,6000,Gastos materia_prima,14500.5,0,Factura 28588 Pinturas Nuevo León SAPI de CV,97AAAB06-40E4-0862-ADBF-6052E6DA7BF2,
GL00718,2025-03-31,1180,IVA acreditable,2320.08,0,IVA factura 28588,97AAAB06-40E4-0862-ADBF-6052E6DA7BF2,
GL00719,2025-03-31,2100,Proveedores,0,16820.58,Factura 28588 Pinturas Nuevo León SAPI de CV,97AAAB06-40E4-0862-ADBF-6052E6DA7BF2,
GL00720,2025-03-31,2100,Proveedores,20126.0,0,Pago Pinturas Nuevo León SAPI de CV,6145AA5F-3EE6-965E-EFB4-339A8CC872A4,TX00107
GL00721,2025-03-31,1020,Bancos,0,20126.0,Pago Pinturas Nuevo León SAPI de CV,6145AA5F-3EE6-965E-EFB4-339A8CC872A4,TX00107
GL00722,2025-03-31,2100,Proveedores,19346.25,0,Pago Pinturas Nuevo León SAPI de CV,A0CDA384-2CEE-5D70-E410-B475C58EEF6D,TX00108
GL00723,2025-03-31,1020,Bancos,0,19346.25,Pago Pinturas Nuevo León SAPI de CV,A0CDA384-2CEE-5D70-E410-B475C58EEF6D,TX00108
GL00724,2025-03-31,6000,Gastos refacciones,6440,0,Factura 80636 Pinturas Escobedo S de RL de CV,E37D36B1-CF65-17B5-FA38-03580E59E2FD,
GL00725,2025-03-31,1180,IVA acreditable,1030.4,0,IVA factura 80636,E37D36B1-CF65-17B5-FA38-03580E59E2FD,
GL00726,2025-03-31,2100,Proveedores,0,7470.4,Factura 80636 Pinturas Escobedo S de RL de CV,E37D36B1-CF65-17B5-FA38-03580E59E2FD,
GL00727,2025-03-31,1200,Clientes,132177.71,0,Venta 1514 Envases Chapa S de RL de CV,BD02CFCB-F015-A73F-B787-B851D3A2F5DF,
GL00728,2025-03-31,4000,Ventas,0,113946.3,Venta 1514 Envases Chapa S de RL de CV,BD02CFCB-F015-A73F-B787-B851D3A2F5DF,
GL00729,2025-03-31,2180,IVA trasladado,0,18231.41,IVA venta 1514,BD02CFCB-F015-A73F-B787-B851D3A2F5DF,
GL00730,2025-03-31,1200,Clientes,391726.51,0,Venta 1529 Autopartes Quintanilla S de RL de CV,3794B95F-738D-8E73-9C1F-7FA8AB0BDE68,
GL00731,2025-03-31,4000,Ventas,0,337695.27,Venta 1529 Autopartes Quintanilla S de RL de CV,3794B95F-738D-8E73-9C1F-7FA8AB0BDE68,
GL00732,2025-03-31,2180,IVA trasladado,0,54031.24,IVA venta 1529,3794B95F-738D-8E73-9C1F-7FA8AB0BDE68,
GL00733,2025-03-31,1020,Bancos,390318.97,0,Cobro Autopartes Guerra S de RL de CV,5B33785F-9DDE-4299-6D26-BD017215C1E9,TX00109
GL00734,2025-03-31,1200,Clientes,0,390318.97,Cobro Autopartes Guerra S de RL de CV,5B33785F-9DDE-4299-6D26-BD017215C1E9,TX00109
GL00735,2025-03-31,1200,Clientes,173515.06,0,Venta 1619 Grupo Quintanilla S de RL de CV,6C67A2DE-0366-BE75-C4BA-954AE87D1BB6,
GL00736,2025-03-31,4000,Ventas,0,149581.95,Venta 1619 Grupo Quintanilla S de RL de CV,6C67A2DE-0366-BE75-C4BA-954AE87D1BB6,
GL00737,2025-03-31,2180,IVA trasladado,0,23933.11,IVA venta 1619,6C67A2DE-0366-BE75-C4BA-954AE87D1BB6,
GL00738,2025-04-01,6000,Gastos consumibles,76879.9,0,Factura 26340 Soldadura Regiomontana S de RL de CV,DBA3C906-17FE-7429-A781-F2407CD56811,
GL00739,2025-04-01,1180,IVA acreditable,12300.78,0,IVA factura 26340,DBA3C906-17FE-7429-A781-F2407CD56811,
GL00740,2025-04-01,2100,Proveedores,0,89180.68,Factura 26340 Soldadura Regiomontana S de RL de CV,DBA3C906-17FE-7429-A781-F2407CD56811,
GL00741,2025-04-01,6000,Gastos logistica,6210,0,Factura 61660 Suministros Guadalupe SA de CV,B6CFD5AA-E152-E01D-4A14-E44FB855F18D,
GL00742,2025-04-01,1180,IVA acreditable,993.6,0,IVA factura 61660,B6CFD5AA-E152-E01D-4A14-E44FB855F18D,
GL00743,2025-04-01,2100,Proveedores,0,7203.6,Factura 61660 Suministros Guadalupe SA de CV,B6CFD5AA-E152-E01D-4A14-E44FB855F18D,
GL00744,2025-04-01,6000,Gastos consumibles,168392.4,0,Factura 50544 Ferretera Santa Catarina SAPI de CV,DDAA1F92-C017-665D-909A-2CE1AE3C6FC1,
GL00745,2025-04-01,1180,IVA acreditable,26942.78,0,IVA factura 50544,DDAA1F92-C017-665D-909A-2CE1AE3C6FC1,
GL00746,2025-04-01,2100,Proveedores,0,195335.18,Factura 50544 Ferretera Santa Catarina SAPI de CV,DDAA1F92-C017-665D-909A-2CE1AE3C6FC1,
GL00747,2025-04-01,2100,Proveedores,66920.28,0,Pago Suministros Guadalupe SA de CV,833EE207-6790-FAE7-FBA4-5D05F152B60A,TX00110
GL00748,2025-04-01,1020,Bancos,0,66920.28,Pago Suministros Guadalupe SA de CV,833EE207-6790-FAE7-FBA4-5D05F152B60A,TX00110
GL00749,2025-04-01,6000,Gastos servicios,64000,0,Factura 43256 Gestoría y Enlace Santa Catarina S de RL de CV,E795BD2A-A84B-39AE-8C11-7FCFA34DFAA9,
GL00750,2025-04-01,1180,IVA acreditable,10240.0,0,IVA factura 43256,E795BD2A-A84B-39AE-8C11-7FCFA34DFAA9,
GL00751,2025-04-01,2100,Proveedores,0,74240.0,Factura 43256 Gestoría y Enlace Santa Catarina S de RL de CV,E795BD2A-A84B-39AE-8C11-7FCFA34DFAA9,
GL00752,2025-04-02,2100,Proveedores,41432.65,0,Pago Herramientas del Norte SAPI de CV,312F1F1A-D992-ED93-1A7B-F5688CAAC992,TX00111
GL00753,2025-04-02,1020,Bancos,0,41432.65,Pago Herramientas del Norte SAPI de CV,312F1F1A-D992-ED93-1A7B-F5688CAAC992,TX00111
GL00754,2025-04-03,2100,Proveedores,6347.98,0,Pago Suministros Guadalupe SA de CV,A5289E6B-3DBA-B496-8885-DB13D39A411E,TX00112
GL00755,2025-04-03,1020,Bancos,0,6347.98,Pago Suministros Guadalupe SA de CV,A5289E6B-3DBA-B496-8885-DB13D39A411E,TX00112
GL00756,2025-04-03,2100,Proveedores,11551.05,0,Pago Ferretera Guadalupe S de RL de CV,DE245710-DB14-8597-1D59-7E05F2112C0B,TX00113
GL00757,2025-04-03,1020,Bancos,0,11551.05,Pago Ferretera Guadalupe S de RL de CV,DE245710-DB14-8597-1D59-7E05F2112C0B,TX00113
GL00758,2025-04-03,6000,Gastos refacciones,15687.8,0,Factura 15742 Pinturas Escobedo S de RL de CV,F4828865-1412-0185-D880-E0C0F49006CF,
GL00759,2025-04-03,1180,IVA acreditable,2510.05,0,IVA factura 15742,F4828865-1412-0185-D880-E0C0F49006CF,
GL00760,2025-04-03,2100,Proveedores,0,18197.85,Factura 15742 Pinturas Escobedo S de RL de CV,F4828865-1412-0185-D880-E0C0F49006CF,
GL00761,2025-04-03,1020,Bancos,143913.27,0,Cobro Envases Elizondo SA de CV,16CC95BF-2FC1-31B8-F3B7-DB2B61DB052E,TX00114
GL00762,2025-04-03,1200,Clientes,0,143913.27,Cobro Envases Elizondo SA de CV,16CC95BF-2FC1-31B8-F3B7-DB2B61DB052E,TX00114
GL00763,2025-04-03,1020,Bancos,100316.6,0,Cobro Grupo Quintanilla S de RL de CV,77624F78-C16B-6C7E-EABC-AD2AC70A11D5,TX00115
GL00764,2025-04-03,1200,Clientes,0,100316.6,Cobro Grupo Quintanilla S de RL de CV,77624F78-C16B-6C7E-EABC-AD2AC70A11D5,TX00115
GL00765,2025-04-03,1020,Bancos,448100.96,0,Cobro Grupo Martínez SA de CV,FFA38FCA-CC20-FB39-DCD0-BC5E57760985,TX00116
GL00766,2025-04-03,1200,Clientes,0,448100.96,Cobro Grupo Martínez SA de CV,FFA38FCA-CC20-FB39-DCD0-BC5E57760985,TX00116
GL00767,2025-04-04,2100,Proveedores,4396.4,0,Pago Refacciones Regiomontana SAPI de CV,2264E054-1B22-73B5-620B-46B7F8E24B08,TX00117
GL00768,2025-04-04,1020,Bancos,0,4396.4,Pago Refacciones Regiomontana SAPI de CV,2264E054-1B22-73B5-620B-46B7F8E24B08,TX00117
GL00769,2025-04-04,2100,Proveedores,49882.78,0,Pago Metálica San Nicolás SA de CV,0412A224-ED5E-20FF-B8CE-2F58896C2696,TX00118
GL00770,2025-04-04,1020,Bancos,0,49882.78,Pago Metálica San Nicolás SA de CV,0412A224-ED5E-20FF-B8CE-2F58896C2696,TX00118
GL00771,2025-04-04,6000,Gastos servicios,29570.5,0,Factura 84277 Hidráulica Industrial S de RL de CV,92942BC8-E49F-F0FC-4D4D-9E9C4B2DAEA8,
GL00772,2025-04-04,1180,IVA acreditable,4731.28,0,IVA factura 84277,92942BC8-E49F-F0FC-4D4D-9E9C4B2DAEA8,
GL00773,2025-04-04,2100,Proveedores,0,34301.78,Factura 84277 Hidráulica Industrial S de RL de CV,92942BC8-E49F-F0FC-4D4D-9E9C4B2DAEA8,
GL00774,2025-04-04,1020,Bancos,362519.69,0,Cobro Envases Chapa S de RL de CV,AE29C599-4D69-F5B8-9F47-51B1A43022BD,TX00119
GL00775,2025-04-04,1200,Clientes,0,362519.69,Cobro Envases Chapa S de RL de CV,AE29C599-4D69-F5B8-9F47-51B1A43022BD,TX00119
GL00776,2025-04-04,1020,Bancos,399857.46,0,Cobro Autopartes Guerra SAPI de CV,CA14D539-EB4A-EA0C-314A-86103136A046,TX00120
GL00777,2025-04-04,1200,Clientes,0,399857.46,Cobro Autopartes Guerra SAPI de CV,CA14D539-EB4A-EA0C-314A-86103136A046,TX00120
GL00778,2025-04-04,1200,Clientes,150391.18,0,Venta 1594 Autopartes Chapa SAPI de CV,5E5F6A23-0559-9F20-A610-3DE24DC7622B,
GL00779,2025-04-04,4000,Ventas,0,129647.57,Venta 1594 Autopartes Chapa SAPI de CV,5E5F6A23-0559-9F20-A610-3DE24DC7622B,
GL00780,2025-04-04,2180,IVA trasladado,0,20743.61,IVA venta 1594,5E5F6A23-0559-9F20-A610-3DE24DC7622B,
GL00781,2025-04-07,2100,Proveedores,28768.58,0,Pago Metálica San Nicolás SA de CV,A32949CD-E374-ABA4-0986-E652774D9F80,TX00121
GL00782,2025-04-07,1020,Bancos,0,28768.58,Pago Metálica San Nicolás SA de CV,A32949CD-E374-ABA4-0986-E652774D9F80,TX00121
GL00783,2025-04-07,2100,Proveedores,12669.98,0,Pago Servicios Santa Catarina SAPI de CV,8CD76330-0863-060F-9F18-799B8B53ED6B,TX00122
GL00784,2025-04-07,1020,Bancos,0,12669.98,Pago Servicios Santa Catarina SAPI de CV,8CD76330-0863-060F-9F18-799B8B53ED6B,TX00122
GL00785,2025-04-07,6000,Gastos materia_prima,13567.8,0,Factura 7332 Empaques Apodaca SAPI de CV,A5BC2EBA-CA03-2526-47D9-815CA134A478,
GL00786,2025-04-07,1180,IVA acreditable,2170.85,0,IVA factura 7332,A5BC2EBA-CA03-2526-47D9-815CA134A478,
GL00787,2025-04-07,2100,Proveedores,0,15738.65,Factura 7332 Empaques Apodaca SAPI de CV,A5BC2EBA-CA03-2526-47D9-815CA134A478,
GL00788,2025-04-07,2100,Proveedores,28501.78,0,Pago Transportes Industrial S de RL de CV,DF195C4D-7145-F6BC-3172-DDA8B9B15585,TX00123
GL00789,2025-04-07,1020,Bancos,0,28501.78,Pago Transportes Industrial S de RL de CV,DF195C4D-7145-F6BC-3172-DDA8B9B15585,TX00123
GL00790,2025-04-07,6000,Gastos refacciones,9467.8,0,Factura 69368 Pinturas Escobedo S de RL de CV,8BE84F09-59C0-D4F8-B6EB-F0FA7E695728,
GL00791,2025-04-07,1180,IVA acreditable,1514.85,0,IVA factura 69368,8BE84F09-59C0-D4F8-B6EB-F0FA7E695728,
GL00792,2025-04-07,2100,Proveedores,0,10982.65,Factura 69368 Pinturas Escobedo S de RL de CV,8BE84F09-59C0-D4F8-B6EB-F0FA7E695728,
GL00793,2025-04-07,2100,Proveedores,10431.18,0,Pago Pinturas Escobedo S de RL de CV,8BA92943-63F6-FA72-0733-495702E93EE6,TX00124
GL00794,2025-04-07,1020,Bancos,0,10431.18,Pago Pinturas Escobedo S de RL de CV,8BA92943-63F6-FA72-0733-495702E93EE6,TX00124
GL00795,2025-04-07,2100,Proveedores,12470.0,0,Pago Pinturas Guadalupe S de RL de CV,196A26D8-E864-7898-CCAD-EA60D73074B7,TX00125
GL00796,2025-04-07,1020,Bancos,0,12470.0,Pago Pinturas Guadalupe S de RL de CV,196A26D8-E864-7898-CCAD-EA60D73074B7,TX00125
GL00797,2025-04-07,2100,Proveedores,17982.78,0,Pago Neumática Industrial S de RL de CV,AE6D026D-7682-D29B-B08B-901C87247910,TX00126
GL00798,2025-04-07,1020,Bancos,0,17982.78,Pago Neumática Industrial S de RL de CV,AE6D026D-7682-D29B-B08B-901C87247910,TX00126
GL00799,2025-04-07,1020,Bancos,232723.03,0,Cobro Envases Hernández SAPI de CV,0B863E96-7326-F8AD-52FC-DC224C01A766,TX00127
GL00800,2025-04-07,1200,Clientes,0,232723.03,Cobro Envases Hernández SAPI de CV,0B863E96-7326-F8AD-52FC-DC224C01A766,TX00127
GL00801,2025-04-07,1200,Clientes,408484.09,0,Venta 1602 Envases Quintanilla S de RL de CV,63C97B34-6CA3-4DD3-0C7F-2218ECD150C1,
GL00802,2025-04-07,4000,Ventas,0,352141.46,Venta 1602 Envases Quintanilla S de RL de CV,63C97B34-6CA3-4DD3-0C7F-2218ECD150C1,
GL00803,2025-04-07,2180,IVA trasladado,0,56342.63,IVA venta 1602,63C97B34-6CA3-4DD3-0C7F-2218ECD150C1,
GL00804,2025-04-07,6000,Gastos servicios,150000,0,Factura 25785 Industrias del Norte S de RL de CV,28102817-0D97-9313-55E6-545D38271C18,
GL00805,2025-04-07,1180,IVA acreditable,24000.0,0,IVA factura 25785,28102817-0D97-9313-55E6-545D38271C18,
GL00806,2025-04-07,2100,Proveedores,0,174000.0,Factura 25785 Industrias del Norte S de RL de CV,28102817-0D97-9313-55E6-545D38271C18,
GL00807,2025-04-07,2100,Proveedores,74240.0,0,Pago Gestoría y Enlace Santa Catarina S de RL de CV,E795BD2A-A84B-39AE-8C11-7FCFA34DFAA9,TX00128
GL00808,2025-04-07,1020,Bancos,0,74240.0,Pago Gestoría y Enlace Santa Catarina S de RL de CV,E795BD2A-A84B-39AE-8C11-7FCFA34DFAA9,TX00128
GL00809,2025-04-08,6000,Gastos logistica,10760.5,0,Factura 20327 Soldadura Guadalupe S de RL de CV,E3A8B231-42DC-8EE0-70CF-1EF08B658718,
GL00810,2025-04-08,1180,IVA acreditable,1721.68,0,IVA factura 20327,E3A8B231-42DC-8EE0-70CF-1EF08B658718,
GL00811,2025-04-08,2100,Proveedores,0,12482.18,Factura 20327 Soldadura Guadalupe S de RL de CV,E3A8B231-42DC-8EE0-70CF-1EF08B658718,
GL00812,2025-04-08,1020,Bancos,451281.06,0,Cobro Autopartes Quintanilla S de RL de CV,8D4FCA31-2D92-946B-D931-201A1905D63A,TX00129
GL00813,2025-04-08,1200,Clientes,0,451281.06,Cobro Autopartes Quintanilla S de RL de CV,8D4FCA31-2D92-946B-D931-201A1905D63A,TX00129
GL00814,2025-04-08,1020,Bancos,142604.77,0,Cobro Envases Quintanilla S de RL de CV,EFDF20BE-15E0-E401-6169-C33FE472083B,TX00130
GL00815,2025-04-08,1200,Clientes,0,142604.77,Cobro Envases Quintanilla S de RL de CV,EFDF20BE-15E0-E401-6169-C33FE472083B,TX00130
GL00816,2025-04-09,6000,Gastos renta_util,28760.5,0,Factura 65831 Metálica del Norte S de RL de CV,70488E85-C33C-48D8-9340-7FC01919E15B,
GL00817,2025-04-09,1180,IVA acreditable,4601.68,0,IVA factura 65831,70488E85-C33C-48D8-9340-7FC01919E15B,
GL00818,2025-04-09,2100,Proveedores,0,33362.18,Factura 65831 Metálica del Norte S de RL de CV,70488E85-C33C-48D8-9340-7FC01919E15B,
GL00819,2025-04-09,2100,Proveedores,20578.98,0,Pago Pinturas Nuevo León SAPI de CV,69CAB6B1-A2BC-00E3-A37B-F7A47CF7F10D,TX00131
GL00820,2025-04-09,1020,Bancos,0,20578.98,Pago Pinturas Nuevo León SAPI de CV,69CAB6B1-A2BC-00E3-A37B-F7A47CF7F10D,TX00131
GL00821,2025-04-09,6000,Gastos refacciones,19422.4,0,Factura 68532 Neumática Industrial S de RL de CV,4A3EBB6D-FBEF-EBCA-EF5E-BC3EB645DD72,
GL00822,2025-04-09,1180,IVA acreditable,3107.58,0,IVA factura 68532,4A3EBB6D-FBEF-EBCA-EF5E-BC3EB645DD72,
GL00823,2025-04-09,2100,Proveedores,0,22529.98,Factura 68532 Neumática Industrial S de RL de CV,4A3EBB6D-FBEF-EBCA-EF5E-BC3EB645DD72,
GL00824,2025-04-09,1200,Clientes,335538.38,0,Venta 1608 Envases Quintanilla S de RL de CV,CFC18B2B-11FD-C8B4-9D71-D5EC9E8B5B4E,
GL00825,2025-04-09,4000,Ventas,0,289257.22,Venta 1608 Envases Quintanilla S de RL de CV,CFC18B2B-11FD-C8B4-9D71-D5EC9E8B5B4E,
GL00826,2025-04-09,2180,IVA trasladado,0,46281.16,IVA venta 1608,CFC18B2B-11FD-C8B4-9D71-D5EC9E8B5B4E,
GL00827,2025-04-10,6000,Gastos renta_util,45159.9,0,Factura 45482 Metálica del Norte S de RL de CV,95B323DE-CFEE-6958-C9CD-FFC3CE3E94F8,
GL00828,2025-04-10,1180,IVA acreditable,7225.58,0,IVA factura 45482,95B323DE-CFEE-6958-C9CD-FFC3CE3E94F8,
GL00829,2025-04-10,2100,Proveedores,0,52385.48,Factura 45482 Metálica del Norte S de RL de CV,95B323DE-CFEE-6958-C9CD-FFC3CE3E94F8,
GL00830,2025-04-10,2100,Proveedores,16007.88,0,Pago Pinturas Guadalupe S de RL de CV,C44ACBE2-35E9-E530-DCA3-A692BF5F940F,TX00132
GL00831,2025-04-10,1020,Bancos,0,16007.88,Pago Pinturas Guadalupe S de RL de CV,C44ACBE2-35E9-E530-DCA3-A692BF5F940F,TX00132
GL00832,2025-04-10,6000,Gastos servicios,45420.5,0,Factura 52806 Empaques del Norte SAPI de CV,81EBFA28-7034-B860-59A4-29B8CDDE76C0,
GL00833,2025-04-10,1180,IVA acreditable,7267.28,0,IVA factura 52806,81EBFA28-7034-B860-59A4-29B8CDDE76C0,
GL00834,2025-04-10,2100,Proveedores,0,52687.78,Factura 52806 Empaques del Norte SAPI de CV,81EBFA28-7034-B860-59A4-29B8CDDE76C0,
GL00835,2025-04-10,2100,Proveedores,174000.0,0,Pago Industrias del Norte S de RL de CV,28102817-0D97-9313-55E6-545D38271C18,TX00133
GL00836,2025-04-10,1020,Bancos,0,174000.0,Pago Industrias del Norte S de RL de CV,28102817-0D97-9313-55E6-545D38271C18,TX00133
GL00837,2025-04-11,6000,Gastos logistica,11492.4,0,Factura 84620 Electrónica del Norte S de RL de CV,F9C64C08-3E5D-3272-E67E-86E51E33E788,
GL00838,2025-04-11,1180,IVA acreditable,1838.78,0,IVA factura 84620,F9C64C08-3E5D-3272-E67E-86E51E33E788,
GL00839,2025-04-11,2100,Proveedores,0,13331.18,Factura 84620 Electrónica del Norte S de RL de CV,F9C64C08-3E5D-3272-E67E-86E51E33E788,
GL00840,2025-04-11,2100,Proveedores,45620.25,0,Pago Transportes Industrial S de RL de CV,7FD747C0-BE38-3B75-E969-47A1F45D663E,TX00134
GL00841,2025-04-11,1020,Bancos,0,45620.25,Pago Transportes Industrial S de RL de CV,7FD747C0-BE38-3B75-E969-47A1F45D663E,TX00134
GL00842,2025-04-11,2100,Proveedores,8758.58,0,Pago Pinturas Nuevo León SAPI de CV,F6231792-DA92-4590-D40D-ED0FB0A2BDB2,TX00135
GL00843,2025-04-11,1020,Bancos,0,8758.58,Pago Pinturas Nuevo León SAPI de CV,F6231792-DA92-4590-D40D-ED0FB0A2BDB2,TX00135
GL00844,2025-04-11,1200,Clientes,304609.1,0,Venta 1534 Envases Elizondo SA de CV,B564F934-FC99-3E8E-2751-1B5230E9B658,
GL00845,2025-04-11,4000,Ventas,0,262594.05,Venta 1534 Envases Elizondo SA de CV,B564F934-FC99-3E8E-2751-1B5230E9B658,
GL00846,2025-04-11,2180,IVA trasladado,0,42015.05,IVA venta 1534,B564F934-FC99-3E8E-2751-1B5230E9B658,
GL00847,2025-04-11,1020,Bancos,313649.26,0,Cobro Envases Hernández SAPI de CV,6E2FBF29-18FD-BB81-4D21-2A8EE195FE0F,TX00136
GL00848,2025-04-11,1200,Clientes,0,313649.26,Cobro Envases Hernández SAPI de CV,6E2FBF29-18FD-BB81-4D21-2A8EE195FE0F,TX00136
GL00849,2025-04-11,6000,Gastos servicios,64000,0,Factura 2585 Gestoría y Enlace Santa Catarina S de RL de CV,2982DF3B-D4B4-ED65-6847-9968666231EF,
GL00850,2025-04-11,1180,IVA acreditable,10240.0,0,IVA factura 2585,2982DF3B-D4B4-ED65-6847-9968666231EF,
GL00851,2025-04-11,2100,Proveedores,0,74240.0,Factura 2585 Gestoría y Enlace Santa Catarina S de RL de CV,2982DF3B-D4B4-ED65-6847-9968666231EF,
GL00852,2025-04-14,6000,Gastos servicios,44467.8,0,Factura 60004 Metálica San Nicolás SA de CV,8AAFD712-C7C2-671F-C431-7101F69A86C4,
GL00853,2025-04-14,1180,IVA acreditable,7114.85,0,IVA factura 60004,8AAFD712-C7C2-671F-C431-7101F69A86C4,
GL00854,2025-04-14,2100,Proveedores,0,51582.65,Factura 60004 Metálica San Nicolás SA de CV,8AAFD712-C7C2-671F-C431-7101F69A86C4,
GL00855,2025-04-14,2100,Proveedores,10938.68,0,Pago Suministros Guadalupe SA de CV,EDD9170A-DED0-5C09-CF0C-220AA650C3AE,TX00137
GL00856,2025-04-14,1020,Bancos,0,10938.68,Pago Suministros Guadalupe SA de CV,EDD9170A-DED0-5C09-CF0C-220AA650C3AE,TX00137
GL00857,2025-04-14,2100,Proveedores,20070.78,0,Pago Refacciones Santa Catarina S de RL de CV,5223235F-1011-E03C-3BC8-F72528D01B73,TX00138
GL00858,2025-04-14,1020,Bancos,0,20070.78,Pago Refacciones Santa Catarina S de RL de CV,5223235F-1011-E03C-3BC8-F72528D01B73,TX00138
GL00859,2025-04-14,2100,Proveedores,55723.85,0,Pago Maquinados del Norte SAPI de CV,8087CFCD-290A-1413-6AE0-7F6F1C648101,TX00139
GL00860,2025-04-14,1020,Bancos,0,55723.85,Pago Maquinados del Norte SAPI de CV,8087CFCD-290A-1413-6AE0-7F6F1C648101,TX00139
GL00861,2025-04-14,2100,Proveedores,66169.18,0,Pago Empaques del Norte SAPI de CV,9588A3C9-FDED-72D9-42E3-D19CBEB8786D,TX00140
GL00862,2025-04-14,1020,Bancos,0,66169.18,Pago Empaques del Norte SAPI de CV,9588A3C9-FDED-72D9-42E3-D19CBEB8786D,TX00140
GL00863,2025-04-14,1200,Clientes,129019.81,0,Venta 1526 Autopartes Quintanilla S de RL de CV,A853DA43-FB1E-F2E3-1092-F06D3809753F,
GL00864,2025-04-14,4000,Ventas,0,111223.97,Venta 1526 Autopartes Quintanilla S de RL de CV,A853DA43-FB1E-F2E3-1092-F06D3809753F,
GL00865,2025-04-14,2180,IVA trasladado,0,17795.84,IVA venta 1526,A853DA43-FB1E-F2E3-1092-F06D3809753F,
GL00866,2025-04-14,1200,Clientes,64869.75,0,Venta 1585 Grupo Chapa S de RL de CV,BC9D64ED-0E02-8B42-C8A3-EBD1BC73153E,
GL00867,2025-04-14,4000,Ventas,0,55922.2,Venta 1585 Grupo Chapa S de RL de CV,BC9D64ED-0E02-8B42-C8A3-EBD1BC73153E,
GL00868,2025-04-14,2180,IVA trasladado,0,8947.55,IVA venta 1585,BC9D64ED-0E02-8B42-C8A3-EBD1BC73153E,
GL00869,2025-04-14,1020,Bancos,128497.68,0,Cobro Envases Quintanilla S de RL de CV,AF96D07D-64C0-D64C-6D40-6401A324EF1F,TX00141
GL00870,2025-04-14,1200,Clientes,0,128497.68,Cobro Envases Quintanilla S de RL de CV,AF96D07D-64C0-D64C-6D40-6401A324EF1F,TX00141
GL00871,2025-04-14,1200,Clientes,122749.68,0,Venta 1615 Grupo Quintanilla S de RL de CV,48131455-4F86-4209-7E68-F50737293959,
GL00872,2025-04-14,4000,Ventas,0,105818.69,Venta 1615 Grupo Quintanilla S de RL de CV,48131455-4F86-4209-7E68-F50737293959,
GL00873,2025-04-14,2180,IVA trasladado,0,16930.99,IVA venta 1615,48131455-4F86-4209-7E68-F50737293959,
GL00874,2025-04-14,6000,Gastos servicios,250000,0,Factura 27700 Industrias del Norte S de RL de CV,B8850C82-6074-EF4A-D2D4-91AB358FB814,
GL00875,2025-04-14,1180,IVA acreditable,40000.0,0,IVA factura 27700,B8850C82-6074-EF4A-D2D4-91AB358FB814,
GL00876,2025-04-14,2100,Proveedores,0,290000.0,Factura 27700 Industrias del Norte S de RL de CV,B8850C82-6074-EF4A-D2D4-91AB358FB814,
GL00877,2025-04-14,2100,Proveedores,74240.0,0,Pago Gestoría y Enlace Santa Catarina S de RL de CV,2982DF3B-D4B4-ED65-6847-9968666231EF,TX00142
GL00878,2025-04-14,1020,Bancos,0,74240.0,Pago Gestoría y Enlace Santa Catarina S de RL de CV,2982DF3B-D4B4-ED65-6847-9968666231EF,TX00142
GL00879,2025-04-15,6000,Gastos consumibles,166690,0,Factura 39289 Ferretera Santa Catarina SAPI de CV,06A1FD3A-0F48-452D-6238-C7493B76B261,
GL00880,2025-04-15,1180,IVA acreditable,26670.4,0,IVA factura 39289,06A1FD3A-0F48-452D-6238-C7493B76B261,
GL00881,2025-04-15,2100,Proveedores,0,193360.4,Factura 39289 Ferretera Santa Catarina SAPI de CV,06A1FD3A-0F48-452D-6238-C7493B76B261,
GL00882,2025-04-15,6000,Gastos materia_prima,22300.5,0,Factura 39782 Grupo Nuevo León SAPI de CV,72BDA7B6-4C95-3648-1C28-28AAA3C35386,
GL00883,2025-04-15,1180,IVA acreditable,3568.08,0,IVA factura 39782,72BDA7B6-4C95-3648-1C28-28AAA3C35386,
GL00884,2025-04-15,2100,Proveedores,0,25868.58,Factura 39782 Grupo Nuevo León SAPI de CV,72BDA7B6-4C95-3648-1C28-28AAA3C35386,
GL00885,2025-04-15,6000,Gastos refacciones,40167.8,0,Factura 35108 Transportes Industrial S de RL de CV,883BE9C3-C09D-B405-5762-61709F860BBF,
GL00886,2025-04-15,1180,IVA acreditable,6426.85,0,IVA factura 35108,883BE9C3-C09D-B405-5762-61709F860BBF,
GL00887,2025-04-15,2100,Proveedores,0,46594.65,Factura 35108 Transportes Industrial S de RL de CV,883BE9C3-C09D-B405-5762-61709F860BBF,
GL00888,2025-04-15,2100,Proveedores,34683.88,0,Pago Suministros Guadalupe SA de CV,66F9F6FC-EBCA-FCD2-04D9-A2C761F4A9A1,TX00143
GL00889,2025-04-15,1020,Bancos,0,34683.88,Pago Suministros Guadalupe SA de CV,66F9F6FC-EBCA-FCD2-04D9-A2C761F4A9A1,TX00143
GL00890,2025-04-15,1020,Bancos,375608.03,0,Cobro Envases Guerra S de RL de CV,15BEBB48-37B6-DFC2-458C-3B0982EADFE2,TX00144
GL00891,2025-04-15,1200,Clientes,0,375608.03,Cobro Envases Guerra S de RL de CV,15BEBB48-37B6-DFC2-458C-3B0982EADFE2,TX00144
GL00892,2025-04-16,2100,Proveedores,47351.78,0,Pago Soldadura Regiomontana S de RL de CV,9A58E1C2-8D7C-AD40-F6BE-CB57F7543DF7,TX00145
GL00893,2025-04-16,1020,Bancos,0,47351.78,Pago Soldadura Regiomontana S de RL de CV,9A58E1C2-8D7C-AD40-F6BE-CB57F7543DF7,TX00145
GL00894,2025-04-16,2100,Proveedores,11034.38,0,Pago Hidráulica Nuevo León SAPI de CV,4BE588CB-6193-0019-37F9-242BF84FEB85,TX00146
GL00895,2025-04-16,1020,Bancos,0,11034.38,Pago Hidráulica Nuevo León SAPI de CV,4BE588CB-6193-0019-37F9-242BF84FEB85,TX00146
GL00896,2025-04-16,2100,Proveedores,195335.18,0,Pago Ferretera Santa Catarina SAPI de CV,DDAA1F92-C017-665D-909A-2CE1AE3C6FC1,TX00147
GL00897,2025-04-16,1020,Bancos,0,195335.18,Pago Ferretera Santa Catarina SAPI de CV,DDAA1F92-C017-665D-909A-2CE1AE3C6FC1,TX00147
GL00898,2025-04-17,2100,Proveedores,9338.58,0,Pago Suministros Guadalupe SA de CV,A74D52C3-9E5C-2563-3D9B-D5C5DA5C0757,TX00148
GL00899,2025-04-17,1020,Bancos,0,9338.58,Pago Suministros Guadalupe SA de CV,A74D52C3-9E5C-2563-3D9B-D5C5DA5C0757,TX00148
GL00900,2025-04-17,6000,Gastos materia_prima,26390,0,Factura 69167 Pinturas Nuevo León SAPI de CV,4DD0AB74-D257-0290-F616-EC6F704DD17E,
GL00901,2025-04-17,1180,IVA acreditable,4222.4,0,IVA factura 69167,4DD0AB74-D257-0290-F616-EC6F704DD17E,
GL00902,2025-04-17,2100,Proveedores,0,30612.4,Factura 69167 Pinturas Nuevo León SAPI de CV,4DD0AB74-D257-0290-F616-EC6F704DD17E,
GL00903,2025-04-17,6000,Gastos servicios,48000,0,Factura 70811 Gestoría y Enlace Santa Catarina S de RL de CV,690080D1-C7F3-13DC-BF7B-F4E127BC639B,
GL00904,2025-04-17,1180,IVA acreditable,7680.0,0,IVA factura 70811,690080D1-C7F3-13DC-BF7B-F4E127BC639B,
GL00905,2025-04-17,2100,Proveedores,0,55680.0,Factura 70811 Gestoría y Enlace Santa Catarina S de RL de CV,690080D1-C7F3-13DC-BF7B-F4E127BC639B,
GL00906,2025-04-18,2100,Proveedores,9115.05,0,Pago Electrónica del Norte S de RL de CV,D346ACF6-5EA6-9EFA-0C04-78144437BA94,TX00149
GL00907,2025-04-18,1020,Bancos,0,9115.05,Pago Electrónica del Norte S de RL de CV,D346ACF6-5EA6-9EFA-0C04-78144437BA94,TX00149
GL00908,2025-04-18,2100,Proveedores,18197.85,0,Pago Pinturas Escobedo S de RL de CV,F4828865-1412-0185-D880-E0C0F49006CF,TX00150
GL00909,2025-04-18,1020,Bancos,0,18197.85,Pago Pinturas Escobedo S de RL de CV,F4828865-1412-0185-D880-E0C0F49006CF,TX00150
GL00910,2025-04-18,2100,Proveedores,87647.05,0,Pago Metálica del Norte SA de CV,F0DB62D4-DC5B-AD91-9867-C0BC4C101C6F,TX00151
GL00911,2025-04-18,1020,Bancos,0,87647.05,Pago Metálica del Norte SA de CV,F0DB62D4-DC5B-AD91-9867-C0BC4C101C6F,TX00151
GL00912,2025-04-21,6000,Gastos renta_util,29269.9,0,Factura 22066 Distribuidora del Norte S de RL de CV,D7127F9A-726D-1214-50A5-AA39FA82E27F,
GL00913,2025-04-21,1180,IVA acreditable,4683.18,0,IVA factura 22066,D7127F9A-726D-1214-50A5-AA39FA82E27F,
GL00914,2025-04-21,2100,Proveedores,0,33953.08,Factura 22066 Distribuidora del Norte S de RL de CV,D7127F9A-726D-1214-50A5-AA39FA82E27F,
GL00915,2025-04-21,2100,Proveedores,99785.98,0,Pago Soldadura Regiomontana S de RL de CV,27693E9F-435F-A8CB-FBF4-F9FC088EDC17,TX00152
GL00916,2025-04-21,1020,Bancos,0,99785.98,Pago Soldadura Regiomontana S de RL de CV,27693E9F-435F-A8CB-FBF4-F9FC088EDC17,TX00152
GL00917,2025-04-21,2100,Proveedores,89180.68,0,Pago Soldadura Regiomontana S de RL de CV,DBA3C906-17FE-7429-A781-F2407CD56811,TX00153
GL00918,2025-04-21,1020,Bancos,0,89180.68,Pago Soldadura Regiomontana S de RL de CV,DBA3C906-17FE-7429-A781-F2407CD56811,TX00153
GL00919,2025-04-21,6000,Gastos servicios,17357.8,0,Factura 10108 Metálica San Nicolás SA de CV,EA8C141F-AC9B-9C04-38C7-F02DA4C41298,
GL00920,2025-04-21,1180,IVA acreditable,2777.25,0,IVA factura 10108,EA8C141F-AC9B-9C04-38C7-F02DA4C41298,
GL00921,2025-04-21,2100,Proveedores,0,20135.05,Factura 10108 Metálica San Nicolás SA de CV,EA8C141F-AC9B-9C04-38C7-F02DA4C41298,
GL00922,2025-04-21,2100,Proveedores,6881.58,0,Pago Suministros Guadalupe SA de CV,BF908686-CD4B-DA27-D467-83392672D903,TX00154
GL00923,2025-04-21,1020,Bancos,0,6881.58,Pago Suministros Guadalupe SA de CV,BF908686-CD4B-DA27-D467-83392672D903,TX00154
GL00924,2025-04-21,2100,Proveedores,7203.6,0,Pago Suministros Guadalupe SA de CV,B6CFD5AA-E152-E01D-4A14-E44FB855F18D,TX00155
GL00925,2025-04-21,1020,Bancos,0,7203.6,Pago Suministros Guadalupe SA de CV,B6CFD5AA-E152-E01D-4A14-E44FB855F18D,TX00155
GL00926,2025-04-21,6000,Gastos materia_prima,14560.5,0,Factura 58804 Hidráulica Nuevo León SAPI de CV,0961938C-AF24-D47E-9034-FC79624E6314,
GL00927,2025-04-21,1180,IVA acreditable,2329.68,0,IVA factura 58804,0961938C-AF24-D47E-9034-FC79624E6314,
GL00928,2025-04-21,2100,Proveedores,0,16890.18,Factura 58804 Hidráulica Nuevo León SAPI de CV,0961938C-AF24-D47E-9034-FC79624E6314,
GL00929,2025-04-21,2100,Proveedores,18072.8,0,Pago Refacciones Santa Catarina S de RL de CV,7C2FF658-BD06-397A-AA15-73C572C896B8,TX00156
GL00930,2025-04-21,1020,Bancos,0,18072.8,Pago Refacciones Santa Catarina S de RL de CV,7C2FF658-BD06-397A-AA15-73C572C896B8,TX00156
GL00931,2025-04-21,2100,Proveedores,14625.05,0,Pago Empaques Apodaca SAPI de CV,52081DE2-FA84-6D4C-F00A-0E4DA4DF27C3,TX00157
GL00932,2025-04-21,1020,Bancos,0,14625.05,Pago Empaques Apodaca SAPI de CV,52081DE2-FA84-6D4C-F00A-0E4DA4DF27C3,TX00157
GL00933,2025-04-21,2100,Proveedores,16820.58,0,Pago Pinturas Nuevo León SAPI de CV,97AAAB06-40E4-0862-ADBF-6052E6DA7BF2,TX00158
GL00934,2025-04-21,1020,Bancos,0,16820.58,Pago Pinturas Nuevo León SAPI de CV,97AAAB06-40E4-0862-ADBF-6052E6DA7BF2,TX00158
GL00935,2025-04-21,6000,Gastos refacciones,17097.8,0,Factura 23482 Pinturas Escobedo S de RL de CV,DE3904AA-9CA4-202B-983A-EC318EF03A8F,
GL00936,2025-04-21,1180,IVA acreditable,2735.65,0,IVA factura 23482,DE3904AA-9CA4-202B-983A-EC318EF03A8F,
GL00937,2025-04-21,2100,Proveedores,0,19833.45,Factura 23482 Pinturas Escobedo S de RL de CV,DE3904AA-9CA4-202B-983A-EC318EF03A8F,
GL00938,2025-04-21,1200,Clientes,291413.11,0,Venta 1549 Autopartes Guerra S de RL de CV,07022D04-17B3-020D-69AD-74002A80FB52,
GL00939,2025-04-21,4000,Ventas,0,251218.2,Venta 1549 Autopartes Guerra S de RL de CV,07022D04-17B3-020D-69AD-74002A80FB52,
GL00940,2025-04-21,2180,IVA trasladado,0,40194.91,IVA venta 1549,07022D04-17B3-020D-69AD-74002A80FB52,
GL00941,2025-04-21,1200,Clientes,123224.67,0,Venta 1581 Grupo Chapa S de RL de CV,CCAB53FC-1616-9C28-A38C-E77B02D4DDC2,
GL00942,2025-04-21,4000,Ventas,0,106228.16,Venta 1581 Grupo Chapa S de RL de CV,CCAB53FC-1616-9C28-A38C-E77B02D4DDC2,
GL00943,2025-04-21,2180,IVA trasladado,0,16996.51,IVA venta 1581,CCAB53FC-1616-9C28-A38C-E77B02D4DDC2,
GL00944,2025-04-21,1020,Bancos,362422.04,0,Cobro Grupo Quintanilla S de RL de CV,AE4EB627-971A-CC18-8770-BD0D3EB5D0C8,TX00159
GL00945,2025-04-21,1200,Clientes,0,362422.04,Cobro Grupo Quintanilla S de RL de CV,AE4EB627-971A-CC18-8770-BD0D3EB5D0C8,TX00159
GL00946,2025-04-21,1200,Clientes,385286.98,0,Venta 1638 Construcciones Sada S de RL de CV,7144B8E0-ABDE-39C0-5FA0-9302E939A567,
GL00947,2025-04-21,4000,Ventas,0,332143.95,Venta 1638 Construcciones Sada S de RL de CV,7144B8E0-ABDE-39C0-5FA0-9302E939A567,
GL00948,2025-04-21,2180,IVA trasladado,0,53143.03,IVA venta 1638,7144B8E0-ABDE-39C0-5FA0-9302E939A567,
GL00949,2025-04-21,2100,Proveedores,290000.0,0,Pago Industrias del Norte S de RL de CV,B8850C82-6074-EF4A-D2D4-91AB358FB814,TX00160
GL00950,2025-04-21,1020,Bancos,0,290000.0,Pago Industrias del Norte S de RL de CV,B8850C82-6074-EF4A-D2D4-91AB358FB814,TX00160
GL00951,2025-04-21,6000,Gastos servicios,85000,0,Factura 15936 Industrias del Norte S de RL de CV,3104C9E4-F64E-D2D5-FB71-7900F1362AE0,
GL00952,2025-04-21,1180,IVA acreditable,13600.0,0,IVA factura 15936,3104C9E4-F64E-D2D5-FB71-7900F1362AE0,
GL00953,2025-04-21,2100,Proveedores,0,98600.0,Factura 15936 Industrias del Norte S de RL de CV,3104C9E4-F64E-D2D5-FB71-7900F1362AE0,
GL00954,2025-04-21,6000,Gastos servicios,250000,0,Factura 9284 Neumática Santa Catarina SAPI de CV,D4A4E0F6-507C-F4AE-43A6-7D09BF517E78,
GL00955,2025-04-21,1180,IVA acreditable,40000.0,0,IVA factura 9284,D4A4E0F6-507C-F4AE-43A6-7D09BF517E78,
GL00956,2025-04-21,2100,Proveedores,0,290000.0,Factura 9284 Neumática Santa Catarina SAPI de CV,D4A4E0F6-507C-F4AE-43A6-7D09BF517E78,
GL00957,2025-04-21,2100,Proveedores,55680.0,0,Pago Gestoría y Enlace Santa Catarina S de RL de CV,690080D1-C7F3-13DC-BF7B-F4E127BC639B,TX00161
GL00958,2025-04-21,1020,Bancos,0,55680.0,Pago Gestoría y Enlace Santa Catarina S de RL de CV,690080D1-C7F3-13DC-BF7B-F4E127BC639B,TX00161
GL00959,2025-04-21,6000,Gastos consumibles,18590.5,0,Factura 5912 Maquinados Regiomontana S de RL de CV,85B16F00-EEC9-AEB1-B024-AAE2E890FF09,
GL00960,2025-04-21,1180,IVA acreditable,2974.48,0,IVA factura 5912,85B16F00-EEC9-AEB1-B024-AAE2E890FF09,
GL00961,2025-04-21,2100,Proveedores,0,21564.98,Factura 5912 Maquinados Regiomontana S de RL de CV,85B16F00-EEC9-AEB1-B024-AAE2E890FF09,
GL00962,2025-04-22,2100,Proveedores,59334.58,0,Pago Distribuidora del Norte S de RL de CV,CEB46C9A-B7D9-30D9-462A-14A0A2F4F723,TX00162
GL00963,2025-04-22,1020,Bancos,0,59334.58,Pago Distribuidora del Norte S de RL de CV,CEB46C9A-B7D9-30D9-462A-14A0A2F4F723,TX00162
GL00964,2025-04-22,2100,Proveedores,5696.18,0,Pago Soldadura Guadalupe S de RL de CV,B86DF018-C1D5-49B5-4525-590EFBDA9C15,TX00163
GL00965,2025-04-22,1020,Bancos,0,5696.18,Pago Soldadura Guadalupe S de RL de CV,B86DF018-C1D5-49B5-4525-590EFBDA9C15,TX00163
GL00966,2025-04-22,2100,Proveedores,50170.58,0,Pago Herramientas del Norte SAPI de CV,73938CAE-53DD-4022-E24E-34BB9FB127CA,TX00164
GL00967,2025-04-22,1020,Bancos,0,50170.58,Pago Herramientas del Norte SAPI de CV,73938CAE-53DD-4022-E24E-34BB9FB127CA,TX00164
GL00968,2025-04-23,6000,Gastos refacciones,4190.5,0,Factura 54729 Neumática del Norte SA de CV,526DC30F-366F-4F2A-DFA9-9CB569C64982,
GL00969,2025-04-23,1180,IVA acreditable,670.48,0,IVA factura 54729,526DC30F-366F-4F2A-DFA9-9CB569C64982,
GL00970,2025-04-23,2100,Proveedores,0,4860.98,Factura 54729 Neumática del Norte SA de CV,526DC30F-366F-4F2A-DFA9-9CB569C64982,
GL00971,2025-04-23,2100,Proveedores,113935.08,0,Pago Suministros Guadalupe SA de CV,A452532B-E17D-8AB3-4F22-913A0F7978B6,TX00165
GL00972,2025-04-23,1020,Bancos,0,113935.08,Pago Suministros Guadalupe SA de CV,A452532B-E17D-8AB3-4F22-913A0F7978B6,TX00165
GL00973,2025-04-24,6000,Gastos refacciones,10122.4,0,Factura 10714 Neumática Industrial S de RL de CV,9118A7DC-3CCC-C0C3-2730-41B2A747A28E,
GL00974,2025-04-24,1180,IVA acreditable,1619.58,0,IVA factura 10714,9118A7DC-3CCC-C0C3-2730-41B2A747A28E,
GL00975,2025-04-24,2100,Proveedores,0,11741.98,Factura 10714 Neumática Industrial S de RL de CV,9118A7DC-3CCC-C0C3-2730-41B2A747A28E,
GL00976,2025-04-25,6000,Gastos refacciones,47569.9,0,Factura 78297 Suministros Guadalupe SA de CV,2F356962-FE67-DB95-8D69-BBEE779A92DC,
GL00977,2025-04-25,1180,IVA acreditable,7611.18,0,IVA factura 78297,2F356962-FE67-DB95-8D69-BBEE779A92DC,
GL00978,2025-04-25,2100,Proveedores,0,55181.08,Factura 78297 Suministros Guadalupe SA de CV,2F356962-FE67-DB95-8D69-BBEE779A92DC,
GL00979,2025-04-25,6000,Gastos servicios,200000,0,Factura 7292 Industrias del Norte S de RL de CV,BD9A7846-02FB-5D6B-BF80-5A8A9155CB16,
GL00980,2025-04-25,1180,IVA acreditable,32000.0,0,IVA factura 7292,BD9A7846-02FB-5D6B-BF80-5A8A9155CB16,
GL00981,2025-04-25,2100,Proveedores,0,232000.0,Factura 7292 Industrias del Norte S de RL de CV,BD9A7846-02FB-5D6B-BF80-5A8A9155CB16,
GL00982,2025-04-25,2100,Proveedores,98600.0,0,Pago Industrias del Norte S de RL de CV,3104C9E4-F64E-D2D5-FB71-7900F1362AE0,TX00166
GL00983,2025-04-25,1020,Bancos,0,98600.0,Pago Industrias del Norte S de RL de CV,3104C9E4-F64E-D2D5-FB71-7900F1362AE0,TX00166
GL00984,2025-04-28,2100,Proveedores,46689.88,0,Pago Servicios Nuevo León SA de CV,224D3032-7AE7-46A5-BD00-BDA01048A51E,TX00167
GL00985,2025-04-28,1020,Bancos,0,46689.88,Pago Servicios Nuevo León SA de CV,224D3032-7AE7-46A5-BD00-BDA01048A51E,TX00167
GL00986,2025-04-28,2100,Proveedores,24000.4,0,Pago Hidráulica Nuevo León SAPI de CV,C1C8D207-B7A1-07F9-59B2-C0D9815FBF41,TX00168
GL00987,2025-04-28,1020,Bancos,0,24000.4,Pago Hidráulica Nuevo León SAPI de CV,C1C8D207-B7A1-07F9-59B2-C0D9815FBF41,TX00168
GL00988,2025-04-28,2100,Proveedores,9880.65,0,Pago Servicios Santa Catarina SAPI de CV,42556041-F5B2-AEEB-CA36-FF192F72F5F3,TX00169
GL00989,2025-04-28,1020,Bancos,0,9880.65,Pago Servicios Santa Catarina SAPI de CV,42556041-F5B2-AEEB-CA36-FF192F72F5F3,TX00169
GL00990,2025-04-28,6000,Gastos servicios,11199.9,0,Factura 48518 Ferretera Guadalupe S de RL de CV,452D0345-8133-44CE-B279-B66ECFE50F7F,
GL00991,2025-04-28,1180,IVA acreditable,1791.98,0,IVA factura 48518,452D0345-8133-44CE-B279-B66ECFE50F7F,
GL00992,2025-04-28,2100,Proveedores,0,12991.88,Factura 48518 Ferretera Guadalupe S de RL de CV,452D0345-8133-44CE-B279-B66ECFE50F7F,
GL00993,2025-04-28,6000,Gastos servicios,8370,0,Factura 52050 Ferretera Guadalupe S de RL de CV,E4E87582-22C4-A141-7C77-C033CB13C790,
GL00994,2025-04-28,1180,IVA acreditable,1339.2,0,IVA factura 52050,E4E87582-22C4-A141-7C77-C033CB13C790,
GL00995,2025-04-28,2100,Proveedores,0,9709.2,Factura 52050 Ferretera Guadalupe S de RL de CV,E4E87582-22C4-A141-7C77-C033CB13C790,
GL00996,2025-04-28,6000,Gastos refacciones,28920.5,0,Factura 82105 Suministros Guadalupe SA de CV,4A7D9232-AA1B-DC2D-5C18-0535C726968E,
GL00997,2025-04-28,1180,IVA acreditable,4627.28,0,IVA factura 82105,4A7D9232-AA1B-DC2D-5C18-0535C726968E,
GL00998,2025-04-28,2100,Proveedores,0,33547.78,Factura 82105 Suministros Guadalupe SA de CV,4A7D9232-AA1B-DC2D-5C18-0535C726968E,
GL00999,2025-04-28,6000,Gastos refacciones,76517.8,0,Factura 27599 Suministros Guadalupe SA de CV,DE526CF3-33CD-E969-8397-9CEC0DFD9B53,
GL01000,2025-04-28,1180,IVA acreditable,12242.85,0,IVA factura 27599,DE526CF3-33CD-E969-8397-9CEC0DFD9B53,
GL01001,2025-04-28,2100,Proveedores,0,88760.65,Factura 27599 Suministros Guadalupe SA de CV,DE526CF3-33CD-E969-8397-9CEC0DFD9B53,
GL01002,2025-04-28,2100,Proveedores,52687.78,0,Pago Empaques del Norte SAPI de CV,81EBFA28-7034-B860-59A4-29B8CDDE76C0,TX00170
GL01003,2025-04-28,1020,Bancos,0,52687.78,Pago Empaques del Norte SAPI de CV,81EBFA28-7034-B860-59A4-29B8CDDE76C0,TX00170
GL01004,2025-04-28,1020,Bancos,432903.32,0,Cobro Envases Elizondo SA de CV,A1732AE4-4655-FE42-085C-417D54DC855F,TX00171
GL01005,2025-04-28,1200,Clientes,0,432903.32,Cobro Envases Elizondo SA de CV,A1732AE4-4655-FE42-085C-417D54DC855F,TX00171
GL01006,2025-04-28,1200,Clientes,95270.74,0,Venta 1577 Autopartes Guerra SAPI de CV,DDD4A67A-AC74-69BC-92AA-577E77A85DF0,
GL01007,2025-04-28,4000,Ventas,0,82129.95,Venta 1577 Autopartes Guerra SAPI de CV,DDD4A67A-AC74-69BC-92AA-577E77A85DF0,
GL01008,2025-04-28,2180,IVA trasladado,0,13140.79,IVA venta 1577,DDD4A67A-AC74-69BC-92AA-577E77A85DF0,
GL01009,2025-04-28,1200,Clientes,252267.28,0,Venta 1598 Envases Quintanilla S de RL de CV,2983F25E-FDBF-6EDC-DC50-03570A818BC0,
GL01010,2025-04-28,4000,Ventas,0,217471.79,Venta 1598 Envases Quintanilla S de RL de CV,2983F25E-FDBF-6EDC-DC50-03570A818BC0,
GL01011,2025-04-28,2180,IVA trasladado,0,34795.49,IVA venta 1598,2983F25E-FDBF-6EDC-DC50-03570A818BC0,
GL01012,2025-04-28,1200,Clientes,120701.34,0,Venta 1614 Grupo Quintanilla S de RL de CV,4BB44588-86A6-4E9A-B00C-554D354EBD00,
GL01013,2025-04-28,4000,Ventas,0,104052.88,Venta 1614 Grupo Quintanilla S de RL de CV,4BB44588-86A6-4E9A-B00C-554D354EBD00,
GL01014,2025-04-28,2180,IVA trasladado,0,16648.46,IVA venta 1614,4BB44588-86A6-4E9A-B00C-554D354EBD00,
GL01015,2025-04-28,6100,Sueldos y salarios,421709.35,0,Nómina,,TX00172
GL01016,2025-04-28,1020,Bancos,0,421709.35,Nómina,,TX00172
GL01017,2025-04-28,2100,Proveedores,232000.0,0,Pago Industrias del Norte S de RL de CV,BD9A7846-02FB-5D6B-BF80-5A8A9155CB16,TX00173
GL01018,2025-04-28,1020,Bancos,0,232000.0,Pago Industrias del Norte S de RL de CV,BD9A7846-02FB-5D6B-BF80-5A8A9155CB16,TX00173
GL01019,2025-04-28,6000,Gastos servicios,120000,0,Factura 94687 Industrias del Norte S de RL de CV,6BE8189C-0137-E8EB-0787-65D4135848F0,
GL01020,2025-04-28,1180,IVA acreditable,19200.0,0,IVA factura 94687,6BE8189C-0137-E8EB-0787-65D4135848F0,
GL01021,2025-04-28,2100,Proveedores,0,139200.0,Factura 94687 Industrias del Norte S de RL de CV,6BE8189C-0137-E8EB-0787-65D4135848F0,
GL01022,2025-04-28,2100,Proveedores,290000.0,0,Pago Neumática Santa Catarina SAPI de CV,D4A4E0F6-507C-F4AE-43A6-7D09BF517E78,TX00174
GL01023,2025-04-28,1020,Bancos,0,290000.0,Pago Neumática Santa Catarina SAPI de CV,D4A4E0F6-507C-F4AE-43A6-7D09BF517E78,TX00174
GL01024,2025-04-28,2100,Proveedores,21831.43,0,Pago Maquinados Regiomontana S de RL de CV,DCD749F1-8C3E-D2A2-AB83-732152BA9560,TX00175
GL01025,2025-04-28,1020,Bancos,0,21831.43,Pago Maquinados Regiomontana S de RL de CV,DCD749F1-8C3E-D2A2-AB83-732152BA9560,TX00175
GL01026,2025-04-29,6000,Gastos refacciones,22479.9,0,Factura 28284 Servicios Santa Catarina SAPI de CV,B687872B-BE82-A004-DB2F-368D0DBA6E25,
GL01027,2025-04-29,1180,IVA acreditable,3596.78,0,IVA factura 28284,B687872B-BE82-A004-DB2F-368D0DBA6E25,
GL01028,2025-04-29,2100,Proveedores,0,26076.68,Factura 28284 Servicios Santa Catarina SAPI de CV,B687872B-BE82-A004-DB2F-368D0DBA6E25,
GL01029,2025-04-29,6000,Gastos servicios,53332.4,0,Factura 40464 Refacciones Industrial S de RL de CV,8F043FBC-F669-3CE4-9C59-7138C841FA96,
GL01030,2025-04-29,1180,IVA acreditable,8533.18,0,IVA factura 40464,8F043FBC-F669-3CE4-9C59-7138C841FA96,
GL01031,2025-04-29,2100,Proveedores,0,61865.58,Factura 40464 Refacciones Industrial S de RL de CV,8F043FBC-F669-3CE4-9C59-7138C841FA96,
GL01032,2025-04-30,2100,Proveedores,13725.58,0,Pago Pinturas Escobedo S de RL de CV,9F140BC1-F593-9946-5AFD-94A70C05C3B6,TX00176
GL01033,2025-04-30,1020,Bancos,0,13725.58,Pago Pinturas Escobedo S de RL de CV,9F140BC1-F593-9946-5AFD-94A70C05C3B6,TX00176
GL01034,2025-04-30,1020,Bancos,408484.09,0,Cobro Envases Quintanilla S de RL de CV,63C97B34-6CA3-4DD3-0C7F-2218ECD150C1,TX00177
GL01035,2025-04-30,1200,Clientes,0,408484.09,Cobro Envases Quintanilla S de RL de CV,63C97B34-6CA3-4DD3-0C7F-2218ECD150C1,TX00177
GL01036,2025-05-01,6000,Gastos materia_prima,12730,0,Factura 31456 Pinturas Nuevo León SAPI de CV,FD4A63FA-5380-CE26-FA2B-0D67FBD688C6,
GL01037,2025-05-01,1180,IVA acreditable,2036.8,0,IVA factura 31456,FD4A63FA-5380-CE26-FA2B-0D67FBD688C6,
GL01038,2025-05-01,2100,Proveedores,0,14766.8,Factura 31456 Pinturas Nuevo León SAPI de CV,FD4A63FA-5380-CE26-FA2B-0D67FBD688C6,
GL01039,2025-05-01,2100,Proveedores,19404.25,0,Pago Pinturas Guadalupe S de RL de CV,F68EBA45-24DF-16FE-A290-20D8A3315B40,TX00178
GL01040,2025-05-01,1020,Bancos,0,19404.25,Pago Pinturas Guadalupe S de RL de CV,F68EBA45-24DF-16FE-A290-20D8A3315B40,TX00178
GL01041,2025-05-01,6000,Gastos refacciones,7397.8,0,Factura 93992 Neumática Industrial S de RL de CV,FB2A2171-BD2D-0039-513A-F9665FD14FA7,
GL01042,2025-05-01,1180,IVA acreditable,1183.65,0,IVA factura 93992,FB2A2171-BD2D-0039-513A-F9665FD14FA7,
GL01043,2025-05-01,2100,Proveedores,0,8581.45,Factura 93992 Neumática Industrial S de RL de CV,FB2A2171-BD2D-0039-513A-F9665FD14FA7,
GL01044,2025-05-02,2100,Proveedores,31387.05,0,Pago Herramientas del Norte SAPI de CV,46523CF3-D099-5C33-D51C-F2FEF9F23CD8,TX00179
GL01045,2025-05-02,1020,Bancos,0,31387.05,Pago Herramientas del Norte SAPI de CV,46523CF3-D099-5C33-D51C-F2FEF9F23CD8,TX00179
GL01046,2025-05-02,2100,Proveedores,7470.4,0,Pago Pinturas Escobedo S de RL de CV,E37D36B1-CF65-17B5-FA38-03580E59E2FD,TX00180
GL01047,2025-05-02,1020,Bancos,0,7470.4,Pago Pinturas Escobedo S de RL de CV,E37D36B1-CF65-17B5-FA38-03580E59E2FD,TX00180
GL01048,2025-05-02,6000,Gastos refacciones,105357.8,0,Factura 27663 Suministros Guadalupe SA de CV,B51935EE-B1C8-EFE9-D36C-AEEB64663439,
GL01049,2025-05-02,1180,IVA acreditable,16857.25,0,IVA factura 27663,B51935EE-B1C8-EFE9-D36C-AEEB64663439,
GL01050,2025-05-02,2100,Proveedores,0,122215.05,Factura 27663 Suministros Guadalupe SA de CV,B51935EE-B1C8-EFE9-D36C-AEEB64663439,
GL01051,2025-05-02,1200,Clientes,459746.96,0,Venta 1501 Envases Guerra S de RL de CV,40E7E254-2052-1505-8F98-2BDC818419AA,
GL01052,2025-05-02,4000,Ventas,0,396333.59,Venta 1501 Envases Guerra S de RL de CV,40E7E254-2052-1505-8F98-2BDC818419AA,
GL01053,2025-05-02,2180,IVA trasladado,0,63413.37,IVA venta 1501,40E7E254-2052-1505-8F98-2BDC818419AA,
GL01054,2025-05-02,2100,Proveedores,139200.0,0,Pago Industrias del Norte S de RL de CV,6BE8189C-0137-E8EB-0787-65D4135848F0,TX00181
GL01055,2025-05-02,1020,Bancos,0,139200.0,Pago Industrias del Norte S de RL de CV,6BE8189C-0137-E8EB-0787-65D4135848F0,TX00181
GL01056,2025-05-05,2100,Proveedores,52385.48,0,Pago Metálica del Norte S de RL de CV,95B323DE-CFEE-6958-C9CD-FFC3CE3E94F8,TX00182
GL01057,2025-05-05,1020,Bancos,0,52385.48,Pago Metálica del Norte S de RL de CV,95B323DE-CFEE-6958-C9CD-FFC3CE3E94F8,TX00182
GL01058,2025-05-05,2100,Proveedores,51582.65,0,Pago Metálica San Nicolás SA de CV,8AAFD712-C7C2-671F-C431-7101F69A86C4,TX00183
GL01059,2025-05-05,1020,Bancos,0,51582.65,Pago Metálica San Nicolás SA de CV,8AAFD712-C7C2-671F-C431-7101F69A86C4,TX00183
GL01060,2025-05-05,6000,Gastos consumibles,51117.8,0,Factura 53768 Servicios Nuevo León SA de CV,F2426F91-DB85-88A0-EDF2-A878790E64B6,
GL01061,2025-05-05,1180,IVA acreditable,8178.85,0,IVA factura 53768,F2426F91-DB85-88A0-EDF2-A878790E64B6,
GL01062,2025-05-05,2100,Proveedores,0,59296.65,Factura 53768 Servicios Nuevo León SA de CV,F2426F91-DB85-88A0-EDF2-A878790E64B6,
GL01063,2025-05-05,2100,Proveedores,34301.78,0,Pago Hidráulica Industrial S de RL de CV,92942BC8-E49F-F0FC-4D4D-9E9C4B2DAEA8,TX00184
GL01064,2025-05-05,1020,Bancos,0,34301.78,Pago Hidráulica Industrial S de RL de CV,92942BC8-E49F-F0FC-4D4D-9E9C4B2DAEA8,TX00184
GL01065,2025-05-05,6000,Gastos refacciones,12217.8,0,Factura 47276 Pinturas Escobedo S de RL de CV,2D53520C-D6A6-A194-50D3-6B8178FAEB5B,
GL01066,2025-05-05,1180,IVA acreditable,1954.85,0,IVA factura 47276,2D53520C-D6A6-A194-50D3-6B8178FAEB5B,
GL01067,2025-05-05,2100,Proveedores,0,14172.65,Factura 47276 Pinturas Escobedo S de RL de CV,2D53520C-D6A6-A194-50D3-6B8178FAEB5B,
GL01068,2025-05-05,6000,Gastos servicios,91552.4,0,Factura 76725 Refacciones Industrial S de RL de CV,AB91FEF3-D251-7A8F-6E6E-3F4BEAAEA42D,
GL01069,2025-05-05,1180,IVA acreditable,14648.38,0,IVA factura 76725,AB91FEF3-D251-7A8F-6E6E-3F4BEAAEA42D,
GL01070,2025-05-05,2100,Proveedores,0,106200.78,Factura 76725 Refacciones Industrial S de RL de CV,AB91FEF3-D251-7A8F-6E6E-3F4BEAAEA42D,
GL01071,2025-05-05,6000,Gastos refacciones,25870,0,Factura 94569 Neumática Industrial S de RL de CV,BFFACF9D-ED50-5485-9D97-E5A1DD23A405,
GL01072,2025-05-05,1180,IVA acreditable,4139.2,0,IVA factura 94569,BFFACF9D-ED50-5485-9D97-E5A1DD23A405,
GL01073,2025-05-05,2100,Proveedores,0,30009.2,Factura 94569 Neumática Industrial S de RL de CV,BFFACF9D-ED50-5485-9D97-E5A1DD23A405,
GL01074,2025-05-05,1200,Clientes,325882.8,0,Venta 1522 Autopartes Quintanilla S de RL de CV,E1524B89-2428-9354-939C-0939432A6D57,
GL01075,2025-05-05,4000,Ventas,0,280933.45,Venta 1522 Autopartes Quintanilla S de RL de CV,E1524B89-2428-9354-939C-0939432A6D57,
GL01076,2025-05-05,2180,IVA trasladado,0,44949.35,IVA venta 1522,E1524B89-2428-9354-939C-0939432A6D57,
GL01077,2025-05-05,1020,Bancos,64869.75,0,Cobro Grupo Chapa S de RL de CV,BC9D64ED-0E02-8B42-C8A3-EBD1BC73153E,TX00185
GL01078,2025-05-05,1200,Clientes,0,64869.75,Cobro Grupo Chapa S de RL de CV,BC9D64ED-0E02-8B42-C8A3-EBD1BC73153E,TX00185
GL01079,2025-05-06,6000,Gastos servicios,25667.8,0,Factura 32993 Grupo San Nicolás SA de CV,D49CDA0D-7F3A-532C-1EAE-B2637095CA2C,
GL01080,2025-05-06,1180,IVA acreditable,4106.85,0,IVA factura 32993,D49CDA0D-7F3A-532C-1EAE-B2637095CA2C,
GL01081,2025-05-06,2100,Proveedores,0,29774.65,Factura 32993 Grupo San Nicolás SA de CV,D49CDA0D-7F3A-532C-1EAE-B2637095CA2C,
GL01082,2025-05-06,2100,Proveedores,1515.63,0,Pago Soldadura Regiomontana S de RL de CV,CDB0B572-9686-8785-4CEB-AEB965C35BB2,TX00186
GL01083,2025-05-06,1020,Bancos,0,1515.63,Pago Soldadura Regiomontana S de RL de CV,CDB0B572-9686-8785-4CEB-AEB965C35BB2,TX00186
GL01084,2025-05-07,2100,Proveedores,40539.45,0,Pago Suministros Guadalupe SA de CV,C4C4C700-2053-DF44-7707-1F7039117456,TX00187
GL01085,2025-05-07,1020,Bancos,0,40539.45,Pago Suministros Guadalupe SA de CV,C4C4C700-2053-DF44-7707-1F7039117456,TX00187
GL01086,2025-05-07,6000,Gastos servicios,76309.9,0,Factura 12343 Refacciones Industrial S de RL de CV,9DCE24AB-3686-57DD-72D8-E7C4A2B4736D,
GL01087,2025-05-07,1180,IVA acreditable,12209.58,0,IVA factura 12343,9DCE24AB-3686-57DD-72D8-E7C4A2B4736D,
GL01088,2025-05-07,2100,Proveedores,0,88519.48,Factura 12343 Refacciones Industrial S de RL de CV,9DCE24AB-3686-57DD-72D8-E7C4A2B4736D,
GL01089,2025-05-07,1020,Bancos,48844.84,0,Cobro Autopartes Guerra SAPI de CV,8C7AD216-E124-E9EF-6C98-0155B3142567,TX00188
GL01090,2025-05-07,1200,Clientes,0,48844.84,Cobro Autopartes Guerra SAPI de CV,8C7AD216-E124-E9EF-6C98-0155B3142567,TX00188
GL01091,2025-05-07,6000,Gastos consumibles,18374.84,0,Factura 62206 Maquinados Regiomontana S de RL de CV,1D9865E4-B142-34B4-6DCD-66648EF5670C,
GL01092,2025-05-07,1180,IVA acreditable,2939.97,0,IVA factura 62206,1D9865E4-B142-34B4-6DCD-66648EF5670C,
GL01093,2025-05-07,2100,Proveedores,0,21314.81,Factura 62206 Maquinados Regiomontana S de RL de CV,1D9865E4-B142-34B4-6DCD-66648EF5670C,
GL01094,2025-05-08,1020,Bancos,316717.85,0,Cobro Construcciones Martínez SAPI de CV,4806BF82-94D2-F5DE-BC5F-68A837B8C17A,TX00189
GL01095,2025-05-08,1200,Clientes,0,316717.85,Cobro Construcciones Martínez SAPI de CV,4806BF82-94D2-F5DE-BC5F-68A837B8C17A,TX00189
GL01096,2025-05-09,2100,Proveedores,193360.4,0,Pago Ferretera Santa Catarina SAPI de CV,06A1FD3A-0F48-452D-6238-C7493B76B261,TX00190
GL01097,2025-05-09,1020,Bancos,0,193360.4,Pago Ferretera Santa Catarina SAPI de CV,06A1FD3A-0F48-452D-6238-C7493B76B261,TX00190
GL01098,2025-05-09,2100,Proveedores,38955.58,0,Pago Hidráulica Industrial S de RL de CV,0D31216D-EE08-543E-66D9-6A6B0E005F87,TX00191
GL01099,2025-05-09,1020,Bancos,0,38955.58,Pago Hidráulica Industrial S de RL de CV,0D31216D-EE08-543E-66D9-6A6B0E005F87,TX00191
GL01100,2025-05-09,1200,Clientes,433698.58,0,Venta 1566 Autopartes Guerra SAPI de CV,BEFAF74C-DCF9-E4F7-D78D-5E5B2B51E65B,
GL01101,2025-05-09,4000,Ventas,0,373878.09,Venta 1566 Autopartes Guerra SAPI de CV,BEFAF74C-DCF9-E4F7-D78D-5E5B2B51E65B,
GL01102,2025-05-09,2180,IVA trasladado,0,59820.49,IVA venta 1566,BEFAF74C-DCF9-E4F7-D78D-5E5B2B51E65B,
GL01103,2025-05-12,6000,Gastos logistica,9477.8,0,Factura 41498 Soldadura Guadalupe S de RL de CV,96960EDA-7321-AA43-05DA-1A327CE8C6ED,
GL01104,2025-05-12,1180,IVA acreditable,1516.45,0,IVA factura 41498,96960EDA-7321-AA43-05DA-1A327CE8C6ED,
GL01105,2025-05-12,2100,Proveedores,0,10994.25,Factura 41498 Soldadura Guadalupe S de RL de CV,96960EDA-7321-AA43-05DA-1A327CE8C6ED,
GL01106,2025-05-12,6000,Gastos servicios,49000,0,Factura 78265 Grupo San Nicolás SA de CV,B7AEA3D4-E77F-A5D6-79FF-94D40321ABC2,
GL01107,2025-05-12,1180,IVA acreditable,7840.0,0,IVA factura 78265,B7AEA3D4-E77F-A5D6-79FF-94D40321ABC2,
GL01108,2025-05-12,2100,Proveedores,0,56840.0,Factura 78265 Grupo San Nicolás SA de CV,B7AEA3D4-E77F-A5D6-79FF-94D40321ABC2,
GL01109,2025-05-12,6000,Gastos logistica,12147.8,0,Factura 12478 Electrónica del Norte S de RL de CV,9045303A-E35C-4287-F3FB-D118F3B25B17,
GL01110,2025-05-12,1180,IVA acreditable,1943.65,0,IVA factura 12478,9045303A-E35C-4287-F3FB-D118F3B25B17,
GL01111,2025-05-12,2100,Proveedores,0,14091.45,Factura 12478 Electrónica del Norte S de RL de CV,9045303A-E35C-4287-F3FB-D118F3B25B17,
GL01112,2025-05-12,2100,Proveedores,13331.18,0,Pago Electrónica del Norte S de RL de CV,F9C64C08-3E5D-3272-E67E-86E51E33E788,TX00192
GL01113,2025-05-12,1020,Bancos,0,13331.18,Pago Electrónica del Norte S de RL de CV,F9C64C08-3E5D-3272-E67E-86E51E33E788,TX00192
GL01114,2025-05-12,6000,Gastos refacciones,23710,0,Factura 15912 Servicios Santa Catarina SAPI de CV,A24C2205-2FF3-DCD1-9A06-85C22FAD3468,
GL01115,2025-05-12,1180,IVA acreditable,3793.6,0,IVA factura 15912,A24C2205-2FF3-DCD1-9A06-85C22FAD3468,
GL01116,2025-05-12,2100,Proveedores,0,27503.6,Factura 15912 Servicios Santa Catarina SAPI de CV,A24C2205-2FF3-DCD1-9A06-85C22FAD3468,
GL01117,2025-05-12,6000,Gastos servicios,99169.9,0,Factura 46311 Refacciones Industrial S de RL de CV,ED01F9DE-24A7-C633-ECB1-E26CF597563A,
GL01118,2025-05-12,1180,IVA acreditable,15867.18,0,IVA factura 46311,ED01F9DE-24A7-C633-ECB1-E26CF597563A,
GL01119,2025-05-12,2100,Proveedores,0,115037.08,Factura 46311 Refacciones Industrial S de RL de CV,ED01F9DE-24A7-C633-ECB1-E26CF597563A,
GL01120,2025-05-12,6000,Gastos refacciones,8800,0,Factura 37670 Neumática Industrial S de RL de CV,9D62B81F-B0FC-D420-C6BA-A643F8F32A95,
GL01121,2025-05-12,1180,IVA acreditable,1408.0,0,IVA factura 37670,9D62B81F-B0FC-D420-C6BA-A643F8F32A95,
GL01122,2025-05-12,2100,Proveedores,0,10208.0,Factura 37670 Neumática Industrial S de RL de CV,9D62B81F-B0FC-D420-C6BA-A643F8F32A95,
GL01123,2025-05-12,2100,Proveedores,22529.98,0,Pago Neumática Industrial S de RL de CV,4A3EBB6D-FBEF-EBCA-EF5E-BC3EB645DD72,TX00193
GL01124,2025-05-12,1020,Bancos,0,22529.98,Pago Neumática Industrial S de RL de CV,4A3EBB6D-FBEF-EBCA-EF5E-BC3EB645DD72,TX00193
GL01125,2025-05-12,1020,Bancos,129019.81,0,Cobro Autopartes Quintanilla S de RL de CV,A853DA43-FB1E-F2E3-1092-F06D3809753F,TX00194
GL01126,2025-05-12,1200,Clientes,0,129019.81,Cobro Autopartes Quintanilla S de RL de CV,A853DA43-FB1E-F2E3-1092-F06D3809753F,TX00194
GL01127,2025-05-12,1020,Bancos,291413.11,0,Cobro Autopartes Guerra S de RL de CV,07022D04-17B3-020D-69AD-74002A80FB52,TX00195
GL01128,2025-05-12,1200,Clientes,0,291413.11,Cobro Autopartes Guerra S de RL de CV,07022D04-17B3-020D-69AD-74002A80FB52,TX00195
GL01129,2025-05-12,1200,Clientes,111398.45,0,Venta 1561 Envases Martínez S de RL de CV,CA7B1C0C-05A7-8B53-B507-E3E7DB6F3825,
GL01130,2025-05-12,4000,Ventas,0,96033.15,Venta 1561 Envases Martínez S de RL de CV,CA7B1C0C-05A7-8B53-B507-E3E7DB6F3825,
GL01131,2025-05-12,2180,IVA trasladado,0,15365.3,IVA venta 1561,CA7B1C0C-05A7-8B53-B507-E3E7DB6F3825,
GL01132,2025-05-12,1200,Clientes,303804.26,0,Venta 1574 Autopartes Guerra SAPI de CV,73BBE033-597E-8A62-6AC8-89DC180823F4,
GL01133,2025-05-12,4000,Ventas,0,261900.22,Venta 1574 Autopartes Guerra SAPI de CV,73BBE033-597E-8A62-6AC8-89DC180823F4,
GL01134,2025-05-12,2180,IVA trasladado,0,41904.04,IVA venta 1574,73BBE033-597E-8A62-6AC8-89DC180823F4,
GL01135,2025-05-12,1020,Bancos,173515.06,0,Cobro Grupo Quintanilla S de RL de CV,6C67A2DE-0366-BE75-C4BA-954AE87D1BB6,TX00196
GL01136,2025-05-12,1200,Clientes,0,173515.06,Cobro Grupo Quintanilla S de RL de CV,6C67A2DE-0366-BE75-C4BA-954AE87D1BB6,TX00196
GL01137,2025-05-12,1020,Bancos,160795.52,0,Cobro Grupo Martínez SA de CV,6A910736-ED3C-3BB2-29B1-B66D75DE4E6D,TX00197
GL01138,2025-05-12,1200,Clientes,0,160795.52,Cobro Grupo Martínez SA de CV,6A910736-ED3C-3BB2-29B1-B66D75DE4E6D,TX00197
GL01139,2025-05-12,2100,Proveedores,21564.98,0,Pago Maquinados Regiomontana S de RL de CV,85B16F00-EEC9-AEB1-B024-AAE2E890FF09,TX00198
GL01140,2025-05-12,1020,Bancos,0,21564.98,Pago Maquinados Regiomontana S de RL de CV,85B16F00-EEC9-AEB1-B024-AAE2E890FF09,TX00198
GL01141,2025-05-13,6000,Gastos materia_prima,25389.9,0,Factura 34653 Empaques Apodaca SAPI de CV,9D6DF827-1EB8-816F-7083-1B3B1E6DF350,
GL01142,2025-05-13,1180,IVA acreditable,4062.38,0,IVA factura 34653,9D6DF827-1EB8-816F-7083-1B3B1E6DF350,
GL01143,2025-05-13,2100,Proveedores,0,29452.28,Factura 34653 Empaques Apodaca SAPI de CV,9D6DF827-1EB8-816F-7083-1B3B1E6DF350,
GL01144,2025-05-13,2100,Proveedores,15738.65,0,Pago Empaques Apodaca SAPI de CV,A5BC2EBA-CA03-2526-47D9-815CA134A478,TX00199
GL01145,2025-05-13,1020,Bancos,0,15738.65,Pago Empaques Apodaca SAPI de CV,A5BC2EBA-CA03-2526-47D9-815CA134A478,TX00199
GL01146,2025-05-13,1020,Bancos,336397.81,0,Cobro Envases Hernández SAPI de CV,00E6E561-0DE0-FD2E-FF45-012ED1B9B457,TX00200
GL01147,2025-05-13,1200,Clientes,0,336397.81,Cobro Envases Hernández SAPI de CV,00E6E561-0DE0-FD2E-FF45-012ED1B9B457,TX00200
GL01148,2025-05-14,1200,Clientes,259088.15,0,Venta 1508 Envases Guerra SA de CV,88BA90F7-2E65-541E-6566-81CE61CFA87F,
GL01149,2025-05-14,4000,Ventas,0,223351.85,Venta 1508 Envases Guerra SA de CV,88BA90F7-2E65-541E-6566-81CE61CFA87F,
GL01150,2025-05-14,2180,IVA trasladado,0,35736.3,IVA venta 1508,88BA90F7-2E65-541E-6566-81CE61CFA87F,
GL01151,2025-05-14,1020,Bancos,132177.71,0,Cobro Envases Chapa S de RL de CV,BD02CFCB-F015-A73F-B787-B851D3A2F5DF,TX00201
GL01152,2025-05-14,1200,Clientes,0,132177.71,Cobro Envases Chapa S de RL de CV,BD02CFCB-F015-A73F-B787-B851D3A2F5DF,TX00201
GL01153,2025-05-14,1200,Clientes,426735.05,0,Venta 1570 Autopartes Guerra SAPI de CV,63625759-53A1-15B8-6417-2AFE21C9E13C,
GL01154,2025-05-14,4000,Ventas,0,367875.04,Venta 1570 Autopartes Guerra SAPI de CV,63625759-53A1-15B8-6417-2AFE21C9E13C,
GL01155,2025-05-14,2180,IVA trasladado,0,58860.01,IVA venta 1570,63625759-53A1-15B8-6417-2AFE21C9E13C,
GL01156,2025-05-15,6000,Gastos materia_prima,18922.4,0,Factura 4362 Hidráulica Nuevo León SAPI de CV,2B56CEB1-58DD-E915-8DBE-90E01D593D3A,
GL01157,2025-05-15,1180,IVA acreditable,3027.58,0,IVA factura 4362,2B56CEB1-58DD-E915-8DBE-90E01D593D3A,
GL01158,2025-05-15,2100,Proveedores,0,21949.98,Factura 4362 Hidráulica Nuevo León SAPI de CV,2B56CEB1-58DD-E915-8DBE-90E01D593D3A,
GL01159,2025-05-15,2100,Proveedores,16890.18,0,Pago Hidráulica Nuevo León SAPI de CV,0961938C-AF24-D47E-9034-FC79624E6314,TX00202
GL01160,2025-05-15,1020,Bancos,0,16890.18,Pago Hidráulica Nuevo León SAPI de CV,0961938C-AF24-D47E-9034-FC79624E6314,TX00202
GL01161,2025-05-15,2100,Proveedores,10982.65,0,Pago Pinturas Escobedo S de RL de CV,8BE84F09-59C0-D4F8-B6EB-F0FA7E695728,TX00203
GL01162,2025-05-15,1020,Bancos,0,10982.65,Pago Pinturas Escobedo S de RL de CV,8BE84F09-59C0-D4F8-B6EB-F0FA7E695728,TX00203
GL01163,2025-05-15,1200,Clientes,179434.96,0,Venta 1540 Construcciones Martínez SAPI de CV,28CF6A87-063E-653E-2CE3-7441DD42E31B,
GL01164,2025-05-15,4000,Ventas,0,154685.31,Venta 1540 Construcciones Martínez SAPI de CV,28CF6A87-063E-653E-2CE3-7441DD42E31B,
GL01165,2025-05-15,2180,IVA trasladado,0,24749.65,IVA venta 1540,28CF6A87-063E-653E-2CE3-7441DD42E31B,
GL01166,2025-05-15,1200,Clientes,49025.51,0,Venta 1620 Grupo Quintanilla S de RL de CV,E5CB5AD2-C99E-A83D-0166-C44CE9BAC0C1,
GL01167,2025-05-15,4000,Ventas,0,42263.37,Venta 1620 Grupo Quintanilla S de RL de CV,E5CB5AD2-C99E-A83D-0166-C44CE9BAC0C1,
GL01168,2025-05-15,2180,IVA trasladado,0,6762.14,IVA venta 1620,E5CB5AD2-C99E-A83D-0166-C44CE9BAC0C1,
GL01169,2025-05-16,2100,Proveedores,33362.18,0,Pago Metálica del Norte S de RL de CV,70488E85-C33C-48D8-9340-7FC01919E15B,TX00204
GL01170,2025-05-16,1020,Bancos,0,33362.18,Pago Metálica del Norte S de RL de CV,70488E85-C33C-48D8-9340-7FC01919E15B,TX00204
GL01171,2025-05-16,2100,Proveedores,46594.65,0,Pago Transportes Industrial S de RL de CV,883BE9C3-C09D-B405-5762-61709F860BBF,TX00205
GL01172,2025-05-16,1020,Bancos,0,46594.65,Pago Transportes Industrial S de RL de CV,883BE9C3-C09D-B405-5762-61709F860BBF,TX00205
GL01173,2025-05-19,6000,Gastos consumibles,54097.8,0,Factura 17067 Soldadura Regiomontana S de RL de CV,066D1E8D-E2A6-50B9-F79C-33224D924E2B,
GL01174,2025-05-19,1180,IVA acreditable,8655.65,0,IVA factura 17067,066D1E8D-E2A6-50B9-F79C-33224D924E2B,
GL01175,2025-05-19,2100,Proveedores,0,62753.45,Factura 17067 Soldadura Regiomontana S de RL de CV,066D1E8D-E2A6-50B9-F79C-33224D924E2B,
GL01176,2025-05-19,6000,Gastos renta_util,49989.9,0,Factura 49975 Metálica del Norte S de RL de CV,DE19EB95-4742-9BA2-8549-F950FA318EB4,
GL01177,2025-05-19,1180,IVA acreditable,7998.38,0,IVA factura 49975,DE19EB95-4742-9BA2-8549-F950FA318EB4,
GL01178,2025-05-19,2100,Proveedores,0,57988.28,Factura 49975 Metálica del Norte S de RL de CV,DE19EB95-4742-9BA2-8549-F950FA318EB4,
GL01179,2025-05-19,6000,Gastos refacciones,24250.5,0,Factura 51891 Servicios Santa Catarina SAPI de CV,83438698-86F9-7292-8AD7-FF025C6FC589,
GL01180,2025-05-19,1180,IVA acreditable,3880.08,0,IVA factura 51891,83438698-86F9-7292-8AD7-FF025C6FC589,
GL01181,2025-05-19,2100,Proveedores,0,28130.58,Factura 51891 Servicios Santa Catarina SAPI de CV,83438698-86F9-7292-8AD7-FF025C6FC589,
GL01182,2025-05-19,6000,Gastos consumibles,183240.5,0,Factura 59743 Ferretera Santa Catarina SAPI de CV,2628FDA3-7BF1-5D68-666B-D860375215CF,
GL01183,2025-05-19,1180,IVA acreditable,29318.48,0,IVA factura 59743,2628FDA3-7BF1-5D68-666B-D860375215CF,
GL01184,2025-05-19,2100,Proveedores,0,212558.98,Factura 59743 Ferretera Santa Catarina SAPI de CV,2628FDA3-7BF1-5D68-666B-D860375215CF,
GL01185,2025-05-19,6000,Gastos refacciones,49600,0,Factura 86862 Transportes Industrial S de RL de CV,7D982D9A-8892-3A5A-992D-4F4463D20C4D,
GL01186,2025-05-19,1180,IVA acreditable,7936.0,0,IVA factura 86862,7D982D9A-8892-3A5A-992D-4F4463D20C4D,
GL01187,2025-05-19,2100,Proveedores,0,57536.0,Factura 86862 Transportes Industrial S de RL de CV,7D982D9A-8892-3A5A-992D-4F4463D20C4D,
GL01188,2025-05-19,1020,Bancos,120701.34,0,Cobro Grupo Quintanilla S de RL de CV,4BB44588-86A6-4E9A-B00C-554D354EBD00,TX00206
GL01189,2025-05-19,1200,Clientes,0,120701.34,Cobro Grupo Quintanilla S de RL de CV,4BB44588-86A6-4E9A-B00C-554D354EBD00,TX00206
GL01190,2025-05-19,1020,Bancos,93768.09,0,Cobro Construcciones Sada S de RL de CV,21739B4E-3BBC-8806-CA0C-7686E315358C,TX00207
GL01191,2025-05-19,1200,Clientes,0,93768.09,Cobro Construcciones Sada S de RL de CV,21739B4E-3BBC-8806-CA0C-7686E315358C,TX00207
GL01192,2025-05-19,6000,Gastos servicios,120000,0,Factura 7166 Neumática Santa Catarina SAPI de CV,F5FC167B-7078-F31F-AD7E-C9EF6643E855,
GL01193,2025-05-19,1180,IVA acreditable,19200.0,0,IVA factura 7166,F5FC167B-7078-F31F-AD7E-C9EF6643E855,
GL01194,2025-05-19,2100,Proveedores,0,139200.0,Factura 7166 Neumática Santa Catarina SAPI de CV,F5FC167B-7078-F31F-AD7E-C9EF6643E855,
GL01195,2025-05-20,6000,Gastos refacciones,76380.5,0,Factura 19832 Suministros Guadalupe SA de CV,0C83BB78-EC87-619C-CB89-4FEE1FFF4CC7,
GL01196,2025-05-20,1180,IVA acreditable,12220.88,0,IVA factura 19832,0C83BB78-EC87-619C-CB89-4FEE1FFF4CC7,
GL01197,2025-05-20,2100,Proveedores,0,88601.38,Factura 19832 Suministros Guadalupe SA de CV,0C83BB78-EC87-619C-CB89-4FEE1FFF4CC7,
GL01198,2025-05-20,6000,Gastos servicios,84492.4,0,Factura 37458 Empaques del Norte SAPI de CV,69574C35-0235-231B-F129-BCA131E3E74D,
GL01199,2025-05-20,1180,IVA acreditable,13518.78,0,IVA factura 37458,69574C35-0235-231B-F129-BCA131E3E74D,
GL01200,2025-05-20,2100,Proveedores,0,98011.18,Factura 37458 Empaques del Norte SAPI de CV,69574C35-0235-231B-F129-BCA131E3E74D,
GL01201,2025-05-20,1200,Clientes,121148.28,0,Venta 1596 Envases Quintanilla S de RL de CV,2E9C6F2B-13BD-99D6-D314-2786394525BB,
GL01202,2025-05-20,4000,Ventas,0,104438.17,Venta 1596 Envases Quintanilla S de RL de CV,2E9C6F2B-13BD-99D6-D314-2786394525BB,
GL01203,2025-05-20,2180,IVA trasladado,0,16710.11,IVA venta 1596,2E9C6F2B-13BD-99D6-D314-2786394525BB,
GL01204,2025-05-20,1200,Clientes,265967.06,0,Venta 1623 Construcciones Zambrano S de RL de CV,D4C4D798-0E78-425B-FF91-23ADAF8FD342,
GL01205,2025-05-20,4000,Ventas,0,229281.95,Venta 1623 Construcciones Zambrano S de RL de CV,D4C4D798-0E78-425B-FF91-23ADAF8FD342,
GL01206,2025-05-20,2180,IVA trasladado,0,36685.11,IVA venta 1623,D4C4D798-0E78-425B-FF91-23ADAF8FD342,
GL01207,2025-05-21,2100,Proveedores,59296.65,0,Pago Servicios Nuevo León SA de CV,F2426F91-DB85-88A0-EDF2-A878790E64B6,TX00208
GL01208,2025-05-21,1020,Bancos,0,59296.65,Pago Servicios Nuevo León SA de CV,F2426F91-DB85-88A0-EDF2-A878790E64B6,TX00208
GL01209,2025-05-21,6000,Gastos logistica,9749.9,0,Factura 4678 Electrónica del Norte S de RL de CV,C9B66967-3876-457D-9E1D-D8A8DCF4C0B5,
GL01210,2025-05-21,1180,IVA acreditable,1559.98,0,IVA factura 4678,C9B66967-3876-457D-9E1D-D8A8DCF4C0B5,
GL01211,2025-05-21,2100,Proveedores,0,11309.88,Factura 4678 Electrónica del Norte S de RL de CV,C9B66967-3876-457D-9E1D-D8A8DCF4C0B5,
GL01212,2025-05-21,6000,Gastos servicios,87549.9,0,Factura 51840 Hidráulica Industrial S de RL de CV,7ED56DEA-2526-E14B-238B-343F83FDCC03,
GL01213,2025-05-21,1180,IVA acreditable,14007.98,0,IVA factura 51840,7ED56DEA-2526-E14B-238B-343F83FDCC03,
GL01214,2025-05-21,2100,Proveedores,0,101557.88,Factura 51840 Hidráulica Industrial S de RL de CV,7ED56DEA-2526-E14B-238B-343F83FDCC03,
GL01215,2025-05-21,6000,Gastos materia_prima,7782.4,0,Factura 92164 Grupo Nuevo León SAPI de CV,0A06147D-33B0-0016-8BE0-CFD75ED07976,
GL01216,2025-05-21,1180,IVA acreditable,1245.18,0,IVA factura 92164,0A06147D-33B0-0016-8BE0-CFD75ED07976,
GL01217,2025-05-21,2100,Proveedores,0,9027.58,Factura 92164 Grupo Nuevo León SAPI de CV,0A06147D-33B0-0016-8BE0-CFD75ED07976,
GL01218,2025-05-21,2100,Proveedores,12991.88,0,Pago Ferretera Guadalupe S de RL de CV,452D0345-8133-44CE-B279-B66ECFE50F7F,TX00209
GL01219,2025-05-21,1020,Bancos,0,12991.88,Pago Ferretera Guadalupe S de RL de CV,452D0345-8133-44CE-B279-B66ECFE50F7F,TX00209
GL01220,2025-05-21,2100,Proveedores,30612.4,0,Pago Pinturas Nuevo León SAPI de CV,4DD0AB74-D257-0290-F616-EC6F704DD17E,TX00210
GL01221,2025-05-21,1020,Bancos,0,30612.4,Pago Pinturas Nuevo León SAPI de CV,4DD0AB74-D257-0290-F616-EC6F704DD17E,TX00210
GL01222,2025-05-22,2100,Proveedores,12482.18,0,Pago Soldadura Guadalupe S de RL de CV,E3A8B231-42DC-8EE0-70CF-1EF08B658718,TX00211
GL01223,2025-05-22,1020,Bancos,0,12482.18,Pago Soldadura Guadalupe S de RL de CV,E3A8B231-42DC-8EE0-70CF-1EF08B658718,TX00211
GL01224,2025-05-22,6000,Gastos servicios,13769.9,0,Factura 85582 Ferretera Guadalupe S de RL de CV,A7850E93-4269-342E-DAF7-3876DD5F12A2,
GL01225,2025-05-22,1180,IVA acreditable,2203.18,0,IVA factura 85582,A7850E93-4269-342E-DAF7-3876DD5F12A2,
GL01226,2025-05-22,2100,Proveedores,0,15973.08,Factura 85582 Ferretera Guadalupe S de RL de CV,A7850E93-4269-342E-DAF7-3876DD5F12A2,
GL01227,2025-05-22,1020,Bancos,391726.51,0,Cobro Autopartes Quintanilla S de RL de CV,3794B95F-738D-8E73-9C1F-7FA8AB0BDE68,TX00212
GL01228,2025-05-22,1200,Clientes,0,391726.51,Cobro Autopartes Quintanilla S de RL de CV,3794B95F-738D-8E73-9C1F-7FA8AB0BDE68,TX00212
GL01229,2025-05-22,1020,Bancos,335538.38,0,Cobro Envases Quintanilla S de RL de CV,CFC18B2B-11FD-C8B4-9D71-D5EC9E8B5B4E,TX00213
GL01230,2025-05-22,1200,Clientes,0,335538.38,Cobro Envases Quintanilla S de RL de CV,CFC18B2B-11FD-C8B4-9D71-D5EC9E8B5B4E,TX00213
GL01231,2025-05-22,1200,Clientes,318439.56,0,Venta 1631 Construcciones Sada S de RL de CV,5E66FC1E-9BE2-E82A-9683-78F03C792D5F,
GL01232,2025-05-22,4000,Ventas,0,274516.86,Venta 1631 Construcciones Sada S de RL de CV,5E66FC1E-9BE2-E82A-9683-78F03C792D5F,
GL01233,2025-05-22,2180,IVA trasladado,0,43922.7,IVA venta 1631,5E66FC1E-9BE2-E82A-9683-78F03C792D5F,
GL01234,2025-05-23,6000,Gastos consumibles,76979.9,0,Factura 19748 Ferretera Santa Catarina SAPI de CV,7956BB82-7927-E052-0CEB-E3EF266B2763,
GL01235,2025-05-23,1180,IVA acreditable,12316.78,0,IVA factura 19748,7956BB82-7927-E052-0CEB-E3EF266B2763,
GL01236,2025-05-23,2100,Proveedores,0,89296.68,Factura 19748 Ferretera Santa Catarina SAPI de CV,7956BB82-7927-E052-0CEB-E3EF266B2763,
GL01237,2025-05-23,2100,Proveedores,25868.58,0,Pago Grupo Nuevo León SAPI de CV,72BDA7B6-4C95-3648-1C28-28AAA3C35386,TX00214
GL01238,2025-05-23,1020,Bancos,0,25868.58,Pago Grupo Nuevo León SAPI de CV,72BDA7B6-4C95-3648-1C28-28AAA3C35386,TX00214
GL01239,2025-05-23,1020,Bancos,95270.74,0,Cobro Autopartes Guerra SAPI de CV,DDD4A67A-AC74-69BC-92AA-577E77A85DF0,TX00215
GL01240,2025-05-23,1200,Clientes,0,95270.74,Cobro Autopartes Guerra SAPI de CV,DDD4A67A-AC74-69BC-92AA-577E77A85DF0,TX00215
GL01241,2025-05-23,1020,Bancos,150391.18,0,Cobro Autopartes Chapa SAPI de CV,5E5F6A23-0559-9F20-A610-3DE24DC7622B,TX00216
GL01242,2025-05-23,1200,Clientes,0,150391.18,Cobro Autopartes Chapa SAPI de CV,5E5F6A23-0559-9F20-A610-3DE24DC7622B,TX00216
GL01243,2025-05-26,6000,Gastos renta_util,110542.4,0,Factura 90461 Maquinados Monterrey SA de CV,C93C07DF-A1E5-D8C9-86E6-7F1CF8967ADC,
GL01244,2025-05-26,1180,IVA acreditable,17686.78,0,IVA factura 90461,C93C07DF-A1E5-D8C9-86E6-7F1CF8967ADC,
GL01245,2025-05-26,2100,Proveedores,0,128229.18,Factura 90461 Maquinados Monterrey SA de CV,C93C07DF-A1E5-D8C9-86E6-7F1CF8967ADC,
GL01246,2025-05-26,6000,Gastos servicios,64810,0,Factura 25756 Hidráulica Industrial S de RL de CV,347431C1-FEC6-7590-BDA1-61979F2FCBB0,
GL01247,2025-05-26,1180,IVA acreditable,10369.6,0,IVA factura 25756,347431C1-FEC6-7590-BDA1-61979F2FCBB0,
GL01248,2025-05-26,2100,Proveedores,0,75179.6,Factura 25756 Hidráulica Industrial S de RL de CV,347431C1-FEC6-7590-BDA1-61979F2FCBB0,
GL01249,2025-05-26,2100,Proveedores,9709.2,0,Pago Ferretera Guadalupe S de RL de CV,E4E87582-22C4-A141-7C77-C033CB13C790,TX00217
GL01250,2025-05-26,1020,Bancos,0,9709.2,Pago Ferretera Guadalupe S de RL de CV,E4E87582-22C4-A141-7C77-C033CB13C790,TX00217
GL01251,2025-05-26,6000,Gastos materia_prima,20050.5,0,Factura 76472 Pinturas Nuevo León SAPI de CV,B9BDD4A8-F526-50B8-5B6D-929F2FDABD2D,
GL01252,2025-05-26,1180,IVA acreditable,3208.08,0,IVA factura 76472,B9BDD4A8-F526-50B8-5B6D-929F2FDABD2D,
GL01253,2025-05-26,2100,Proveedores,0,23258.58,Factura 76472 Pinturas Nuevo León SAPI de CV,B9BDD4A8-F526-50B8-5B6D-929F2FDABD2D,
GL01254,2025-05-26,1200,Clientes,314980.77,0,Venta 1509 Envases Guerra SA de CV,C8BCD0FE-5EED-23B2-46AD-3E3F4C401BBF,
GL01255,2025-05-26,4000,Ventas,0,271535.15,Venta 1509 Envases Guerra SA de CV,C8BCD0FE-5EED-23B2-46AD-3E3F4C401BBF,
GL01256,2025-05-26,2180,IVA trasladado,0,43445.62,IVA venta 1509,C8BCD0FE-5EED-23B2-46AD-3E3F4C401BBF,
GL01257,2025-05-26,1200,Clientes,400475.24,0,Venta 1622 Construcciones Zambrano S de RL de CV,E8B1DA2B-58ED-57F8-26FC-3D8A020F73B8,
GL01258,2025-05-26,4000,Ventas,0,345237.28,Venta 1622 Construcciones Zambrano S de RL de CV,E8B1DA2B-58ED-57F8-26FC-3D8A020F73B8,
GL01259,2025-05-26,2180,IVA trasladado,0,55237.96,IVA venta 1622,E8B1DA2B-58ED-57F8-26FC-3D8A020F73B8,
GL01260,2025-05-26,2100,Proveedores,139200.0,0,Pago Neumática Santa Catarina SAPI de CV,F5FC167B-7078-F31F-AD7E-C9EF6643E855,TX00218
GL01261,2025-05-26,1020,Bancos,0,139200.0,Pago Neumática Santa Catarina SAPI de CV,F5FC167B-7078-F31F-AD7E-C9EF6643E855,TX00218
GL01262,2025-05-27,2100,Proveedores,29774.65,0,Pago Grupo San Nicolás SA de CV,D49CDA0D-7F3A-532C-1EAE-B2637095CA2C,TX00219
GL01263,2025-05-27,1020,Bancos,0,29774.65,Pago Grupo San Nicolás SA de CV,D49CDA0D-7F3A-532C-1EAE-B2637095CA2C,TX00219
GL01264,2025-05-27,6000,Gastos consumibles,92702.4,0,Factura 91471 Herramientas del Norte SAPI de CV,6F56E592-A7A8-EB67-55F8-8E2C2DA79322,
GL01265,2025-05-27,1180,IVA acreditable,14832.38,0,IVA factura 91471,6F56E592-A7A8-EB67-55F8-8E2C2DA79322,
GL01266,2025-05-27,2100,Proveedores,0,107534.78,Factura 91471 Herramientas del Norte SAPI de CV,6F56E592-A7A8-EB67-55F8-8E2C2DA79322,
GL01267,2025-05-27,6000,Gastos materia_prima,7929.9,0,Factura 72710 Hidráulica Nuevo León SAPI de CV,D8837E25-7DC2-4DEF-3D94-C15032048B2C,
GL01268,2025-05-27,1180,IVA acreditable,1268.78,0,IVA factura 72710,D8837E25-7DC2-4DEF-3D94-C15032048B2C,
GL01269,2025-05-27,2100,Proveedores,0,9198.68,Factura 72710 Hidráulica Nuevo León SAPI de CV,D8837E25-7DC2-4DEF-3D94-C15032048B2C,
GL01270,2025-05-27,6000,Gastos logistica,6680,0,Factura 69820 Electrónica del Norte S de RL de CV,5DDC2CF4-CB5A-E29D-B5EF-F1159F02104B,
GL01271,2025-05-27,1180,IVA acreditable,1068.8,0,IVA factura 69820,5DDC2CF4-CB5A-E29D-B5EF-F1159F02104B,
GL01272,2025-05-27,2100,Proveedores,0,7748.8,Factura 69820 Electrónica del Norte S de RL de CV,5DDC2CF4-CB5A-E29D-B5EF-F1159F02104B,
GL01273,2025-05-27,6000,Gastos refacciones,17460,0,Factura 58077 Servicios Santa Catarina SAPI de CV,C943AB75-672D-FB18-AE30-81691A8FD6C2,
GL01274,2025-05-27,1180,IVA acreditable,2793.6,0,IVA factura 58077,C943AB75-672D-FB18-AE30-81691A8FD6C2,
GL01275,2025-05-27,2100,Proveedores,0,20253.6,Factura 58077 Servicios Santa Catarina SAPI de CV,C943AB75-672D-FB18-AE30-81691A8FD6C2,
GL01276,2025-05-27,6000,Gastos materia_prima,16737.8,0,Factura 85058 Empaques Apodaca SAPI de CV,F4ADA74D-EDFC-7B93-EBA2-48D352A2C026,
GL01277,2025-05-27,1180,IVA acreditable,2678.05,0,IVA factura 85058,F4ADA74D-EDFC-7B93-EBA2-48D352A2C026,
GL01278,2025-05-27,2100,Proveedores,0,19415.85,Factura 85058 Empaques Apodaca SAPI de CV,F4ADA74D-EDFC-7B93-EBA2-48D352A2C026,
GL01279,2025-05-27,1200,Clientes,397932.56,0,Venta 1640 Grupo Martínez SA de CV,25168F11-B613-A11E-381B-6A18A15E15A3,
GL01280,2025-05-27,4000,Ventas,0,343045.31,Venta 1640 Grupo Martínez SA de CV,25168F11-B613-A11E-381B-6A18A15E15A3,
GL01281,2025-05-27,2180,IVA trasladado,0,54887.25,IVA venta 1640,25168F11-B613-A11E-381B-6A18A15E15A3,
GL01282,2025-05-28,2100,Proveedores,33953.08,0,Pago Distribuidora del Norte S de RL de CV,D7127F9A-726D-1214-50A5-AA39FA82E27F,TX00220
GL01283,2025-05-28,1020,Bancos,0,33953.08,Pago Distribuidora del Norte S de RL de CV,D7127F9A-726D-1214-50A5-AA39FA82E27F,TX00220
GL01284,2025-05-28,6000,Gastos servicios,9350.5,0,Factura 85047 Ferretera Guadalupe S de RL de CV,F6CE2E7D-3564-1E0C-5C1D-E8F17D85A61C,
GL01285,2025-05-28,1180,IVA acreditable,1496.08,0,IVA factura 85047,F6CE2E7D-3564-1E0C-5C1D-E8F17D85A61C,
GL01286,2025-05-28,2100,Proveedores,0,10846.58,Factura 85047 Ferretera Guadalupe S de RL de CV,F6CE2E7D-3564-1E0C-5C1D-E8F17D85A61C,
GL01287,2025-05-28,1200,Clientes,67768.53,0,Venta 1563 Envases Martínez S de RL de CV,40DA5EF8-5FE1-71BC-7CD7-0A108D47C858,
GL01288,2025-05-28,4000,Ventas,0,58421.15,Venta 1563 Envases Martínez S de RL de CV,40DA5EF8-5FE1-71BC-7CD7-0A108D47C858,
GL01289,2025-05-28,2180,IVA trasladado,0,9347.38,IVA venta 1563,40DA5EF8-5FE1-71BC-7CD7-0A108D47C858,
GL01290,2025-05-28,6100,Sueldos y salarios,413296.05,0,Nómina,,TX00221
GL01291,2025-05-28,1020,Bancos,0,413296.05,Nómina,,TX00221
GL01292,2025-05-28,6000,Gastos servicios,120000,0,Factura 28376 Industrias del Norte S de RL de CV,CEE36492-450D-8DFB-FCE3-E47019D4103F,
GL01293,2025-05-28,1180,IVA acreditable,19200.0,0,IVA factura 28376,CEE36492-450D-8DFB-FCE3-E47019D4103F,
GL01294,2025-05-28,2100,Proveedores,0,139200.0,Factura 28376 Industrias del Norte S de RL de CV,CEE36492-450D-8DFB-FCE3-E47019D4103F,
GL01295,2025-05-29,6000,Gastos servicios,31320.5,0,Factura 63532 Grupo San Nicolás SA de CV,57A609DF-45CE-D334-A947-2D678A6C933A,
GL01296,2025-05-29,1180,IVA acreditable,5011.28,0,IVA factura 63532,57A609DF-45CE-D334-A947-2D678A6C933A,
GL01297,2025-05-29,2100,Proveedores,0,36331.78,Factura 63532 Grupo San Nicolás SA de CV,57A609DF-45CE-D334-A947-2D678A6C933A,
GL01298,2025-05-29,6000,Gastos refacciones,11590.5,0,Factura 68629 Neumática Industrial S de RL de CV,85F96B2D-07DF-94C7-6796-5757706A25B3,
GL01299,2025-05-29,1180,IVA acreditable,1854.48,0,IVA factura 68629,85F96B2D-07DF-94C7-6796-5757706A25B3,
GL01300,2025-05-29,2100,Proveedores,0,13444.98,Factura 68629 Neumática Industrial S de RL de CV,85F96B2D-07DF-94C7-6796-5757706A25B3,
GL01301,2025-05-30,6000,Gastos servicios,23450.5,0,Factura 98200 Metálica San Nicolás SA de CV,CCA94E84-3BF8-5881-41D1-7EDE3E91611A,
GL01302,2025-05-30,1180,IVA acreditable,3752.08,0,IVA factura 98200,CCA94E84-3BF8-5881-41D1-7EDE3E91611A,
GL01303,2025-05-30,2100,Proveedores,0,27202.58,Factura 98200 Metálica San Nicolás SA de CV,CCA94E84-3BF8-5881-41D1-7EDE3E91611A,
GL01304,2025-05-30,2100,Proveedores,4860.98,0,Pago Neumática del Norte SA de CV,526DC30F-366F-4F2A-DFA9-9CB569C64982,TX00222
GL01305,2025-05-30,1020,Bancos,0,4860.98,Pago Neumática del Norte SA de CV,526DC30F-366F-4F2A-DFA9-9CB569C64982,TX00222
GL01306,2025-05-30,2100,Proveedores,21949.98,0,Pago Hidráulica Nuevo León SAPI de CV,2B56CEB1-58DD-E915-8DBE-90E01D593D3A,TX00223
GL01307,2025-05-30,1020,Bancos,0,21949.98,Pago Hidráulica Nuevo León SAPI de CV,2B56CEB1-58DD-E915-8DBE-90E01D593D3A,TX00223
GL01308,2025-05-30,2100,Proveedores,61865.58,0,Pago Refacciones Industrial S de RL de CV,8F043FBC-F669-3CE4-9C59-7138C841FA96,TX00224
GL01309,2025-05-30,1020,Bancos,0,61865.58,Pago Refacciones Industrial S de RL de CV,8F043FBC-F669-3CE4-9C59-7138C841FA96,TX00224
GL01310,2025-05-30,2100,Proveedores,8581.45,0,Pago Neumática Industrial S de RL de CV,FB2A2171-BD2D-0039-513A-F9665FD14FA7,TX00225
GL01311,2025-05-30,1020,Bancos,0,8581.45,Pago Neumática Industrial S de RL de CV,FB2A2171-BD2D-0039-513A-F9665FD14FA7,TX00225
GL01312,2025-06-02,6000,Gastos renta_util,31949.9,0,Factura 63142 Metálica del Norte S de RL de CV,894048D7-D4DD-CBD3-3CF1-3A5F417A97A0,
GL01313,2025-06-02,1180,IVA acreditable,5111.98,0,IVA factura 63142,894048D7-D4DD-CBD3-3CF1-3A5F417A97A0,
GL01314,2025-06-02,2100,Proveedores,0,37061.88,Factura 63142 Metálica del Norte S de RL de CV,894048D7-D4DD-CBD3-3CF1-3A5F417A97A0,
GL01315,2025-06-02,2100,Proveedores,14091.45,0,Pago Electrónica del Norte S de RL de CV,9045303A-E35C-4287-F3FB-D118F3B25B17,TX00226
GL01316,2025-06-02,1020,Bancos,0,14091.45,Pago Electrónica del Norte S de RL de CV,9045303A-E35C-4287-F3FB-D118F3B25B17,TX00226
GL01317,2025-06-02,6000,Gastos materia_prima,19420,0,Factura 24373 Grupo Nuevo León SAPI de CV,9D774D48-0EDB-98D0-E610-66B166824E00,
GL01318,2025-06-02,1180,IVA acreditable,3107.2,0,IVA factura 24373,9D774D48-0EDB-98D0-E610-66B166824E00,
GL01319,2025-06-02,2100,Proveedores,0,22527.2,Factura 24373 Grupo Nuevo León SAPI de CV,9D774D48-0EDB-98D0-E610-66B166824E00,
GL01320,2025-06-02,2100,Proveedores,122215.05,0,Pago Suministros Guadalupe SA de CV,B51935EE-B1C8-EFE9-D36C-AEEB64663439,TX00227
GL01321,2025-06-02,1020,Bancos,0,122215.05,Pago Suministros Guadalupe SA de CV,B51935EE-B1C8-EFE9-D36C-AEEB64663439,TX00227
GL01322,2025-06-02,2100,Proveedores,115037.08,0,Pago Refacciones Industrial S de RL de CV,ED01F9DE-24A7-C633-ECB1-E26CF597563A,TX00228
GL01323,2025-06-02,1020,Bancos,0,115037.08,Pago Refacciones Industrial S de RL de CV,ED01F9DE-24A7-C633-ECB1-E26CF597563A,TX00228
GL01324,2025-06-02,2100,Proveedores,10208.0,0,Pago Neumática Industrial S de RL de CV,9D62B81F-B0FC-D420-C6BA-A643F8F32A95,TX00229
GL01325,2025-06-02,1020,Bancos,0,10208.0,Pago Neumática Industrial S de RL de CV,9D62B81F-B0FC-D420-C6BA-A643F8F32A95,TX00229
GL01326,2025-06-02,6000,Gastos refacciones,12060.5,0,Factura 74029 Neumática Industrial S de RL de CV,3786DFC2-B2E0-FA85-B791-72D9A1C36A5A,
GL01327,2025-06-02,1180,IVA acreditable,1929.68,0,IVA factura 74029,3786DFC2-B2E0-FA85-B791-72D9A1C36A5A,
GL01328,2025-06-02,2100,Proveedores,0,13990.18,Factura 74029 Neumática Industrial S de RL de CV,3786DFC2-B2E0-FA85-B791-72D9A1C36A5A,
GL01329,2025-06-02,6000,Gastos refacciones,23450.5,0,Factura 83295 Industrias Monterrey SA de CV,A74A125D-1CF8-4A66-7EA1-EFAF8C34A98D,
GL01330,2025-06-02,1180,IVA acreditable,3752.08,0,IVA factura 83295,A74A125D-1CF8-4A66-7EA1-EFAF8C34A98D,
GL01331,2025-06-02,2100,Proveedores,0,27202.58,Factura 83295 Industrias Monterrey SA de CV,A74A125D-1CF8-4A66-7EA1-EFAF8C34A98D,
GL01332,2025-06-02,1200,Clientes,408709.93,0,Venta 1511 Envases Guerra SA de CV,7B18EE7A-8C9A-0DDC-CD2A-A232350319C2,
GL01333,2025-06-02,4000,Ventas,0,352336.15,Venta 1511 Envases Guerra SA de CV,7B18EE7A-8C9A-0DDC-CD2A-A232350319C2,
GL01334,2025-06-02,2180,IVA trasladado,0,56373.78,IVA venta 1511,7B18EE7A-8C9A-0DDC-CD2A-A232350319C2,
GL01335,2025-06-02,1200,Clientes,391292.42,0,Venta 1541 Autopartes Guerra S de RL de CV,C99959E1-8D15-24C8-D7B9-AB98FB86E5A3,
GL01336,2025-06-02,4000,Ventas,0,337321.05,Venta 1541 Autopartes Guerra S de RL de CV,C99959E1-8D15-24C8-D7B9-AB98FB86E5A3,
GL01337,2025-06-02,2180,IVA trasladado,0,53971.37,IVA venta 1541,C99959E1-8D15-24C8-D7B9-AB98FB86E5A3,
GL01338,2025-06-02,1020,Bancos,252267.28,0,Cobro Envases Quintanilla S de RL de CV,2983F25E-FDBF-6EDC-DC50-03570A818BC0,TX00230
GL01339,2025-06-02,1200,Clientes,0,252267.28,Cobro Envases Quintanilla S de RL de CV,2983F25E-FDBF-6EDC-DC50-03570A818BC0,TX00230
GL01340,2025-06-02,1020,Bancos,122749.68,0,Cobro Grupo Quintanilla S de RL de CV,48131455-4F86-4209-7E68-F50737293959,TX00231
GL01341,2025-06-02,1200,Clientes,0,122749.68,Cobro Grupo Quintanilla S de RL de CV,48131455-4F86-4209-7E68-F50737293959,TX00231
GL01342,2025-06-02,2100,Proveedores,21314.81,0,Pago Maquinados Regiomontana S de RL de CV,1D9865E4-B142-34B4-6DCD-66648EF5670C,TX00232
GL01343,2025-06-02,1020,Bancos,0,21314.81,Pago Maquinados Regiomontana S de RL de CV,1D9865E4-B142-34B4-6DCD-66648EF5670C,TX00232
GL01344,2025-06-03,6000,Gastos refacciones,9440,0,Factura 21664 Servicios Santa Catarina SAPI de CV,6C497224-0A60-A799-AA57-A8FE68FEC407,
GL01345,2025-06-03,1180,IVA acreditable,1510.4,0,IVA factura 21664,6C497224-0A60-A799-AA57-A8FE68FEC407,
GL01346,2025-06-03,2100,Proveedores,0,10950.4,Factura 21664 Servicios Santa Catarina SAPI de CV,6C497224-0A60-A799-AA57-A8FE68FEC407,
GL01347,2025-06-03,2100,Proveedores,19833.45,0,Pago Pinturas Escobedo S de RL de CV,DE3904AA-9CA4-202B-983A-EC318EF03A8F,TX00233
GL01348,2025-06-03,1020,Bancos,0,19833.45,Pago Pinturas Escobedo S de RL de CV,DE3904AA-9CA4-202B-983A-EC318EF03A8F,TX00233
GL01349,2025-06-03,6000,Gastos refacciones,92860.5,0,Factura 76313 Suministros Guadalupe SA de CV,AC8E58A4-C3AC-46D3-442F-F0B6391FC6DF,
GL01350,2025-06-03,1180,IVA acreditable,14857.68,0,IVA factura 76313,AC8E58A4-C3AC-46D3-442F-F0B6391FC6DF,
GL01351,2025-06-03,2100,Proveedores,0,107718.18,Factura 76313 Suministros Guadalupe SA de CV,AC8E58A4-C3AC-46D3-442F-F0B6391FC6DF,
GL01352,2025-06-03,2100,Proveedores,11741.98,0,Pago Neumática Industrial S de RL de CV,9118A7DC-3CCC-C0C3-2730-41B2A747A28E,TX00234
GL01353,2025-06-03,1020,Bancos,0,11741.98,Pago Neumática Industrial S de RL de CV,9118A7DC-3CCC-C0C3-2730-41B2A747A28E,TX00234
GL01354,2025-06-03,1020,Bancos,303804.26,0,Cobro Autopartes Guerra SAPI de CV,73BBE033-597E-8A62-6AC8-89DC180823F4,TX00235
GL01355,2025-06-03,1200,Clientes,0,303804.26,Cobro Autopartes Guerra SAPI de CV,73BBE033-597E-8A62-6AC8-89DC180823F4,TX00235
GL01356,2025-06-03,2100,Proveedores,139200.0,0,Pago Industrias del Norte S de RL de CV,CEE36492-450D-8DFB-FCE3-E47019D4103F,TX00236
GL01357,2025-06-03,1020,Bancos,0,139200.0,Pago Industrias del Norte S de RL de CV,CEE36492-450D-8DFB-FCE3-E47019D4103F,TX00236
GL01358,2025-06-04,2100,Proveedores,20135.05,0,Pago Metálica San Nicolás SA de CV,EA8C141F-AC9B-9C04-38C7-F02DA4C41298,TX00237
GL01359,2025-06-04,1020,Bancos,0,20135.05,Pago Metálica San Nicolás SA de CV,EA8C141F-AC9B-9C04-38C7-F02DA4C41298,TX00237
GL01360,2025-06-04,6000,Gastos materia_prima,15100,0,Factura 6699 Empaques Apodaca SAPI de CV,A66A8A65-8CA2-6A9B-FDA1-371AA8387F03,
GL01361,2025-06-04,1180,IVA acreditable,2416.0,0,IVA factura 6699,A66A8A65-8CA2-6A9B-FDA1-371AA8387F03,
GL01362,2025-06-04,2100,Proveedores,0,17516.0,Factura 6699 Empaques Apodaca SAPI de CV,A66A8A65-8CA2-6A9B-FDA1-371AA8387F03,
GL01363,2025-06-04,2100,Proveedores,55181.08,0,Pago Suministros Guadalupe SA de CV,2F356962-FE67-DB95-8D69-BBEE779A92DC,TX00238
GL01364,2025-06-04,1020,Bancos,0,55181.08,Pago Suministros Guadalupe SA de CV,2F356962-FE67-DB95-8D69-BBEE779A92DC,TX00238
GL01365,2025-06-04,1200,Clientes,110263.83,0,Venta 1567 Autopartes Guerra SAPI de CV,2720E200-9749-51C4-4D63-69CCEE68D38B,
GL01366,2025-06-04,4000,Ventas,0,95055.03,Venta 1567 Autopartes Guerra SAPI de CV,2720E200-9749-51C4-4D63-69CCEE68D38B,
GL01367,2025-06-04,2180,IVA trasladado,0,15208.8,IVA venta 1567,2720E200-9749-51C4-4D63-69CCEE68D38B,
GL01368,2025-06-04,1200,Clientes,168492.83,0,Venta 1571 Autopartes Guerra SAPI de CV,78EBEDAC-03EA-3ACD-FBA8-584055E52BAF,
GL01369,2025-06-04,4000,Ventas,0,145252.44,Venta 1571 Autopartes Guerra SAPI de CV,78EBEDAC-03EA-3ACD-FBA8-584055E52BAF,
GL01370,2025-06-04,2180,IVA trasladado,0,23240.39,IVA venta 1571,78EBEDAC-03EA-3ACD-FBA8-584055E52BAF,
GL01371,2025-06-04,1200,Clientes,373826.38,0,Venta 1595 Autopartes Chapa SAPI de CV,6DC2761E-89A4-E603-9C65-38C40211A939,
GL01372,2025-06-04,4000,Ventas,0,322264.12,Venta 1595 Autopartes Chapa SAPI de CV,6DC2761E-89A4-E603-9C65-38C40211A939,
GL01373,2025-06-04,2180,IVA trasladado,0,51562.26,IVA venta 1595,6DC2761E-89A4-E603-9C65-38C40211A939,
GL01374,2025-06-05,6000,Gastos consumibles,92060,0,Factura 17848 Soldadura Regiomontana S de RL de CV,74AF0A47-802C-9657-EFC2-093029CDA86A,
GL01375,2025-06-05,1180,IVA acreditable,14729.6,0,IVA factura 17848,74AF0A47-802C-9657-EFC2-093029CDA86A,
GL01376,2025-06-05,2100,Proveedores,0,106789.6,Factura 17848 Soldadura Regiomontana S de RL de CV,74AF0A47-802C-9657-EFC2-093029CDA86A,
GL01377,2025-06-05,2100,Proveedores,26076.68,0,Pago Servicios Santa Catarina SAPI de CV,B687872B-BE82-A004-DB2F-368D0DBA6E25,TX00239
GL01378,2025-06-05,1020,Bancos,0,26076.68,Pago Servicios Santa Catarina SAPI de CV,B687872B-BE82-A004-DB2F-368D0DBA6E25,TX00239
GL01379,2025-06-05,6000,Gastos refacciones,24710.5,0,Factura 12583 Pinturas Escobedo S de RL de CV,B1E75C96-3DCB-41E1-51EE-1493900275D3,
GL01380,2025-06-05,1180,IVA acreditable,3953.68,0,IVA factura 12583,B1E75C96-3DCB-41E1-51EE-1493900275D3,
GL01381,2025-06-05,2100,Proveedores,0,28664.18,Factura 12583 Pinturas Escobedo S de RL de CV,B1E75C96-3DCB-41E1-51EE-1493900275D3,
GL01382,2025-06-05,2100,Proveedores,33547.78,0,Pago Suministros Guadalupe SA de CV,4A7D9232-AA1B-DC2D-5C18-0535C726968E,TX00240
GL01383,2025-06-05,1020,Bancos,0,33547.78,Pago Suministros Guadalupe SA de CV,4A7D9232-AA1B-DC2D-5C18-0535C726968E,TX00240
GL01384,2025-06-05,1020,Bancos,426735.05,0,Cobro Autopartes Guerra SAPI de CV,63625759-53A1-15B8-6417-2AFE21C9E13C,TX00241
GL01385,2025-06-05,1200,Clientes,0,426735.05,Cobro Autopartes Guerra SAPI de CV,63625759-53A1-15B8-6417-2AFE21C9E13C,TX00241
GL01386,2025-06-06,2100,Proveedores,11309.88,0,Pago Electrónica del Norte S de RL de CV,C9B66967-3876-457D-9E1D-D8A8DCF4C0B5,TX00242
GL01387,2025-06-06,1020,Bancos,0,11309.88,Pago Electrónica del Norte S de RL de CV,C9B66967-3876-457D-9E1D-D8A8DCF4C0B5,TX00242
GL01388,2025-06-06,2100,Proveedores,106200.78,0,Pago Refacciones Industrial S de RL de CV,AB91FEF3-D251-7A8F-6E6E-3F4BEAAEA42D,TX00243
GL01389,2025-06-06,1020,Bancos,0,106200.78,Pago Refacciones Industrial S de RL de CV,AB91FEF3-D251-7A8F-6E6E-3F4BEAAEA42D,TX00243
GL01390,2025-06-06,2100,Proveedores,30009.2,0,Pago Neumática Industrial S de RL de CV,BFFACF9D-ED50-5485-9D97-E5A1DD23A405,TX00244
GL01391,2025-06-06,1020,Bancos,0,30009.2,Pago Neumática Industrial S de RL de CV,BFFACF9D-ED50-5485-9D97-E5A1DD23A405,TX00244
GL01392,2025-06-06,1020,Bancos,325882.8,0,Cobro Autopartes Quintanilla S de RL de CV,E1524B89-2428-9354-939C-0939432A6D57,TX00245
GL01393,2025-06-06,1200,Clientes,0,325882.8,Cobro Autopartes Quintanilla S de RL de CV,E1524B89-2428-9354-939C-0939432A6D57,TX00245
GL01394,2025-06-06,1200,Clientes,175680.4,0,Venta 1547 Autopartes Guerra S de RL de CV,69C63F9C-481C-B57D-3507-FD2FB512FABC,
GL01395,2025-06-06,4000,Ventas,0,151448.62,Venta 1547 Autopartes Guerra S de RL de CV,69C63F9C-481C-B57D-3507-FD2FB512FABC,
GL01396,2025-06-06,2180,IVA trasladado,0,24231.78,IVA venta 1547,69C63F9C-481C-B57D-3507-FD2FB512FABC,
GL01397,2025-06-06,6000,Gastos servicios,85000,0,Factura 87013 Neumática Santa Catarina SAPI de CV,500F77B3-E0B7-7A92-BE7B-A6DDCE3D439D,
GL01398,2025-06-06,1180,IVA acreditable,13600.0,0,IVA factura 87013,500F77B3-E0B7-7A92-BE7B-A6DDCE3D439D,
GL01399,2025-06-06,2100,Proveedores,0,98600.0,Factura 87013 Neumática Santa Catarina SAPI de CV,500F77B3-E0B7-7A92-BE7B-A6DDCE3D439D,
GL01400,2025-06-09,2100,Proveedores,9027.58,0,Pago Grupo Nuevo León SAPI de CV,0A06147D-33B0-0016-8BE0-CFD75ED07976,TX00246
GL01401,2025-06-09,1020,Bancos,0,9027.58,Pago Grupo Nuevo León SAPI de CV,0A06147D-33B0-0016-8BE0-CFD75ED07976,TX00246
GL01402,2025-06-09,6000,Gastos refacciones,16089.9,0,Factura 4549 Pinturas Escobedo S de RL de CV,A48664DC-D312-40AA-159B-9A772D6D1766,
GL01403,2025-06-09,1180,IVA acreditable,2574.38,0,IVA factura 4549,A48664DC-D312-40AA-159B-9A772D6D1766,
GL01404,2025-06-09,2100,Proveedores,0,18664.28,Factura 4549 Pinturas Escobedo S de RL de CV,A48664DC-D312-40AA-159B-9A772D6D1766,
GL01405,2025-06-09,2100,Proveedores,14172.65,0,Pago Pinturas Escobedo S de RL de CV,2D53520C-D6A6-A194-50D3-6B8178FAEB5B,TX00247
GL01406,2025-06-09,1020,Bancos,0,14172.65,Pago Pinturas Escobedo S de RL de CV,2D53520C-D6A6-A194-50D3-6B8178FAEB5B,TX00247
GL01407,2025-06-09,2100,Proveedores,88760.65,0,Pago Suministros Guadalupe SA de CV,DE526CF3-33CD-E969-8397-9CEC0DFD9B53,TX00248
GL01408,2025-06-09,1020,Bancos,0,88760.65,Pago Suministros Guadalupe SA de CV,DE526CF3-33CD-E969-8397-9CEC0DFD9B53,TX00248
GL01409,2025-06-09,1200,Clientes,392991.96,0,Venta 1518 Autopartes Quintanilla S de RL de CV,95EFC975-A157-EEA2-7E1E-98AEEABB6887,
GL01410,2025-06-09,4000,Ventas,0,338786.17,Venta 1518 Autopartes Quintanilla S de RL de CV,95EFC975-A157-EEA2-7E1E-98AEEABB6887,
GL01411,2025-06-09,2180,IVA trasladado,0,54205.79,IVA venta 1518,95EFC975-A157-EEA2-7E1E-98AEEABB6887,
GL01412,2025-06-09,1020,Bancos,385286.98,0,Cobro Construcciones Sada S de RL de CV,7144B8E0-ABDE-39C0-5FA0-9302E939A567,TX00249
GL01413,2025-06-09,1200,Clientes,0,385286.98,Cobro Construcciones Sada S de RL de CV,7144B8E0-ABDE-39C0-5FA0-9302E939A567,TX00249
GL01414,2025-06-09,2100,Proveedores,98600.0,0,Pago Neumática Santa Catarina SAPI de CV,500F77B3-E0B7-7A92-BE7B-A6DDCE3D439D,TX00250
GL01415,2025-06-09,1020,Bancos,0,98600.0,Pago Neumática Santa Catarina SAPI de CV,500F77B3-E0B7-7A92-BE7B-A6DDCE3D439D,TX00250
GL01416,2025-06-10,2100,Proveedores,62753.45,0,Pago Soldadura Regiomontana S de RL de CV,066D1E8D-E2A6-50B9-F79C-33224D924E2B,TX00251
GL01417,2025-06-10,1020,Bancos,0,62753.45,Pago Soldadura Regiomontana S de RL de CV,066D1E8D-E2A6-50B9-F79C-33224D924E2B,TX00251
GL01418,2025-06-10,1020,Bancos,304609.1,0,Cobro Envases Elizondo SA de CV,B564F934-FC99-3E8E-2751-1B5230E9B658,TX00252
GL01419,2025-06-10,1200,Clientes,0,304609.1,Cobro Envases Elizondo SA de CV,B564F934-FC99-3E8E-2751-1B5230E9B658,TX00252
GL01420,2025-06-10,1020,Bancos,111398.45,0,Cobro Envases Martínez S de RL de CV,CA7B1C0C-05A7-8B53-B507-E3E7DB6F3825,TX00253
GL01421,2025-06-10,1200,Clientes,0,111398.45,Cobro Envases Martínez S de RL de CV,CA7B1C0C-05A7-8B53-B507-E3E7DB6F3825,TX00253
GL01422,2025-06-11,6000,Gastos refacciones,23717.8,0,Factura 85055 Transportes Industrial S de RL de CV,25A5806E-5B60-9CAC-896F-DADBDB3A53F1,
GL01423,2025-06-11,1180,IVA acreditable,3794.85,0,IVA factura 85055,25A5806E-5B60-9CAC-896F-DADBDB3A53F1,
GL01424,2025-06-11,2100,Proveedores,0,27512.65,Factura 85055 Transportes Industrial S de RL de CV,25A5806E-5B60-9CAC-896F-DADBDB3A53F1,
GL01425,2025-06-11,2100,Proveedores,14766.8,0,Pago Pinturas Nuevo León SAPI de CV,FD4A63FA-5380-CE26-FA2B-0D67FBD688C6,TX00254
GL01426,2025-06-11,1020,Bancos,0,14766.8,Pago Pinturas Nuevo León SAPI de CV,FD4A63FA-5380-CE26-FA2B-0D67FBD688C6,TX00254
GL01427,2025-06-11,6000,Gastos renta_util,6197.8,0,Factura 32966 Pinturas Guadalupe S de RL de CV,5B8487FD-A1B6-08C6-D5CD-A1233D9702C7,
GL01428,2025-06-11,1180,IVA acreditable,991.65,0,IVA factura 32966,5B8487FD-A1B6-08C6-D5CD-A1233D9702C7,
GL01429,2025-06-11,2100,Proveedores,0,7189.45,Factura 32966 Pinturas Guadalupe S de RL de CV,5B8487FD-A1B6-08C6-D5CD-A1233D9702C7,
GL01430,2025-06-12,6000,Gastos logistica,4489.9,0,Factura 62262 Soldadura Guadalupe S de RL de CV,D93C84B1-F5BB-4C2E-766B-9D4CAA96901D,
GL01431,2025-06-12,1180,IVA acreditable,718.38,0,IVA factura 62262,D93C84B1-F5BB-4C2E-766B-9D4CAA96901D,
GL01432,2025-06-12,2100,Proveedores,0,5208.28,Factura 62262 Soldadura Guadalupe S de RL de CV,D93C84B1-F5BB-4C2E-766B-9D4CAA96901D,
GL01433,2025-06-12,6000,Gastos logistica,13722.4,0,Factura 2215 Suministros Guadalupe SA de CV,D734FD2D-020D-30E9-76E7-2E0D2CC6C145,
GL01434,2025-06-12,1180,IVA acreditable,2195.58,0,IVA factura 2215,D734FD2D-020D-30E9-76E7-2E0D2CC6C145,
GL01435,2025-06-12,2100,Proveedores,0,15917.98,Factura 2215 Suministros Guadalupe SA de CV,D734FD2D-020D-30E9-76E7-2E0D2CC6C145,
GL01436,2025-06-12,6000,Gastos consumibles,105927.8,0,Factura 34972 Herramientas del Norte SAPI de CV,1BDEFADF-1FFB-D654-7C1B-B36797353EC9,
GL01437,2025-06-12,1180,IVA acreditable,16948.45,0,IVA factura 34972,1BDEFADF-1FFB-D654-7C1B-B36797353EC9,
GL01438,2025-06-12,2100,Proveedores,0,122876.25,Factura 34972 Herramientas del Norte SAPI de CV,1BDEFADF-1FFB-D654-7C1B-B36797353EC9,
GL01439,2025-06-12,2100,Proveedores,101557.88,0,Pago Hidráulica Industrial S de RL de CV,7ED56DEA-2526-E14B-238B-343F83FDCC03,TX00255
GL01440,2025-06-12,1020,Bancos,0,101557.88,Pago Hidráulica Industrial S de RL de CV,7ED56DEA-2526-E14B-238B-343F83FDCC03,TX00255
GL01441,2025-06-12,2100,Proveedores,88519.48,0,Pago Refacciones Industrial S de RL de CV,9DCE24AB-3686-57DD-72D8-E7C4A2B4736D,TX00256
GL01442,2025-06-12,1020,Bancos,0,88519.48,Pago Refacciones Industrial S de RL de CV,9DCE24AB-3686-57DD-72D8-E7C4A2B4736D,TX00256
GL01443,2025-06-13,6000,Gastos refacciones,3380,0,Factura 2296 Neumática del Norte SA de CV,1DC4E81C-ED6B-7181-4C0B-64D524231C4C,
GL01444,2025-06-13,1180,IVA acreditable,540.8,0,IVA factura 2296,1DC4E81C-ED6B-7181-4C0B-64D524231C4C,
GL01445,2025-06-13,2100,Proveedores,0,3920.8,Factura 2296 Neumática del Norte SA de CV,1DC4E81C-ED6B-7181-4C0B-64D524231C4C,
GL01446,2025-06-13,2100,Proveedores,128229.18,0,Pago Maquinados Monterrey SA de CV,C93C07DF-A1E5-D8C9-86E6-7F1CF8967ADC,TX00257
GL01447,2025-06-13,1020,Bancos,0,128229.18,Pago Maquinados Monterrey SA de CV,C93C07DF-A1E5-D8C9-86E6-7F1CF8967ADC,TX00257
GL01448,2025-06-13,6000,Gastos consumibles,19080,0,Factura 74619 Servicios Nuevo León SA de CV,737BBABA-5546-9918-CFDD-DC2EE72F2C50,
GL01449,2025-06-13,1180,IVA acreditable,3052.8,0,IVA factura 74619,737BBABA-5546-9918-CFDD-DC2EE72F2C50,
GL01450,2025-06-13,2100,Proveedores,0,22132.8,Factura 74619 Servicios Nuevo León SA de CV,737BBABA-5546-9918-CFDD-DC2EE72F2C50,
GL01451,2025-06-16,6000,Gastos logistica,5400,0,Factura 17442 Refacciones Regiomontana SAPI de CV,BB934BA0-27B5-ED96-1BC9-32C8A9475C11,
GL01452,2025-06-16,1180,IVA acreditable,864.0,0,IVA factura 17442,BB934BA0-27B5-ED96-1BC9-32C8A9475C11,
GL01453,2025-06-16,2100,Proveedores,0,6264.0,Factura 17442 Refacciones Regiomontana SAPI de CV,BB934BA0-27B5-ED96-1BC9-32C8A9475C11,
GL01454,2025-06-16,2100,Proveedores,56840.0,0,Pago Grupo San Nicolás SA de CV,B7AEA3D4-E77F-A5D6-79FF-94D40321ABC2,TX00258
GL01455,2025-06-16,1020,Bancos,0,56840.0,Pago Grupo San Nicolás SA de CV,B7AEA3D4-E77F-A5D6-79FF-94D40321ABC2,TX00258
GL01456,2025-06-16,6000,Gastos renta_util,121680,0,Factura 27122 Maquinados Monterrey SA de CV,9A6792FD-7CBA-C673-B828-BF5F1CFD1B68,
GL01457,2025-06-16,1180,IVA acreditable,19468.8,0,IVA factura 27122,9A6792FD-7CBA-C673-B828-BF5F1CFD1B68,
GL01458,2025-06-16,2100,Proveedores,0,141148.8,Factura 27122 Maquinados Monterrey SA de CV,9A6792FD-7CBA-C673-B828-BF5F1CFD1B68,
GL01459,2025-06-16,2100,Proveedores,20253.6,0,Pago Servicios Santa Catarina SAPI de CV,C943AB75-672D-FB18-AE30-81691A8FD6C2,TX00259
GL01460,2025-06-16,1020,Bancos,0,20253.6,Pago Servicios Santa Catarina SAPI de CV,C943AB75-672D-FB18-AE30-81691A8FD6C2,TX00259
GL01461,2025-06-16,2100,Proveedores,28130.58,0,Pago Servicios Santa Catarina SAPI de CV,83438698-86F9-7292-8AD7-FF025C6FC589,TX00260
GL01462,2025-06-16,1020,Bancos,0,28130.58,Pago Servicios Santa Catarina SAPI de CV,83438698-86F9-7292-8AD7-FF025C6FC589,TX00260
GL01463,2025-06-16,2100,Proveedores,27503.6,0,Pago Servicios Santa Catarina SAPI de CV,A24C2205-2FF3-DCD1-9A06-85C22FAD3468,TX00261
GL01464,2025-06-16,1020,Bancos,0,27503.6,Pago Servicios Santa Catarina SAPI de CV,A24C2205-2FF3-DCD1-9A06-85C22FAD3468,TX00261
GL01465,2025-06-16,2100,Proveedores,212558.98,0,Pago Ferretera Santa Catarina SAPI de CV,2628FDA3-7BF1-5D68-666B-D860375215CF,TX00262
GL01466,2025-06-16,1020,Bancos,0,212558.98,Pago Ferretera Santa Catarina SAPI de CV,2628FDA3-7BF1-5D68-666B-D860375215CF,TX00262
GL01467,2025-06-16,6000,Gastos renta_util,10722.4,0,Factura 53944 Pinturas Guadalupe S de RL de CV,464101B6-CD39-9289-D22D-20F08215198F,
GL01468,2025-06-16,1180,IVA acreditable,1715.58,0,IVA factura 53944,464101B6-CD39-9289-D22D-20F08215198F,
GL01469,2025-06-16,2100,Proveedores,0,12437.98,Factura 53944 Pinturas Guadalupe S de RL de CV,464101B6-CD39-9289-D22D-20F08215198F,
GL01470,2025-06-16,2100,Proveedores,98011.18,0,Pago Empaques del Norte SAPI de CV,69574C35-0235-231B-F129-BCA131E3E74D,TX00263
GL01471,2025-06-16,1020,Bancos,0,98011.18,Pago Empaques del Norte SAPI de CV,69574C35-0235-231B-F129-BCA131E3E74D,TX00263
GL01472,2025-06-16,6000,Gastos refacciones,15700,0,Factura 66958 Industrias Monterrey SA de CV,30C2F72E-1D71-8E40-6210-D4D446EC0C3E,
GL01473,2025-06-16,1180,IVA acreditable,2512.0,0,IVA factura 66958,30C2F72E-1D71-8E40-6210-D4D446EC0C3E,
GL01474,2025-06-16,2100,Proveedores,0,18212.0,Factura 66958 Industrias Monterrey SA de CV,30C2F72E-1D71-8E40-6210-D4D446EC0C3E,
GL01475,2025-06-16,1020,Bancos,459746.96,0,Cobro Envases Guerra S de RL de CV,40E7E254-2052-1505-8F98-2BDC818419AA,TX00264
GL01476,2025-06-16,1200,Clientes,0,459746.96,Cobro Envases Guerra S de RL de CV,40E7E254-2052-1505-8F98-2BDC818419AA,TX00264
GL01477,2025-06-16,1020,Bancos,123224.67,0,Cobro Grupo Chapa S de RL de CV,CCAB53FC-1616-9C28-A38C-E77B02D4DDC2,TX00265
GL01478,2025-06-16,1200,Clientes,0,123224.67,Cobro Grupo Chapa S de RL de CV,CCAB53FC-1616-9C28-A38C-E77B02D4DDC2,TX00265
GL01479,2025-06-16,1200,Clientes,447159.38,0,Venta 1618 Grupo Quintanilla S de RL de CV,B39319D6-9803-51F2-3C65-B31A497A0996,
GL01480,2025-06-16,4000,Ventas,0,385482.22,Venta 1618 Grupo Quintanilla S de RL de CV,B39319D6-9803-51F2-3C65-B31A497A0996,
GL01481,2025-06-16,2180,IVA trasladado,0,61677.16,IVA venta 1618,B39319D6-9803-51F2-3C65-B31A497A0996,
GL01482,2025-06-16,1200,Clientes,403591.72,0,Venta 1630 Construcciones Sada S de RL de CV,8613EAB1-5ED7-3ACA-DE0E-F53623FF2470,
GL01483,2025-06-16,4000,Ventas,0,347923.9,Venta 1630 Construcciones Sada S de RL de CV,8613EAB1-5ED7-3ACA-DE0E-F53623FF2470,
GL01484,2025-06-16,2180,IVA trasladado,0,55667.82,IVA venta 1630,8613EAB1-5ED7-3ACA-DE0E-F53623FF2470,
GL01485,2025-06-17,2100,Proveedores,10994.25,0,Pago Soldadura Guadalupe S de RL de CV,96960EDA-7321-AA43-05DA-1A327CE8C6ED,TX00266
GL01486,2025-06-17,1020,Bancos,0,10994.25,Pago Soldadura Guadalupe S de RL de CV,96960EDA-7321-AA43-05DA-1A327CE8C6ED,TX00266
GL01487,2025-06-17,6000,Gastos materia_prima,20307.8,0,Factura 70883 Hidráulica Nuevo León SAPI de CV,BFF84BD8-3DF8-34B0-58CA-D6B21912C816,
GL01488,2025-06-17,1180,IVA acreditable,3249.25,0,IVA factura 70883,BFF84BD8-3DF8-34B0-58CA-D6B21912C816,
GL01489,2025-06-17,2100,Proveedores,0,23557.05,Factura 70883 Hidráulica Nuevo León SAPI de CV,BFF84BD8-3DF8-34B0-58CA-D6B21912C816,
GL01490,2025-06-17,2100,Proveedores,29452.28,0,Pago Empaques Apodaca SAPI de CV,9D6DF827-1EB8-816F-7083-1B3B1E6DF350,TX00267
GL01491,2025-06-17,1020,Bancos,0,29452.28,Pago Empaques Apodaca SAPI de CV,9D6DF827-1EB8-816F-7083-1B3B1E6DF350,TX00267
GL01492,2025-06-17,1200,Clientes,319377.14,0,Venta 1531 Envases Martínez SAPI de CV,5BC26DC8-FA2E-C701-3366-8E81A6AFA422,
GL01493,2025-06-17,4000,Ventas,0,275325.12,Venta 1531 Envases Martínez SAPI de CV,5BC26DC8-FA2E-C701-3366-8E81A6AFA422,
GL01494,2025-06-17,2180,IVA trasladado,0,44052.02,IVA venta 1531,5BC26DC8-FA2E-C701-3366-8E81A6AFA422,
GL01495,2025-06-18,6000,Gastos consumibles,55380,0,Factura 32511 Soldadura Regiomontana S de RL de CV,CBAA0561-A1F7-E942-5FAF-67890AAEC7C4,
GL01496,2025-06-18,1180,IVA acreditable,8860.8,0,IVA factura 32511,CBAA0561-A1F7-E942-5FAF-67890AAEC7C4,
GL01497,2025-06-18,2100,Proveedores,0,64240.8,Factura 32511 Soldadura Regiomontana S de RL de CV,CBAA0561-A1F7-E942-5FAF-67890AAEC7C4,
GL01498,2025-06-18,2100,Proveedores,19415.85,0,Pago Empaques Apodaca SAPI de CV,F4ADA74D-EDFC-7B93-EBA2-48D352A2C026,TX00268
GL01499,2025-06-18,1020,Bancos,0,19415.85,Pago Empaques Apodaca SAPI de CV,F4ADA74D-EDFC-7B93-EBA2-48D352A2C026,TX00268
GL01500,2025-06-18,6000,Gastos materia_prima,17889.9,0,Factura 16737 Pinturas Nuevo León SAPI de CV,A63FF60D-3241-F080-EDC1-A115DE4508EB,
GL01501,2025-06-18,1180,IVA acreditable,2862.38,0,IVA factura 16737,A63FF60D-3241-F080-EDC1-A115DE4508EB,
GL01502,2025-06-18,2100,Proveedores,0,20752.28,Factura 16737 Pinturas Nuevo León SAPI de CV,A63FF60D-3241-F080-EDC1-A115DE4508EB,
GL01503,2025-06-18,6000,Gastos refacciones,28052.4,0,Factura 55575 Metálica del Norte SA de CV,70C27226-B71D-C541-4AD9-C3D13043A746,
GL01504,2025-06-18,1180,IVA acreditable,4488.38,0,IVA factura 55575,70C27226-B71D-C541-4AD9-C3D13043A746,
GL01505,2025-06-18,2100,Proveedores,0,32540.78,Factura 55575 Metálica del Norte SA de CV,70C27226-B71D-C541-4AD9-C3D13043A746,
GL01506,2025-06-19,6000,Gastos logistica,13347.8,0,Factura 58238 Electrónica del Norte S de RL de CV,B5A7A8B7-27F1-FFF0-AE42-8CC9F4425BA1,
GL01507,2025-06-19,1180,IVA acreditable,2135.65,0,IVA factura 58238,B5A7A8B7-27F1-FFF0-AE42-8CC9F4425BA1,
GL01508,2025-06-19,2100,Proveedores,0,15483.45,Factura 58238 Electrónica del Norte S de RL de CV,B5A7A8B7-27F1-FFF0-AE42-8CC9F4425BA1,
GL01509,2025-06-19,2100,Proveedores,10950.4,0,Pago Servicios Santa Catarina SAPI de CV,6C497224-0A60-A799-AA57-A8FE68FEC407,TX00269
GL01510,2025-06-19,1020,Bancos,0,10950.4,Pago Servicios Santa Catarina SAPI de CV,6C497224-0A60-A799-AA57-A8FE68FEC407,TX00269
GL01511,2025-06-19,2100,Proveedores,17516.0,0,Pago Empaques Apodaca SAPI de CV,A66A8A65-8CA2-6A9B-FDA1-371AA8387F03,TX00270
GL01512,2025-06-19,1020,Bancos,0,17516.0,Pago Empaques Apodaca SAPI de CV,A66A8A65-8CA2-6A9B-FDA1-371AA8387F03,TX00270
GL01513,2025-06-19,6000,Gastos servicios,48000,0,Factura 46612 Gestoría y Enlace Santa Catarina S de RL de CV,CEADB30B-8745-A535-5ED2-A5093BCEE4BF,
GL01514,2025-06-19,1180,IVA acreditable,7680.0,0,IVA factura 46612,CEADB30B-8745-A535-5ED2-A5093BCEE4BF,
GL01515,2025-06-19,2100,Proveedores,0,55680.0,Factura 46612 Gestoría y Enlace Santa Catarina S de RL de CV,CEADB30B-8745-A535-5ED2-A5093BCEE4BF,
GL01516,2025-06-20,6000,Gastos refacciones,23382.4,0,Factura 69680 Herramientas del Norte S de RL de CV,D9BBD0B6-6C13-95FD-0E93-55471A134B60,
GL01517,2025-06-20,1180,IVA acreditable,3741.18,0,IVA factura 69680,D9BBD0B6-6C13-95FD-0E93-55471A134B60,
GL01518,2025-06-20,2100,Proveedores,0,27123.58,Factura 69680 Herramientas del Norte S de RL de CV,D9BBD0B6-6C13-95FD-0E93-55471A134B60,
GL01519,2025-06-20,6000,Gastos refacciones,10062.4,0,Factura 87149 Servicios Santa Catarina SAPI de CV,CF483CE9-22BE-DFD8-E9B6-FFEDC4E76F00,
GL01520,2025-06-20,1180,IVA acreditable,1609.98,0,IVA factura 87149,CF483CE9-22BE-DFD8-E9B6-FFEDC4E76F00,
GL01521,2025-06-20,2100,Proveedores,0,11672.38,Factura 87149 Servicios Santa Catarina SAPI de CV,CF483CE9-22BE-DFD8-E9B6-FFEDC4E76F00,
GL01522,2025-06-20,6000,Gastos refacciones,47910.5,0,Factura 45195 Transportes Industrial S de RL de CV,3BDDA38B-76A6-C3F7-685A-BE57FDD641D1,
GL01523,2025-06-20,1180,IVA acreditable,7665.68,0,IVA factura 45195,3BDDA38B-76A6-C3F7-685A-BE57FDD641D1,
GL01524,2025-06-20,2100,Proveedores,0,55576.18,Factura 45195 Transportes Industrial S de RL de CV,3BDDA38B-76A6-C3F7-685A-BE57FDD641D1,
GL01525,2025-06-20,2100,Proveedores,107718.18,0,Pago Suministros Guadalupe SA de CV,AC8E58A4-C3AC-46D3-442F-F0B6391FC6DF,TX00271
GL01526,2025-06-20,1020,Bancos,0,107718.18,Pago Suministros Guadalupe SA de CV,AC8E58A4-C3AC-46D3-442F-F0B6391FC6DF,TX00271
GL01527,2025-06-20,6000,Gastos refacciones,95320.5,0,Factura 33897 Suministros Guadalupe SA de CV,E16BF91B-2973-8E7A-5653-49E44B6A7BBD,
GL01528,2025-06-20,1180,IVA acreditable,15251.28,0,IVA factura 33897,E16BF91B-2973-8E7A-5653-49E44B6A7BBD,
GL01529,2025-06-20,2100,Proveedores,0,110571.78,Factura 33897 Suministros Guadalupe SA de CV,E16BF91B-2973-8E7A-5653-49E44B6A7BBD,
GL01530,2025-06-20,1200,Clientes,424687.07,0,Venta 1626 Construcciones Zambrano S de RL de CV,2D115079-6089-BB33-9045-7C9BEDD200AE,
GL01531,2025-06-20,4000,Ventas,0,366109.54,Venta 1626 Construcciones Zambrano S de RL de CV,2D115079-6089-BB33-9045-7C9BEDD200AE,
GL01532,2025-06-20,2180,IVA trasladado,0,58577.53,IVA venta 1626,2D115079-6089-BB33-9045-7C9BEDD200AE,
GL01533,2025-06-23,2100,Proveedores,37061.88,0,Pago Metálica del Norte S de RL de CV,894048D7-D4DD-CBD3-3CF1-3A5F417A97A0,TX00272
GL01534,2025-06-23,1020,Bancos,0,37061.88,Pago Metálica del Norte S de RL de CV,894048D7-D4DD-CBD3-3CF1-3A5F417A97A0,TX00272
GL01535,2025-06-23,6000,Gastos consumibles,34320,0,Factura 69920 Servicios Nuevo León SA de CV,14BAD6FA-FB45-F778-0210-396CE02575BB,
GL01536,2025-06-23,1180,IVA acreditable,5491.2,0,IVA factura 69920,14BAD6FA-FB45-F778-0210-396CE02575BB,
GL01537,2025-06-23,2100,Proveedores,0,39811.2,Factura 69920 Servicios Nuevo León SA de CV,14BAD6FA-FB45-F778-0210-396CE02575BB,
GL01538,2025-06-23,2100,Proveedores,10846.58,0,Pago Ferretera Guadalupe S de RL de CV,F6CE2E7D-3564-1E0C-5C1D-E8F17D85A61C,TX00273
GL01539,2025-06-23,1020,Bancos,0,10846.58,Pago Ferretera Guadalupe S de RL de CV,F6CE2E7D-3564-1E0C-5C1D-E8F17D85A61C,TX00273
GL01540,2025-06-23,1020,Bancos,265967.06,0,Cobro Construcciones Zambrano S de RL de CV,D4C4D798-0E78-425B-FF91-23ADAF8FD342,TX00274
GL01541,2025-06-23,1200,Clientes,0,265967.06,Cobro Construcciones Zambrano S de RL de CV,D4C4D798-0E78-425B-FF91-23ADAF8FD342,TX00274
GL01542,2025-06-23,2100,Proveedores,55680.0,0,Pago Gestoría y Enlace Santa Catarina S de RL de CV,CEADB30B-8745-A535-5ED2-A5093BCEE4BF,TX00275
GL01543,2025-06-23,1020,Bancos,0,55680.0,Pago Gestoría y Enlace Santa Catarina S de RL de CV,CEADB30B-8745-A535-5ED2-A5093BCEE4BF,TX00275
GL01544,2025-06-23,6000,Gastos logistica,9724.74,0,Factura 30771 Herramientas Regiomontana SA de CV,0B0DD9D0-EC85-EE24-3421-DF043B2F9B02,
GL01545,2025-06-23,1180,IVA acreditable,1555.96,0,IVA factura 30771,0B0DD9D0-EC85-EE24-3421-DF043B2F9B02,
GL01546,2025-06-23,2100,Proveedores,0,11280.7,Factura 30771 Herramientas Regiomontana SA de CV,0B0DD9D0-EC85-EE24-3421-DF043B2F9B02,
GL01547,2025-06-24,6000,Gastos logistica,8952.4,0,Factura 36628 Suministros Guadalupe SA de CV,27B7053D-7908-7722-BCEE-862D867302BA,
GL01548,2025-06-24,1180,IVA acreditable,1432.38,0,IVA factura 36628,27B7053D-7908-7722-BCEE-862D867302BA,
GL01549,2025-06-24,2100,Proveedores,0,10384.78,Factura 36628 Suministros Guadalupe SA de CV,27B7053D-7908-7722-BCEE-862D867302BA,
GL01550,2025-06-24,6000,Gastos refacciones,16320.5,0,Factura 43587 Servicios Santa Catarina SAPI de CV,DCFC14F9-CA53-62F0-D411-0A7F96EC0FFC,
GL01551,2025-06-24,1180,IVA acreditable,2611.28,0,IVA factura 43587,DCFC14F9-CA53-62F0-D411-0A7F96EC0FFC,
GL01552,2025-06-24,2100,Proveedores,0,18931.78,Factura 43587 Servicios Santa Catarina SAPI de CV,DCFC14F9-CA53-62F0-D411-0A7F96EC0FFC,
GL01553,2025-06-24,6000,Gastos refacciones,15522.4,0,Factura 59575 Pinturas Guadalupe S de RL de CV,C17F2C88-54F6-C195-7A34-84243E505612,
GL01554,2025-06-24,1180,IVA acreditable,2483.58,0,IVA factura 59575,C17F2C88-54F6-C195-7A34-84243E505612,
GL01555,2025-06-24,2100,Proveedores,0,18005.98,Factura 59575 Pinturas Guadalupe S de RL de CV,C17F2C88-54F6-C195-7A34-84243E505612,
GL01556,2025-06-24,2100,Proveedores,13444.98,0,Pago Neumática Industrial S de RL de CV,85F96B2D-07DF-94C7-6796-5757706A25B3,TX00276
GL01557,2025-06-24,1020,Bancos,0,13444.98,Pago Neumática Industrial S de RL de CV,85F96B2D-07DF-94C7-6796-5757706A25B3,TX00276
GL01558,2025-06-24,1200,Clientes,459523.88,0,Venta 1635 Construcciones Sada S de RL de CV,DCFC5F0C-17EE-6731-5B72-862DBE94207A,
GL01559,2025-06-24,4000,Ventas,0,396141.28,Venta 1635 Construcciones Sada S de RL de CV,DCFC5F0C-17EE-6731-5B72-862DBE94207A,
GL01560,2025-06-24,2180,IVA trasladado,0,63382.6,IVA venta 1635,DCFC5F0C-17EE-6731-5B72-862DBE94207A,
GL01561,2025-06-25,6000,Gastos logistica,9432.4,0,Factura 9025 Suministros Guadalupe SA de CV,1533C564-961E-CF61-73C6-2FA39B0A2A7A,
GL01562,2025-06-25,1180,IVA acreditable,1509.18,0,IVA factura 9025,1533C564-961E-CF61-73C6-2FA39B0A2A7A,
GL01563,2025-06-25,2100,Proveedores,0,10941.58,Factura 9025 Suministros Guadalupe SA de CV,1533C564-961E-CF61-73C6-2FA39B0A2A7A,
GL01564,2025-06-25,6000,Gastos materia_prima,14799.9,0,Factura 4236 Hidráulica Nuevo León SAPI de CV,C12939C9-2FA4-AE6D-0C10-1D20E8EC5161,
GL01565,2025-06-25,1180,IVA acreditable,2367.98,0,IVA factura 4236,C12939C9-2FA4-AE6D-0C10-1D20E8EC5161,
GL01566,2025-06-25,2100,Proveedores,0,17167.88,Factura 4236 Hidráulica Nuevo León SAPI de CV,C12939C9-2FA4-AE6D-0C10-1D20E8EC5161,
GL01567,2025-06-25,2100,Proveedores,57536.0,0,Pago Transportes Industrial S de RL de CV,7D982D9A-8892-3A5A-992D-4F4463D20C4D,TX00277
GL01568,2025-06-25,1020,Bancos,0,57536.0,Pago Transportes Industrial S de RL de CV,7D982D9A-8892-3A5A-992D-4F4463D20C4D,TX00277
GL01569,2025-06-25,6000,Gastos refacciones,20809.9,0,Factura 97658 Industrias Monterrey SA de CV,7AE658EA-083D-7D4C-9442-9575AF5A1659,
GL01570,2025-06-25,1180,IVA acreditable,3329.58,0,IVA factura 97658,7AE658EA-083D-7D4C-9442-9575AF5A1659,
GL01571,2025-06-25,2100,Proveedores,0,24139.48,Factura 97658 Industrias Monterrey SA de CV,7AE658EA-083D-7D4C-9442-9575AF5A1659,
GL01572,2025-06-26,2100,Proveedores,57988.28,0,Pago Metálica del Norte S de RL de CV,DE19EB95-4742-9BA2-8549-F950FA318EB4,TX00278
GL01573,2025-06-26,1020,Bancos,0,57988.28,Pago Metálica del Norte S de RL de CV,DE19EB95-4742-9BA2-8549-F950FA318EB4,TX00278
GL01574,2025-06-26,2100,Proveedores,107534.78,0,Pago Herramientas del Norte SAPI de CV,6F56E592-A7A8-EB67-55F8-8E2C2DA79322,TX00279
GL01575,2025-06-26,1020,Bancos,0,107534.78,Pago Herramientas del Norte SAPI de CV,6F56E592-A7A8-EB67-55F8-8E2C2DA79322,TX00279
GL01576,2025-06-26,6000,Gastos servicios,5342.4,0,Factura 25246 Ferretera Guadalupe S de RL de CV,AB08214B-E633-5B1C-883F-FFE24A3A94A4,
GL01577,2025-06-26,1180,IVA acreditable,854.78,0,IVA factura 25246,AB08214B-E633-5B1C-883F-FFE24A3A94A4,
GL01578,2025-06-26,2100,Proveedores,0,6197.18,Factura 25246 Ferretera Guadalupe S de RL de CV,AB08214B-E633-5B1C-883F-FFE24A3A94A4,
GL01579,2025-06-26,6000,Gastos servicios,8980.5,0,Factura 46891 Ferretera Guadalupe S de RL de CV,37D57BF6-9650-9C1D-EBBD-E0895620E41E,
GL01580,2025-06-26,1180,IVA acreditable,1436.88,0,IVA factura 46891,37D57BF6-9650-9C1D-EBBD-E0895620E41E,
GL01581,2025-06-26,2100,Proveedores,0,10417.38,Factura 46891 Ferretera Guadalupe S de RL de CV,37D57BF6-9650-9C1D-EBBD-E0895620E41E,
GL01582,2025-06-26,1200,Clientes,356645.75,0,Venta 1579 Grupo Chapa S de RL de CV,6C29547A-5579-343D-5497-7EEE2BE9C421,
GL01583,2025-06-26,4000,Ventas,0,307453.23,Venta 1579 Grupo Chapa S de RL de CV,6C29547A-5579-343D-5497-7EEE2BE9C421,
GL01584,2025-06-26,2180,IVA trasladado,0,49192.52,IVA venta 1579,6C29547A-5579-343D-5497-7EEE2BE9C421,
GL01585,2025-06-26,1200,Clientes,132507.52,0,Venta 1583 Grupo Chapa S de RL de CV,4AACE82F-A515-92F4-2EE4-5B09F8BDDA60,
GL01586,2025-06-26,4000,Ventas,0,114230.62,Venta 1583 Grupo Chapa S de RL de CV,4AACE82F-A515-92F4-2EE4-5B09F8BDDA60,
GL01587,2025-06-26,2180,IVA trasladado,0,18276.9,IVA venta 1583,4AACE82F-A515-92F4-2EE4-5B09F8BDDA60,
GL01588,2025-06-27,6000,Gastos refacciones,17980.5,0,Factura 81728 Refacciones Santa Catarina S de RL de CV,6EBF7C6F-649A-0595-3F9E-717FC4A7DB1C,
GL01589,2025-06-27,1180,IVA acreditable,2876.88,0,IVA factura 81728,6EBF7C6F-649A-0595-3F9E-717FC4A7DB1C,
GL01590,2025-06-27,2100,Proveedores,0,20857.38,Factura 81728 Refacciones Santa Catarina S de RL de CV,6EBF7C6F-649A-0595-3F9E-717FC4A7DB1C,
GL01591,2025-06-27,6000,Gastos materia_prima,15482.4,0,Factura 64330 Grupo Nuevo León SAPI de CV,F88E42D7-478D-8BA5-C281-75EBF9097CEC,
GL01592,2025-06-27,1180,IVA acreditable,2477.18,0,IVA factura 64330,F88E42D7-478D-8BA5-C281-75EBF9097CEC,
GL01593,2025-06-27,2100,Proveedores,0,17959.58,Factura 64330 Grupo Nuevo León SAPI de CV,F88E42D7-478D-8BA5-C281-75EBF9097CEC,
GL01594,2025-06-27,1020,Bancos,433698.58,0,Cobro Autopartes Guerra SAPI de CV,BEFAF74C-DCF9-E4F7-D78D-5E5B2B51E65B,TX00280
GL01595,2025-06-27,1200,Clientes,0,433698.58,Cobro Autopartes Guerra SAPI de CV,BEFAF74C-DCF9-E4F7-D78D-5E5B2B51E65B,TX00280
GL01596,2025-06-30,2100,Proveedores,5208.28,0,Pago Soldadura Guadalupe S de RL de CV,D93C84B1-F5BB-4C2E-766B-9D4CAA96901D,TX00281
GL01597,2025-06-30,1020,Bancos,0,5208.28,Pago Soldadura Guadalupe S de RL de CV,D93C84B1-F5BB-4C2E-766B-9D4CAA96901D,TX00281
GL01598,2025-06-30,2100,Proveedores,22132.8,0,Pago Servicios Nuevo León SA de CV,737BBABA-5546-9918-CFDD-DC2EE72F2C50,TX00282
GL01599,2025-06-30,1020,Bancos,0,22132.8,Pago Servicios Nuevo León SA de CV,737BBABA-5546-9918-CFDD-DC2EE72F2C50,TX00282
GL01600,2025-06-30,2100,Proveedores,89296.68,0,Pago Ferretera Santa Catarina SAPI de CV,7956BB82-7927-E052-0CEB-E3EF266B2763,TX00283
GL01601,2025-06-30,1020,Bancos,0,89296.68,Pago Ferretera Santa Catarina SAPI de CV,7956BB82-7927-E052-0CEB-E3EF266B2763,TX00283
GL01602,2025-06-30,6000,Gastos servicios,83647.8,0,Factura 83486 Hidráulica Industrial S de RL de CV,F8C9FA8D-CA00-F317-196D-A56A12ECEA0F,
GL01603,2025-06-30,1180,IVA acreditable,13383.65,0,IVA factura 83486,F8C9FA8D-CA00-F317-196D-A56A12ECEA0F,
GL01604,2025-06-30,2100,Proveedores,0,97031.45,Factura 83486 Hidráulica Industrial S de RL de CV,F8C9FA8D-CA00-F317-196D-A56A12ECEA0F,
GL01605,2025-06-30,6000,Gastos materia_prima,25750.5,0,Factura 97191 Empaques Apodaca SAPI de CV,AAF5A369-82C7-598B-2371-2E059AF0A126,
GL01606,2025-06-30,1180,IVA acreditable,4120.08,0,IVA factura 97191,AAF5A369-82C7-598B-2371-2E059AF0A126,
GL01607,2025-06-30,2100,Proveedores,0,29870.58,Factura 97191 Empaques Apodaca SAPI de CV,AAF5A369-82C7-598B-2371-2E059AF0A126,
GL01608,2025-06-30,6000,Gastos refacciones,97067.8,0,Factura 73071 Maquinados del Norte SAPI de CV,A7E42117-4F3F-CFC9-9F6F-88E252C49987,
GL01609,2025-06-30,1180,IVA acreditable,15530.85,0,IVA factura 73071,A7E42117-4F3F-CFC9-9F6F-88E252C49987,
GL01610,2025-06-30,2100,Proveedores,0,112598.65,Factura 73071 Maquinados del Norte SAPI de CV,A7E42117-4F3F-CFC9-9F6F-88E252C49987,
GL01611,2025-06-30,6000,Gastos refacciones,25290.5,0,Factura 42538 Pinturas Escobedo S de RL de CV,858223AA-D78E-4CBC-8846-B8CD8D6B147F,
GL01612,2025-06-30,1180,IVA acreditable,4046.48,0,IVA factura 42538,858223AA-D78E-4CBC-8846-B8CD8D6B147F,
GL01613,2025-06-30,2100,Proveedores,0,29336.98,Factura 42538 Pinturas Escobedo S de RL de CV,858223AA-D78E-4CBC-8846-B8CD8D6B147F,
GL01614,2025-06-30,6000,Gastos refacciones,26232.4,0,Factura 84586 Pinturas Escobedo S de RL de CV,34D004A1-6216-1761-23BA-83C63D8C2795,
GL01615,2025-06-30,1180,IVA acreditable,4197.18,0,IVA factura 84586,34D004A1-6216-1761-23BA-83C63D8C2795,
GL01616,2025-06-30,2100,Proveedores,0,30429.58,Factura 84586 Pinturas Escobedo S de RL de CV,34D004A1-6216-1761-23BA-83C63D8C2795,
GL01617,2025-06-30,1020,Bancos,397932.56,0,Cobro Grupo Martínez SA de CV,25168F11-B613-A11E-381B-6A18A15E15A3,TX00284
GL01618,2025-06-30,1200,Clientes,0,397932.56,Cobro Grupo Martínez SA de CV,25168F11-B613-A11E-381B-6A18A15E15A3,TX00284
GL01619,2025-06-30,6100,Sueldos y salarios,426912.58,0,Nómina,,TX00285
GL01620,2025-06-30,1020,Bancos,0,426912.58,Nómina,,TX00285
GL01621,2025-07-01,6000,Gastos refacciones,10969.9,0,Factura 10851 Neumática Industrial S de RL de CV,C78E9279-EDE5-4ECA-7649-0B05634F70FF,
GL01622,2025-07-01,1180,IVA acreditable,1755.18,0,IVA factura 10851,C78E9279-EDE5-4ECA-7649-0B05634F70FF,
GL01623,2025-07-01,2100,Proveedores,0,12725.08,Factura 10851 Neumática Industrial S de RL de CV,C78E9279-EDE5-4ECA-7649-0B05634F70FF,
GL01624,2025-07-01,2100,Proveedores,18212.0,0,Pago Industrias Monterrey SA de CV,30C2F72E-1D71-8E40-6210-D4D446EC0C3E,TX00286
GL01625,2025-07-01,1020,Bancos,0,18212.0,Pago Industrias Monterrey SA de CV,30C2F72E-1D71-8E40-6210-D4D446EC0C3E,TX00286
GL01626,2025-07-01,1200,Clientes,231598.77,0,Venta 1510 Envases Guerra SA de CV,47C32F21-E9FF-91A4-CAF1-BE8C862475EF,
GL01627,2025-07-01,4000,Ventas,0,199654.11,Venta 1510 Envases Guerra SA de CV,47C32F21-E9FF-91A4-CAF1-BE8C862475EF,
GL01628,2025-07-01,2180,IVA trasladado,0,31944.66,IVA venta 1510,47C32F21-E9FF-91A4-CAF1-BE8C862475EF,
GL01629,2025-07-02,2100,Proveedores,36331.78,0,Pago Grupo San Nicolás SA de CV,57A609DF-45CE-D334-A947-2D678A6C933A,TX00287
GL01630,2025-07-02,1020,Bancos,0,36331.78,Pago Grupo San Nicolás SA de CV,57A609DF-45CE-D334-A947-2D678A6C933A,TX00287
GL01631,2025-07-02,6000,Gastos refacciones,9120.5,0,Factura 67542 Neumática del Norte SA de CV,B1380ABC-A817-13E2-600E-89AAA38D715A,
GL01632,2025-07-02,1180,IVA acreditable,1459.28,0,IVA factura 67542,B1380ABC-A817-13E2-600E-89AAA38D715A,
GL01633,2025-07-02,2100,Proveedores,0,10579.78,Factura 67542 Neumática del Norte SA de CV,B1380ABC-A817-13E2-600E-89AAA38D715A,
GL01634,2025-07-02,6000,Gastos refacciones,16760,0,Factura 84482 Servicios Santa Catarina SAPI de CV,D9C569B9-2128-3039-1F7E-DDEE58EA0111,
GL01635,2025-07-02,1180,IVA acreditable,2681.6,0,IVA factura 84482,D9C569B9-2128-3039-1F7E-DDEE58EA0111,
GL01636,2025-07-02,2100,Proveedores,0,19441.6,Factura 84482 Servicios Santa Catarina SAPI de CV,D9C569B9-2128-3039-1F7E-DDEE58EA0111,
GL01637,2025-07-02,2100,Proveedores,27202.58,0,Pago Industrias Monterrey SA de CV,A74A125D-1CF8-4A66-7EA1-EFAF8C34A98D,TX00288
GL01638,2025-07-02,1020,Bancos,0,27202.58,Pago Industrias Monterrey SA de CV,A74A125D-1CF8-4A66-7EA1-EFAF8C34A98D,TX00288
GL01639,2025-07-02,1020,Bancos,179434.96,0,Cobro Construcciones Martínez SAPI de CV,28CF6A87-063E-653E-2CE3-7441DD42E31B,TX00289
GL01640,2025-07-02,1200,Clientes,0,179434.96,Cobro Construcciones Martínez SAPI de CV,28CF6A87-063E-653E-2CE3-7441DD42E31B,TX00289
GL01641,2025-07-02,1200,Clientes,363837.86,0,Venta 1542 Autopartes Guerra S de RL de CV,BC39074C-A2F5-FC9F-F3E6-11F1DA46A79F,
GL01642,2025-07-02,4000,Ventas,0,313653.33,Venta 1542 Autopartes Guerra S de RL de CV,BC39074C-A2F5-FC9F-F3E6-11F1DA46A79F,
GL01643,2025-07-02,2180,IVA trasladado,0,50184.53,IVA venta 1542,BC39074C-A2F5-FC9F-F3E6-11F1DA46A79F,
GL01644,2025-07-02,1020,Bancos,49025.51,0,Cobro Grupo Quintanilla S de RL de CV,E5CB5AD2-C99E-A83D-0166-C44CE9BAC0C1,TX00290
GL01645,2025-07-02,1200,Clientes,0,49025.51,Cobro Grupo Quintanilla S de RL de CV,E5CB5AD2-C99E-A83D-0166-C44CE9BAC0C1,TX00290
GL01646,2025-07-03,2100,Proveedores,9198.68,0,Pago Hidráulica Nuevo León SAPI de CV,D8837E25-7DC2-4DEF-3D94-C15032048B2C,TX00291
GL01647,2025-07-03,1020,Bancos,0,9198.68,Pago Hidráulica Nuevo León SAPI de CV,D8837E25-7DC2-4DEF-3D94-C15032048B2C,TX00291
GL01648,2025-07-03,2100,Proveedores,15973.08,0,Pago Ferretera Guadalupe S de RL de CV,A7850E93-4269-342E-DAF7-3876DD5F12A2,TX00292
GL01649,2025-07-03,1020,Bancos,0,15973.08,Pago Ferretera Guadalupe S de RL de CV,A7850E93-4269-342E-DAF7-3876DD5F12A2,TX00292
GL01650,2025-07-03,2100,Proveedores,23258.58,0,Pago Pinturas Nuevo León SAPI de CV,B9BDD4A8-F526-50B8-5B6D-929F2FDABD2D,TX00293
GL01651,2025-07-03,1020,Bancos,0,23258.58,Pago Pinturas Nuevo León SAPI de CV,B9BDD4A8-F526-50B8-5B6D-929F2FDABD2D,TX00293
GL01652,2025-07-03,1020,Bancos,408709.93,0,Cobro Envases Guerra SA de CV,7B18EE7A-8C9A-0DDC-CD2A-A232350319C2,TX00294
GL01653,2025-07-03,1200,Clientes,0,408709.93,Cobro Envases Guerra SA de CV,7B18EE7A-8C9A-0DDC-CD2A-A232350319C2,TX00294
GL01654,2025-07-03,1020,Bancos,168492.83,0,Cobro Autopartes Guerra SAPI de CV,78EBEDAC-03EA-3ACD-FBA8-584055E52BAF,TX00295
GL01655,2025-07-03,1200,Clientes,0,168492.83,Cobro Autopartes Guerra SAPI de CV,78EBEDAC-03EA-3ACD-FBA8-584055E52BAF,TX00295
GL01656,2025-07-03,6000,Gastos refacciones,50000,0,Factura 3784 Servicios de México SA de CV,EE287B0D-27FE-CB64-8CB1-D6D8A4AEF417,
GL01657,2025-07-03,1180,IVA acreditable,8000.0,0,IVA factura 3784,EE287B0D-27FE-CB64-8CB1-D6D8A4AEF417,
GL01658,2025-07-03,2100,Proveedores,0,58000.0,Factura 3784 Servicios de México SA de CV,EE287B0D-27FE-CB64-8CB1-D6D8A4AEF417,
GL01659,2025-07-03,6000,Gastos refacciones,100000,0,Factura 8971 Servicios de México SA de CV,EB7EF068-574A-466F-D039-C6756E7342DA,
GL01660,2025-07-03,1180,IVA acreditable,16000.0,0,IVA factura 8971,EB7EF068-574A-466F-D039-C6756E7342DA,
GL01661,2025-07-03,2100,Proveedores,0,116000.0,Factura 8971 Servicios de México SA de CV,EB7EF068-574A-466F-D039-C6756E7342DA,
GL01662,2025-07-03,6000,Gastos consumibles,18555.88,0,Factura 10263 Maquinados Regiomontana S de RL de CV,7D9B9522-9FCC-D550-CA40-393CDAEC2E47,
GL01663,2025-07-03,1180,IVA acreditable,2968.94,0,IVA factura 10263,7D9B9522-9FCC-D550-CA40-393CDAEC2E47,
GL01664,2025-07-03,2100,Proveedores,0,21524.82,Factura 10263 Maquinados Regiomontana S de RL de CV,7D9B9522-9FCC-D550-CA40-393CDAEC2E47,
GL01665,2025-07-04,6000,Gastos logistica,7520.5,0,Factura 71604 Refacciones Regiomontana SAPI de CV,BAE68FA1-ED5C-0BA0-F079-F13EA5462E00,
GL01666,2025-07-04,1180,IVA acreditable,1203.28,0,IVA factura 71604,BAE68FA1-ED5C-0BA0-F079-F13EA5462E00,
GL01667,2025-07-04,2100,Proveedores,0,8723.78,Factura 71604 Refacciones Regiomontana SAPI de CV,BAE68FA1-ED5C-0BA0-F079-F13EA5462E00,
GL01668,2025-07-04,6000,Gastos logistica,12507.8,0,Factura 59538 Soldadura Guadalupe S de RL de CV,DF06B6BB-6FE7-54A7-6A4E-5FF3E7815E64,
GL01669,2025-07-04,1180,IVA acreditable,2001.25,0,IVA factura 59538,DF06B6BB-6FE7-54A7-6A4E-5FF3E7815E64,
GL01670,2025-07-04,2100,Proveedores,0,14509.05,Factura 59538 Soldadura Guadalupe S de RL de CV,DF06B6BB-6FE7-54A7-6A4E-5FF3E7815E64,
GL01671,2025-07-04,6000,Gastos servicios,72817.8,0,Factura 89348 Hidráulica Industrial S de RL de CV,EA6A42DD-2E3B-F7D9-C433-1457101152C3,
GL01672,2025-07-04,1180,IVA acreditable,11650.85,0,IVA factura 89348,EA6A42DD-2E3B-F7D9-C433-1457101152C3,
GL01673,2025-07-04,2100,Proveedores,0,84468.65,Factura 89348 Hidráulica Industrial S de RL de CV,EA6A42DD-2E3B-F7D9-C433-1457101152C3,
GL01674,2025-07-04,6000,Gastos materia_prima,20557.8,0,Factura 45672 Grupo Nuevo León SAPI de CV,39E50E0C-52A2-C2A9-237C-F5C84B0C8547,
GL01675,2025-07-04,1180,IVA acreditable,3289.25,0,IVA factura 45672,39E50E0C-52A2-C2A9-237C-F5C84B0C8547,
GL01676,2025-07-04,2100,Proveedores,0,23847.05,Factura 45672 Grupo Nuevo León SAPI de CV,39E50E0C-52A2-C2A9-237C-F5C84B0C8547,
GL01677,2025-07-04,2100,Proveedores,88601.38,0,Pago Suministros Guadalupe SA de CV,0C83BB78-EC87-619C-CB89-4FEE1FFF4CC7,TX00296
GL01678,2025-07-04,1020,Bancos,0,88601.38,Pago Suministros Guadalupe SA de CV,0C83BB78-EC87-619C-CB89-4FEE1FFF4CC7,TX00296
GL01679,2025-07-04,2100,Proveedores,32540.78,0,Pago Metálica del Norte SA de CV,70C27226-B71D-C541-4AD9-C3D13043A746,TX00297
GL01680,2025-07-04,1020,Bancos,0,32540.78,Pago Metálica del Norte SA de CV,70C27226-B71D-C541-4AD9-C3D13043A746,TX00297
GL01681,2025-07-07,6000,Gastos renta_util,59819.9,0,Factura 99081 Distribuidora del Norte S de RL de CV,8FC70DC0-A301-E3E4-1A1B-C4C66A5C07D9,
GL01682,2025-07-07,1180,IVA acreditable,9571.18,0,IVA factura 99081,8FC70DC0-A301-E3E4-1A1B-C4C66A5C07D9,
GL01683,2025-07-07,2100,Proveedores,0,69391.08,Factura 99081 Distribuidora del Norte S de RL de CV,8FC70DC0-A301-E3E4-1A1B-C4C66A5C07D9,
GL01684,2025-07-07,6000,Gastos consumibles,36027.8,0,Factura 94415 Soldadura Regiomontana S de RL de CV,B138BC65-3093-8E8E-486E-94730EBF847B,
GL01685,2025-07-07,1180,IVA acreditable,5764.45,0,IVA factura 94415,B138BC65-3093-8E8E-486E-94730EBF847B,
GL01686,2025-07-07,2100,Proveedores,0,41792.25,Factura 94415 Soldadura Regiomontana S de RL de CV,B138BC65-3093-8E8E-486E-94730EBF847B,
GL01687,2025-07-07,2100,Proveedores,27123.58,0,Pago Herramientas del Norte S de RL de CV,D9BBD0B6-6C13-95FD-0E93-55471A134B60,TX00298
GL01688,2025-07-07,1020,Bancos,0,27123.58,Pago Herramientas del Norte S de RL de CV,D9BBD0B6-6C13-95FD-0E93-55471A134B60,TX00298
GL01689,2025-07-07,6000,Gastos consumibles,41317.8,0,Factura 44209 Servicios Nuevo León SA de CV,80103945-602D-F68B-6623-450351938A24,
GL01690,2025-07-07,1180,IVA acreditable,6610.85,0,IVA factura 44209,80103945-602D-F68B-6623-450351938A24,
GL01691,2025-07-07,2100,Proveedores,0,47928.65,Factura 44209 Servicios Nuevo León SA de CV,80103945-602D-F68B-6623-450351938A24,
GL01692,2025-07-07,6000,Gastos consumibles,64209.9,0,Factura 54772 Herramientas del Norte SAPI de CV,AD12E116-A08C-7563-C846-A9489AF17948,
GL01693,2025-07-07,1180,IVA acreditable,10273.58,0,IVA factura 54772,AD12E116-A08C-7563-C846-A9489AF17948,
GL01694,2025-07-07,2100,Proveedores,0,74483.48,Factura 54772 Herramientas del Norte SAPI de CV,AD12E116-A08C-7563-C846-A9489AF17948,
GL01695,2025-07-07,2100,Proveedores,7748.8,0,Pago Electrónica del Norte S de RL de CV,5DDC2CF4-CB5A-E29D-B5EF-F1159F02104B,TX00299
GL01696,2025-07-07,1020,Bancos,0,7748.8,Pago Electrónica del Norte S de RL de CV,5DDC2CF4-CB5A-E29D-B5EF-F1159F02104B,TX00299
GL01697,2025-07-07,6000,Gastos servicios,10890.5,0,Factura 7297 Ferretera Guadalupe S de RL de CV,D7D7D5B0-3FA0-6889-20F9-38CC42CF0072,
GL01698,2025-07-07,1180,IVA acreditable,1742.48,0,IVA factura 7297,D7D7D5B0-3FA0-6889-20F9-38CC42CF0072,
GL01699,2025-07-07,2100,Proveedores,0,12632.98,Factura 7297 Ferretera Guadalupe S de RL de CV,D7D7D5B0-3FA0-6889-20F9-38CC42CF0072,
GL01700,2025-07-07,2100,Proveedores,20752.28,0,Pago Pinturas Nuevo León SAPI de CV,A63FF60D-3241-F080-EDC1-A115DE4508EB,TX00300
GL01701,2025-07-07,1020,Bancos,0,20752.28,Pago Pinturas Nuevo León SAPI de CV,A63FF60D-3241-F080-EDC1-A115DE4508EB,TX00300
GL01702,2025-07-07,2100,Proveedores,28664.18,0,Pago Pinturas Escobedo S de RL de CV,B1E75C96-3DCB-41E1-51EE-1493900275D3,TX00301
GL01703,2025-07-07,1020,Bancos,0,28664.18,Pago Pinturas Escobedo S de RL de CV,B1E75C96-3DCB-41E1-51EE-1493900275D3,TX00301
GL01704,2025-07-07,1200,Clientes,309948.6,0,Venta 1557 Envases Hernández SAPI de CV,88503546-9C6D-FF68-E117-D02D67926E92,
GL01705,2025-07-07,4000,Ventas,0,267197.07,Venta 1557 Envases Hernández SAPI de CV,88503546-9C6D-FF68-E117-D02D67926E92,
GL01706,2025-07-07,2180,IVA trasladado,0,42751.53,IVA venta 1557,88503546-9C6D-FF68-E117-D02D67926E92,
GL01707,2025-07-07,1200,Clientes,262958.49,0,Venta 1611 Grupo Quintanilla S de RL de CV,E8A5BF98-C87D-8556-607D-D782DC934D86,
GL01708,2025-07-07,4000,Ventas,0,226688.35,Venta 1611 Grupo Quintanilla S de RL de CV,E8A5BF98-C87D-8556-607D-D782DC934D86,
GL01709,2025-07-07,2180,IVA trasladado,0,36270.14,IVA venta 1611,E8A5BF98-C87D-8556-607D-D782DC934D86,
GL01710,2025-07-07,1020,Bancos,447159.38,0,Cobro Grupo Quintanilla S de RL de CV,B39319D6-9803-51F2-3C65-B31A497A0996,TX00302
GL01711,2025-07-07,1200,Clientes,0,447159.38,Cobro Grupo Quintanilla S de RL de CV,B39319D6-9803-51F2-3C65-B31A497A0996,TX00302
GL01712,2025-07-08,6000,Gastos renta_util,26430,0,Factura 36161 Metálica del Norte S de RL de CV,B36E1F8B-2F28-3992-9E41-54C8A0BB3EE0,
GL01713,2025-07-08,1180,IVA acreditable,4228.8,0,IVA factura 36161,B36E1F8B-2F28-3992-9E41-54C8A0BB3EE0,
GL01714,2025-07-08,2100,Proveedores,0,30658.8,Factura 36161 Metálica del Norte S de RL de CV,B36E1F8B-2F28-3992-9E41-54C8A0BB3EE0,
GL01715,2025-07-08,2100,Proveedores,27202.58,0,Pago Metálica San Nicolás SA de CV,CCA94E84-3BF8-5881-41D1-7EDE3E91611A,TX00303
GL01716,2025-07-08,1020,Bancos,0,27202.58,Pago Metálica San Nicolás SA de CV,CCA94E84-3BF8-5881-41D1-7EDE3E91611A,TX00303
GL01717,2025-07-08,6000,Gastos refacciones,19439.9,0,Factura 32738 Servicios Santa Catarina SAPI de CV,01C0074F-E355-FA97-93CB-95E3D03D9C2F,
GL01718,2025-07-08,1180,IVA acreditable,3110.38,0,IVA factura 32738,01C0074F-E355-FA97-93CB-95E3D03D9C2F,
GL01719,2025-07-08,2100,Proveedores,0,22550.28,Factura 32738 Servicios Santa Catarina SAPI de CV,01C0074F-E355-FA97-93CB-95E3D03D9C2F,
GL01720,2025-07-08,6000,Gastos renta_util,9047.8,0,Factura 66993 Pinturas Guadalupe S de RL de CV,1104A7A4-9067-0535-9FAA-227F18A2F4CF,
GL01721,2025-07-08,1180,IVA acreditable,1447.65,0,IVA factura 66993,1104A7A4-9067-0535-9FAA-227F18A2F4CF,
GL01722,2025-07-08,2100,Proveedores,0,10495.45,Factura 66993 Pinturas Guadalupe S de RL de CV,1104A7A4-9067-0535-9FAA-227F18A2F4CF,
GL01723,2025-07-08,6000,Gastos refacciones,17480,0,Factura 69205 Neumática Industrial S de RL de CV,F00DD252-1838-FA7A-1723-7D5E55413783,
GL01724,2025-07-08,1180,IVA acreditable,2796.8,0,IVA factura 69205,F00DD252-1838-FA7A-1723-7D5E55413783,
GL01725,2025-07-08,2100,Proveedores,0,20276.8,Factura 69205 Neumática Industrial S de RL de CV,F00DD252-1838-FA7A-1723-7D5E55413783,
GL01726,2025-07-08,1200,Clientes,461945.67,0,Venta 1544 Autopartes Guerra S de RL de CV,A44D835E-E6D6-F490-76A6-1AECC9385845,
GL01727,2025-07-08,4000,Ventas,0,398229.03,Venta 1544 Autopartes Guerra S de RL de CV,A44D835E-E6D6-F490-76A6-1AECC9385845,
GL01728,2025-07-08,2180,IVA trasladado,0,63716.64,IVA venta 1544,A44D835E-E6D6-F490-76A6-1AECC9385845,
GL01729,2025-07-08,1020,Bancos,121148.28,0,Cobro Envases Quintanilla S de RL de CV,2E9C6F2B-13BD-99D6-D314-2786394525BB,TX00304
GL01730,2025-07-08,1200,Clientes,0,121148.28,Cobro Envases Quintanilla S de RL de CV,2E9C6F2B-13BD-99D6-D314-2786394525BB,TX00304
GL01731,2025-07-09,6000,Gastos logistica,9372.4,0,Factura 55957 Soldadura Guadalupe S de RL de CV,4C30948B-B568-D59E-44F2-B268F86CC39D,
GL01732,2025-07-09,1180,IVA acreditable,1499.58,0,IVA factura 55957,4C30948B-B568-D59E-44F2-B268F86CC39D,
GL01733,2025-07-09,2100,Proveedores,0,10871.98,Factura 55957 Soldadura Guadalupe S de RL de CV,4C30948B-B568-D59E-44F2-B268F86CC39D,
GL01734,2025-07-09,6000,Gastos materia_prima,23399.9,0,Factura 98246 Grupo Nuevo León SAPI de CV,BD65DB72-19CD-399D-9C90-80E6C0AB2DA2,
GL01735,2025-07-09,1180,IVA acreditable,3743.98,0,IVA factura 98246,BD65DB72-19CD-399D-9C90-80E6C0AB2DA2,
GL01736,2025-07-09,2100,Proveedores,0,27143.88,Factura 98246 Grupo Nuevo León SAPI de CV,BD65DB72-19CD-399D-9C90-80E6C0AB2DA2,
GL01737,2025-07-10,2100,Proveedores,6264.0,0,Pago Refacciones Regiomontana SAPI de CV,BB934BA0-27B5-ED96-1BC9-32C8A9475C11,TX00305
GL01738,2025-07-10,1020,Bancos,0,6264.0,Pago Refacciones Regiomontana SAPI de CV,BB934BA0-27B5-ED96-1BC9-32C8A9475C11,TX00305
GL01739,2025-07-10,2100,Proveedores,75179.6,0,Pago Hidráulica Industrial S de RL de CV,347431C1-FEC6-7590-BDA1-61979F2FCBB0,TX00306
GL01740,2025-07-10,1020,Bancos,0,75179.6,Pago Hidráulica Industrial S de RL de CV,347431C1-FEC6-7590-BDA1-61979F2FCBB0,TX00306
GL01741,2025-07-10,1020,Bancos,259088.15,0,Cobro Envases Guerra SA de CV,88BA90F7-2E65-541E-6566-81CE61CFA87F,TX00307
GL01742,2025-07-10,1200,Clientes,0,259088.15,Cobro Envases Guerra SA de CV,88BA90F7-2E65-541E-6566-81CE61CFA87F,TX00307
GL01743,2025-07-11,6000,Gastos consumibles,64580.5,0,Factura 1840 Soldadura Regiomontana S de RL de CV,6FE57398-F3BE-5C8C-48FC-823882E43A26,
GL01744,2025-07-11,1180,IVA acreditable,10332.88,0,IVA factura 1840,6FE57398-F3BE-5C8C-48FC-823882E43A26,
GL01745,2025-07-11,2100,Proveedores,0,74913.38,Factura 1840 Soldadura Regiomontana S de RL de CV,6FE57398-F3BE-5C8C-48FC-823882E43A26,
GL01746,2025-07-11,6000,Gastos refacciones,9920,0,Factura 24242 Servicios Santa Catarina SAPI de CV,8DF7D010-8831-D487-8216-F241AF8C77F5,
GL01747,2025-07-11,1180,IVA acreditable,1587.2,0,IVA factura 24242,8DF7D010-8831-D487-8216-F241AF8C77F5,
GL01748,2025-07-11,2100,Proveedores,0,11507.2,Factura 24242 Servicios Santa Catarina SAPI de CV,8DF7D010-8831-D487-8216-F241AF8C77F5,
GL01749,2025-07-11,2100,Proveedores,7189.45,0,Pago Pinturas Guadalupe S de RL de CV,5B8487FD-A1B6-08C6-D5CD-A1233D9702C7,TX00308
GL01750,2025-07-11,1020,Bancos,0,7189.45,Pago Pinturas Guadalupe S de RL de CV,5B8487FD-A1B6-08C6-D5CD-A1233D9702C7,TX00308
GL01751,2025-07-11,1200,Clientes,69235.59,0,Venta 1593 Autopartes Chapa SAPI de CV,FD8E5107-7180-4B4B-BAFB-710C26FF4A94,
GL01752,2025-07-11,4000,Ventas,0,59685.85,Venta 1593 Autopartes Chapa SAPI de CV,FD8E5107-7180-4B4B-BAFB-710C26FF4A94,
GL01753,2025-07-11,2180,IVA trasladado,0,9549.74,IVA venta 1593,FD8E5107-7180-4B4B-BAFB-710C26FF4A94,
GL01754,2025-07-14,6000,Gastos servicios,77529.9,0,Factura 22041 Grupo San Nicolás SA de CV,5E3E2C93-E46C-C67A-F4CD-E02089E03AEF,
GL01755,2025-07-14,1180,IVA acreditable,12404.78,0,IVA factura 22041,5E3E2C93-E46C-C67A-F4CD-E02089E03AEF,
GL01756,2025-07-14,2100,Proveedores,0,89934.68,Factura 22041 Grupo San Nicolás SA de CV,5E3E2C93-E46C-C67A-F4CD-E02089E03AEF,
GL01757,2025-07-14,2100,Proveedores,10384.78,0,Pago Suministros Guadalupe SA de CV,27B7053D-7908-7722-BCEE-862D867302BA,TX00309
GL01758,2025-07-14,1020,Bancos,0,10384.78,Pago Suministros Guadalupe SA de CV,27B7053D-7908-7722-BCEE-862D867302BA,TX00309
GL01759,2025-07-14,2100,Proveedores,20857.38,0,Pago Refacciones Santa Catarina S de RL de CV,6EBF7C6F-649A-0595-3F9E-717FC4A7DB1C,TX00310
GL01760,2025-07-14,1020,Bancos,0,20857.38,Pago Refacciones Santa Catarina S de RL de CV,6EBF7C6F-649A-0595-3F9E-717FC4A7DB1C,TX00310
GL01761,2025-07-14,2100,Proveedores,13990.18,0,Pago Neumática Industrial S de RL de CV,3786DFC2-B2E0-FA85-B791-72D9A1C36A5A,TX00311
GL01762,2025-07-14,1020,Bancos,0,13990.18,Pago Neumática Industrial S de RL de CV,3786DFC2-B2E0-FA85-B791-72D9A1C36A5A,TX00311
GL01763,2025-07-14,1020,Bancos,314980.77,0,Cobro Envases Guerra SA de CV,C8BCD0FE-5EED-23B2-46AD-3E3F4C401BBF,TX00312
GL01764,2025-07-14,1200,Clientes,0,314980.77,Cobro Envases Guerra SA de CV,C8BCD0FE-5EED-23B2-46AD-3E3F4C401BBF,TX00312
GL01765,2025-07-14,1020,Bancos,319377.14,0,Cobro Envases Martínez SAPI de CV,5BC26DC8-FA2E-C701-3366-8E81A6AFA422,TX00313
GL01766,2025-07-14,1200,Clientes,0,319377.14,Cobro Envases Martínez SAPI de CV,5BC26DC8-FA2E-C701-3366-8E81A6AFA422,TX00313
GL01767,2025-07-14,1200,Clientes,129096.37,0,Venta 1589 Autopartes Chapa SAPI de CV,68CC2B62-DB94-1FB3-5C03-4E128A0D8076,
GL01768,2025-07-14,4000,Ventas,0,111289.97,Venta 1589 Autopartes Chapa SAPI de CV,68CC2B62-DB94-1FB3-5C03-4E128A0D8076,
GL01769,2025-07-14,2180,IVA trasladado,0,17806.4,IVA venta 1589,68CC2B62-DB94-1FB3-5C03-4E128A0D8076,
GL01770,2025-07-15,2100,Proveedores,22527.2,0,Pago Grupo Nuevo León SAPI de CV,9D774D48-0EDB-98D0-E610-66B166824E00,TX00314
GL01771,2025-07-15,1020,Bancos,0,22527.2,Pago Grupo Nuevo León SAPI de CV,9D774D48-0EDB-98D0-E610-66B166824E00,TX00314
GL01772,2025-07-15,1020,Bancos,67768.53,0,Cobro Envases Martínez S de RL de CV,40DA5EF8-5FE1-71BC-7CD7-0A108D47C858,TX00315
GL01773,2025-07-15,1200,Clientes,0,67768.53,Cobro Envases Martínez S de RL de CV,40DA5EF8-5FE1-71BC-7CD7-0A108D47C858,TX00315
GL01774,2025-07-16,6000,Gastos servicios,16367.8,0,Factura 12725 Metálica San Nicolás SA de CV,8157E31A-EC98-7126-2584-763D803211B8,
GL01775,2025-07-16,1180,IVA acreditable,2618.85,0,IVA factura 12725,8157E31A-EC98-7126-2584-763D803211B8,
GL01776,2025-07-16,2100,Proveedores,0,18986.65,Factura 12725 Metálica San Nicolás SA de CV,8157E31A-EC98-7126-2584-763D803211B8,
GL01777,2025-07-16,2100,Proveedores,11672.38,0,Pago Servicios Santa Catarina SAPI de CV,CF483CE9-22BE-DFD8-E9B6-FFEDC4E76F00,TX00316
GL01778,2025-07-16,1020,Bancos,0,11672.38,Pago Servicios Santa Catarina SAPI de CV,CF483CE9-22BE-DFD8-E9B6-FFEDC4E76F00,TX00316
GL01779,2025-07-16,2100,Proveedores,29870.58,0,Pago Empaques Apodaca SAPI de CV,AAF5A369-82C7-598B-2371-2E059AF0A126,TX00317
GL01780,2025-07-16,1020,Bancos,0,29870.58,Pago Empaques Apodaca SAPI de CV,AAF5A369-82C7-598B-2371-2E059AF0A126,TX00317
GL01781,2025-07-16,2100,Proveedores,10417.38,0,Pago Ferretera Guadalupe S de RL de CV,37D57BF6-9650-9C1D-EBBD-E0895620E41E,TX00318
GL01782,2025-07-16,1020,Bancos,0,10417.38,Pago Ferretera Guadalupe S de RL de CV,37D57BF6-9650-9C1D-EBBD-E0895620E41E,TX00318
GL01783,2025-07-16,2100,Proveedores,30429.58,0,Pago Pinturas Escobedo S de RL de CV,34D004A1-6216-1761-23BA-83C63D8C2795,TX00319
GL01784,2025-07-16,1020,Bancos,0,30429.58,Pago Pinturas Escobedo S de RL de CV,34D004A1-6216-1761-23BA-83C63D8C2795,TX00319
GL01785,2025-07-16,1020,Bancos,400475.24,0,Cobro Construcciones Zambrano S de RL de CV,E8B1DA2B-58ED-57F8-26FC-3D8A020F73B8,TX00320
GL01786,2025-07-16,1200,Clientes,0,400475.24,Cobro Construcciones Zambrano S de RL de CV,E8B1DA2B-58ED-57F8-26FC-3D8A020F73B8,TX00320
GL01787,2025-07-17,2100,Proveedores,141148.8,0,Pago Maquinados Monterrey SA de CV,9A6792FD-7CBA-C673-B828-BF5F1CFD1B68,TX00321
GL01788,2025-07-17,1020,Bancos,0,141148.8,Pago Maquinados Monterrey SA de CV,9A6792FD-7CBA-C673-B828-BF5F1CFD1B68,TX00321
GL01789,2025-07-17,2100,Proveedores,27512.65,0,Pago Transportes Industrial S de RL de CV,25A5806E-5B60-9CAC-896F-DADBDB3A53F1,TX00322
GL01790,2025-07-17,1020,Bancos,0,27512.65,Pago Transportes Industrial S de RL de CV,25A5806E-5B60-9CAC-896F-DADBDB3A53F1,TX00322
GL01791,2025-07-17,2100,Proveedores,110571.78,0,Pago Suministros Guadalupe SA de CV,E16BF91B-2973-8E7A-5653-49E44B6A7BBD,TX00323
GL01792,2025-07-17,1020,Bancos,0,110571.78,Pago Suministros Guadalupe SA de CV,E16BF91B-2973-8E7A-5653-49E44B6A7BBD,TX00323
GL01793,2025-07-17,2100,Proveedores,12437.98,0,Pago Pinturas Guadalupe S de RL de CV,464101B6-CD39-9289-D22D-20F08215198F,TX00324
GL01794,2025-07-17,1020,Bancos,0,12437.98,Pago Pinturas Guadalupe S de RL de CV,464101B6-CD39-9289-D22D-20F08215198F,TX00324
GL01795,2025-07-18,2100,Proveedores,17167.88,0,Pago Hidráulica Nuevo León SAPI de CV,C12939C9-2FA4-AE6D-0C10-1D20E8EC5161,TX00325
GL01796,2025-07-18,1020,Bancos,0,17167.88,Pago Hidráulica Nuevo León SAPI de CV,C12939C9-2FA4-AE6D-0C10-1D20E8EC5161,TX00325
GL01797,2025-07-18,1200,Clientes,424105.72,0,Venta 1550 Autopartes Guerra S de RL de CV,95D02FFF-2912-6346-3EC2-5E07162953E5,
GL01798,2025-07-18,4000,Ventas,0,365608.38,Venta 1550 Autopartes Guerra S de RL de CV,95D02FFF-2912-6346-3EC2-5E07162953E5,
GL01799,2025-07-18,2180,IVA trasladado,0,58497.34,IVA venta 1550,95D02FFF-2912-6346-3EC2-5E07162953E5,
GL01800,2025-07-18,2100,Proveedores,116000.0,0,Pago Servicios de México SA de CV,EB7EF068-574A-466F-D039-C6756E7342DA,TX00326
GL01801,2025-07-18,1020,Bancos,0,116000.0,Pago Servicios de México SA de CV,EB7EF068-574A-466F-D039-C6756E7342DA,TX00326
GL01802,2025-07-18,2100,Proveedores,11280.7,0,Pago Herramientas Regiomontana SA de CV,0B0DD9D0-EC85-EE24-3421-DF043B2F9B02,TX00327
GL01803,2025-07-18,1020,Bancos,0,11280.7,Pago Herramientas Regiomontana SA de CV,0B0DD9D0-EC85-EE24-3421-DF043B2F9B02,TX00327
GL01804,2025-07-21,2100,Proveedores,106789.6,0,Pago Soldadura Regiomontana S de RL de CV,74AF0A47-802C-9657-EFC2-093029CDA86A,TX00328
GL01805,2025-07-21,1020,Bancos,0,106789.6,Pago Soldadura Regiomontana S de RL de CV,74AF0A47-802C-9657-EFC2-093029CDA86A,TX00328
GL01806,2025-07-21,6000,Gastos logistica,13640.5,0,Factura 84536 Soldadura Guadalupe S de RL de CV,29A11FCA-4575-FB7F-1611-6AB4B881C839,
GL01807,2025-07-21,1180,IVA acreditable,2182.48,0,IVA factura 84536,29A11FCA-4575-FB7F-1611-6AB4B881C839,
GL01808,2025-07-21,2100,Proveedores,0,15822.98,Factura 84536 Soldadura Guadalupe S de RL de CV,29A11FCA-4575-FB7F-1611-6AB4B881C839,
GL01809,2025-07-21,6000,Gastos logistica,4270.5,0,Factura 71998 Suministros Guadalupe SA de CV,35477892-C788-E765-796D-1EC6DA308FA8,
GL01810,2025-07-21,1180,IVA acreditable,683.28,0,IVA factura 71998,35477892-C788-E765-796D-1EC6DA308FA8,
GL01811,2025-07-21,2100,Proveedores,0,4953.78,Factura 71998 Suministros Guadalupe SA de CV,35477892-C788-E765-796D-1EC6DA308FA8,
GL01812,2025-07-21,2100,Proveedores,122876.25,0,Pago Herramientas del Norte SAPI de CV,1BDEFADF-1FFB-D654-7C1B-B36797353EC9,TX00329
GL01813,2025-07-21,1020,Bancos,0,122876.25,Pago Herramientas del Norte SAPI de CV,1BDEFADF-1FFB-D654-7C1B-B36797353EC9,TX00329
GL01814,2025-07-21,2100,Proveedores,18931.78,0,Pago Servicios Santa Catarina SAPI de CV,DCFC14F9-CA53-62F0-D411-0A7F96EC0FFC,TX00330
GL01815,2025-07-21,1020,Bancos,0,18931.78,Pago Servicios Santa Catarina SAPI de CV,DCFC14F9-CA53-62F0-D411-0A7F96EC0FFC,TX00330
GL01816,2025-07-21,6000,Gastos servicios,27730.5,0,Factura 49556 Hidráulica Industrial S de RL de CV,F9F0868B-17F3-BE81-4804-2944BB7CF8BA,
GL01817,2025-07-21,1180,IVA acreditable,4436.88,0,IVA factura 49556,F9F0868B-17F3-BE81-4804-2944BB7CF8BA,
GL01818,2025-07-21,2100,Proveedores,0,32167.38,Factura 49556 Hidráulica Industrial S de RL de CV,F9F0868B-17F3-BE81-4804-2944BB7CF8BA,
GL01819,2025-07-21,2100,Proveedores,6197.18,0,Pago Ferretera Guadalupe S de RL de CV,AB08214B-E633-5B1C-883F-FFE24A3A94A4,TX00331
GL01820,2025-07-21,1020,Bancos,0,6197.18,Pago Ferretera Guadalupe S de RL de CV,AB08214B-E633-5B1C-883F-FFE24A3A94A4,TX00331
GL01821,2025-07-21,6000,Gastos renta_util,5899.9,0,Factura 95674 Pinturas Guadalupe S de RL de CV,2377E968-FC57-E063-6D73-962764B22D07,
GL01822,2025-07-21,1180,IVA acreditable,943.98,0,IVA factura 95674,2377E968-FC57-E063-6D73-962764B22D07,
GL01823,2025-07-21,2100,Proveedores,0,6843.88,Factura 95674 Pinturas Guadalupe S de RL de CV,2377E968-FC57-E063-6D73-962764B22D07,
GL01824,2025-07-21,1200,Clientes,54988.88,0,Venta 1587 Grupo Chapa S de RL de CV,14A9DAD6-C392-08D9-F199-C50A513C4C1A,
GL01825,2025-07-21,4000,Ventas,0,47404.21,Venta 1587 Grupo Chapa S de RL de CV,14A9DAD6-C392-08D9-F199-C50A513C4C1A,
GL01826,2025-07-21,2180,IVA trasladado,0,7584.67,IVA venta 1587,14A9DAD6-C392-08D9-F199-C50A513C4C1A,
GL01827,2025-07-21,1200,Clientes,337317.57,0,Venta 1597 Envases Quintanilla S de RL de CV,F4A55DA5-7858-C1B4-2E0C-722B85805CF9,
GL01828,2025-07-21,4000,Ventas,0,290791.01,Venta 1597 Envases Quintanilla S de RL de CV,F4A55DA5-7858-C1B4-2E0C-722B85805CF9,
GL01829,2025-07-21,2180,IVA trasladado,0,46526.56,IVA venta 1597,F4A55DA5-7858-C1B4-2E0C-722B85805CF9,
GL01830,2025-07-21,1200,Clientes,439063.13,0,Venta 1627 Construcciones Zambrano S de RL de CV,60C790E1-DA3E-EDF6-6DBA-1EFB7837DC5D,
GL01831,2025-07-21,4000,Ventas,0,378502.7,Venta 1627 Construcciones Zambrano S de RL de CV,60C790E1-DA3E-EDF6-6DBA-1EFB7837DC5D,
GL01832,2025-07-21,2180,IVA trasladado,0,60560.43,IVA venta 1627,60C790E1-DA3E-EDF6-6DBA-1EFB7837DC5D,
GL01833,2025-07-21,1020,Bancos,318439.56,0,Cobro Construcciones Sada S de RL de CV,5E66FC1E-9BE2-E82A-9683-78F03C792D5F,TX00332
GL01834,2025-07-21,1200,Clientes,0,318439.56,Cobro Construcciones Sada S de RL de CV,5E66FC1E-9BE2-E82A-9683-78F03C792D5F,TX00332
GL01835,2025-07-22,6000,Gastos materia_prima,10610,0,Factura 19258 Grupo Nuevo León SAPI de CV,37CF0EED-527E-9B71-80B8-7D84C0B379B5,
GL01836,2025-07-22,1180,IVA acreditable,1697.6,0,IVA factura 19258,37CF0EED-527E-9B71-80B8-7D84C0B379B5,
GL01837,2025-07-22,2100,Proveedores,0,12307.6,Factura 19258 Grupo Nuevo León SAPI de CV,37CF0EED-527E-9B71-80B8-7D84C0B379B5,
GL01838,2025-07-22,6000,Gastos servicios,43432.4,0,Factura 13545 Refacciones Industrial S de RL de CV,DF152480-A809-9B6C-3E85-96E948AF4260,
GL01839,2025-07-22,1180,IVA acreditable,6949.18,0,IVA factura 13545,DF152480-A809-9B6C-3E85-96E948AF4260,
GL01840,2025-07-22,2100,Proveedores,0,50381.58,Factura 13545 Refacciones Industrial S de RL de CV,DF152480-A809-9B6C-3E85-96E948AF4260,
GL01841,2025-07-23,6000,Gastos logistica,4039.9,0,Factura 78310 Refacciones Regiomontana SAPI de CV,800E0243-968B-1687-5441-B3FD372164F9,
GL01842,2025-07-23,1180,IVA acreditable,646.38,0,IVA factura 78310,800E0243-968B-1687-5441-B3FD372164F9,
GL01843,2025-07-23,2100,Proveedores,0,4686.28,Factura 78310 Refacciones Regiomontana SAPI de CV,800E0243-968B-1687-5441-B3FD372164F9,
GL01844,2025-07-24,6000,Gastos consumibles,97147.8,0,Factura 17912 Soldadura Regiomontana S de RL de CV,B1058400-C098-964F-4889-EDDC628C124C,
GL01845,2025-07-24,1180,IVA acreditable,15543.65,0,IVA factura 17912,B1058400-C098-964F-4889-EDDC628C124C,
GL01846,2025-07-24,2100,Proveedores,0,112691.45,Factura 17912 Soldadura Regiomontana S de RL de CV,B1058400-C098-964F-4889-EDDC628C124C,
GL01847,2025-07-24,2100,Proveedores,15917.98,0,Pago Suministros Guadalupe SA de CV,D734FD2D-020D-30E9-76E7-2E0D2CC6C145,TX00333
GL01848,2025-07-24,1020,Bancos,0,15917.98,Pago Suministros Guadalupe SA de CV,D734FD2D-020D-30E9-76E7-2E0D2CC6C145,TX00333
GL01849,2025-07-24,2100,Proveedores,3920.8,0,Pago Neumática del Norte SA de CV,1DC4E81C-ED6B-7181-4C0B-64D524231C4C,TX00334
GL01850,2025-07-24,1020,Bancos,0,3920.8,Pago Neumática del Norte SA de CV,1DC4E81C-ED6B-7181-4C0B-64D524231C4C,TX00334
GL01851,2025-07-24,2100,Proveedores,23557.05,0,Pago Hidráulica Nuevo León SAPI de CV,BFF84BD8-3DF8-34B0-58CA-D6B21912C816,TX00335
GL01852,2025-07-24,1020,Bancos,0,23557.05,Pago Hidráulica Nuevo León SAPI de CV,BFF84BD8-3DF8-34B0-58CA-D6B21912C816,TX00335
GL01853,2025-07-24,2100,Proveedores,84468.65,0,Pago Hidráulica Industrial S de RL de CV,EA6A42DD-2E3B-F7D9-C433-1457101152C3,TX00336
GL01854,2025-07-24,1020,Bancos,0,84468.65,Pago Hidráulica Industrial S de RL de CV,EA6A42DD-2E3B-F7D9-C433-1457101152C3,TX00336
GL01855,2025-07-24,2100,Proveedores,27143.88,0,Pago Grupo Nuevo León SAPI de CV,BD65DB72-19CD-399D-9C90-80E6C0AB2DA2,TX00337
GL01856,2025-07-24,1020,Bancos,0,27143.88,Pago Grupo Nuevo León SAPI de CV,BD65DB72-19CD-399D-9C90-80E6C0AB2DA2,TX00337
GL01857,2025-07-24,2100,Proveedores,18664.28,0,Pago Pinturas Escobedo S de RL de CV,A48664DC-D312-40AA-159B-9A772D6D1766,TX00338
GL01858,2025-07-24,1020,Bancos,0,18664.28,Pago Pinturas Escobedo S de RL de CV,A48664DC-D312-40AA-159B-9A772D6D1766,TX00338
GL01859,2025-07-24,1020,Bancos,175680.4,0,Cobro Autopartes Guerra S de RL de CV,69C63F9C-481C-B57D-3507-FD2FB512FABC,TX00339
GL01860,2025-07-24,1200,Clientes,0,175680.4,Cobro Autopartes Guerra S de RL de CV,69C63F9C-481C-B57D-3507-FD2FB512FABC,TX00339
GL01861,2025-07-24,1200,Clientes,306683.11,0,Venta 1590 Autopartes Chapa SAPI de CV,006D2AEF-AF38-7A27-0055-CC1A2674EBE3,
GL01862,2025-07-24,4000,Ventas,0,264381.99,Venta 1590 Autopartes Chapa SAPI de CV,006D2AEF-AF38-7A27-0055-CC1A2674EBE3,
GL01863,2025-07-24,2180,IVA trasladado,0,42301.12,IVA venta 1590,006D2AEF-AF38-7A27-0055-CC1A2674EBE3,
GL01864,2025-07-24,1020,Bancos,373826.38,0,Cobro Autopartes Chapa SAPI de CV,6DC2761E-89A4-E603-9C65-38C40211A939,TX00340
GL01865,2025-07-24,1200,Clientes,0,373826.38,Cobro Autopartes Chapa SAPI de CV,6DC2761E-89A4-E603-9C65-38C40211A939,TX00340
GL01866,2025-07-25,6000,Gastos consumibles,105142.4,0,Factura 51268 Herramientas del Norte SAPI de CV,3FEAD6E7-24A8-69C7-F52A-E53DA543ED82,
GL01867,2025-07-25,1180,IVA acreditable,16822.78,0,IVA factura 51268,3FEAD6E7-24A8-69C7-F52A-E53DA543ED82,
GL01868,2025-07-25,2100,Proveedores,0,121965.18,Factura 51268 Herramientas del Norte SAPI de CV,3FEAD6E7-24A8-69C7-F52A-E53DA543ED82,
GL01869,2025-07-25,6000,Gastos consumibles,30829.9,0,Factura 85024 Herramientas del Norte SAPI de CV,5BC6710C-C556-97B8-5A4A-1D3BB452FE74,
GL01870,2025-07-25,1180,IVA acreditable,4932.78,0,IVA factura 85024,5BC6710C-C556-97B8-5A4A-1D3BB452FE74,
GL01871,2025-07-25,2100,Proveedores,0,35762.68,Factura 85024 Herramientas del Norte SAPI de CV,5BC6710C-C556-97B8-5A4A-1D3BB452FE74,
GL01872,2025-07-25,2100,Proveedores,19441.6,0,Pago Servicios Santa Catarina SAPI de CV,D9C569B9-2128-3039-1F7E-DDEE58EA0111,TX00341
GL01873,2025-07-25,1020,Bancos,0,19441.6,Pago Servicios Santa Catarina SAPI de CV,D9C569B9-2128-3039-1F7E-DDEE58EA0111,TX00341
GL01874,2025-07-25,2100,Proveedores,55576.18,0,Pago Transportes Industrial S de RL de CV,3BDDA38B-76A6-C3F7-685A-BE57FDD641D1,TX00342
GL01875,2025-07-25,1020,Bancos,0,55576.18,Pago Transportes Industrial S de RL de CV,3BDDA38B-76A6-C3F7-685A-BE57FDD641D1,TX00342
GL01876,2025-07-25,1200,Clientes,201478.69,0,Venta 1580 Grupo Chapa S de RL de CV,8411A922-9136-D373-5E62-1D8EBA50B60D,
GL01877,2025-07-25,4000,Ventas,0,173688.53,Venta 1580 Grupo Chapa S de RL de CV,8411A922-9136-D373-5E62-1D8EBA50B60D,
GL01878,2025-07-25,2180,IVA trasladado,0,27790.16,IVA venta 1580,8411A922-9136-D373-5E62-1D8EBA50B60D,
GL01879,2025-07-25,6000,Gastos servicios,64000,0,Factura 5690 Gestoría y Enlace Santa Catarina S de RL de CV,B1D40CA2-EFC7-D97D-5CB3-33E4C7ECDF8A,
GL01880,2025-07-25,1180,IVA acreditable,10240.0,0,IVA factura 5690,B1D40CA2-EFC7-D97D-5CB3-33E4C7ECDF8A,
GL01881,2025-07-25,2100,Proveedores,0,74240.0,Factura 5690 Gestoría y Enlace Santa Catarina S de RL de CV,B1D40CA2-EFC7-D97D-5CB3-33E4C7ECDF8A,
GL01882,2025-07-28,2100,Proveedores,41792.25,0,Pago Soldadura Regiomontana S de RL de CV,B138BC65-3093-8E8E-486E-94730EBF847B,TX00343
GL01883,2025-07-28,1020,Bancos,0,41792.25,Pago Soldadura Regiomontana S de RL de CV,B138BC65-3093-8E8E-486E-94730EBF847B,TX00343
GL01884,2025-07-28,6000,Gastos consumibles,42452.4,0,Factura 99690 Servicios Nuevo León SA de CV,67F2D14E-F70A-B30C-B8FF-62AA5FBF9B71,
GL01885,2025-07-28,1180,IVA acreditable,6792.38,0,IVA factura 99690,67F2D14E-F70A-B30C-B8FF-62AA5FBF9B71,
GL01886,2025-07-28,2100,Proveedores,0,49244.78,Factura 99690 Servicios Nuevo León SA de CV,67F2D14E-F70A-B30C-B8FF-62AA5FBF9B71,
GL01887,2025-07-28,6000,Gastos materia_prima,6979.9,0,Factura 20734 Hidráulica Nuevo León SAPI de CV,BC9D5678-F878-13D9-12A5-6E5BBFF404E4,
GL01888,2025-07-28,1180,IVA acreditable,1116.78,0,IVA factura 20734,BC9D5678-F878-13D9-12A5-6E5BBFF404E4,
GL01889,2025-07-28,2100,Proveedores,0,8096.68,Factura 20734 Hidráulica Nuevo León SAPI de CV,BC9D5678-F878-13D9-12A5-6E5BBFF404E4,
GL01890,2025-07-28,6000,Gastos logistica,3400,0,Factura 29845 Electrónica del Norte S de RL de CV,88419BDB-938A-9757-54EE-B60B1145C5C1,
GL01891,2025-07-28,1180,IVA acreditable,544.0,0,IVA factura 29845,88419BDB-938A-9757-54EE-B60B1145C5C1,
GL01892,2025-07-28,2100,Proveedores,0,3944.0,Factura 29845 Electrónica del Norte S de RL de CV,88419BDB-938A-9757-54EE-B60B1145C5C1,
GL01893,2025-07-28,2100,Proveedores,15483.45,0,Pago Electrónica del Norte S de RL de CV,B5A7A8B7-27F1-FFF0-AE42-8CC9F4425BA1,TX00344
GL01894,2025-07-28,1020,Bancos,0,15483.45,Pago Electrónica del Norte S de RL de CV,B5A7A8B7-27F1-FFF0-AE42-8CC9F4425BA1,TX00344
GL01895,2025-07-28,2100,Proveedores,97031.45,0,Pago Hidráulica Industrial S de RL de CV,F8C9FA8D-CA00-F317-196D-A56A12ECEA0F,TX00345
GL01896,2025-07-28,1020,Bancos,0,97031.45,Pago Hidráulica Industrial S de RL de CV,F8C9FA8D-CA00-F317-196D-A56A12ECEA0F,TX00345
GL01897,2025-07-28,6000,Gastos refacciones,88700.5,0,Factura 42444 Suministros Guadalupe SA de CV,600B043F-5F81-59DC-62A8-731C720C4F9A,
GL01898,2025-07-28,1180,IVA acreditable,14192.08,0,IVA factura 42444,600B043F-5F81-59DC-62A8-731C720C4F9A,
GL01899,2025-07-28,2100,Proveedores,0,102892.58,Factura 42444 Suministros Guadalupe SA de CV,600B043F-5F81-59DC-62A8-731C720C4F9A,
GL01900,2025-07-28,6000,Gastos refacciones,16700.5,0,Factura 8164 Industrias Monterrey SA de CV,AE10F411-2DB4-4195-1646-284DFA83BEB6,
GL01901,2025-07-28,1180,IVA acreditable,2672.08,0,IVA factura 8164,AE10F411-2DB4-4195-1646-284DFA83BEB6,
GL01902,2025-07-28,2100,Proveedores,0,19372.58,Factura 8164 Industrias Monterrey SA de CV,AE10F411-2DB4-4195-1646-284DFA83BEB6,
GL01903,2025-07-28,2100,Proveedores,24139.48,0,Pago Industrias Monterrey SA de CV,7AE658EA-083D-7D4C-9442-9575AF5A1659,TX00346
GL01904,2025-07-28,1020,Bancos,0,24139.48,Pago Industrias Monterrey SA de CV,7AE658EA-083D-7D4C-9442-9575AF5A1659,TX00346
GL01905,2025-07-28,1020,Bancos,391292.42,0,Cobro Autopartes Guerra S de RL de CV,C99959E1-8D15-24C8-D7B9-AB98FB86E5A3,TX00347
GL01906,2025-07-28,1200,Clientes,0,391292.42,Cobro Autopartes Guerra S de RL de CV,C99959E1-8D15-24C8-D7B9-AB98FB86E5A3,TX00347
GL01907,2025-07-28,1020,Bancos,110263.83,0,Cobro Autopartes Guerra SAPI de CV,2720E200-9749-51C4-4D63-69CCEE68D38B,TX00348
GL01908,2025-07-28,1200,Clientes,0,110263.83,Cobro Autopartes Guerra SAPI de CV,2720E200-9749-51C4-4D63-69CCEE68D38B,TX00348
GL01909,2025-07-28,1200,Clientes,142815.02,0,Venta 1572 Autopartes Guerra SAPI de CV,D4CAAB0B-CAAF-2E23-2F43-B0131A729BA7,
GL01910,2025-07-28,4000,Ventas,0,123116.4,Venta 1572 Autopartes Guerra SAPI de CV,D4CAAB0B-CAAF-2E23-2F43-B0131A729BA7,
GL01911,2025-07-28,2180,IVA trasladado,0,19698.62,IVA venta 1572,D4CAAB0B-CAAF-2E23-2F43-B0131A729BA7,
GL01912,2025-07-28,1020,Bancos,262958.49,0,Cobro Grupo Quintanilla S de RL de CV,E8A5BF98-C87D-8556-607D-D782DC934D86,TX00349
GL01913,2025-07-28,1200,Clientes,0,262958.49,Cobro Grupo Quintanilla S de RL de CV,E8A5BF98-C87D-8556-607D-D782DC934D86,TX00349
GL01914,2025-07-28,6100,Sueldos y salarios,421419.3,0,Nómina,,TX00350
GL01915,2025-07-28,1020,Bancos,0,421419.3,Nómina,,TX00350
GL01916,2025-07-28,6000,Gastos consumibles,15353.92,0,Factura 94683 Maquinados Regiomontana S de RL de CV,3AD9E0E8-316F-BF19-E036-7D09D098A081,
GL01917,2025-07-28,1180,IVA acreditable,2456.63,0,IVA factura 94683,3AD9E0E8-316F-BF19-E036-7D09D098A081,
GL01918,2025-07-28,2100,Proveedores,0,17810.55,Factura 94683 Maquinados Regiomontana S de RL de CV,3AD9E0E8-316F-BF19-E036-7D09D098A081,
GL01919,2025-07-29,2100,Proveedores,10941.58,0,Pago Suministros Guadalupe SA de CV,1533C564-961E-CF61-73C6-2FA39B0A2A7A,TX00351
GL01920,2025-07-29,1020,Bancos,0,10941.58,Pago Suministros Guadalupe SA de CV,1533C564-961E-CF61-73C6-2FA39B0A2A7A,TX00351
GL01921,2025-07-29,6000,Gastos logistica,10689.9,0,Factura 49098 Electrónica del Norte S de RL de CV,757A0F87-13B0-FCB0-AB35-B3294448B59B,
GL01922,2025-07-29,1180,IVA acreditable,1710.38,0,IVA factura 49098,757A0F87-13B0-FCB0-AB35-B3294448B59B,
GL01923,2025-07-29,2100,Proveedores,0,12400.28,Factura 49098 Electrónica del Norte S de RL de CV,757A0F87-13B0-FCB0-AB35-B3294448B59B,
GL01924,2025-07-29,6000,Gastos materia_prima,19570.5,0,Factura 24499 Empaques Apodaca SAPI de CV,EE8A7832-ACEB-9DD6-251A-F2F42B56A1CF,
GL01925,2025-07-29,1180,IVA acreditable,3131.28,0,IVA factura 24499,EE8A7832-ACEB-9DD6-251A-F2F42B56A1CF,
GL01926,2025-07-29,2100,Proveedores,0,22701.78,Factura 24499 Empaques Apodaca SAPI de CV,EE8A7832-ACEB-9DD6-251A-F2F42B56A1CF,
GL01927,2025-07-29,6000,Gastos refacciones,50007.8,0,Factura 65674 Transportes Industrial S de RL de CV,FB31CA1D-4BD5-5012-D911-C377957110C7,
GL01928,2025-07-29,1180,IVA acreditable,8001.25,0,IVA factura 65674,FB31CA1D-4BD5-5012-D911-C377957110C7,
GL01929,2025-07-29,2100,Proveedores,0,58009.05,Factura 65674 Transportes Industrial S de RL de CV,FB31CA1D-4BD5-5012-D911-C377957110C7,
GL01930,2025-07-29,2100,Proveedores,74240.0,0,Pago Gestoría y Enlace Santa Catarina S de RL de CV,B1D40CA2-EFC7-D97D-5CB3-33E4C7ECDF8A,TX00352
GL01931,2025-07-29,1020,Bancos,0,74240.0,Pago Gestoría y Enlace Santa Catarina S de RL de CV,B1D40CA2-EFC7-D97D-5CB3-33E4C7ECDF8A,TX00352
GL01932,2025-07-30,2100,Proveedores,64240.8,0,Pago Soldadura Regiomontana S de RL de CV,CBAA0561-A1F7-E942-5FAF-67890AAEC7C4,TX00353
GL01933,2025-07-30,1020,Bancos,0,64240.8,Pago Soldadura Regiomontana S de RL de CV,CBAA0561-A1F7-E942-5FAF-67890AAEC7C4,TX00353
GL01934,2025-07-30,6000,Gastos servicios,9952.4,0,Factura 53167 Ferretera Guadalupe S de RL de CV,E2ED6587-8104-EBA3-91D7-5B510E16F62F,
GL01935,2025-07-30,1180,IVA acreditable,1592.38,0,IVA factura 53167,E2ED6587-8104-EBA3-91D7-5B510E16F62F,
GL01936,2025-07-30,2100,Proveedores,0,11544.78,Factura 53167 Ferretera Guadalupe S de RL de CV,E2ED6587-8104-EBA3-91D7-5B510E16F62F,
GL01937,2025-07-30,6000,Gastos refacciones,20252.4,0,Factura 18066 Pinturas Escobedo S de RL de CV,10D080C1-790B-48A5-D770-EFB5D44D3ABB,
GL01938,2025-07-30,1180,IVA acreditable,3240.38,0,IVA factura 18066,10D080C1-790B-48A5-D770-EFB5D44D3ABB,
GL01939,2025-07-30,2100,Proveedores,0,23492.78,Factura 18066 Pinturas Escobedo S de RL de CV,10D080C1-790B-48A5-D770-EFB5D44D3ABB,
GL01940,2025-07-30,1020,Bancos,392991.96,0,Cobro Autopartes Quintanilla S de RL de CV,95EFC975-A157-EEA2-7E1E-98AEEABB6887,TX00354
GL01941,2025-07-30,1200,Clientes,0,392991.96,Cobro Autopartes Quintanilla S de RL de CV,95EFC975-A157-EEA2-7E1E-98AEEABB6887,TX00354
GL01942,2025-07-30,1020,Bancos,356645.75,0,Cobro Grupo Chapa S de RL de CV,6C29547A-5579-343D-5497-7EEE2BE9C421,TX00355
GL01943,2025-07-30,1200,Clientes,0,356645.75,Cobro Grupo Chapa S de RL de CV,6C29547A-5579-343D-5497-7EEE2BE9C421,TX00355
GL01944,2025-07-30,1200,Clientes,237527.02,0,Venta 1599 Envases Quintanilla S de RL de CV,62542D14-995A-F825-5731-5F9B0782F740,
GL01945,2025-07-30,4000,Ventas,0,204764.67,Venta 1599 Envases Quintanilla S de RL de CV,62542D14-995A-F825-5731-5F9B0782F740,
GL01946,2025-07-30,2180,IVA trasladado,0,32762.35,IVA venta 1599,62542D14-995A-F825-5731-5F9B0782F740,
GL01947,2025-07-31,2100,Proveedores,18005.98,0,Pago Pinturas Guadalupe S de RL de CV,C17F2C88-54F6-C195-7A34-84243E505612,TX00356
GL01948,2025-07-31,1020,Bancos,0,18005.98,Pago Pinturas Guadalupe S de RL de CV,C17F2C88-54F6-C195-7A34-84243E505612,TX00356
GL01949,2025-07-31,2100,Proveedores,20276.8,0,Pago Neumática Industrial S de RL de CV,F00DD252-1838-FA7A-1723-7D5E55413783,TX00357
GL01950,2025-07-31,1020,Bancos,0,20276.8,Pago Neumática Industrial S de RL de CV,F00DD252-1838-FA7A-1723-7D5E55413783,TX00357
GL01951,2025-07-31,1200,Clientes,405815.19,0,Venta 1646 Grupo Martínez SA de CV,BD391012-F84E-540D-CAFD-7B8DB23144CA,
GL01952,2025-07-31,4000,Ventas,0,349840.68,Venta 1646 Grupo Martínez SA de CV,BD391012-F84E-540D-CAFD-7B8DB23144CA,
GL01953,2025-07-31,2180,IVA trasladado,0,55974.51,IVA venta 1646,BD391012-F84E-540D-CAFD-7B8DB23144CA,
GL01954,2025-08-01,2100,Proveedores,30658.8,0,Pago Metálica del Norte S de RL de CV,B36E1F8B-2F28-3992-9E41-54C8A0BB3EE0,TX00358
GL01955,2025-08-01,1020,Bancos,0,30658.8,Pago Metálica del Norte S de RL de CV,B36E1F8B-2F28-3992-9E41-54C8A0BB3EE0,TX00358
GL01956,2025-08-01,2100,Proveedores,89934.68,0,Pago Grupo San Nicolás SA de CV,5E3E2C93-E46C-C67A-F4CD-E02089E03AEF,TX00359
GL01957,2025-08-01,1020,Bancos,0,89934.68,Pago Grupo San Nicolás SA de CV,5E3E2C93-E46C-C67A-F4CD-E02089E03AEF,TX00359
GL01958,2025-08-01,6000,Gastos refacciones,52572.4,0,Factura 11802 Transportes Industrial S de RL de CV,839B490A-F7C2-5E10-9F4D-5155519C7CFB,
GL01959,2025-08-01,1180,IVA acreditable,8411.58,0,IVA factura 11802,839B490A-F7C2-5E10-9F4D-5155519C7CFB,
GL01960,2025-08-01,2100,Proveedores,0,60983.98,Factura 11802 Transportes Industrial S de RL de CV,839B490A-F7C2-5E10-9F4D-5155519C7CFB,
GL01961,2025-08-04,6000,Gastos consumibles,53699.9,0,Factura 25840 Soldadura Regiomontana S de RL de CV,2E26E465-409A-D393-71C2-D65ED114E8F6,
GL01962,2025-08-04,1180,IVA acreditable,8591.98,0,IVA factura 25840,2E26E465-409A-D393-71C2-D65ED114E8F6,
GL01963,2025-08-04,2100,Proveedores,0,62291.88,Factura 25840 Soldadura Regiomontana S de RL de CV,2E26E465-409A-D393-71C2-D65ED114E8F6,
GL01964,2025-08-04,2100,Proveedores,10579.78,0,Pago Neumática del Norte SA de CV,B1380ABC-A817-13E2-600E-89AAA38D715A,TX00360
GL01965,2025-08-04,1020,Bancos,0,10579.78,Pago Neumática del Norte SA de CV,B1380ABC-A817-13E2-600E-89AAA38D715A,TX00360
GL01966,2025-08-04,2100,Proveedores,39811.2,0,Pago Servicios Nuevo León SA de CV,14BAD6FA-FB45-F778-0210-396CE02575BB,TX00361
GL01967,2025-08-04,1020,Bancos,0,39811.2,Pago Servicios Nuevo León SA de CV,14BAD6FA-FB45-F778-0210-396CE02575BB,TX00361
GL01968,2025-08-04,6000,Gastos consumibles,68489.9,0,Factura 85129 Herramientas del Norte SAPI de CV,F7A97E6C-2D8A-64FC-B82D-E96F03DC96AA,
GL01969,2025-08-04,1180,IVA acreditable,10958.38,0,IVA factura 85129,F7A97E6C-2D8A-64FC-B82D-E96F03DC96AA,
GL01970,2025-08-04,2100,Proveedores,0,79448.28,Factura 85129 Herramientas del Norte SAPI de CV,F7A97E6C-2D8A-64FC-B82D-E96F03DC96AA,
GL01971,2025-08-04,6000,Gastos materia_prima,16847.8,0,Factura 21150 Empaques Apodaca SAPI de CV,71BB93AD-ED5E-DE01-1A48-018FA25F626C,
GL01972,2025-08-04,1180,IVA acreditable,2695.65,0,IVA factura 21150,71BB93AD-ED5E-DE01-1A48-018FA25F626C,
GL01973,2025-08-04,2100,Proveedores,0,19543.45,Factura 21150 Empaques Apodaca SAPI de CV,71BB93AD-ED5E-DE01-1A48-018FA25F626C,
GL01974,2025-08-04,6000,Gastos refacciones,40212.4,0,Factura 19975 Transportes Industrial S de RL de CV,61397A1E-0913-CC3A-0775-F84A49CBA2F1,
GL01975,2025-08-04,1180,IVA acreditable,6433.98,0,IVA factura 19975,61397A1E-0913-CC3A-0775-F84A49CBA2F1,
GL01976,2025-08-04,2100,Proveedores,0,46646.38,Factura 19975 Transportes Industrial S de RL de CV,61397A1E-0913-CC3A-0775-F84A49CBA2F1,
GL01977,2025-08-04,2100,Proveedores,112598.65,0,Pago Maquinados del Norte SAPI de CV,A7E42117-4F3F-CFC9-9F6F-88E252C49987,TX00362
GL01978,2025-08-04,1020,Bancos,0,112598.65,Pago Maquinados del Norte SAPI de CV,A7E42117-4F3F-CFC9-9F6F-88E252C49987,TX00362
GL01979,2025-08-04,2100,Proveedores,29336.98,0,Pago Pinturas Escobedo S de RL de CV,858223AA-D78E-4CBC-8846-B8CD8D6B147F,TX00363
GL01980,2025-08-04,1020,Bancos,0,29336.98,Pago Pinturas Escobedo S de RL de CV,858223AA-D78E-4CBC-8846-B8CD8D6B147F,TX00363
GL01981,2025-08-04,2100,Proveedores,12725.08,0,Pago Neumática Industrial S de RL de CV,C78E9279-EDE5-4ECA-7649-0B05634F70FF,TX00364
GL01982,2025-08-04,1020,Bancos,0,12725.08,Pago Neumática Industrial S de RL de CV,C78E9279-EDE5-4ECA-7649-0B05634F70FF,TX00364
GL01983,2025-08-04,1200,Clientes,166139.16,0,Venta 1643 Grupo Martínez SA de CV,392913E7-4F06-6900-5132-FC56F90B8999,
GL01984,2025-08-04,4000,Ventas,0,143223.41,Venta 1643 Grupo Martínez SA de CV,392913E7-4F06-6900-5132-FC56F90B8999,
GL01985,2025-08-04,2180,IVA trasladado,0,22915.75,IVA venta 1643,392913E7-4F06-6900-5132-FC56F90B8999,
GL01986,2025-08-05,2100,Proveedores,10871.98,0,Pago Soldadura Guadalupe S de RL de CV,4C30948B-B568-D59E-44F2-B268F86CC39D,TX00365
GL01987,2025-08-05,1020,Bancos,0,10871.98,Pago Soldadura Guadalupe S de RL de CV,4C30948B-B568-D59E-44F2-B268F86CC39D,TX00365
GL01988,2025-08-05,6000,Gastos servicios,71979.9,0,Factura 20065 Grupo San Nicolás SA de CV,835CC7A8-7E8D-EAEA-4FDC-EE7053F491C6,
GL01989,2025-08-05,1180,IVA acreditable,11516.78,0,IVA factura 20065,835CC7A8-7E8D-EAEA-4FDC-EE7053F491C6,
GL01990,2025-08-05,2100,Proveedores,0,83496.68,Factura 20065 Grupo San Nicolás SA de CV,835CC7A8-7E8D-EAEA-4FDC-EE7053F491C6,
GL01991,2025-08-05,6000,Gastos servicios,42930,0,Factura 32703 Hidráulica Industrial S de RL de CV,BF133966-6D8D-5227-165E-05680C1EC8CC,
GL01992,2025-08-05,1180,IVA acreditable,6868.8,0,IVA factura 32703,BF133966-6D8D-5227-165E-05680C1EC8CC,
GL01993,2025-08-05,2100,Proveedores,0,49798.8,Factura 32703 Hidráulica Industrial S de RL de CV,BF133966-6D8D-5227-165E-05680C1EC8CC,
GL01994,2025-08-05,2100,Proveedores,17959.58,0,Pago Grupo Nuevo León SAPI de CV,F88E42D7-478D-8BA5-C281-75EBF9097CEC,TX00366
GL01995,2025-08-05,1020,Bancos,0,17959.58,Pago Grupo Nuevo León SAPI de CV,F88E42D7-478D-8BA5-C281-75EBF9097CEC,TX00366
GL01996,2025-08-05,1200,Clientes,270505.07,0,Venta 1645 Grupo Martínez SA de CV,4EC6DACC-8033-CB16-DBD8-6C46D28E28CE,
GL01997,2025-08-05,4000,Ventas,0,233194.03,Venta 1645 Grupo Martínez SA de CV,4EC6DACC-8033-CB16-DBD8-6C46D28E28CE,
GL01998,2025-08-05,2180,IVA trasladado,0,37311.04,IVA venta 1645,4EC6DACC-8033-CB16-DBD8-6C46D28E28CE,
GL01999,2025-08-06,6000,Gastos servicios,63917.8,0,Factura 12121 Hidráulica Industrial S de RL de CV,89F182BE-8A8B-F4F6-D855-6B60EAD5C047,
GL02000,2025-08-06,1180,IVA acreditable,10226.85,0,IVA factura 12121,89F182BE-8A8B-F4F6-D855-6B60EAD5C047,
GL02001,2025-08-06,2100,Proveedores,0,74144.65,Factura 12121 Hidráulica Industrial S de RL de CV,89F182BE-8A8B-F4F6-D855-6B60EAD5C047,
GL02002,2025-08-06,2100,Proveedores,50381.58,0,Pago Refacciones Industrial S de RL de CV,DF152480-A809-9B6C-3E85-96E948AF4260,TX00367
GL02003,2025-08-06,1020,Bancos,0,50381.58,Pago Refacciones Industrial S de RL de CV,DF152480-A809-9B6C-3E85-96E948AF4260,TX00367
GL02004,2025-08-07,2100,Proveedores,12632.98,0,Pago Ferretera Guadalupe S de RL de CV,D7D7D5B0-3FA0-6889-20F9-38CC42CF0072,TX00368
GL02005,2025-08-07,1020,Bancos,0,12632.98,Pago Ferretera Guadalupe S de RL de CV,D7D7D5B0-3FA0-6889-20F9-38CC42CF0072,TX00368
GL02006,2025-08-07,2100,Proveedores,58000.0,0,Pago Servicios de México SA de CV,EE287B0D-27FE-CB64-8CB1-D6D8A4AEF417,TX00369
GL02007,2025-08-07,1020,Bancos,0,58000.0,Pago Servicios de México SA de CV,EE287B0D-27FE-CB64-8CB1-D6D8A4AEF417,TX00369
GL02008,2025-08-08,6000,Gastos servicios,26349.9,0,Factura 43558 Refacciones Industrial S de RL de CV,A38D8CB8-4365-88E5-331A-DEB5510FA10F,
GL02009,2025-08-08,1180,IVA acreditable,4215.98,0,IVA factura 43558,A38D8CB8-4365-88E5-331A-DEB5510FA10F,
GL02010,2025-08-08,2100,Proveedores,0,30565.88,Factura 43558 Refacciones Industrial S de RL de CV,A38D8CB8-4365-88E5-331A-DEB5510FA10F,
GL02011,2025-08-08,1020,Bancos,459523.88,0,Cobro Construcciones Sada S de RL de CV,DCFC5F0C-17EE-6731-5B72-862DBE94207A,TX00370
GL02012,2025-08-08,1200,Clientes,0,459523.88,Cobro Construcciones Sada S de RL de CV,DCFC5F0C-17EE-6731-5B72-862DBE94207A,TX00370
GL02013,2025-08-11,2100,Proveedores,69391.08,0,Pago Distribuidora del Norte S de RL de CV,8FC70DC0-A301-E3E4-1A1B-C4C66A5C07D9,TX00371
GL02014,2025-08-11,1020,Bancos,0,69391.08,Pago Distribuidora del Norte S de RL de CV,8FC70DC0-A301-E3E4-1A1B-C4C66A5C07D9,TX00371
GL02015,2025-08-11,2100,Proveedores,112691.45,0,Pago Soldadura Regiomontana S de RL de CV,B1058400-C098-964F-4889-EDDC628C124C,TX00372
GL02016,2025-08-11,1020,Bancos,0,112691.45,Pago Soldadura Regiomontana S de RL de CV,B1058400-C098-964F-4889-EDDC628C124C,TX00372
GL02017,2025-08-11,2100,Proveedores,8723.78,0,Pago Refacciones Regiomontana SAPI de CV,BAE68FA1-ED5C-0BA0-F079-F13EA5462E00,TX00373
GL02018,2025-08-11,1020,Bancos,0,8723.78,Pago Refacciones Regiomontana SAPI de CV,BAE68FA1-ED5C-0BA0-F079-F13EA5462E00,TX00373
GL02019,2025-08-11,2100,Proveedores,14509.05,0,Pago Soldadura Guadalupe S de RL de CV,DF06B6BB-6FE7-54A7-6A4E-5FF3E7815E64,TX00374
GL02020,2025-08-11,1020,Bancos,0,14509.05,Pago Soldadura Guadalupe S de RL de CV,DF06B6BB-6FE7-54A7-6A4E-5FF3E7815E64,TX00374
GL02021,2025-08-11,6000,Gastos servicios,45142.4,0,Factura 88432 Metálica San Nicolás SA de CV,4C53E2C5-4142-2585-1915-E06E7E1EB63C,
GL02022,2025-08-11,1180,IVA acreditable,7222.78,0,IVA factura 88432,4C53E2C5-4142-2585-1915-E06E7E1EB63C,
GL02023,2025-08-11,2100,Proveedores,0,52365.18,Factura 88432 Metálica San Nicolás SA de CV,4C53E2C5-4142-2585-1915-E06E7E1EB63C,
GL02024,2025-08-11,6000,Gastos refacciones,6047.8,0,Factura 94947 Herramientas del Norte S de RL de CV,8A865457-6FE6-EFBE-AB9D-65BD7BFDA133,
GL02025,2025-08-11,1180,IVA acreditable,967.65,0,IVA factura 94947,8A865457-6FE6-EFBE-AB9D-65BD7BFDA133,
GL02026,2025-08-11,2100,Proveedores,0,7015.45,Factura 94947 Herramientas del Norte S de RL de CV,8A865457-6FE6-EFBE-AB9D-65BD7BFDA133,
GL02027,2025-08-11,6000,Gastos materia_prima,22960,0,Factura 34701 Empaques Apodaca SAPI de CV,A4B838C1-D9AB-A6B9-55BF-6BF849F0E009,
GL02028,2025-08-11,1180,IVA acreditable,3673.6,0,IVA factura 34701,A4B838C1-D9AB-A6B9-55BF-6BF849F0E009,
GL02029,2025-08-11,2100,Proveedores,0,26633.6,Factura 34701 Empaques Apodaca SAPI de CV,A4B838C1-D9AB-A6B9-55BF-6BF849F0E009,
GL02030,2025-08-11,6000,Gastos servicios,40527.8,0,Factura 95384 Refacciones Industrial S de RL de CV,BE081AA8-9FBC-32DE-103B-69EF95DCE955,
GL02031,2025-08-11,1180,IVA acreditable,6484.45,0,IVA factura 95384,BE081AA8-9FBC-32DE-103B-69EF95DCE955,
GL02032,2025-08-11,2100,Proveedores,0,47012.25,Factura 95384 Refacciones Industrial S de RL de CV,BE081AA8-9FBC-32DE-103B-69EF95DCE955,
GL02033,2025-08-11,6000,Gastos servicios,54370,0,Factura 7789 Refacciones Industrial S de RL de CV,26909D62-FE5B-1BB4-4D2F-242175B6BCF2,
GL02034,2025-08-11,1180,IVA acreditable,8699.2,0,IVA factura 7789,26909D62-FE5B-1BB4-4D2F-242175B6BCF2,
GL02035,2025-08-11,2100,Proveedores,0,63069.2,Factura 7789 Refacciones Industrial S de RL de CV,26909D62-FE5B-1BB4-4D2F-242175B6BCF2,
GL02036,2025-08-11,1200,Clientes,251703.33,0,Venta 1512 Envases Guerra SA de CV,EB3D4662-5EBB-D0C4-4C40-C8833B484400,
GL02037,2025-08-11,4000,Ventas,0,216985.63,Venta 1512 Envases Guerra SA de CV,EB3D4662-5EBB-D0C4-4C40-C8833B484400,
GL02038,2025-08-11,2180,IVA trasladado,0,34717.7,IVA venta 1512,EB3D4662-5EBB-D0C4-4C40-C8833B484400,
GL02039,2025-08-11,1020,Bancos,69235.59,0,Cobro Autopartes Chapa SAPI de CV,FD8E5107-7180-4B4B-BAFB-710C26FF4A94,TX00375
GL02040,2025-08-11,1200,Clientes,0,69235.59,Cobro Autopartes Chapa SAPI de CV,FD8E5107-7180-4B4B-BAFB-710C26FF4A94,TX00375
GL02041,2025-08-11,1200,Clientes,350219.81,0,Venta 1624 Construcciones Zambrano S de RL de CV,777F2088-ABB6-D7AE-9095-E8BDDD7D4972,
GL02042,2025-08-11,4000,Ventas,0,301913.63,Venta 1624 Construcciones Zambrano S de RL de CV,777F2088-ABB6-D7AE-9095-E8BDDD7D4972,
GL02043,2025-08-11,2180,IVA trasladado,0,48306.18,IVA venta 1624,777F2088-ABB6-D7AE-9095-E8BDDD7D4972,
GL02044,2025-08-11,1020,Bancos,403591.72,0,Cobro Construcciones Sada S de RL de CV,8613EAB1-5ED7-3ACA-DE0E-F53623FF2470,TX00376
GL02045,2025-08-11,1200,Clientes,0,403591.72,Cobro Construcciones Sada S de RL de CV,8613EAB1-5ED7-3ACA-DE0E-F53623FF2470,TX00376
GL02046,2025-08-11,2100,Proveedores,21524.82,0,Pago Maquinados Regiomontana S de RL de CV,7D9B9522-9FCC-D550-CA40-393CDAEC2E47,TX00377
GL02047,2025-08-11,1020,Bancos,0,21524.82,Pago Maquinados Regiomontana S de RL de CV,7D9B9522-9FCC-D550-CA40-393CDAEC2E47,TX00377
GL02048,2025-08-12,1020,Bancos,424687.07,0,Cobro Construcciones Zambrano S de RL de CV,2D115079-6089-BB33-9045-7C9BEDD200AE,TX00378
GL02049,2025-08-12,1200,Clientes,0,424687.07,Cobro Construcciones Zambrano S de RL de CV,2D115079-6089-BB33-9045-7C9BEDD200AE,TX00378
GL02050,2025-08-13,2100,Proveedores,47928.65,0,Pago Servicios Nuevo León SA de CV,80103945-602D-F68B-6623-450351938A24,TX00379
GL02051,2025-08-13,1020,Bancos,0,47928.65,Pago Servicios Nuevo León SA de CV,80103945-602D-F68B-6623-450351938A24,TX00379
GL02052,2025-08-13,2100,Proveedores,121965.18,0,Pago Herramientas del Norte SAPI de CV,3FEAD6E7-24A8-69C7-F52A-E53DA543ED82,TX00380
GL02053,2025-08-13,1020,Bancos,0,121965.18,Pago Herramientas del Norte SAPI de CV,3FEAD6E7-24A8-69C7-F52A-E53DA543ED82,TX00380
GL02054,2025-08-13,6000,Gastos materia_prima,11239.9,0,Factura 50936 Hidráulica Nuevo León SAPI de CV,FD720DD1-13D0-75F6-18A2-C79A128AD481,
GL02055,2025-08-13,1180,IVA acreditable,1798.38,0,IVA factura 50936,FD720DD1-13D0-75F6-18A2-C79A128AD481,
GL02056,2025-08-13,2100,Proveedores,0,13038.28,Factura 50936 Hidráulica Nuevo León SAPI de CV,FD720DD1-13D0-75F6-18A2-C79A128AD481,
GL02057,2025-08-13,6000,Gastos refacciones,9352.4,0,Factura 38122 Refacciones Santa Catarina S de RL de CV,2CB58CD3-99D6-75C5-5944-50FC0A2D9269,
GL02058,2025-08-13,1180,IVA acreditable,1496.38,0,IVA factura 38122,2CB58CD3-99D6-75C5-5944-50FC0A2D9269,
GL02059,2025-08-13,2100,Proveedores,0,10848.78,Factura 38122 Refacciones Santa Catarina S de RL de CV,2CB58CD3-99D6-75C5-5944-50FC0A2D9269,
GL02060,2025-08-13,6000,Gastos logistica,13637.8,0,Factura 93738 Electrónica del Norte S de RL de CV,2BFD22CC-8CB6-CE61-BD83-D4B56BAE0422,
GL02061,2025-08-13,1180,IVA acreditable,2182.05,0,IVA factura 93738,2BFD22CC-8CB6-CE61-BD83-D4B56BAE0422,
GL02062,2025-08-13,2100,Proveedores,0,15819.85,Factura 93738 Electrónica del Norte S de RL de CV,2BFD22CC-8CB6-CE61-BD83-D4B56BAE0422,
GL02063,2025-08-13,1020,Bancos,231598.77,0,Cobro Envases Guerra SA de CV,47C32F21-E9FF-91A4-CAF1-BE8C862475EF,TX00381
GL02064,2025-08-13,1200,Clientes,0,231598.77,Cobro Envases Guerra SA de CV,47C32F21-E9FF-91A4-CAF1-BE8C862475EF,TX00381
GL02065,2025-08-14,1020,Bancos,424105.72,0,Cobro Autopartes Guerra S de RL de CV,95D02FFF-2912-6346-3EC2-5E07162953E5,TX00382
GL02066,2025-08-14,1200,Clientes,0,424105.72,Cobro Autopartes Guerra S de RL de CV,95D02FFF-2912-6346-3EC2-5E07162953E5,TX00382
GL02067,2025-08-14,6000,Gastos servicios,380000,0,Factura 51998 Treviño y Asociados SC,F6466E33-2D1E-44B7-5C21-8211BA69FFF1,
GL02068,2025-08-14,1180,IVA acreditable,60800.0,0,IVA factura 51998,F6466E33-2D1E-44B7-5C21-8211BA69FFF1,
GL02069,2025-08-14,2100,Proveedores,0,440800.0,Factura 51998 Treviño y Asociados SC,F6466E33-2D1E-44B7-5C21-8211BA69FFF1,
GL02070,2025-08-15,6000,Gastos consumibles,90690.5,0,Factura 9681 Ferretera Santa Catarina SAPI de CV,FB5D6CDB-0CB9-6143-58E6-6CE212D89245,
GL02071,2025-08-15,1180,IVA acreditable,14510.48,0,IVA factura 9681,FB5D6CDB-0CB9-6143-58E6-6CE212D89245,
GL02072,2025-08-15,2100,Proveedores,0,105200.98,Factura 9681 Ferretera Santa Catarina SAPI de CV,FB5D6CDB-0CB9-6143-58E6-6CE212D89245,
GL02073,2025-08-15,6000,Gastos consumibles,115640,0,Factura 50629 Ferretera Santa Catarina SAPI de CV,337B1F7C-8E9E-4CEB-0F23-E62E7805389E,
GL02074,2025-08-15,1180,IVA acreditable,18502.4,0,IVA factura 50629,337B1F7C-8E9E-4CEB-0F23-E62E7805389E,
GL02075,2025-08-15,2100,Proveedores,0,134142.4,Factura 50629 Ferretera Santa Catarina SAPI de CV,337B1F7C-8E9E-4CEB-0F23-E62E7805389E,
GL02076,2025-08-15,6000,Gastos refacciones,52200.5,0,Factura 95371 Transportes Industrial S de RL de CV,B84793A9-4B79-45C6-1B57-375C69EDA1C8,
GL02077,2025-08-15,1180,IVA acreditable,8352.08,0,IVA factura 95371,B84793A9-4B79-45C6-1B57-375C69EDA1C8,
GL02078,2025-08-15,2100,Proveedores,0,60552.58,Factura 95371 Transportes Industrial S de RL de CV,B84793A9-4B79-45C6-1B57-375C69EDA1C8,
GL02079,2025-08-15,6000,Gastos refacciones,45090,0,Factura 79737 Suministros Guadalupe SA de CV,EADF3EFE-DCC2-6853-891F-D12782627F5E,
GL02080,2025-08-15,1180,IVA acreditable,7214.4,0,IVA factura 79737,EADF3EFE-DCC2-6853-891F-D12782627F5E,
GL02081,2025-08-15,2100,Proveedores,0,52304.4,Factura 79737 Suministros Guadalupe SA de CV,EADF3EFE-DCC2-6853-891F-D12782627F5E,
GL02082,2025-08-15,1020,Bancos,132507.52,0,Cobro Grupo Chapa S de RL de CV,4AACE82F-A515-92F4-2EE4-5B09F8BDDA60,TX00383
GL02083,2025-08-15,1200,Clientes,0,132507.52,Cobro Grupo Chapa S de RL de CV,4AACE82F-A515-92F4-2EE4-5B09F8BDDA60,TX00383
GL02084,2025-08-18,6000,Gastos logistica,8137.8,0,Factura 3272 Soldadura Guadalupe S de RL de CV,DEDD5C59-571B-4AEE-65C1-A0C1057AD199,
GL02085,2025-08-18,1180,IVA acreditable,1302.05,0,IVA factura 3272,DEDD5C59-571B-4AEE-65C1-A0C1057AD199,
GL02086,2025-08-18,2100,Proveedores,0,9439.85,Factura 3272 Soldadura Guadalupe S de RL de CV,DEDD5C59-571B-4AEE-65C1-A0C1057AD199,
GL02087,2025-08-18,2100,Proveedores,18986.65,0,Pago Metálica San Nicolás SA de CV,8157E31A-EC98-7126-2584-763D803211B8,TX00384
GL02088,2025-08-18,1020,Bancos,0,18986.65,Pago Metálica San Nicolás SA de CV,8157E31A-EC98-7126-2584-763D803211B8,TX00384
GL02089,2025-08-18,2100,Proveedores,35762.68,0,Pago Herramientas del Norte SAPI de CV,5BC6710C-C556-97B8-5A4A-1D3BB452FE74,TX00385
GL02090,2025-08-18,1020,Bancos,0,35762.68,Pago Herramientas del Norte SAPI de CV,5BC6710C-C556-97B8-5A4A-1D3BB452FE74,TX00385
GL02091,2025-08-18,2100,Proveedores,8096.68,0,Pago Hidráulica Nuevo León SAPI de CV,BC9D5678-F878-13D9-12A5-6E5BBFF404E4,TX00386
GL02092,2025-08-18,1020,Bancos,0,8096.68,Pago Hidráulica Nuevo León SAPI de CV,BC9D5678-F878-13D9-12A5-6E5BBFF404E4,TX00386
GL02093,2025-08-18,2100,Proveedores,22550.28,0,Pago Servicios Santa Catarina SAPI de CV,01C0074F-E355-FA97-93CB-95E3D03D9C2F,TX00387
GL02094,2025-08-18,1020,Bancos,0,22550.28,Pago Servicios Santa Catarina SAPI de CV,01C0074F-E355-FA97-93CB-95E3D03D9C2F,TX00387
GL02095,2025-08-18,2100,Proveedores,32167.38,0,Pago Hidráulica Industrial S de RL de CV,F9F0868B-17F3-BE81-4804-2944BB7CF8BA,TX00388
GL02096,2025-08-18,1020,Bancos,0,32167.38,Pago Hidráulica Industrial S de RL de CV,F9F0868B-17F3-BE81-4804-2944BB7CF8BA,TX00388
GL02097,2025-08-18,2100,Proveedores,23847.05,0,Pago Grupo Nuevo León SAPI de CV,39E50E0C-52A2-C2A9-237C-F5C84B0C8547,TX00389
GL02098,2025-08-18,1020,Bancos,0,23847.05,Pago Grupo Nuevo León SAPI de CV,39E50E0C-52A2-C2A9-237C-F5C84B0C8547,TX00389
GL02099,2025-08-18,6000,Gastos materia_prima,19259.9,0,Factura 18074 Empaques Apodaca SAPI de CV,52D7824F-9CCF-D8A2-47F4-19CD7CE353FF,
GL02100,2025-08-18,1180,IVA acreditable,3081.58,0,IVA factura 18074,52D7824F-9CCF-D8A2-47F4-19CD7CE353FF,
GL02101,2025-08-18,2100,Proveedores,0,22341.48,Factura 18074 Empaques Apodaca SAPI de CV,52D7824F-9CCF-D8A2-47F4-19CD7CE353FF,
GL02102,2025-08-18,2100,Proveedores,102892.58,0,Pago Suministros Guadalupe SA de CV,600B043F-5F81-59DC-62A8-731C720C4F9A,TX00390
GL02103,2025-08-18,1020,Bancos,0,102892.58,Pago Suministros Guadalupe SA de CV,600B043F-5F81-59DC-62A8-731C720C4F9A,TX00390
GL02104,2025-08-18,1200,Clientes,77783.3,0,Venta 1548 Autopartes Guerra S de RL de CV,84377C12-3736-B3F9-7245-E6D12B496778,
GL02105,2025-08-18,4000,Ventas,0,67054.57,Venta 1548 Autopartes Guerra S de RL de CV,84377C12-3736-B3F9-7245-E6D12B496778,
GL02106,2025-08-18,2180,IVA trasladado,0,10728.73,IVA venta 1548,84377C12-3736-B3F9-7245-E6D12B496778,
GL02107,2025-08-18,1020,Bancos,337317.57,0,Cobro Envases Quintanilla S de RL de CV,F4A55DA5-7858-C1B4-2E0C-722B85805CF9,TX00391
GL02108,2025-08-18,1200,Clientes,0,337317.57,Cobro Envases Quintanilla S de RL de CV,F4A55DA5-7858-C1B4-2E0C-722B85805CF9,TX00391
GL02109,2025-08-18,2100,Proveedores,440800.0,0,Pago Treviño y Asociados SC,F6466E33-2D1E-44B7-5C21-8211BA69FFF1,TX00392
GL02110,2025-08-18,1020,Bancos,0,440800.0,Pago Treviño y Asociados SC,F6466E33-2D1E-44B7-5C21-8211BA69FFF1,TX00392
GL02111,2025-08-19,6000,Gastos renta_util,96129.9,0,Factura 36942 Distribuidora del Norte S de RL de CV,683A1A5E-2347-E949-3E45-FB56BBC0EE47,
GL02112,2025-08-19,1180,IVA acreditable,15380.78,0,IVA factura 36942,683A1A5E-2347-E949-3E45-FB56BBC0EE47,
GL02113,2025-08-19,2100,Proveedores,0,111510.68,Factura 36942 Distribuidora del Norte S de RL de CV,683A1A5E-2347-E949-3E45-FB56BBC0EE47,
GL02114,2025-08-19,2100,Proveedores,74913.38,0,Pago Soldadura Regiomontana S de RL de CV,6FE57398-F3BE-5C8C-48FC-823882E43A26,TX00393
GL02115,2025-08-19,1020,Bancos,0,74913.38,Pago Soldadura Regiomontana S de RL de CV,6FE57398-F3BE-5C8C-48FC-823882E43A26,TX00393
GL02116,2025-08-19,2100,Proveedores,74483.48,0,Pago Herramientas del Norte SAPI de CV,AD12E116-A08C-7563-C846-A9489AF17948,TX00394
GL02117,2025-08-19,1020,Bancos,0,74483.48,Pago Herramientas del Norte SAPI de CV,AD12E116-A08C-7563-C846-A9489AF17948,TX00394
GL02118,2025-08-19,2100,Proveedores,12307.6,0,Pago Grupo Nuevo León SAPI de CV,37CF0EED-527E-9B71-80B8-7D84C0B379B5,TX00395
GL02119,2025-08-19,1020,Bancos,0,12307.6,Pago Grupo Nuevo León SAPI de CV,37CF0EED-527E-9B71-80B8-7D84C0B379B5,TX00395
GL02120,2025-08-19,2100,Proveedores,10495.45,0,Pago Pinturas Guadalupe S de RL de CV,1104A7A4-9067-0535-9FAA-227F18A2F4CF,TX00396
GL02121,2025-08-19,1020,Bancos,0,10495.45,Pago Pinturas Guadalupe S de RL de CV,1104A7A4-9067-0535-9FAA-227F18A2F4CF,TX00396
GL02122,2025-08-19,1200,Clientes,121706.48,0,Venta 1543 Autopartes Guerra S de RL de CV,201FA060-6975-EE55-1BEC-F2B4B470DC3C,
GL02123,2025-08-19,4000,Ventas,0,104919.38,Venta 1543 Autopartes Guerra S de RL de CV,201FA060-6975-EE55-1BEC-F2B4B470DC3C,
GL02124,2025-08-19,2180,IVA trasladado,0,16787.1,IVA venta 1543,201FA060-6975-EE55-1BEC-F2B4B470DC3C,
GL02125,2025-08-20,2100,Proveedores,15822.98,0,Pago Soldadura Guadalupe S de RL de CV,29A11FCA-4575-FB7F-1611-6AB4B881C839,TX00397
GL02126,2025-08-20,1020,Bancos,0,15822.98,Pago Soldadura Guadalupe S de RL de CV,29A11FCA-4575-FB7F-1611-6AB4B881C839,TX00397
GL02127,2025-08-20,2100,Proveedores,12400.28,0,Pago Electrónica del Norte S de RL de CV,757A0F87-13B0-FCB0-AB35-B3294448B59B,TX00398
GL02128,2025-08-20,1020,Bancos,0,12400.28,Pago Electrónica del Norte S de RL de CV,757A0F87-13B0-FCB0-AB35-B3294448B59B,TX00398
GL02129,2025-08-20,6000,Gastos materia_prima,21807.8,0,Factura 51444 Pinturas Nuevo León SAPI de CV,2EEC5BEA-48C7-60CE-5026-D80A0B009C17,
GL02130,2025-08-20,1180,IVA acreditable,3489.25,0,IVA factura 51444,2EEC5BEA-48C7-60CE-5026-D80A0B009C17,
GL02131,2025-08-20,2100,Proveedores,0,25297.05,Factura 51444 Pinturas Nuevo León SAPI de CV,2EEC5BEA-48C7-60CE-5026-D80A0B009C17,
GL02132,2025-08-20,2100,Proveedores,6843.88,0,Pago Pinturas Guadalupe S de RL de CV,2377E968-FC57-E063-6D73-962764B22D07,TX00399
GL02133,2025-08-20,1020,Bancos,0,6843.88,Pago Pinturas Guadalupe S de RL de CV,2377E968-FC57-E063-6D73-962764B22D07,TX00399
GL02134,2025-08-21,2100,Proveedores,4953.78,0,Pago Suministros Guadalupe SA de CV,35477892-C788-E765-796D-1EC6DA308FA8,TX00400
GL02135,2025-08-21,1020,Bancos,0,4953.78,Pago Suministros Guadalupe SA de CV,35477892-C788-E765-796D-1EC6DA308FA8,TX00400
GL02136,2025-08-21,1020,Bancos,405815.19,0,Cobro Grupo Martínez SA de CV,BD391012-F84E-540D-CAFD-7B8DB23144CA,TX00401
GL02137,2025-08-21,1200,Clientes,0,405815.19,Cobro Grupo Martínez SA de CV,BD391012-F84E-540D-CAFD-7B8DB23144CA,TX00401
GL02138,2025-08-21,6000,Gastos servicios,128000,0,Factura 37666 Gestoría y Enlace Santa Catarina S de RL de CV,08A662F1-D18B-A4D0-ADEB-0C1AC133ADCE,
GL02139,2025-08-21,1180,IVA acreditable,20480.0,0,IVA factura 37666,08A662F1-D18B-A4D0-ADEB-0C1AC133ADCE,
GL02140,2025-08-21,2100,Proveedores,0,148480.0,Factura 37666 Gestoría y Enlace Santa Catarina S de RL de CV,08A662F1-D18B-A4D0-ADEB-0C1AC133ADCE,
GL02141,2025-08-22,6000,Gastos logistica,4922.4,0,Factura 20414 Electrónica del Norte S de RL de CV,BCF3E209-EE91-413D-0DEB-1A0E8E4FEF24,
GL02142,2025-08-22,1180,IVA acreditable,787.58,0,IVA factura 20414,BCF3E209-EE91-413D-0DEB-1A0E8E4FEF24,
GL02143,2025-08-22,2100,Proveedores,0,5709.98,Factura 20414 Electrónica del Norte S de RL de CV,BCF3E209-EE91-413D-0DEB-1A0E8E4FEF24,
GL02144,2025-08-22,2100,Proveedores,46646.38,0,Pago Transportes Industrial S de RL de CV,61397A1E-0913-CC3A-0775-F84A49CBA2F1,TX00402
GL02145,2025-08-22,1020,Bancos,0,46646.38,Pago Transportes Industrial S de RL de CV,61397A1E-0913-CC3A-0775-F84A49CBA2F1,TX00402
GL02146,2025-08-22,2100,Proveedores,23492.78,0,Pago Pinturas Escobedo S de RL de CV,10D080C1-790B-48A5-D770-EFB5D44D3ABB,TX00403
GL02147,2025-08-22,1020,Bancos,0,23492.78,Pago Pinturas Escobedo S de RL de CV,10D080C1-790B-48A5-D770-EFB5D44D3ABB,TX00403
GL02148,2025-08-22,6000,Gastos servicios,50417.8,0,Factura 39719 Refacciones Industrial S de RL de CV,A5AC032F-1F49-8DF9-3DD5-517DF8CEF6A5,
GL02149,2025-08-22,1180,IVA acreditable,8066.85,0,IVA factura 39719,A5AC032F-1F49-8DF9-3DD5-517DF8CEF6A5,
GL02150,2025-08-22,2100,Proveedores,0,58484.65,Factura 39719 Refacciones Industrial S de RL de CV,A5AC032F-1F49-8DF9-3DD5-517DF8CEF6A5,
GL02151,2025-08-22,1200,Clientes,293965.27,0,Venta 1610 Grupo Quintanilla S de RL de CV,B6120CF4-53D5-87AF-B856-8E1470CAD4D8,
GL02152,2025-08-22,4000,Ventas,0,253418.34,Venta 1610 Grupo Quintanilla S de RL de CV,B6120CF4-53D5-87AF-B856-8E1470CAD4D8,
GL02153,2025-08-22,2180,IVA trasladado,0,40546.93,IVA venta 1610,B6120CF4-53D5-87AF-B856-8E1470CAD4D8,
GL02154,2025-08-25,2100,Proveedores,4686.28,0,Pago Refacciones Regiomontana SAPI de CV,800E0243-968B-1687-5441-B3FD372164F9,TX00404
GL02155,2025-08-25,1020,Bancos,0,4686.28,Pago Refacciones Regiomontana SAPI de CV,800E0243-968B-1687-5441-B3FD372164F9,TX00404
GL02156,2025-08-25,6000,Gastos renta_util,33979.9,0,Factura 22385 Metálica del Norte S de RL de CV,63043A17-7A8A-5C3D-52DA-385921B25F2F,
GL02157,2025-08-25,1180,IVA acreditable,5436.78,0,IVA factura 22385,63043A17-7A8A-5C3D-52DA-385921B25F2F,
GL02158,2025-08-25,2100,Proveedores,0,39416.68,Factura 22385 Metálica del Norte S de RL de CV,63043A17-7A8A-5C3D-52DA-385921B25F2F,
GL02159,2025-08-25,6000,Gastos logistica,6390.5,0,Factura 61526 Soldadura Guadalupe S de RL de CV,3F7DBD20-79A2-40DB-9406-35388473DF13,
GL02160,2025-08-25,1180,IVA acreditable,1022.48,0,IVA factura 61526,3F7DBD20-79A2-40DB-9406-35388473DF13,
GL02161,2025-08-25,2100,Proveedores,0,7412.98,Factura 61526 Soldadura Guadalupe S de RL de CV,3F7DBD20-79A2-40DB-9406-35388473DF13,
GL02162,2025-08-25,6000,Gastos refacciones,16650.5,0,Factura 56794 Servicios Santa Catarina SAPI de CV,65A419A4-6453-287C-333C-B8D5ED16DD8E,
GL02163,2025-08-25,1180,IVA acreditable,2664.08,0,IVA factura 56794,65A419A4-6453-287C-333C-B8D5ED16DD8E,
GL02164,2025-08-25,2100,Proveedores,0,19314.58,Factura 56794 Servicios Santa Catarina SAPI de CV,65A419A4-6453-287C-333C-B8D5ED16DD8E,
GL02165,2025-08-25,2100,Proveedores,11507.2,0,Pago Servicios Santa Catarina SAPI de CV,8DF7D010-8831-D487-8216-F241AF8C77F5,TX00405
GL02166,2025-08-25,1020,Bancos,0,11507.2,Pago Servicios Santa Catarina SAPI de CV,8DF7D010-8831-D487-8216-F241AF8C77F5,TX00405
GL02167,2025-08-25,6000,Gastos materia_prima,17182.4,0,Factura 74288 Empaques Apodaca SAPI de CV,D32468C0-807C-18C1-F409-45537BB44E8B,
GL02168,2025-08-25,1180,IVA acreditable,2749.18,0,IVA factura 74288,D32468C0-807C-18C1-F409-45537BB44E8B,
GL02169,2025-08-25,2100,Proveedores,0,19931.58,Factura 74288 Empaques Apodaca SAPI de CV,D32468C0-807C-18C1-F409-45537BB44E8B,
GL02170,2025-08-25,2100,Proveedores,22701.78,0,Pago Empaques Apodaca SAPI de CV,EE8A7832-ACEB-9DD6-251A-F2F42B56A1CF,TX00406
GL02171,2025-08-25,1020,Bancos,0,22701.78,Pago Empaques Apodaca SAPI de CV,EE8A7832-ACEB-9DD6-251A-F2F42B56A1CF,TX00406
GL02172,2025-08-25,6000,Gastos servicios,13507.8,0,Factura 20783 Ferretera Guadalupe S de RL de CV,30920BC1-18ED-B8D6-C2F6-0FE34C611F15,
GL02173,2025-08-25,1180,IVA acreditable,2161.25,0,IVA factura 20783,30920BC1-18ED-B8D6-C2F6-0FE34C611F15,
GL02174,2025-08-25,2100,Proveedores,0,15669.05,Factura 20783 Ferretera Guadalupe S de RL de CV,30920BC1-18ED-B8D6-C2F6-0FE34C611F15,
GL02175,2025-08-25,1200,Clientes,145412.77,0,Venta 1637 Construcciones Sada S de RL de CV,3A9D6D24-4549-D6ED-9D57-03F33D4CDFF2,
GL02176,2025-08-25,4000,Ventas,0,125355.84,Venta 1637 Construcciones Sada S de RL de CV,3A9D6D24-4549-D6ED-9D57-03F33D4CDFF2,
GL02177,2025-08-25,2180,IVA trasladado,0,20056.93,IVA venta 1637,3A9D6D24-4549-D6ED-9D57-03F33D4CDFF2,
GL02178,2025-08-25,2100,Proveedores,148480.0,0,Pago Gestoría y Enlace Santa Catarina S de RL de CV,08A662F1-D18B-A4D0-ADEB-0C1AC133ADCE,TX00407
GL02179,2025-08-25,1020,Bancos,0,148480.0,Pago Gestoría y Enlace Santa Catarina S de RL de CV,08A662F1-D18B-A4D0-ADEB-0C1AC133ADCE,TX00407
GL02180,2025-08-27,6000,Gastos renta_util,11800,0,Factura 1871 Pinturas Guadalupe S de RL de CV,2E735BEB-A174-738C-24A6-58019463090F,
GL02181,2025-08-27,1180,IVA acreditable,1888.0,0,IVA factura 1871,2E735BEB-A174-738C-24A6-58019463090F,
GL02182,2025-08-27,2100,Proveedores,0,13688.0,Factura 1871 Pinturas Guadalupe S de RL de CV,2E735BEB-A174-738C-24A6-58019463090F,
GL02183,2025-08-27,1200,Clientes,101094.78,0,Venta 1582 Grupo Chapa S de RL de CV,95F852B0-731C-5D05-D20F-51C7F56F4C08,
GL02184,2025-08-27,4000,Ventas,0,87150.67,Venta 1582 Grupo Chapa S de RL de CV,95F852B0-731C-5D05-D20F-51C7F56F4C08,
GL02185,2025-08-27,2180,IVA trasladado,0,13944.11,IVA venta 1582,95F852B0-731C-5D05-D20F-51C7F56F4C08,
GL02186,2025-08-27,6000,Gastos servicios,128000,0,Factura 74637 Gestoría y Enlace Santa Catarina S de RL de CV,3FE457D0-B985-4F64-F42E-8B759A608B3B,
GL02187,2025-08-27,1180,IVA acreditable,20480.0,0,IVA factura 74637,3FE457D0-B985-4F64-F42E-8B759A608B3B,
GL02188,2025-08-27,2100,Proveedores,0,148480.0,Factura 74637 Gestoría y Enlace Santa Catarina S de RL de CV,3FE457D0-B985-4F64-F42E-8B759A608B3B,
GL02189,2025-08-28,1020,Bancos,201478.69,0,Cobro Grupo Chapa S de RL de CV,8411A922-9136-D373-5E62-1D8EBA50B60D,TX00408
GL02190,2025-08-28,1200,Clientes,0,201478.69,Cobro Grupo Chapa S de RL de CV,8411A922-9136-D373-5E62-1D8EBA50B60D,TX00408
GL02191,2025-08-28,6100,Sueldos y salarios,410522.47,0,Nómina,,TX00409
GL02192,2025-08-28,1020,Bancos,0,410522.47,Nómina,,TX00409
GL02193,2025-08-29,2100,Proveedores,11544.78,0,Pago Ferretera Guadalupe S de RL de CV,E2ED6587-8104-EBA3-91D7-5B510E16F62F,TX00410
GL02194,2025-08-29,1020,Bancos,0,11544.78,Pago Ferretera Guadalupe S de RL de CV,E2ED6587-8104-EBA3-91D7-5B510E16F62F,TX00410
GL02195,2025-08-29,2100,Proveedores,19372.58,0,Pago Industrias Monterrey SA de CV,AE10F411-2DB4-4195-1646-284DFA83BEB6,TX00411
GL02196,2025-08-29,1020,Bancos,0,19372.58,Pago Industrias Monterrey SA de CV,AE10F411-2DB4-4195-1646-284DFA83BEB6,TX00411
GL02197,2025-08-29,1020,Bancos,363837.86,0,Cobro Autopartes Guerra S de RL de CV,BC39074C-A2F5-FC9F-F3E6-11F1DA46A79F,TX00412
GL02198,2025-08-29,1200,Clientes,0,363837.86,Cobro Autopartes Guerra S de RL de CV,BC39074C-A2F5-FC9F-F3E6-11F1DA46A79F,TX00412
GL02199,2025-09-01,6000,Gastos refacciones,9162.4,0,Factura 82486 Neumática del Norte SA de CV,BE603D2A-CF72-DC3E-646E-FEFA62C85123,
GL02200,2025-09-01,1180,IVA acreditable,1465.98,0,IVA factura 82486,BE603D2A-CF72-DC3E-646E-FEFA62C85123,
GL02201,2025-09-01,2100,Proveedores,0,10628.38,Factura 82486 Neumática del Norte SA de CV,BE603D2A-CF72-DC3E-646E-FEFA62C85123,
GL02202,2025-09-01,2100,Proveedores,49244.78,0,Pago Servicios Nuevo León SA de CV,67F2D14E-F70A-B30C-B8FF-62AA5FBF9B71,TX00413
GL02203,2025-09-01,1020,Bancos,0,49244.78,Pago Servicios Nuevo León SA de CV,67F2D14E-F70A-B30C-B8FF-62AA5FBF9B71,TX00413
GL02204,2025-09-01,6000,Gastos refacciones,22767.8,0,Factura 80551 Refacciones Santa Catarina S de RL de CV,21E8AC65-8ECC-2626-51F7-98C911696F49,
GL02205,2025-09-01,1180,IVA acreditable,3642.85,0,IVA factura 80551,21E8AC65-8ECC-2626-51F7-98C911696F49,
GL02206,2025-09-01,2100,Proveedores,0,26410.65,Factura 80551 Refacciones Santa Catarina S de RL de CV,21E8AC65-8ECC-2626-51F7-98C911696F49,
GL02207,2025-09-01,2100,Proveedores,3944.0,0,Pago Electrónica del Norte S de RL de CV,88419BDB-938A-9757-54EE-B60B1145C5C1,TX00414
GL02208,2025-09-01,1020,Bancos,0,3944.0,Pago Electrónica del Norte S de RL de CV,88419BDB-938A-9757-54EE-B60B1145C5C1,TX00414
GL02209,2025-09-01,6000,Gastos materia_prima,12797.8,0,Factura 3676 Empaques Apodaca SAPI de CV,64812DC4-0969-25FE-DDF8-BF27B699283A,
GL02210,2025-09-01,1180,IVA acreditable,2047.65,0,IVA factura 3676,64812DC4-0969-25FE-DDF8-BF27B699283A,
GL02211,2025-09-01,2100,Proveedores,0,14845.45,Factura 3676 Empaques Apodaca SAPI de CV,64812DC4-0969-25FE-DDF8-BF27B699283A,
GL02212,2025-09-01,2100,Proveedores,60552.58,0,Pago Transportes Industrial S de RL de CV,B84793A9-4B79-45C6-1B57-375C69EDA1C8,TX00415
GL02213,2025-09-01,1020,Bancos,0,60552.58,Pago Transportes Industrial S de RL de CV,B84793A9-4B79-45C6-1B57-375C69EDA1C8,TX00415
GL02214,2025-09-01,2100,Proveedores,58009.05,0,Pago Transportes Industrial S de RL de CV,FB31CA1D-4BD5-5012-D911-C377957110C7,TX00416
GL02215,2025-09-01,1020,Bancos,0,58009.05,Pago Transportes Industrial S de RL de CV,FB31CA1D-4BD5-5012-D911-C377957110C7,TX00416
GL02216,2025-09-01,6000,Gastos servicios,13489.9,0,Factura 52871 Ferretera Guadalupe S de RL de CV,F706CC7C-09E0-9524-4D16-6274665DD169,
GL02217,2025-09-01,1180,IVA acreditable,2158.38,0,IVA factura 52871,F706CC7C-09E0-9524-4D16-6274665DD169,
GL02218,2025-09-01,2100,Proveedores,0,15648.28,Factura 52871 Ferretera Guadalupe S de RL de CV,F706CC7C-09E0-9524-4D16-6274665DD169,
GL02219,2025-09-01,6000,Gastos servicios,9067.8,0,Factura 33841 Ferretera Guadalupe S de RL de CV,DB05BBE8-A122-367B-B787-291D33ECAAE1,
GL02220,2025-09-01,1180,IVA acreditable,1450.85,0,IVA factura 33841,DB05BBE8-A122-367B-B787-291D33ECAAE1,
GL02221,2025-09-01,2100,Proveedores,0,10518.65,Factura 33841 Ferretera Guadalupe S de RL de CV,DB05BBE8-A122-367B-B787-291D33ECAAE1,
GL02222,2025-09-01,1020,Bancos,461945.67,0,Cobro Autopartes Guerra S de RL de CV,A44D835E-E6D6-F490-76A6-1AECC9385845,TX00417
GL02223,2025-09-01,1200,Clientes,0,461945.67,Cobro Autopartes Guerra S de RL de CV,A44D835E-E6D6-F490-76A6-1AECC9385845,TX00417
GL02224,2025-09-01,1020,Bancos,439063.13,0,Cobro Construcciones Zambrano S de RL de CV,60C790E1-DA3E-EDF6-6DBA-1EFB7837DC5D,TX00418
GL02225,2025-09-01,1200,Clientes,0,439063.13,Cobro Construcciones Zambrano S de RL de CV,60C790E1-DA3E-EDF6-6DBA-1EFB7837DC5D,TX00418
GL02226,2025-09-01,2100,Proveedores,148480.0,0,Pago Gestoría y Enlace Santa Catarina S de RL de CV,3FE457D0-B985-4F64-F42E-8B759A608B3B,TX00419
GL02227,2025-09-01,1020,Bancos,0,148480.0,Pago Gestoría y Enlace Santa Catarina S de RL de CV,3FE457D0-B985-4F64-F42E-8B759A608B3B,TX00419
GL02228,2025-09-02,6000,Gastos materia_prima,22519.9,0,Factura 91511 Pinturas Nuevo León SAPI de CV,77D7B334-F06E-F762-C460-4606E4429B5F,
GL02229,2025-09-02,1180,IVA acreditable,3603.18,0,IVA factura 91511,77D7B334-F06E-F762-C460-4606E4429B5F,
GL02230,2025-09-02,2100,Proveedores,0,26123.08,Factura 91511 Pinturas Nuevo León SAPI de CV,77D7B334-F06E-F762-C460-4606E4429B5F,
GL02231,2025-09-02,2100,Proveedores,47012.25,0,Pago Refacciones Industrial S de RL de CV,BE081AA8-9FBC-32DE-103B-69EF95DCE955,TX00420
GL02232,2025-09-02,1020,Bancos,0,47012.25,Pago Refacciones Industrial S de RL de CV,BE081AA8-9FBC-32DE-103B-69EF95DCE955,TX00420
GL02233,2025-09-02,1200,Clientes,147971.8,0,Venta 1521 Autopartes Quintanilla S de RL de CV,D836F087-6AF9-2E26-D09E-6FD3BE2316AA,
GL02234,2025-09-02,4000,Ventas,0,127561.9,Venta 1521 Autopartes Quintanilla S de RL de CV,D836F087-6AF9-2E26-D09E-6FD3BE2316AA,
GL02235,2025-09-02,2180,IVA trasladado,0,20409.9,IVA venta 1521,D836F087-6AF9-2E26-D09E-6FD3BE2316AA,
GL02236,2025-09-02,1020,Bancos,129096.37,0,Cobro Autopartes Chapa SAPI de CV,68CC2B62-DB94-1FB3-5C03-4E128A0D8076,TX00421
GL02237,2025-09-02,1200,Clientes,0,129096.37,Cobro Autopartes Chapa SAPI de CV,68CC2B62-DB94-1FB3-5C03-4E128A0D8076,TX00421
GL02238,2025-09-03,2100,Proveedores,10848.78,0,Pago Refacciones Santa Catarina S de RL de CV,2CB58CD3-99D6-75C5-5944-50FC0A2D9269,TX00422
GL02239,2025-09-03,1020,Bancos,0,10848.78,Pago Refacciones Santa Catarina S de RL de CV,2CB58CD3-99D6-75C5-5944-50FC0A2D9269,TX00422
GL02240,2025-09-03,6000,Gastos refacciones,95617.8,0,Factura 94340 Maquinados del Norte SAPI de CV,2175E359-16F2-4468-7EF1-19518E68C624,
GL02241,2025-09-03,1180,IVA acreditable,15298.85,0,IVA factura 94340,2175E359-16F2-4468-7EF1-19518E68C624,
GL02242,2025-09-03,2100,Proveedores,0,110916.65,Factura 94340 Maquinados del Norte SAPI de CV,2175E359-16F2-4468-7EF1-19518E68C624,
GL02243,2025-09-03,6000,Gastos materia_prima,21267.8,0,Factura 68664 Pinturas Nuevo León SAPI de CV,5859904D-6816-4663-A05D-BD1368C235D4,
GL02244,2025-09-03,1180,IVA acreditable,3402.85,0,IVA factura 68664,5859904D-6816-4663-A05D-BD1368C235D4,
GL02245,2025-09-03,2100,Proveedores,0,24670.65,Factura 68664 Pinturas Nuevo León SAPI de CV,5859904D-6816-4663-A05D-BD1368C235D4,
GL02246,2025-09-03,6000,Gastos refacciones,13729.9,0,Factura 1504 Neumática Industrial S de RL de CV,BEA271A2-A90A-9D89-3C45-745640E41F58,
GL02247,2025-09-03,1180,IVA acreditable,2196.78,0,IVA factura 1504,BEA271A2-A90A-9D89-3C45-745640E41F58,
GL02248,2025-09-03,2100,Proveedores,0,15926.68,Factura 1504 Neumática Industrial S de RL de CV,BEA271A2-A90A-9D89-3C45-745640E41F58,
GL02249,2025-09-03,1020,Bancos,350219.81,0,Cobro Construcciones Zambrano S de RL de CV,777F2088-ABB6-D7AE-9095-E8BDDD7D4972,TX00423
GL02250,2025-09-03,1200,Clientes,0,350219.81,Cobro Construcciones Zambrano S de RL de CV,777F2088-ABB6-D7AE-9095-E8BDDD7D4972,TX00423
GL02251,2025-09-04,6000,Gastos logistica,3327.8,0,Factura 59311 Soldadura Guadalupe S de RL de CV,E4BC8F73-228D-0DDD-BABA-352B228614AF,
GL02252,2025-09-04,1180,IVA acreditable,532.45,0,IVA factura 59311,E4BC8F73-228D-0DDD-BABA-352B228614AF,
GL02253,2025-09-04,2100,Proveedores,0,3860.25,Factura 59311 Soldadura Guadalupe S de RL de CV,E4BC8F73-228D-0DDD-BABA-352B228614AF,
GL02254,2025-09-04,2100,Proveedores,74144.65,0,Pago Hidráulica Industrial S de RL de CV,89F182BE-8A8B-F4F6-D855-6B60EAD5C047,TX00424
GL02255,2025-09-04,1020,Bancos,0,74144.65,Pago Hidráulica Industrial S de RL de CV,89F182BE-8A8B-F4F6-D855-6B60EAD5C047,TX00424
GL02256,2025-09-04,2100,Proveedores,22341.48,0,Pago Empaques Apodaca SAPI de CV,52D7824F-9CCF-D8A2-47F4-19CD7CE353FF,TX00425
GL02257,2025-09-04,1020,Bancos,0,22341.48,Pago Empaques Apodaca SAPI de CV,52D7824F-9CCF-D8A2-47F4-19CD7CE353FF,TX00425
GL02258,2025-09-05,2100,Proveedores,60983.98,0,Pago Transportes Industrial S de RL de CV,839B490A-F7C2-5E10-9F4D-5155519C7CFB,TX00426
GL02259,2025-09-05,1020,Bancos,0,60983.98,Pago Transportes Industrial S de RL de CV,839B490A-F7C2-5E10-9F4D-5155519C7CFB,TX00426
GL02260,2025-09-05,1020,Bancos,309948.6,0,Cobro Envases Hernández SAPI de CV,88503546-9C6D-FF68-E117-D02D67926E92,TX00427
GL02261,2025-09-05,1200,Clientes,0,309948.6,Cobro Envases Hernández SAPI de CV,88503546-9C6D-FF68-E117-D02D67926E92,TX00427
GL02262,2025-09-05,1020,Bancos,54988.88,0,Cobro Grupo Chapa S de RL de CV,14A9DAD6-C392-08D9-F199-C50A513C4C1A,TX00428
GL02263,2025-09-05,1200,Clientes,0,54988.88,Cobro Grupo Chapa S de RL de CV,14A9DAD6-C392-08D9-F199-C50A513C4C1A,TX00428
GL02264,2025-09-05,6000,Gastos refacciones,50000,0,Factura 14633 Servicios de México SA de CV,B5B12EE5-9314-9227-6AC4-C6153073C640,
GL02265,2025-09-05,1180,IVA acreditable,8000.0,0,IVA factura 14633,B5B12EE5-9314-9227-6AC4-C6153073C640,
GL02266,2025-09-05,2100,Proveedores,0,58000.0,Factura 14633 Servicios de México SA de CV,B5B12EE5-9314-9227-6AC4-C6153073C640,
GL02267,2025-09-08,2100,Proveedores,111510.68,0,Pago Distribuidora del Norte S de RL de CV,683A1A5E-2347-E949-3E45-FB56BBC0EE47,TX00429
GL02268,2025-09-08,1020,Bancos,0,111510.68,Pago Distribuidora del Norte S de RL de CV,683A1A5E-2347-E949-3E45-FB56BBC0EE47,TX00429
GL02269,2025-09-08,2100,Proveedores,62291.88,0,Pago Soldadura Regiomontana S de RL de CV,2E26E465-409A-D393-71C2-D65ED114E8F6,TX00430
GL02270,2025-09-08,1020,Bancos,0,62291.88,Pago Soldadura Regiomontana S de RL de CV,2E26E465-409A-D393-71C2-D65ED114E8F6,TX00430
GL02271,2025-09-08,2100,Proveedores,52365.18,0,Pago Metálica San Nicolás SA de CV,4C53E2C5-4142-2585-1915-E06E7E1EB63C,TX00431
GL02272,2025-09-08,1020,Bancos,0,52365.18,Pago Metálica San Nicolás SA de CV,4C53E2C5-4142-2585-1915-E06E7E1EB63C,TX00431
GL02273,2025-09-08,6000,Gastos consumibles,14250,0,Factura 34005 Servicios Nuevo León SA de CV,73AD8D3A-CD04-09DB-20C9-FCCCB3FCC776,
GL02274,2025-09-08,1180,IVA acreditable,2280.0,0,IVA factura 34005,73AD8D3A-CD04-09DB-20C9-FCCCB3FCC776,
GL02275,2025-09-08,2100,Proveedores,0,16530.0,Factura 34005 Servicios Nuevo León SA de CV,73AD8D3A-CD04-09DB-20C9-FCCCB3FCC776,
GL02276,2025-09-08,2100,Proveedores,134142.4,0,Pago Ferretera Santa Catarina SAPI de CV,337B1F7C-8E9E-4CEB-0F23-E62E7805389E,TX00432
GL02277,2025-09-08,1020,Bancos,0,134142.4,Pago Ferretera Santa Catarina SAPI de CV,337B1F7C-8E9E-4CEB-0F23-E62E7805389E,TX00432
GL02278,2025-09-08,6000,Gastos refacciones,10580.5,0,Factura 39031 Pinturas Escobedo S de RL de CV,F83AD800-E284-E956-9FEC-2DF63014FE0D,
GL02279,2025-09-08,1180,IVA acreditable,1692.88,0,IVA factura 39031,F83AD800-E284-E956-9FEC-2DF63014FE0D,
GL02280,2025-09-08,2100,Proveedores,0,12273.38,Factura 39031 Pinturas Escobedo S de RL de CV,F83AD800-E284-E956-9FEC-2DF63014FE0D,
GL02281,2025-09-08,6000,Gastos refacciones,74262.4,0,Factura 19492 Suministros Guadalupe SA de CV,A2AB5673-962C-E6B8-A70C-27842CAB7FB7,
GL02282,2025-09-08,1180,IVA acreditable,11881.98,0,IVA factura 19492,A2AB5673-962C-E6B8-A70C-27842CAB7FB7,
GL02283,2025-09-08,2100,Proveedores,0,86144.38,Factura 19492 Suministros Guadalupe SA de CV,A2AB5673-962C-E6B8-A70C-27842CAB7FB7,
GL02284,2025-09-08,6000,Gastos renta_util,9640,0,Factura 42942 Pinturas Guadalupe S de RL de CV,3944C41D-1607-7075-12A9-86E10C963723,
GL02285,2025-09-08,1180,IVA acreditable,1542.4,0,IVA factura 42942,3944C41D-1607-7075-12A9-86E10C963723,
GL02286,2025-09-08,2100,Proveedores,0,11182.4,Factura 42942 Pinturas Guadalupe S de RL de CV,3944C41D-1607-7075-12A9-86E10C963723,
GL02287,2025-09-08,6000,Gastos servicios,30370.5,0,Factura 69199 Refacciones Industrial S de RL de CV,0D1BE2DE-B0CE-6B32-5CB2-DF82ACEE9270,
GL02288,2025-09-08,1180,IVA acreditable,4859.28,0,IVA factura 69199,0D1BE2DE-B0CE-6B32-5CB2-DF82ACEE9270,
GL02289,2025-09-08,2100,Proveedores,0,35229.78,Factura 69199 Refacciones Industrial S de RL de CV,0D1BE2DE-B0CE-6B32-5CB2-DF82ACEE9270,
GL02290,2025-09-08,6000,Gastos servicios,53379.9,0,Factura 90174 Empaques del Norte SAPI de CV,AB8E3F76-A5D4-A934-F7CC-1D7D7B59BF05,
GL02291,2025-09-08,1180,IVA acreditable,8540.78,0,IVA factura 90174,AB8E3F76-A5D4-A934-F7CC-1D7D7B59BF05,
GL02292,2025-09-08,2100,Proveedores,0,61920.68,Factura 90174 Empaques del Norte SAPI de CV,AB8E3F76-A5D4-A934-F7CC-1D7D7B59BF05,
GL02293,2025-09-08,1200,Clientes,212279.52,0,Venta 1533 Envases Martínez SAPI de CV,B175509D-268C-1102-E32C-87F969767D61,
GL02294,2025-09-08,4000,Ventas,0,182999.59,Venta 1533 Envases Martínez SAPI de CV,B175509D-268C-1102-E32C-87F969767D61,
GL02295,2025-09-08,2180,IVA trasladado,0,29279.93,IVA venta 1533,B175509D-268C-1102-E32C-87F969767D61,
GL02296,2025-09-08,1020,Bancos,121706.48,0,Cobro Autopartes Guerra S de RL de CV,201FA060-6975-EE55-1BEC-F2B4B470DC3C,TX00433
GL02297,2025-09-08,1200,Clientes,0,121706.48,Cobro Autopartes Guerra S de RL de CV,201FA060-6975-EE55-1BEC-F2B4B470DC3C,TX00433
GL02298,2025-09-08,2100,Proveedores,17810.55,0,Pago Maquinados Regiomontana S de RL de CV,3AD9E0E8-316F-BF19-E036-7D09D098A081,TX00434
GL02299,2025-09-08,1020,Bancos,0,17810.55,Pago Maquinados Regiomontana S de RL de CV,3AD9E0E8-316F-BF19-E036-7D09D098A081,TX00434
GL02300,2025-09-09,6000,Gastos consumibles,55447.8,0,Factura 55868 Soldadura Regiomontana S de RL de CV,F94A8968-CA83-3E87-6890-4DF65C087A84,
GL02301,2025-09-09,1180,IVA acreditable,8871.65,0,IVA factura 55868,F94A8968-CA83-3E87-6890-4DF65C087A84,
GL02302,2025-09-09,2100,Proveedores,0,64319.45,Factura 55868 Soldadura Regiomontana S de RL de CV,F94A8968-CA83-3E87-6890-4DF65C087A84,
GL02303,2025-09-09,6000,Gastos materia_prima,19650.5,0,Factura 2778 Hidráulica Nuevo León SAPI de CV,C582880E-2C4B-9B9A-2BC1-26915FF674E9,
GL02304,2025-09-09,1180,IVA acreditable,3144.08,0,IVA factura 2778,C582880E-2C4B-9B9A-2BC1-26915FF674E9,
GL02305,2025-09-09,2100,Proveedores,0,22794.58,Factura 2778 Hidráulica Nuevo León SAPI de CV,C582880E-2C4B-9B9A-2BC1-26915FF674E9,
GL02306,2025-09-09,6000,Gastos servicios,11777.8,0,Factura 59609 Ferretera Guadalupe S de RL de CV,ACA1832B-7E78-C313-9A29-DACF61C5EB13,
GL02307,2025-09-09,1180,IVA acreditable,1884.45,0,IVA factura 59609,ACA1832B-7E78-C313-9A29-DACF61C5EB13,
GL02308,2025-09-09,2100,Proveedores,0,13662.25,Factura 59609 Ferretera Guadalupe S de RL de CV,ACA1832B-7E78-C313-9A29-DACF61C5EB13,
GL02309,2025-09-09,6000,Gastos refacciones,16422.4,0,Factura 89256 Pinturas Guadalupe S de RL de CV,A01DB751-C73B-EAB0-316C-BC48C81C1EA7,
GL02310,2025-09-09,1180,IVA acreditable,2627.58,0,IVA factura 89256,A01DB751-C73B-EAB0-316C-BC48C81C1EA7,
GL02311,2025-09-09,2100,Proveedores,0,19049.98,Factura 89256 Pinturas Guadalupe S de RL de CV,A01DB751-C73B-EAB0-316C-BC48C81C1EA7,
GL02312,2025-09-10,6000,Gastos renta_util,22197.8,0,Factura 80028 Metálica del Norte S de RL de CV,95D0B2CC-D06B-CDF1-C03A-EC3AD90E6F93,
GL02313,2025-09-10,1180,IVA acreditable,3551.65,0,IVA factura 80028,95D0B2CC-D06B-CDF1-C03A-EC3AD90E6F93,
GL02314,2025-09-10,2100,Proveedores,0,25749.45,Factura 80028 Metálica del Norte S de RL de CV,95D0B2CC-D06B-CDF1-C03A-EC3AD90E6F93,
GL02315,2025-09-10,2100,Proveedores,15819.85,0,Pago Electrónica del Norte S de RL de CV,2BFD22CC-8CB6-CE61-BD83-D4B56BAE0422,TX00435
GL02316,2025-09-10,1020,Bancos,0,15819.85,Pago Electrónica del Norte S de RL de CV,2BFD22CC-8CB6-CE61-BD83-D4B56BAE0422,TX00435
GL02317,2025-09-10,2100,Proveedores,49798.8,0,Pago Hidráulica Industrial S de RL de CV,BF133966-6D8D-5227-165E-05680C1EC8CC,TX00436
GL02318,2025-09-10,1020,Bancos,0,49798.8,Pago Hidráulica Industrial S de RL de CV,BF133966-6D8D-5227-165E-05680C1EC8CC,TX00436
GL02319,2025-09-10,6000,Gastos refacciones,9770,0,Factura 15883 Neumática Industrial S de RL de CV,2306DD43-1FA6-3C5A-B2C9-AA518E47490C,
GL02320,2025-09-10,1180,IVA acreditable,1563.2,0,IVA factura 15883,2306DD43-1FA6-3C5A-B2C9-AA518E47490C,
GL02321,2025-09-10,2100,Proveedores,0,11333.2,Factura 15883 Neumática Industrial S de RL de CV,2306DD43-1FA6-3C5A-B2C9-AA518E47490C,
GL02322,2025-09-11,2100,Proveedores,83496.68,0,Pago Grupo San Nicolás SA de CV,835CC7A8-7E8D-EAEA-4FDC-EE7053F491C6,TX00437
GL02323,2025-09-11,1020,Bancos,0,83496.68,Pago Grupo San Nicolás SA de CV,835CC7A8-7E8D-EAEA-4FDC-EE7053F491C6,TX00437
GL02324,2025-09-11,6000,Gastos consumibles,39170.5,0,Factura 86132 Herramientas del Norte SAPI de CV,72422545-7F98-5D3B-8A80-CAD86AD6418F,
GL02325,2025-09-11,1180,IVA acreditable,6267.28,0,IVA factura 86132,72422545-7F98-5D3B-8A80-CAD86AD6418F,
GL02326,2025-09-11,2100,Proveedores,0,45437.78,Factura 86132 Herramientas del Norte SAPI de CV,72422545-7F98-5D3B-8A80-CAD86AD6418F,
GL02327,2025-09-11,6000,Gastos refacciones,9030.5,0,Factura 77448 Servicios Santa Catarina SAPI de CV,CB07E7CA-5180-3730-A6B0-132BD7E54335,
GL02328,2025-09-11,1180,IVA acreditable,1444.88,0,IVA factura 77448,CB07E7CA-5180-3730-A6B0-132BD7E54335,
GL02329,2025-09-11,2100,Proveedores,0,10475.38,Factura 77448 Servicios Santa Catarina SAPI de CV,CB07E7CA-5180-3730-A6B0-132BD7E54335,
GL02330,2025-09-12,2100,Proveedores,79448.28,0,Pago Herramientas del Norte SAPI de CV,F7A97E6C-2D8A-64FC-B82D-E96F03DC96AA,TX00438
GL02331,2025-09-12,1020,Bancos,0,79448.28,Pago Herramientas del Norte SAPI de CV,F7A97E6C-2D8A-64FC-B82D-E96F03DC96AA,TX00438
GL02332,2025-09-12,6000,Gastos materia_prima,12452.4,0,Factura 8594 Grupo Nuevo León SAPI de CV,0B0A7967-3034-3AB5-AF88-19DE64AA11D6,
GL02333,2025-09-12,1180,IVA acreditable,1992.38,0,IVA factura 8594,0B0A7967-3034-3AB5-AF88-19DE64AA11D6,
GL02334,2025-09-12,2100,Proveedores,0,14444.78,Factura 8594 Grupo Nuevo León SAPI de CV,0B0A7967-3034-3AB5-AF88-19DE64AA11D6,
GL02335,2025-09-12,6000,Gastos consumibles,19544.83,0,Factura 13269 Maquinados Regiomontana S de RL de CV,F33D43F0-A084-1339-7BCD-76AA1E4A6BE6,
GL02336,2025-09-12,1180,IVA acreditable,3127.17,0,IVA factura 13269,F33D43F0-A084-1339-7BCD-76AA1E4A6BE6,
GL02337,2025-09-12,2100,Proveedores,0,22672.0,Factura 13269 Maquinados Regiomontana S de RL de CV,F33D43F0-A084-1339-7BCD-76AA1E4A6BE6,
GL02338,2025-09-15,6000,Gastos refacciones,61170,0,Factura 87651 Maquinados del Norte SAPI de CV,19B3D911-3402-86D3-55B0-951DC13CFC4D,
GL02339,2025-09-15,1180,IVA acreditable,9787.2,0,IVA factura 87651,19B3D911-3402-86D3-55B0-951DC13CFC4D,
GL02340,2025-09-15,2100,Proveedores,0,70957.2,Factura 87651 Maquinados del Norte SAPI de CV,19B3D911-3402-86D3-55B0-951DC13CFC4D,
GL02341,2025-09-15,2100,Proveedores,63069.2,0,Pago Refacciones Industrial S de RL de CV,26909D62-FE5B-1BB4-4D2F-242175B6BCF2,TX00439
GL02342,2025-09-15,1020,Bancos,0,63069.2,Pago Refacciones Industrial S de RL de CV,26909D62-FE5B-1BB4-4D2F-242175B6BCF2,TX00439
GL02343,2025-09-15,2100,Proveedores,30565.88,0,Pago Refacciones Industrial S de RL de CV,A38D8CB8-4365-88E5-331A-DEB5510FA10F,TX00440
GL02344,2025-09-15,1020,Bancos,0,30565.88,Pago Refacciones Industrial S de RL de CV,A38D8CB8-4365-88E5-331A-DEB5510FA10F,TX00440
GL02345,2025-09-15,1200,Clientes,394532.24,0,Venta 1503 Envases Guerra S de RL de CV,685B809C-2402-0689-CC49-DAEE0B820C9C,
GL02346,2025-09-15,4000,Ventas,0,340114.0,Venta 1503 Envases Guerra S de RL de CV,685B809C-2402-0689-CC49-DAEE0B820C9C,
GL02347,2025-09-15,2180,IVA trasladado,0,54418.24,IVA venta 1503,685B809C-2402-0689-CC49-DAEE0B820C9C,
GL02348,2025-09-15,1200,Clientes,95845.45,0,Venta 1564 Envases Martínez S de RL de CV,C96D9984-1963-806E-0417-2F06E0218BC2,
GL02349,2025-09-15,4000,Ventas,0,82625.39,Venta 1564 Envases Martínez S de RL de CV,C96D9984-1963-806E-0417-2F06E0218BC2,
GL02350,2025-09-15,2180,IVA trasladado,0,13220.06,IVA venta 1564,C96D9984-1963-806E-0417-2F06E0218BC2,
GL02351,2025-09-15,6000,Gastos servicios,120000,0,Factura 36926 Industrias del Norte S de RL de CV,CAB68F11-20EF-6518-D25A-CC24FA563B1D,
GL02352,2025-09-15,1180,IVA acreditable,19200.0,0,IVA factura 36926,CAB68F11-20EF-6518-D25A-CC24FA563B1D,
GL02353,2025-09-15,2100,Proveedores,0,139200.0,Factura 36926 Industrias del Norte S de RL de CV,CAB68F11-20EF-6518-D25A-CC24FA563B1D,
GL02354,2025-09-16,6000,Gastos consumibles,45970.5,0,Factura 8576 Servicios Nuevo León SA de CV,3DE92CD0-3A32-0164-AB19-FAB5847D1D56,
GL02355,2025-09-16,1180,IVA acreditable,7355.28,0,IVA factura 8576,3DE92CD0-3A32-0164-AB19-FAB5847D1D56,
GL02356,2025-09-16,2100,Proveedores,0,53325.78,Factura 8576 Servicios Nuevo León SA de CV,3DE92CD0-3A32-0164-AB19-FAB5847D1D56,
GL02357,2025-09-16,2100,Proveedores,19543.45,0,Pago Empaques Apodaca SAPI de CV,71BB93AD-ED5E-DE01-1A48-018FA25F626C,TX00441
GL02358,2025-09-16,1020,Bancos,0,19543.45,Pago Empaques Apodaca SAPI de CV,71BB93AD-ED5E-DE01-1A48-018FA25F626C,TX00441
GL02359,2025-09-16,1020,Bancos,166139.16,0,Cobro Grupo Martínez SA de CV,392913E7-4F06-6900-5132-FC56F90B8999,TX00442
GL02360,2025-09-16,1200,Clientes,0,166139.16,Cobro Grupo Martínez SA de CV,392913E7-4F06-6900-5132-FC56F90B8999,TX00442
GL02361,2025-09-17,2100,Proveedores,9439.85,0,Pago Soldadura Guadalupe S de RL de CV,DEDD5C59-571B-4AEE-65C1-A0C1057AD199,TX00443
GL02362,2025-09-17,1020,Bancos,0,9439.85,Pago Soldadura Guadalupe S de RL de CV,DEDD5C59-571B-4AEE-65C1-A0C1057AD199,TX00443
GL02363,2025-09-17,6000,Gastos renta_util,143170.5,0,Factura 97259 Maquinados Monterrey SA de CV,FFE4F4CC-F8FD-CE68-20F9-7428BFDD2E6A,
GL02364,2025-09-17,1180,IVA acreditable,22907.28,0,IVA factura 97259,FFE4F4CC-F8FD-CE68-20F9-7428BFDD2E6A,
GL02365,2025-09-17,2100,Proveedores,0,166077.78,Factura 97259 Maquinados Monterrey SA de CV,FFE4F4CC-F8FD-CE68-20F9-7428BFDD2E6A,
GL02366,2025-09-17,6000,Gastos refacciones,12779.9,0,Factura 71058 Refacciones Santa Catarina S de RL de CV,77F4578C-138C-6F5A-1362-F7DF68B073CD,
GL02367,2025-09-17,1180,IVA acreditable,2044.78,0,IVA factura 71058,77F4578C-138C-6F5A-1362-F7DF68B073CD,
GL02368,2025-09-17,2100,Proveedores,0,14824.68,Factura 71058 Refacciones Santa Catarina S de RL de CV,77F4578C-138C-6F5A-1362-F7DF68B073CD,
GL02369,2025-09-17,2100,Proveedores,10518.65,0,Pago Ferretera Guadalupe S de RL de CV,DB05BBE8-A122-367B-B787-291D33ECAAE1,TX00444
GL02370,2025-09-17,1020,Bancos,0,10518.65,Pago Ferretera Guadalupe S de RL de CV,DB05BBE8-A122-367B-B787-291D33ECAAE1,TX00444
GL02371,2025-09-17,6000,Gastos refacciones,12267.8,0,Factura 98796 Pinturas Escobedo S de RL de CV,2358701A-19D9-7E6D-19F6-7283F0FDDA92,
GL02372,2025-09-17,1180,IVA acreditable,1962.85,0,IVA factura 98796,2358701A-19D9-7E6D-19F6-7283F0FDDA92,
GL02373,2025-09-17,2100,Proveedores,0,14230.65,Factura 98796 Pinturas Escobedo S de RL de CV,2358701A-19D9-7E6D-19F6-7283F0FDDA92,
GL02374,2025-09-17,6000,Gastos refacciones,7812.4,0,Factura 68764 Pinturas Escobedo S de RL de CV,BE345462-A90E-AE20-C8BC-C681C79FEE86,
GL02375,2025-09-17,1180,IVA acreditable,1249.98,0,IVA factura 68764,BE345462-A90E-AE20-C8BC-C681C79FEE86,
GL02376,2025-09-17,2100,Proveedores,0,9062.38,Factura 68764 Pinturas Escobedo S de RL de CV,BE345462-A90E-AE20-C8BC-C681C79FEE86,
GL02377,2025-09-18,6000,Gastos materia_prima,6910,0,Factura 95289 Empaques Apodaca SAPI de CV,862EAA34-3989-22C2-6714-90635480C8F7,
GL02378,2025-09-18,1180,IVA acreditable,1105.6,0,IVA factura 95289,862EAA34-3989-22C2-6714-90635480C8F7,
GL02379,2025-09-18,2100,Proveedores,0,8015.6,Factura 95289 Empaques Apodaca SAPI de CV,862EAA34-3989-22C2-6714-90635480C8F7,
GL02380,2025-09-18,2100,Proveedores,139200.0,0,Pago Industrias del Norte S de RL de CV,CAB68F11-20EF-6518-D25A-CC24FA563B1D,TX00445
GL02381,2025-09-18,1020,Bancos,0,139200.0,Pago Industrias del Norte S de RL de CV,CAB68F11-20EF-6518-D25A-CC24FA563B1D,TX00445
GL02382,2025-09-19,6000,Gastos refacciones,19550.5,0,Factura 70051 Herramientas del Norte S de RL de CV,9D1058E7-9D8F-FE0E-6764-CB03F0E39BD4,
GL02383,2025-09-19,1180,IVA acreditable,3128.08,0,IVA factura 70051,9D1058E7-9D8F-FE0E-6764-CB03F0E39BD4,
GL02384,2025-09-19,2100,Proveedores,0,22678.58,Factura 70051 Herramientas del Norte S de RL de CV,9D1058E7-9D8F-FE0E-6764-CB03F0E39BD4,
GL02385,2025-09-19,6000,Gastos logistica,5382.4,0,Factura 66230 Electrónica del Norte S de RL de CV,78D93FB2-123B-2587-0353-7E3103620634,
GL02386,2025-09-19,1180,IVA acreditable,861.18,0,IVA factura 66230,78D93FB2-123B-2587-0353-7E3103620634,
GL02387,2025-09-19,2100,Proveedores,0,6243.58,Factura 66230 Electrónica del Norte S de RL de CV,78D93FB2-123B-2587-0353-7E3103620634,
GL02388,2025-09-19,2100,Proveedores,105200.98,0,Pago Ferretera Santa Catarina SAPI de CV,FB5D6CDB-0CB9-6143-58E6-6CE212D89245,TX00446
GL02389,2025-09-19,1020,Bancos,0,105200.98,Pago Ferretera Santa Catarina SAPI de CV,FB5D6CDB-0CB9-6143-58E6-6CE212D89245,TX00446
GL02390,2025-09-22,6000,Gastos servicios,18869.9,0,Factura 91723 Metálica San Nicolás SA de CV,95DFACE9-0732-34EA-5D1B-795F308E3587,
GL02391,2025-09-22,1180,IVA acreditable,3019.18,0,IVA factura 91723,95DFACE9-0732-34EA-5D1B-795F308E3587,
GL02392,2025-09-22,2100,Proveedores,0,21889.08,Factura 91723 Metálica San Nicolás SA de CV,95DFACE9-0732-34EA-5D1B-795F308E3587,
GL02393,2025-09-22,6000,Gastos logistica,12562.4,0,Factura 27224 Suministros Guadalupe SA de CV,4652AACD-79DD-0744-6406-5BE3D0486600,
GL02394,2025-09-22,1180,IVA acreditable,2009.98,0,IVA factura 27224,4652AACD-79DD-0744-6406-5BE3D0486600,
GL02395,2025-09-22,2100,Proveedores,0,14572.38,Factura 27224 Suministros Guadalupe SA de CV,4652AACD-79DD-0744-6406-5BE3D0486600,
GL02396,2025-09-22,6000,Gastos refacciones,14177.8,0,Factura 5617 Herramientas del Norte S de RL de CV,561DB456-E040-D18E-9C49-530985EEDF43,
GL02397,2025-09-22,1180,IVA acreditable,2268.45,0,IVA factura 5617,561DB456-E040-D18E-9C49-530985EEDF43,
GL02398,2025-09-22,2100,Proveedores,0,16446.25,Factura 5617 Herramientas del Norte S de RL de CV,561DB456-E040-D18E-9C49-530985EEDF43,
GL02399,2025-09-22,2100,Proveedores,7015.45,0,Pago Herramientas del Norte S de RL de CV,8A865457-6FE6-EFBE-AB9D-65BD7BFDA133,TX00447
GL02400,2025-09-22,1020,Bancos,0,7015.45,Pago Herramientas del Norte S de RL de CV,8A865457-6FE6-EFBE-AB9D-65BD7BFDA133,TX00447
GL02401,2025-09-22,2100,Proveedores,19314.58,0,Pago Servicios Santa Catarina SAPI de CV,65A419A4-6453-287C-333C-B8D5ED16DD8E,TX00448
GL02402,2025-09-22,1020,Bancos,0,19314.58,Pago Servicios Santa Catarina SAPI de CV,65A419A4-6453-287C-333C-B8D5ED16DD8E,TX00448
GL02403,2025-09-22,6000,Gastos refacciones,74247.8,0,Factura 18515 Maquinados del Norte SAPI de CV,5E172829-9E18-8E87-C217-9E2C6283AA73,
GL02404,2025-09-22,1180,IVA acreditable,11879.65,0,IVA factura 18515,5E172829-9E18-8E87-C217-9E2C6283AA73,
GL02405,2025-09-22,2100,Proveedores,0,86127.45,Factura 18515 Maquinados del Norte SAPI de CV,5E172829-9E18-8E87-C217-9E2C6283AA73,
GL02406,2025-09-22,6000,Gastos materia_prima,18510.5,0,Factura 95028 Pinturas Nuevo León SAPI de CV,86003DC9-0414-CCA4-F50B-201EAE76FC17,
GL02407,2025-09-22,1180,IVA acreditable,2961.68,0,IVA factura 95028,86003DC9-0414-CCA4-F50B-201EAE76FC17,
GL02408,2025-09-22,2100,Proveedores,0,21472.18,Factura 95028 Pinturas Nuevo León SAPI de CV,86003DC9-0414-CCA4-F50B-201EAE76FC17,
GL02409,2025-09-22,2100,Proveedores,52304.4,0,Pago Suministros Guadalupe SA de CV,EADF3EFE-DCC2-6853-891F-D12782627F5E,TX00449
GL02410,2025-09-22,1020,Bancos,0,52304.4,Pago Suministros Guadalupe SA de CV,EADF3EFE-DCC2-6853-891F-D12782627F5E,TX00449
GL02411,2025-09-22,6000,Gastos servicios,78930,0,Factura 83863 Refacciones Industrial S de RL de CV,145B313F-4B2A-C8ED-DC3D-44CC9D21C1B0,
GL02412,2025-09-22,1180,IVA acreditable,12628.8,0,IVA factura 83863,145B313F-4B2A-C8ED-DC3D-44CC9D21C1B0,
GL02413,2025-09-22,2100,Proveedores,0,91558.8,Factura 83863 Refacciones Industrial S de RL de CV,145B313F-4B2A-C8ED-DC3D-44CC9D21C1B0,
GL02414,2025-09-22,2100,Proveedores,58484.65,0,Pago Refacciones Industrial S de RL de CV,A5AC032F-1F49-8DF9-3DD5-517DF8CEF6A5,TX00450
GL02415,2025-09-22,1020,Bancos,0,58484.65,Pago Refacciones Industrial S de RL de CV,A5AC032F-1F49-8DF9-3DD5-517DF8CEF6A5,TX00450
GL02416,2025-09-22,1020,Bancos,306683.11,0,Cobro Autopartes Chapa SAPI de CV,006D2AEF-AF38-7A27-0055-CC1A2674EBE3,TX00451
GL02417,2025-09-22,1200,Clientes,0,306683.11,Cobro Autopartes Chapa SAPI de CV,006D2AEF-AF38-7A27-0055-CC1A2674EBE3,TX00451
GL02418,2025-09-22,1020,Bancos,237527.02,0,Cobro Envases Quintanilla S de RL de CV,62542D14-995A-F825-5731-5F9B0782F740,TX00452
GL02419,2025-09-22,1200,Clientes,0,237527.02,Cobro Envases Quintanilla S de RL de CV,62542D14-995A-F825-5731-5F9B0782F740,TX00452
GL02420,2025-09-22,1020,Bancos,145412.77,0,Cobro Construcciones Sada S de RL de CV,3A9D6D24-4549-D6ED-9D57-03F33D4CDFF2,TX00453
GL02421,2025-09-22,1200,Clientes,0,145412.77,Cobro Construcciones Sada S de RL de CV,3A9D6D24-4549-D6ED-9D57-03F33D4CDFF2,TX00453
GL02422,2025-09-22,1020,Bancos,270505.07,0,Cobro Grupo Martínez SA de CV,4EC6DACC-8033-CB16-DBD8-6C46D28E28CE,TX00454
GL02423,2025-09-22,1200,Clientes,0,270505.07,Cobro Grupo Martínez SA de CV,4EC6DACC-8033-CB16-DBD8-6C46D28E28CE,TX00454
GL02424,2025-09-23,2100,Proveedores,13038.28,0,Pago Hidráulica Nuevo León SAPI de CV,FD720DD1-13D0-75F6-18A2-C79A128AD481,TX00455
GL02425,2025-09-23,1020,Bancos,0,13038.28,Pago Hidráulica Nuevo León SAPI de CV,FD720DD1-13D0-75F6-18A2-C79A128AD481,TX00455
GL02426,2025-09-23,6000,Gastos servicios,13589.9,0,Factura 40943 Ferretera Guadalupe S de RL de CV,49767A8F-20E1-6267-8846-7C34DD859639,
GL02427,2025-09-23,1180,IVA acreditable,2174.38,0,IVA factura 40943,49767A8F-20E1-6267-8846-7C34DD859639,
GL02428,2025-09-23,2100,Proveedores,0,15764.28,Factura 40943 Ferretera Guadalupe S de RL de CV,49767A8F-20E1-6267-8846-7C34DD859639,
GL02429,2025-09-23,1200,Clientes,446001.87,0,Venta 1525 Autopartes Quintanilla S de RL de CV,224586A3-4AD6-6163-1C47-648BB36BEF36,
GL02430,2025-09-23,4000,Ventas,0,384484.37,Venta 1525 Autopartes Quintanilla S de RL de CV,224586A3-4AD6-6163-1C47-648BB36BEF36,
GL02431,2025-09-23,2180,IVA trasladado,0,61517.5,IVA venta 1525,224586A3-4AD6-6163-1C47-648BB36BEF36,
GL02432,2025-09-24,6000,Gastos renta_util,22740.5,0,Factura 53198 Metálica del Norte S de RL de CV,AA5A2D9C-FB05-8569-B931-12850B45F1A1,
GL02433,2025-09-24,1180,IVA acreditable,3638.48,0,IVA factura 53198,AA5A2D9C-FB05-8569-B931-12850B45F1A1,
GL02434,2025-09-24,2100,Proveedores,0,26378.98,Factura 53198 Metálica del Norte S de RL de CV,AA5A2D9C-FB05-8569-B931-12850B45F1A1,
GL02435,2025-09-24,2100,Proveedores,3860.25,0,Pago Soldadura Guadalupe S de RL de CV,E4BC8F73-228D-0DDD-BABA-352B228614AF,TX00456
GL02436,2025-09-24,1020,Bancos,0,3860.25,Pago Soldadura Guadalupe S de RL de CV,E4BC8F73-228D-0DDD-BABA-352B228614AF,TX00456
GL02437,2025-09-24,2100,Proveedores,26633.6,0,Pago Empaques Apodaca SAPI de CV,A4B838C1-D9AB-A6B9-55BF-6BF849F0E009,TX00457
GL02438,2025-09-24,1020,Bancos,0,26633.6,Pago Empaques Apodaca SAPI de CV,A4B838C1-D9AB-A6B9-55BF-6BF849F0E009,TX00457
GL02439,2025-09-25,2100,Proveedores,15669.05,0,Pago Ferretera Guadalupe S de RL de CV,30920BC1-18ED-B8D6-C2F6-0FE34C611F15,TX00458
GL02440,2025-09-25,1020,Bancos,0,15669.05,Pago Ferretera Guadalupe S de RL de CV,30920BC1-18ED-B8D6-C2F6-0FE34C611F15,TX00458
GL02441,2025-09-25,2100,Proveedores,26123.08,0,Pago Pinturas Nuevo León SAPI de CV,77D7B334-F06E-F762-C460-4606E4429B5F,TX00459
GL02442,2025-09-25,1020,Bancos,0,26123.08,Pago Pinturas Nuevo León SAPI de CV,77D7B334-F06E-F762-C460-4606E4429B5F,TX00459
GL02443,2025-09-25,6000,Gastos materia_prima,18637.8,0,Factura 9376 Pinturas Nuevo León SAPI de CV,5BD70479-4605-D8F9-2FDA-583B83E8CBBB,
GL02444,2025-09-25,1180,IVA acreditable,2982.05,0,IVA factura 9376,5BD70479-4605-D8F9-2FDA-583B83E8CBBB,
GL02445,2025-09-25,2100,Proveedores,0,21619.85,Factura 9376 Pinturas Nuevo León SAPI de CV,5BD70479-4605-D8F9-2FDA-583B83E8CBBB,
GL02446,2025-09-25,1020,Bancos,142815.02,0,Cobro Autopartes Guerra SAPI de CV,D4CAAB0B-CAAF-2E23-2F43-B0131A729BA7,TX00460
GL02447,2025-09-25,1200,Clientes,0,142815.02,Cobro Autopartes Guerra SAPI de CV,D4CAAB0B-CAAF-2E23-2F43-B0131A729BA7,TX00460
GL02448,2025-09-26,2100,Proveedores,7412.98,0,Pago Soldadura Guadalupe S de RL de CV,3F7DBD20-79A2-40DB-9406-35388473DF13,TX00461
GL02449,2025-09-26,1020,Bancos,0,7412.98,Pago Soldadura Guadalupe S de RL de CV,3F7DBD20-79A2-40DB-9406-35388473DF13,TX00461
GL02450,2025-09-26,6000,Gastos logistica,6097.8,0,Factura 99318 Suministros Guadalupe SA de CV,E76E1C4A-BE6D-6B6F-4FC7-C684E0AB9572,
GL02451,2025-09-26,1180,IVA acreditable,975.65,0,IVA factura 99318,E76E1C4A-BE6D-6B6F-4FC7-C684E0AB9572,
GL02452,2025-09-26,2100,Proveedores,0,7073.45,Factura 99318 Suministros Guadalupe SA de CV,E76E1C4A-BE6D-6B6F-4FC7-C684E0AB9572,
GL02453,2025-09-26,2100,Proveedores,26410.65,0,Pago Refacciones Santa Catarina S de RL de CV,21E8AC65-8ECC-2626-51F7-98C911696F49,TX00462
GL02454,2025-09-26,1020,Bancos,0,26410.65,Pago Refacciones Santa Catarina S de RL de CV,21E8AC65-8ECC-2626-51F7-98C911696F49,TX00462
GL02455,2025-09-26,2100,Proveedores,5709.98,0,Pago Electrónica del Norte S de RL de CV,BCF3E209-EE91-413D-0DEB-1A0E8E4FEF24,TX00463
GL02456,2025-09-26,1020,Bancos,0,5709.98,Pago Electrónica del Norte S de RL de CV,BCF3E209-EE91-413D-0DEB-1A0E8E4FEF24,TX00463
GL02457,2025-09-29,2100,Proveedores,39416.68,0,Pago Metálica del Norte S de RL de CV,63043A17-7A8A-5C3D-52DA-385921B25F2F,TX00464
GL02458,2025-09-29,1020,Bancos,0,39416.68,Pago Metálica del Norte S de RL de CV,63043A17-7A8A-5C3D-52DA-385921B25F2F,TX00464
GL02459,2025-09-29,6000,Gastos logistica,3912.4,0,Factura 66361 Soldadura Guadalupe S de RL de CV,BCB3E1C7-23BA-D034-1806-DB032242ED0E,
GL02460,2025-09-29,1180,IVA acreditable,625.98,0,IVA factura 66361,BCB3E1C7-23BA-D034-1806-DB032242ED0E,
GL02461,2025-09-29,2100,Proveedores,0,4538.38,Factura 66361 Soldadura Guadalupe S de RL de CV,BCB3E1C7-23BA-D034-1806-DB032242ED0E,
GL02462,2025-09-29,6000,Gastos logistica,11290.5,0,Factura 63297 Suministros Guadalupe SA de CV,0F1A3D3D-062B-4570-E86B-629E54E8FCB4,
GL02463,2025-09-29,1180,IVA acreditable,1806.48,0,IVA factura 63297,0F1A3D3D-062B-4570-E86B-629E54E8FCB4,
GL02464,2025-09-29,2100,Proveedores,0,13096.98,Factura 63297 Suministros Guadalupe SA de CV,0F1A3D3D-062B-4570-E86B-629E54E8FCB4,
GL02465,2025-09-29,2100,Proveedores,10628.38,0,Pago Neumática del Norte SA de CV,BE603D2A-CF72-DC3E-646E-FEFA62C85123,TX00465
GL02466,2025-09-29,1020,Bancos,0,10628.38,Pago Neumática del Norte SA de CV,BE603D2A-CF72-DC3E-646E-FEFA62C85123,TX00465
GL02467,2025-09-29,2100,Proveedores,16530.0,0,Pago Servicios Nuevo León SA de CV,73AD8D3A-CD04-09DB-20C9-FCCCB3FCC776,TX00466
GL02468,2025-09-29,1020,Bancos,0,16530.0,Pago Servicios Nuevo León SA de CV,73AD8D3A-CD04-09DB-20C9-FCCCB3FCC776,TX00466
GL02469,2025-09-29,6000,Gastos consumibles,84569.9,0,Factura 75732 Herramientas del Norte SAPI de CV,B8F4B7A8-E851-241C-9339-7589089D2A60,
GL02470,2025-09-29,1180,IVA acreditable,13531.18,0,IVA factura 75732,B8F4B7A8-E851-241C-9339-7589089D2A60,
GL02471,2025-09-29,2100,Proveedores,0,98101.08,Factura 75732 Herramientas del Norte SAPI de CV,B8F4B7A8-E851-241C-9339-7589089D2A60,
GL02472,2025-09-29,6000,Gastos materia_prima,21640,0,Factura 59413 Hidráulica Nuevo León SAPI de CV,85A8EE45-E738-ECC1-DDE5-BD37542762D8,
GL02473,2025-09-29,1180,IVA acreditable,3462.4,0,IVA factura 59413,85A8EE45-E738-ECC1-DDE5-BD37542762D8,
GL02474,2025-09-29,2100,Proveedores,0,25102.4,Factura 59413 Hidráulica Nuevo León SAPI de CV,85A8EE45-E738-ECC1-DDE5-BD37542762D8,
GL02475,2025-09-29,2100,Proveedores,22794.58,0,Pago Hidráulica Nuevo León SAPI de CV,C582880E-2C4B-9B9A-2BC1-26915FF674E9,TX00467
GL02476,2025-09-29,1020,Bancos,0,22794.58,Pago Hidráulica Nuevo León SAPI de CV,C582880E-2C4B-9B9A-2BC1-26915FF674E9,TX00467
GL02477,2025-09-29,6000,Gastos servicios,99610,0,Factura 14874 Hidráulica Industrial S de RL de CV,C567E185-3BA1-B4DE-761B-FF8FAE308272,
GL02478,2025-09-29,1180,IVA acreditable,15937.6,0,IVA factura 14874,C567E185-3BA1-B4DE-761B-FF8FAE308272,
GL02479,2025-09-29,2100,Proveedores,0,115547.6,Factura 14874 Hidráulica Industrial S de RL de CV,C567E185-3BA1-B4DE-761B-FF8FAE308272,
GL02480,2025-09-29,6000,Gastos materia_prima,23900,0,Factura 4495 Empaques Apodaca SAPI de CV,79E5D7BD-E5B8-295F-1AB7-3FA4E7CDEEB7,
GL02481,2025-09-29,1180,IVA acreditable,3824.0,0,IVA factura 4495,79E5D7BD-E5B8-295F-1AB7-3FA4E7CDEEB7,
GL02482,2025-09-29,2100,Proveedores,0,27724.0,Factura 4495 Empaques Apodaca SAPI de CV,79E5D7BD-E5B8-295F-1AB7-3FA4E7CDEEB7,
GL02483,2025-09-29,2100,Proveedores,25297.05,0,Pago Pinturas Nuevo León SAPI de CV,2EEC5BEA-48C7-60CE-5026-D80A0B009C17,TX00468
GL02484,2025-09-29,1020,Bancos,0,25297.05,Pago Pinturas Nuevo León SAPI de CV,2EEC5BEA-48C7-60CE-5026-D80A0B009C17,TX00468
GL02485,2025-09-29,2100,Proveedores,13688.0,0,Pago Pinturas Guadalupe S de RL de CV,2E735BEB-A174-738C-24A6-58019463090F,TX00469
GL02486,2025-09-29,1020,Bancos,0,13688.0,Pago Pinturas Guadalupe S de RL de CV,2E735BEB-A174-738C-24A6-58019463090F,TX00469
GL02487,2025-09-29,6000,Gastos servicios,39397.8,0,Factura 17086 Refacciones Industrial S de RL de CV,DC9EAD68-1AFA-2F17-0610-30B9FE98132A,
GL02488,2025-09-29,1180,IVA acreditable,6303.65,0,IVA factura 17086,DC9EAD68-1AFA-2F17-0610-30B9FE98132A,
GL02489,2025-09-29,2100,Proveedores,0,45701.45,Factura 17086 Refacciones Industrial S de RL de CV,DC9EAD68-1AFA-2F17-0610-30B9FE98132A,
GL02490,2025-09-29,1200,Clientes,344462.97,0,Venta 1513 Envases Guerra SA de CV,2283B092-EF04-B886-5298-A43DDC486489,
GL02491,2025-09-29,4000,Ventas,0,296950.84,Venta 1513 Envases Guerra SA de CV,2283B092-EF04-B886-5298-A43DDC486489,
GL02492,2025-09-29,2180,IVA trasladado,0,47512.13,IVA venta 1513,2283B092-EF04-B886-5298-A43DDC486489,
GL02493,2025-09-29,6100,Sueldos y salarios,435770.16,0,Nómina,,TX00470
GL02494,2025-09-29,1020,Bancos,0,435770.16,Nómina,,TX00470
GL02495,2025-09-30,2100,Proveedores,64319.45,0,Pago Soldadura Regiomontana S de RL de CV,F94A8968-CA83-3E87-6890-4DF65C087A84,TX00471
GL02496,2025-09-30,1020,Bancos,0,64319.45,Pago Soldadura Regiomontana S de RL de CV,F94A8968-CA83-3E87-6890-4DF65C087A84,TX00471
GL02497,2025-09-30,1020,Bancos,147971.8,0,Cobro Autopartes Quintanilla S de RL de CV,D836F087-6AF9-2E26-D09E-6FD3BE2316AA,TX00472
GL02498,2025-09-30,1200,Clientes,0,147971.8,Cobro Autopartes Quintanilla S de RL de CV,D836F087-6AF9-2E26-D09E-6FD3BE2316AA,TX00472
GL02499,2025-10-01,2100,Proveedores,25749.45,0,Pago Metálica del Norte S de RL de CV,95D0B2CC-D06B-CDF1-C03A-EC3AD90E6F93,TX00473
GL02500,2025-10-01,1020,Bancos,0,25749.45,Pago Metálica del Norte S de RL de CV,95D0B2CC-D06B-CDF1-C03A-EC3AD90E6F93,TX00473
GL02501,2025-10-01,2100,Proveedores,12273.38,0,Pago Pinturas Escobedo S de RL de CV,F83AD800-E284-E956-9FEC-2DF63014FE0D,TX00474
GL02502,2025-10-01,1020,Bancos,0,12273.38,Pago Pinturas Escobedo S de RL de CV,F83AD800-E284-E956-9FEC-2DF63014FE0D,TX00474
GL02503,2025-10-01,6000,Gastos servicios,68309.9,0,Factura 7659 Empaques del Norte SAPI de CV,C197BD42-BFDE-B325-0E4E-AF457C96D8AD,
GL02504,2025-10-01,1180,IVA acreditable,10929.58,0,IVA factura 7659,C197BD42-BFDE-B325-0E4E-AF457C96D8AD,
GL02505,2025-10-01,2100,Proveedores,0,79239.48,Factura 7659 Empaques del Norte SAPI de CV,C197BD42-BFDE-B325-0E4E-AF457C96D8AD,
GL02506,2025-10-01,1200,Clientes,229052.96,0,Venta 1562 Envases Martínez S de RL de CV,125FE0DF-E767-ABAF-8EE7-1871F226387A,
GL02507,2025-10-01,4000,Ventas,0,197459.45,Venta 1562 Envases Martínez S de RL de CV,125FE0DF-E767-ABAF-8EE7-1871F226387A,
GL02508,2025-10-01,2180,IVA trasladado,0,31593.51,IVA venta 1562,125FE0DF-E767-ABAF-8EE7-1871F226387A,
GL02509,2025-10-02,2100,Proveedores,11182.4,0,Pago Pinturas Guadalupe S de RL de CV,3944C41D-1607-7075-12A9-86E10C963723,TX00475
GL02510,2025-10-02,1020,Bancos,0,11182.4,Pago Pinturas Guadalupe S de RL de CV,3944C41D-1607-7075-12A9-86E10C963723,TX00475
GL02511,2025-10-02,1020,Bancos,293965.27,0,Cobro Grupo Quintanilla S de RL de CV,B6120CF4-53D5-87AF-B856-8E1470CAD4D8,TX00476
GL02512,2025-10-02,1200,Clientes,0,293965.27,Cobro Grupo Quintanilla S de RL de CV,B6120CF4-53D5-87AF-B856-8E1470CAD4D8,TX00476
GL02513,2025-10-03,2100,Proveedores,14845.45,0,Pago Empaques Apodaca SAPI de CV,64812DC4-0969-25FE-DDF8-BF27B699283A,TX00477
GL02514,2025-10-03,1020,Bancos,0,14845.45,Pago Empaques Apodaca SAPI de CV,64812DC4-0969-25FE-DDF8-BF27B699283A,TX00477
GL02515,2025-10-03,6000,Gastos materia_prima,7489.9,0,Factura 43369 Pinturas Nuevo León SAPI de CV,07714705-F7F5-8A8F-B2FD-9CB184BF9337,
GL02516,2025-10-03,1180,IVA acreditable,1198.38,0,IVA factura 43369,07714705-F7F5-8A8F-B2FD-9CB184BF9337,
GL02517,2025-10-03,2100,Proveedores,0,8688.28,Factura 43369 Pinturas Nuevo León SAPI de CV,07714705-F7F5-8A8F-B2FD-9CB184BF9337,
GL02518,2025-10-03,1020,Bancos,251703.33,0,Cobro Envases Guerra SA de CV,EB3D4662-5EBB-D0C4-4C40-C8833B484400,TX00478
GL02519,2025-10-03,1200,Clientes,0,251703.33,Cobro Envases Guerra SA de CV,EB3D4662-5EBB-D0C4-4C40-C8833B484400,TX00478
GL02520,2025-10-03,1200,Clientes,152936.79,0,Venta 1532 Envases Martínez SAPI de CV,A2289446-8075-A7DA-4D6A-12D554DC841E,
GL02521,2025-10-03,4000,Ventas,0,131842.06,Venta 1532 Envases Martínez SAPI de CV,A2289446-8075-A7DA-4D6A-12D554DC841E,
GL02522,2025-10-03,2180,IVA trasladado,0,21094.73,IVA venta 1532,A2289446-8075-A7DA-4D6A-12D554DC841E,
GL02523,2025-10-03,1020,Bancos,77783.3,0,Cobro Autopartes Guerra S de RL de CV,84377C12-3736-B3F9-7245-E6D12B496778,TX00479
GL02524,2025-10-03,1200,Clientes,0,77783.3,Cobro Autopartes Guerra S de RL de CV,84377C12-3736-B3F9-7245-E6D12B496778,TX00479
GL02525,2025-10-03,1200,Clientes,177132.31,0,Venta 1552 Envases Hernández SAPI de CV,27B8AEA3-56BC-0512-C446-5545A92EC787,
GL02526,2025-10-03,4000,Ventas,0,152700.27,Venta 1552 Envases Hernández SAPI de CV,27B8AEA3-56BC-0512-C446-5545A92EC787,
GL02527,2025-10-03,2180,IVA trasladado,0,24432.04,IVA venta 1552,27B8AEA3-56BC-0512-C446-5545A92EC787,
GL02528,2025-10-03,1200,Clientes,195080.17,0,Venta 1641 Grupo Martínez SA de CV,30F190FF-782C-92D2-CD83-E0353096C610,
GL02529,2025-10-03,4000,Ventas,0,168172.56,Venta 1641 Grupo Martínez SA de CV,30F190FF-782C-92D2-CD83-E0353096C610,
GL02530,2025-10-03,2180,IVA trasladado,0,26907.61,IVA venta 1641,30F190FF-782C-92D2-CD83-E0353096C610,
GL02531,2025-10-06,2100,Proveedores,14824.68,0,Pago Refacciones Santa Catarina S de RL de CV,77F4578C-138C-6F5A-1362-F7DF68B073CD,TX00480
GL02532,2025-10-06,1020,Bancos,0,14824.68,Pago Refacciones Santa Catarina S de RL de CV,77F4578C-138C-6F5A-1362-F7DF68B073CD,TX00480
GL02533,2025-10-06,2100,Proveedores,15648.28,0,Pago Ferretera Guadalupe S de RL de CV,F706CC7C-09E0-9524-4D16-6274665DD169,TX00481
GL02534,2025-10-06,1020,Bancos,0,15648.28,Pago Ferretera Guadalupe S de RL de CV,F706CC7C-09E0-9524-4D16-6274665DD169,TX00481
GL02535,2025-10-06,6000,Gastos refacciones,67007.8,0,Factura 68040 Maquinados del Norte SAPI de CV,FA27EBC9-0ECC-3134-2CD3-DB3791DE0D69,
GL02536,2025-10-06,1180,IVA acreditable,10721.25,0,IVA factura 68040,FA27EBC9-0ECC-3134-2CD3-DB3791DE0D69,
GL02537,2025-10-06,2100,Proveedores,0,77729.05,Factura 68040 Maquinados del Norte SAPI de CV,FA27EBC9-0ECC-3134-2CD3-DB3791DE0D69,
GL02538,2025-10-06,2100,Proveedores,9062.38,0,Pago Pinturas Escobedo S de RL de CV,BE345462-A90E-AE20-C8BC-C681C79FEE86,TX00482
GL02539,2025-10-06,1020,Bancos,0,9062.38,Pago Pinturas Escobedo S de RL de CV,BE345462-A90E-AE20-C8BC-C681C79FEE86,TX00482
GL02540,2025-10-06,6000,Gastos refacciones,39040.5,0,Factura 19673 Suministros Guadalupe SA de CV,BF80D751-DBFD-4C58-D8A8-616ADB62D331,
GL02541,2025-10-06,1180,IVA acreditable,6246.48,0,IVA factura 19673,BF80D751-DBFD-4C58-D8A8-616ADB62D331,
GL02542,2025-10-06,2100,Proveedores,0,45286.98,Factura 19673 Suministros Guadalupe SA de CV,BF80D751-DBFD-4C58-D8A8-616ADB62D331,
GL02543,2025-10-06,1200,Clientes,112466.45,0,Venta 1634 Construcciones Sada S de RL de CV,6FBA0781-7B42-4DC2-6A6D-CB0C49D610F3,
GL02544,2025-10-06,4000,Ventas,0,96953.84,Venta 1634 Construcciones Sada S de RL de CV,6FBA0781-7B42-4DC2-6A6D-CB0C49D610F3,
GL02545,2025-10-06,2180,IVA trasladado,0,15512.61,IVA venta 1634,6FBA0781-7B42-4DC2-6A6D-CB0C49D610F3,
GL02546,2025-10-06,6000,Gastos consumibles,11463.12,0,Factura 77248 Maquinados Regiomontana S de RL de CV,FCA0C768-8640-CF3C-821B-24F5690B62F8,
GL02547,2025-10-06,1180,IVA acreditable,1834.1,0,IVA factura 77248,FCA0C768-8640-CF3C-821B-24F5690B62F8,
GL02548,2025-10-06,2100,Proveedores,0,13297.22,Factura 77248 Maquinados Regiomontana S de RL de CV,FCA0C768-8640-CF3C-821B-24F5690B62F8,
GL02549,2025-10-06,6000,Gastos logistica,10211.65,0,Factura 14628 Herramientas Regiomontana SA de CV,07136DFB-E001-F534-2387-1E42780BA92E,
GL02550,2025-10-06,1180,IVA acreditable,1633.86,0,IVA factura 14628,07136DFB-E001-F534-2387-1E42780BA92E,
GL02551,2025-10-06,2100,Proveedores,0,11845.51,Factura 14628 Herramientas Regiomontana SA de CV,07136DFB-E001-F534-2387-1E42780BA92E,
GL02552,2025-10-07,6000,Gastos materia_prima,15740.5,0,Factura 41712 Hidráulica Nuevo León SAPI de CV,08426FF2-A861-DC2F-705F-332DACADBFD1,
GL02553,2025-10-07,1180,IVA acreditable,2518.48,0,IVA factura 41712,08426FF2-A861-DC2F-705F-332DACADBFD1,
GL02554,2025-10-07,2100,Proveedores,0,18258.98,Factura 41712 Hidráulica Nuevo León SAPI de CV,08426FF2-A861-DC2F-705F-332DACADBFD1,
GL02555,2025-10-07,2100,Proveedores,19931.58,0,Pago Empaques Apodaca SAPI de CV,D32468C0-807C-18C1-F409-45537BB44E8B,TX00483
GL02556,2025-10-07,1020,Bancos,0,19931.58,Pago Empaques Apodaca SAPI de CV,D32468C0-807C-18C1-F409-45537BB44E8B,TX00483
GL02557,2025-10-07,6000,Gastos refacciones,103869.9,0,Factura 60381 Maquinados del Norte SAPI de CV,C83566DE-9B46-237C-3492-90594C1E3159,
GL02558,2025-10-07,1180,IVA acreditable,16619.18,0,IVA factura 60381,C83566DE-9B46-237C-3492-90594C1E3159,
GL02559,2025-10-07,2100,Proveedores,0,120489.08,Factura 60381 Maquinados del Norte SAPI de CV,C83566DE-9B46-237C-3492-90594C1E3159,
GL02560,2025-10-07,1200,Clientes,417705.94,0,Venta 1535 Envases Elizondo SA de CV,594E51BB-E593-9AD2-343D-2DFE3C39FA6F,
GL02561,2025-10-07,4000,Ventas,0,360091.33,Venta 1535 Envases Elizondo SA de CV,594E51BB-E593-9AD2-343D-2DFE3C39FA6F,
GL02562,2025-10-07,2180,IVA trasladado,0,57614.61,IVA venta 1535,594E51BB-E593-9AD2-343D-2DFE3C39FA6F,
GL02563,2025-10-08,2100,Proveedores,13662.25,0,Pago Ferretera Guadalupe S de RL de CV,ACA1832B-7E78-C313-9A29-DACF61C5EB13,TX00484
GL02564,2025-10-08,1020,Bancos,0,13662.25,Pago Ferretera Guadalupe S de RL de CV,ACA1832B-7E78-C313-9A29-DACF61C5EB13,TX00484
GL02565,2025-10-08,1200,Clientes,119777.13,0,Venta 1591 Autopartes Chapa SAPI de CV,B51169F0-97B2-AFF2-9C8F-120147AE4B4F,
GL02566,2025-10-08,4000,Ventas,0,103256.15,Venta 1591 Autopartes Chapa SAPI de CV,B51169F0-97B2-AFF2-9C8F-120147AE4B4F,
GL02567,2025-10-08,2180,IVA trasladado,0,16520.98,IVA venta 1591,B51169F0-97B2-AFF2-9C8F-120147AE4B4F,
GL02568,2025-10-09,2100,Proveedores,86144.38,0,Pago Suministros Guadalupe SA de CV,A2AB5673-962C-E6B8-A70C-27842CAB7FB7,TX00485
GL02569,2025-10-09,1020,Bancos,0,86144.38,Pago Suministros Guadalupe SA de CV,A2AB5673-962C-E6B8-A70C-27842CAB7FB7,TX00485
GL02570,2025-10-10,6000,Gastos servicios,100247.8,0,Factura 80044 Grupo San Nicolás SA de CV,E3FE017C-A89D-DBC5-1156-ADD4ADFE702D,
GL02571,2025-10-10,1180,IVA acreditable,16039.65,0,IVA factura 80044,E3FE017C-A89D-DBC5-1156-ADD4ADFE702D,
GL02572,2025-10-10,2100,Proveedores,0,116287.45,Factura 80044 Grupo San Nicolás SA de CV,E3FE017C-A89D-DBC5-1156-ADD4ADFE702D,
GL02573,2025-10-10,6000,Gastos materia_prima,14290,0,Factura 63866 Grupo Nuevo León SAPI de CV,9F129A91-C1BD-7413-13DF-2C235B8E73BB,
GL02574,2025-10-10,1180,IVA acreditable,2286.4,0,IVA factura 63866,9F129A91-C1BD-7413-13DF-2C235B8E73BB,
GL02575,2025-10-10,2100,Proveedores,0,16576.4,Factura 63866 Grupo Nuevo León SAPI de CV,9F129A91-C1BD-7413-13DF-2C235B8E73BB,
GL02576,2025-10-10,2100,Proveedores,110916.65,0,Pago Maquinados del Norte SAPI de CV,2175E359-16F2-4468-7EF1-19518E68C624,TX00486
GL02577,2025-10-10,1020,Bancos,0,110916.65,Pago Maquinados del Norte SAPI de CV,2175E359-16F2-4468-7EF1-19518E68C624,TX00486
GL02578,2025-10-10,6000,Gastos refacciones,62890.5,0,Factura 9636 Suministros Guadalupe SA de CV,D0E797E0-D90D-1748-D33D-AF23F7425465,
GL02579,2025-10-10,1180,IVA acreditable,10062.48,0,IVA factura 9636,D0E797E0-D90D-1748-D33D-AF23F7425465,
GL02580,2025-10-10,2100,Proveedores,0,72952.98,Factura 9636 Suministros Guadalupe SA de CV,D0E797E0-D90D-1748-D33D-AF23F7425465,
GL02581,2025-10-10,1020,Bancos,212279.52,0,Cobro Envases Martínez SAPI de CV,B175509D-268C-1102-E32C-87F969767D61,TX00487
GL02582,2025-10-10,1200,Clientes,0,212279.52,Cobro Envases Martínez SAPI de CV,B175509D-268C-1102-E32C-87F969767D61,TX00487
GL02583,2025-10-10,1200,Clientes,52515.49,0,Venta 1546 Autopartes Guerra S de RL de CV,6922853F-CFE2-2A15-7BFB-81AA07DFB0C7,
GL02584,2025-10-10,4000,Ventas,0,45271.97,Venta 1546 Autopartes Guerra S de RL de CV,6922853F-CFE2-2A15-7BFB-81AA07DFB0C7,
GL02585,2025-10-10,2180,IVA trasladado,0,7243.52,IVA venta 1546,6922853F-CFE2-2A15-7BFB-81AA07DFB0C7,
GL02586,2025-10-13,6000,Gastos consumibles,105882.4,0,Factura 61466 Soldadura Regiomontana S de RL de CV,2EAE170F-D449-5B18-BB70-C35DEA3867A5,
GL02587,2025-10-13,1180,IVA acreditable,16941.18,0,IVA factura 61466,2EAE170F-D449-5B18-BB70-C35DEA3867A5,
GL02588,2025-10-13,2100,Proveedores,0,122823.58,Factura 61466 Soldadura Regiomontana S de RL de CV,2EAE170F-D449-5B18-BB70-C35DEA3867A5,
GL02589,2025-10-13,6000,Gastos servicios,27630.5,0,Factura 11318 Grupo San Nicolás SA de CV,976AFBCD-50D1-7512-433A-B9F3912A7254,
GL02590,2025-10-13,1180,IVA acreditable,4420.88,0,IVA factura 11318,976AFBCD-50D1-7512-433A-B9F3912A7254,
GL02591,2025-10-13,2100,Proveedores,0,32051.38,Factura 11318 Grupo San Nicolás SA de CV,976AFBCD-50D1-7512-433A-B9F3912A7254,
GL02592,2025-10-13,6000,Gastos consumibles,102637.8,0,Factura 13103 Herramientas del Norte SAPI de CV,E836A8BD-DA66-6A97-F989-94AE4D5811A1,
GL02593,2025-10-13,1180,IVA acreditable,16422.05,0,IVA factura 13103,E836A8BD-DA66-6A97-F989-94AE4D5811A1,
GL02594,2025-10-13,2100,Proveedores,0,119059.85,Factura 13103 Herramientas del Norte SAPI de CV,E836A8BD-DA66-6A97-F989-94AE4D5811A1,
GL02595,2025-10-13,6000,Gastos logistica,8500.5,0,Factura 6503 Electrónica del Norte S de RL de CV,1606530D-259A-8F69-467B-BA652D05137E,
GL02596,2025-10-13,1180,IVA acreditable,1360.08,0,IVA factura 6503,1606530D-259A-8F69-467B-BA652D05137E,
GL02597,2025-10-13,2100,Proveedores,0,9860.58,Factura 6503 Electrónica del Norte S de RL de CV,1606530D-259A-8F69-467B-BA652D05137E,
GL02598,2025-10-13,2100,Proveedores,14444.78,0,Pago Grupo Nuevo León SAPI de CV,0B0A7967-3034-3AB5-AF88-19DE64AA11D6,TX00488
GL02599,2025-10-13,1020,Bancos,0,14444.78,Pago Grupo Nuevo León SAPI de CV,0B0A7967-3034-3AB5-AF88-19DE64AA11D6,TX00488
GL02600,2025-10-13,2100,Proveedores,8015.6,0,Pago Empaques Apodaca SAPI de CV,862EAA34-3989-22C2-6714-90635480C8F7,TX00489
GL02601,2025-10-13,1020,Bancos,0,8015.6,Pago Empaques Apodaca SAPI de CV,862EAA34-3989-22C2-6714-90635480C8F7,TX00489
GL02602,2025-10-13,2100,Proveedores,24670.65,0,Pago Pinturas Nuevo León SAPI de CV,5859904D-6816-4663-A05D-BD1368C235D4,TX00490
GL02603,2025-10-13,1020,Bancos,0,24670.65,Pago Pinturas Nuevo León SAPI de CV,5859904D-6816-4663-A05D-BD1368C235D4,TX00490
GL02604,2025-10-13,6000,Gastos materia_prima,25640,0,Factura 19194 Pinturas Nuevo León SAPI de CV,D9EA63A0-F872-D4E4-73EA-9415586ADE67,
GL02605,2025-10-13,1180,IVA acreditable,4102.4,0,IVA factura 19194,D9EA63A0-F872-D4E4-73EA-9415586ADE67,
GL02606,2025-10-13,2100,Proveedores,0,29742.4,Factura 19194 Pinturas Nuevo León SAPI de CV,D9EA63A0-F872-D4E4-73EA-9415586ADE67,
GL02607,2025-10-13,2100,Proveedores,15926.68,0,Pago Neumática Industrial S de RL de CV,BEA271A2-A90A-9D89-3C45-745640E41F58,TX00491
GL02608,2025-10-13,1020,Bancos,0,15926.68,Pago Neumática Industrial S de RL de CV,BEA271A2-A90A-9D89-3C45-745640E41F58,TX00491
GL02609,2025-10-13,2100,Proveedores,61920.68,0,Pago Empaques del Norte SAPI de CV,AB8E3F76-A5D4-A934-F7CC-1D7D7B59BF05,TX00492
GL02610,2025-10-13,1020,Bancos,0,61920.68,Pago Empaques del Norte SAPI de CV,AB8E3F76-A5D4-A934-F7CC-1D7D7B59BF05,TX00492
GL02611,2025-10-13,6000,Gastos refacciones,37089.9,0,Factura 55305 Metálica del Norte SA de CV,E062C303-7FD2-CED3-3EAA-59AAF3108747,
GL02612,2025-10-13,1180,IVA acreditable,5934.38,0,IVA factura 55305,E062C303-7FD2-CED3-3EAA-59AAF3108747,
GL02613,2025-10-13,2100,Proveedores,0,43024.28,Factura 55305 Metálica del Norte SA de CV,E062C303-7FD2-CED3-3EAA-59AAF3108747,
GL02614,2025-10-13,1200,Clientes,283053.62,0,Venta 1586 Grupo Chapa S de RL de CV,624377D6-5A6A-6075-2073-3AAD5CA2257B,
GL02615,2025-10-13,4000,Ventas,0,244011.74,Venta 1586 Grupo Chapa S de RL de CV,624377D6-5A6A-6075-2073-3AAD5CA2257B,
GL02616,2025-10-13,2180,IVA trasladado,0,39041.88,IVA venta 1586,624377D6-5A6A-6075-2073-3AAD5CA2257B,
GL02617,2025-10-13,1200,Clientes,121577.69,0,Venta 1628 Construcciones Sada S de RL de CV,55861A86-978A-0862-FB3E-13FA2874C9AE,
GL02618,2025-10-13,4000,Ventas,0,104808.35,Venta 1628 Construcciones Sada S de RL de CV,55861A86-978A-0862-FB3E-13FA2874C9AE,
GL02619,2025-10-13,2180,IVA trasladado,0,16769.34,IVA venta 1628,55861A86-978A-0862-FB3E-13FA2874C9AE,
GL02620,2025-10-13,6000,Gastos consumibles,1206.27,0,Factura 47863 Soldadura Regiomontana S de RL de CV,EA72D09D-D72B-8639-9938-E0D43702769C,
GL02621,2025-10-13,1180,IVA acreditable,193.0,0,IVA factura 47863,EA72D09D-D72B-8639-9938-E0D43702769C,
GL02622,2025-10-13,2100,Proveedores,0,1399.27,Factura 47863 Soldadura Regiomontana S de RL de CV,EA72D09D-D72B-8639-9938-E0D43702769C,
GL02623,2025-10-14,2100,Proveedores,14572.38,0,Pago Suministros Guadalupe SA de CV,4652AACD-79DD-0744-6406-5BE3D0486600,TX00493
GL02624,2025-10-14,1020,Bancos,0,14572.38,Pago Suministros Guadalupe SA de CV,4652AACD-79DD-0744-6406-5BE3D0486600,TX00493
GL02625,2025-10-14,6000,Gastos refacciones,12880.5,0,Factura 19685 Neumática Industrial S de RL de CV,2F0D0516-99A4-6485-FC45-B8A76195A41D,
GL02626,2025-10-14,1180,IVA acreditable,2060.88,0,IVA factura 19685,2F0D0516-99A4-6485-FC45-B8A76195A41D,
GL02627,2025-10-14,2100,Proveedores,0,14941.38,Factura 19685 Neumática Industrial S de RL de CV,2F0D0516-99A4-6485-FC45-B8A76195A41D,
GL02628,2025-10-14,1200,Clientes,124579.23,0,Venta 1560 Envases Martínez S de RL de CV,DA3D6E0C-2C53-075E-3EE4-931EA2C02CB1,
GL02629,2025-10-14,4000,Ventas,0,107395.89,Venta 1560 Envases Martínez S de RL de CV,DA3D6E0C-2C53-075E-3EE4-931EA2C02CB1,
GL02630,2025-10-14,2180,IVA trasladado,0,17183.34,IVA venta 1560,DA3D6E0C-2C53-075E-3EE4-931EA2C02CB1,
GL02631,2025-10-15,6000,Gastos consumibles,38640,0,Factura 72290 Soldadura Regiomontana S de RL de CV,0CE5806A-4FEC-832F-8306-5FACCA16774D,
GL02632,2025-10-15,1180,IVA acreditable,6182.4,0,IVA factura 72290,0CE5806A-4FEC-832F-8306-5FACCA16774D,
GL02633,2025-10-15,2100,Proveedores,0,44822.4,Factura 72290 Soldadura Regiomontana S de RL de CV,0CE5806A-4FEC-832F-8306-5FACCA16774D,
GL02634,2025-10-15,1020,Bancos,101094.78,0,Cobro Grupo Chapa S de RL de CV,95F852B0-731C-5D05-D20F-51C7F56F4C08,TX00494
GL02635,2025-10-15,1200,Clientes,0,101094.78,Cobro Grupo Chapa S de RL de CV,95F852B0-731C-5D05-D20F-51C7F56F4C08,TX00494
GL02636,2025-10-15,2100,Proveedores,58000.0,0,Pago Servicios de México SA de CV,B5B12EE5-9314-9227-6AC4-C6153073C640,TX00495
GL02637,2025-10-15,1020,Bancos,0,58000.0,Pago Servicios de México SA de CV,B5B12EE5-9314-9227-6AC4-C6153073C640,TX00495
GL02638,2025-10-16,2100,Proveedores,11333.2,0,Pago Neumática Industrial S de RL de CV,2306DD43-1FA6-3C5A-B2C9-AA518E47490C,TX00496
GL02639,2025-10-16,1020,Bancos,0,11333.2,Pago Neumática Industrial S de RL de CV,2306DD43-1FA6-3C5A-B2C9-AA518E47490C,TX00496
GL02640,2025-10-16,1020,Bancos,446001.87,0,Cobro Autopartes Quintanilla S de RL de CV,224586A3-4AD6-6163-1C47-648BB36BEF36,TX00497
GL02641,2025-10-16,1200,Clientes,0,446001.87,Cobro Autopartes Quintanilla S de RL de CV,224586A3-4AD6-6163-1C47-648BB36BEF36,TX00497
GL02642,2025-10-17,2100,Proveedores,45437.78,0,Pago Herramientas del Norte SAPI de CV,72422545-7F98-5D3B-8A80-CAD86AD6418F,TX00498
GL02643,2025-10-17,1020,Bancos,0,45437.78,Pago Herramientas del Norte SAPI de CV,72422545-7F98-5D3B-8A80-CAD86AD6418F,TX00498
GL02644,2025-10-17,6000,Gastos refacciones,7420,0,Factura 85923 Servicios Santa Catarina SAPI de CV,7AD2763D-0E3A-1F4D-5CF3-A5B996B95CBA,
GL02645,2025-10-17,1180,IVA acreditable,1187.2,0,IVA factura 85923,7AD2763D-0E3A-1F4D-5CF3-A5B996B95CBA,
GL02646,2025-10-17,2100,Proveedores,0,8607.2,Factura 85923 Servicios Santa Catarina SAPI de CV,7AD2763D-0E3A-1F4D-5CF3-A5B996B95CBA,
GL02647,2025-10-17,6000,Gastos refacciones,48650,0,Factura 26375 Transportes Industrial S de RL de CV,96860C67-C99A-B40A-5128-A9A4C795E4BB,
GL02648,2025-10-17,1180,IVA acreditable,7784.0,0,IVA factura 26375,96860C67-C99A-B40A-5128-A9A4C795E4BB,
GL02649,2025-10-17,2100,Proveedores,0,56434.0,Factura 26375 Transportes Industrial S de RL de CV,96860C67-C99A-B40A-5128-A9A4C795E4BB,
GL02650,2025-10-20,6000,Gastos consumibles,84800,0,Factura 71705 Soldadura Regiomontana S de RL de CV,85D35457-A641-15F2-EE35-528A39A00213,
GL02651,2025-10-20,1180,IVA acreditable,13568.0,0,IVA factura 71705,85D35457-A641-15F2-EE35-528A39A00213,
GL02652,2025-10-20,2100,Proveedores,0,98368.0,Factura 71705 Soldadura Regiomontana S de RL de CV,85D35457-A641-15F2-EE35-528A39A00213,
GL02653,2025-10-20,6000,Gastos logistica,10079.9,0,Factura 22413 Refacciones Regiomontana SAPI de CV,EAAB0852-A5AF-B10F-97C5-FE82C604B59B,
GL02654,2025-10-20,1180,IVA acreditable,1612.78,0,IVA factura 22413,EAAB0852-A5AF-B10F-97C5-FE82C604B59B,
GL02655,2025-10-20,2100,Proveedores,0,11692.68,Factura 22413 Refacciones Regiomontana SAPI de CV,EAAB0852-A5AF-B10F-97C5-FE82C604B59B,
GL02656,2025-10-20,6000,Gastos renta_util,22480.5,0,Factura 24317 Metálica del Norte S de RL de CV,09EFB7DC-4E54-46CB-876D-1BB5F9CDBBB3,
GL02657,2025-10-20,1180,IVA acreditable,3596.88,0,IVA factura 24317,09EFB7DC-4E54-46CB-876D-1BB5F9CDBBB3,
GL02658,2025-10-20,2100,Proveedores,0,26077.38,Factura 24317 Metálica del Norte S de RL de CV,09EFB7DC-4E54-46CB-876D-1BB5F9CDBBB3,
GL02659,2025-10-20,2100,Proveedores,53325.78,0,Pago Servicios Nuevo León SA de CV,3DE92CD0-3A32-0164-AB19-FAB5847D1D56,TX00499
GL02660,2025-10-20,1020,Bancos,0,53325.78,Pago Servicios Nuevo León SA de CV,3DE92CD0-3A32-0164-AB19-FAB5847D1D56,TX00499
GL02661,2025-10-20,6000,Gastos consumibles,106450.5,0,Factura 20773 Herramientas del Norte SAPI de CV,F0043EC1-2AE8-42E5-F2B7-4E9387EB78AE,
GL02662,2025-10-20,1180,IVA acreditable,17032.08,0,IVA factura 20773,F0043EC1-2AE8-42E5-F2B7-4E9387EB78AE,
GL02663,2025-10-20,2100,Proveedores,0,123482.58,Factura 20773 Herramientas del Norte SAPI de CV,F0043EC1-2AE8-42E5-F2B7-4E9387EB78AE,
GL02664,2025-10-20,2100,Proveedores,25102.4,0,Pago Hidráulica Nuevo León SAPI de CV,85A8EE45-E738-ECC1-DDE5-BD37542762D8,TX00500
GL02665,2025-10-20,1020,Bancos,0,25102.4,Pago Hidráulica Nuevo León SAPI de CV,85A8EE45-E738-ECC1-DDE5-BD37542762D8,TX00500
GL02666,2025-10-20,6000,Gastos materia_prima,21322.4,0,Factura 1135 Hidráulica Nuevo León SAPI de CV,B4503E64-3436-C5BE-0A06-2DD8D8102305,
GL02667,2025-10-20,1180,IVA acreditable,3411.58,0,IVA factura 1135,B4503E64-3436-C5BE-0A06-2DD8D8102305,
GL02668,2025-10-20,2100,Proveedores,0,24733.98,Factura 1135 Hidráulica Nuevo León SAPI de CV,B4503E64-3436-C5BE-0A06-2DD8D8102305,
GL02669,2025-10-20,6000,Gastos refacciones,25790,0,Factura 53616 Refacciones Santa Catarina S de RL de CV,A7FC426D-C9B7-0822-E0BA-ED749E1A841B,
GL02670,2025-10-20,1180,IVA acreditable,4126.4,0,IVA factura 53616,A7FC426D-C9B7-0822-E0BA-ED749E1A841B,
GL02671,2025-10-20,2100,Proveedores,0,29916.4,Factura 53616 Refacciones Santa Catarina S de RL de CV,A7FC426D-C9B7-0822-E0BA-ED749E1A841B,
GL02672,2025-10-20,2100,Proveedores,35229.78,0,Pago Refacciones Industrial S de RL de CV,0D1BE2DE-B0CE-6B32-5CB2-DF82ACEE9270,TX00501
GL02673,2025-10-20,1020,Bancos,0,35229.78,Pago Refacciones Industrial S de RL de CV,0D1BE2DE-B0CE-6B32-5CB2-DF82ACEE9270,TX00501
GL02674,2025-10-20,6000,Gastos refacciones,12882.4,0,Factura 89002 Industrias Monterrey SA de CV,23A707BD-0773-E9CE-7853-92F999108D47,
GL02675,2025-10-20,1180,IVA acreditable,2061.18,0,IVA factura 89002,23A707BD-0773-E9CE-7853-92F999108D47,
GL02676,2025-10-20,2100,Proveedores,0,14943.58,Factura 89002 Industrias Monterrey SA de CV,23A707BD-0773-E9CE-7853-92F999108D47,
GL02677,2025-10-20,1020,Bancos,394532.24,0,Cobro Envases Guerra S de RL de CV,685B809C-2402-0689-CC49-DAEE0B820C9C,TX00502
GL02678,2025-10-20,1200,Clientes,0,394532.24,Cobro Envases Guerra S de RL de CV,685B809C-2402-0689-CC49-DAEE0B820C9C,TX00502
GL02679,2025-10-21,6000,Gastos consumibles,87530.5,0,Factura 33507 Ferretera Santa Catarina SAPI de CV,83DF3BD7-4B05-D6CA-9798-FD62DFC462F9,
GL02680,2025-10-21,1180,IVA acreditable,14004.88,0,IVA factura 33507,83DF3BD7-4B05-D6CA-9798-FD62DFC462F9,
GL02681,2025-10-21,2100,Proveedores,0,101535.38,Factura 33507 Ferretera Santa Catarina SAPI de CV,83DF3BD7-4B05-D6CA-9798-FD62DFC462F9,
GL02682,2025-10-21,2100,Proveedores,19049.98,0,Pago Pinturas Guadalupe S de RL de CV,A01DB751-C73B-EAB0-316C-BC48C81C1EA7,TX00503
GL02683,2025-10-21,1020,Bancos,0,19049.98,Pago Pinturas Guadalupe S de RL de CV,A01DB751-C73B-EAB0-316C-BC48C81C1EA7,TX00503
GL02684,2025-10-21,2100,Proveedores,22672.0,0,Pago Maquinados Regiomontana S de RL de CV,F33D43F0-A084-1339-7BCD-76AA1E4A6BE6,TX00504
GL02685,2025-10-21,1020,Bancos,0,22672.0,Pago Maquinados Regiomontana S de RL de CV,F33D43F0-A084-1339-7BCD-76AA1E4A6BE6,TX00504
GL02686,2025-10-22,6000,Gastos logistica,6260,0,Factura 66090 Refacciones Regiomontana SAPI de CV,D1CABB8E-074C-2B19-C219-81D10616413A,
GL02687,2025-10-22,1180,IVA acreditable,1001.6,0,IVA factura 66090,D1CABB8E-074C-2B19-C219-81D10616413A,
GL02688,2025-10-22,2100,Proveedores,0,7261.6,Factura 66090 Refacciones Regiomontana SAPI de CV,D1CABB8E-074C-2B19-C219-81D10616413A,
GL02689,2025-10-22,6000,Gastos refacciones,6629.9,0,Factura 58514 Refacciones Santa Catarina S de RL de CV,221AE363-7B80-B11F-C901-B95F5B35F002,
GL02690,2025-10-22,1180,IVA acreditable,1060.78,0,IVA factura 58514,221AE363-7B80-B11F-C901-B95F5B35F002,
GL02691,2025-10-22,2100,Proveedores,0,7690.68,Factura 58514 Refacciones Santa Catarina S de RL de CV,221AE363-7B80-B11F-C901-B95F5B35F002,
GL02692,2025-10-22,2100,Proveedores,10475.38,0,Pago Servicios Santa Catarina SAPI de CV,CB07E7CA-5180-3730-A6B0-132BD7E54335,TX00505
GL02693,2025-10-22,1020,Bancos,0,10475.38,Pago Servicios Santa Catarina SAPI de CV,CB07E7CA-5180-3730-A6B0-132BD7E54335,TX00505
GL02694,2025-10-22,6000,Gastos servicios,69512.4,0,Factura 31287 Refacciones Industrial S de RL de CV,9E969ABC-19FA-9E1D-D921-91571506FF15,
GL02695,2025-10-22,1180,IVA acreditable,11121.98,0,IVA factura 31287,9E969ABC-19FA-9E1D-D921-91571506FF15,
GL02696,2025-10-22,2100,Proveedores,0,80634.38,Factura 31287 Refacciones Industrial S de RL de CV,9E969ABC-19FA-9E1D-D921-91571506FF15,
GL02697,2025-10-23,2100,Proveedores,98101.08,0,Pago Herramientas del Norte SAPI de CV,B8F4B7A8-E851-241C-9339-7589089D2A60,TX00506
GL02698,2025-10-23,1020,Bancos,0,98101.08,Pago Herramientas del Norte SAPI de CV,B8F4B7A8-E851-241C-9339-7589089D2A60,TX00506
GL02699,2025-10-23,2100,Proveedores,27724.0,0,Pago Empaques Apodaca SAPI de CV,79E5D7BD-E5B8-295F-1AB7-3FA4E7CDEEB7,TX00507
GL02700,2025-10-23,1020,Bancos,0,27724.0,Pago Empaques Apodaca SAPI de CV,79E5D7BD-E5B8-295F-1AB7-3FA4E7CDEEB7,TX00507
GL02701,2025-10-24,6000,Gastos renta_util,13847.8,0,Factura 88510 Metálica del Norte S de RL de CV,69D6EF47-C093-519E-C6AD-F8349E50EC9C,
GL02702,2025-10-24,1180,IVA acreditable,2215.65,0,IVA factura 88510,69D6EF47-C093-519E-C6AD-F8349E50EC9C,
GL02703,2025-10-24,2100,Proveedores,0,16063.45,Factura 88510 Metálica del Norte S de RL de CV,69D6EF47-C093-519E-C6AD-F8349E50EC9C,
GL02704,2025-10-24,6000,Gastos materia_prima,19620.5,0,Factura 13654 Hidráulica Nuevo León SAPI de CV,0EAD9FC3-7559-D59F-E049-F1F57F3DE16F,
GL02705,2025-10-24,1180,IVA acreditable,3139.28,0,IVA factura 13654,0EAD9FC3-7559-D59F-E049-F1F57F3DE16F,
GL02706,2025-10-24,2100,Proveedores,0,22759.78,Factura 13654 Hidráulica Nuevo León SAPI de CV,0EAD9FC3-7559-D59F-E049-F1F57F3DE16F,
GL02707,2025-10-24,2100,Proveedores,15764.28,0,Pago Ferretera Guadalupe S de RL de CV,49767A8F-20E1-6267-8846-7C34DD859639,TX00508
GL02708,2025-10-24,1020,Bancos,0,15764.28,Pago Ferretera Guadalupe S de RL de CV,49767A8F-20E1-6267-8846-7C34DD859639,TX00508
GL02709,2025-10-24,6000,Gastos refacciones,6920.5,0,Factura 17785 Pinturas Escobedo S de RL de CV,16291F8B-99C2-7984-1725-43961F4A8608,
GL02710,2025-10-24,1180,IVA acreditable,1107.28,0,IVA factura 17785,16291F8B-99C2-7984-1725-43961F4A8608,
GL02711,2025-10-24,2100,Proveedores,0,8027.78,Factura 17785 Pinturas Escobedo S de RL de CV,16291F8B-99C2-7984-1725-43961F4A8608,
GL02712,2025-10-24,2100,Proveedores,13297.22,0,Pago Maquinados Regiomontana S de RL de CV,FCA0C768-8640-CF3C-821B-24F5690B62F8,TX00509
GL02713,2025-10-24,1020,Bancos,0,13297.22,Pago Maquinados Regiomontana S de RL de CV,FCA0C768-8640-CF3C-821B-24F5690B62F8,TX00509
GL02714,2025-10-27,2100,Proveedores,16446.25,0,Pago Herramientas del Norte S de RL de CV,561DB456-E040-D18E-9C49-530985EEDF43,TX00510
GL02715,2025-10-27,1020,Bancos,0,16446.25,Pago Herramientas del Norte S de RL de CV,561DB456-E040-D18E-9C49-530985EEDF43,TX00510
GL02716,2025-10-27,2100,Proveedores,115547.6,0,Pago Hidráulica Industrial S de RL de CV,C567E185-3BA1-B4DE-761B-FF8FAE308272,TX00511
GL02717,2025-10-27,1020,Bancos,0,115547.6,Pago Hidráulica Industrial S de RL de CV,C567E185-3BA1-B4DE-761B-FF8FAE308272,TX00511
GL02718,2025-10-27,6000,Gastos materia_prima,17650.5,0,Factura 48761 Grupo Nuevo León SAPI de CV,A693C642-F39C-5841-FE31-D405CDED21C5,
GL02719,2025-10-27,1180,IVA acreditable,2824.08,0,IVA factura 48761,A693C642-F39C-5841-FE31-D405CDED21C5,
GL02720,2025-10-27,2100,Proveedores,0,20474.58,Factura 48761 Grupo Nuevo León SAPI de CV,A693C642-F39C-5841-FE31-D405CDED21C5,
GL02721,2025-10-27,2100,Proveedores,21472.18,0,Pago Pinturas Nuevo León SAPI de CV,86003DC9-0414-CCA4-F50B-201EAE76FC17,TX00512
GL02722,2025-10-27,1020,Bancos,0,21472.18,Pago Pinturas Nuevo León SAPI de CV,86003DC9-0414-CCA4-F50B-201EAE76FC17,TX00512
GL02723,2025-10-27,2100,Proveedores,45286.98,0,Pago Suministros Guadalupe SA de CV,BF80D751-DBFD-4C58-D8A8-616ADB62D331,TX00513
GL02724,2025-10-27,1020,Bancos,0,45286.98,Pago Suministros Guadalupe SA de CV,BF80D751-DBFD-4C58-D8A8-616ADB62D331,TX00513
GL02725,2025-10-27,2100,Proveedores,91558.8,0,Pago Refacciones Industrial S de RL de CV,145B313F-4B2A-C8ED-DC3D-44CC9D21C1B0,TX00514
GL02726,2025-10-27,1020,Bancos,0,91558.8,Pago Refacciones Industrial S de RL de CV,145B313F-4B2A-C8ED-DC3D-44CC9D21C1B0,TX00514
GL02727,2025-10-27,1200,Clientes,392013.74,0,Venta 1527 Autopartes Quintanilla S de RL de CV,338AB341-380B-88BB-81B1-D8E7E5DDA9B6,
GL02728,2025-10-27,4000,Ventas,0,337942.88,Venta 1527 Autopartes Quintanilla S de RL de CV,338AB341-380B-88BB-81B1-D8E7E5DDA9B6,
GL02729,2025-10-27,2180,IVA trasladado,0,54070.86,IVA venta 1527,338AB341-380B-88BB-81B1-D8E7E5DDA9B6,
GL02730,2025-10-28,6000,Gastos servicios,44250.5,0,Factura 71755 Hidráulica Industrial S de RL de CV,171759C6-4DCC-FF8C-0EF9-BF8B20A33A28,
GL02731,2025-10-28,1180,IVA acreditable,7080.08,0,IVA factura 71755,171759C6-4DCC-FF8C-0EF9-BF8B20A33A28,
GL02732,2025-10-28,2100,Proveedores,0,51330.58,Factura 71755 Hidráulica Industrial S de RL de CV,171759C6-4DCC-FF8C-0EF9-BF8B20A33A28,
GL02733,2025-10-28,6000,Gastos refacciones,23680,0,Factura 14954 Transportes Industrial S de RL de CV,AED47BDB-1DB5-B83E-05C7-83208C383458,
GL02734,2025-10-28,1180,IVA acreditable,3788.8,0,IVA factura 14954,AED47BDB-1DB5-B83E-05C7-83208C383458,
GL02735,2025-10-28,2100,Proveedores,0,27468.8,Factura 14954 Transportes Industrial S de RL de CV,AED47BDB-1DB5-B83E-05C7-83208C383458,
GL02736,2025-10-28,6000,Gastos refacciones,71767.8,0,Factura 62117 Suministros Guadalupe SA de CV,2A8C585C-4C59-1FD6-36D3-9DF4136292F0,
GL02737,2025-10-28,1180,IVA acreditable,11482.85,0,IVA factura 62117,2A8C585C-4C59-1FD6-36D3-9DF4136292F0,
GL02738,2025-10-28,2100,Proveedores,0,83250.65,Factura 62117 Suministros Guadalupe SA de CV,2A8C585C-4C59-1FD6-36D3-9DF4136292F0,
GL02739,2025-10-28,6000,Gastos servicios,86000,0,Factura 19909 Refacciones Industrial S de RL de CV,10769D64-AF2C-B30E-879C-FF8AC6EE0151,
GL02740,2025-10-28,1180,IVA acreditable,13760.0,0,IVA factura 19909,10769D64-AF2C-B30E-879C-FF8AC6EE0151,
GL02741,2025-10-28,2100,Proveedores,0,99760.0,Factura 19909 Refacciones Industrial S de RL de CV,10769D64-AF2C-B30E-879C-FF8AC6EE0151,
GL02742,2025-10-28,1200,Clientes,88242.53,0,Venta 1578 Grupo Chapa S de RL de CV,BCF1399D-3FFB-34E6-6543-1AF273DBB243,
GL02743,2025-10-28,4000,Ventas,0,76071.15,Venta 1578 Grupo Chapa S de RL de CV,BCF1399D-3FFB-34E6-6543-1AF273DBB243,
GL02744,2025-10-28,2180,IVA trasladado,0,12171.38,IVA venta 1578,BCF1399D-3FFB-34E6-6543-1AF273DBB243,
GL02745,2025-10-28,1200,Clientes,282406.58,0,Venta 1605 Envases Quintanilla S de RL de CV,F06B7C40-773B-6BDD-57CB-BA38FEA4EA77,
GL02746,2025-10-28,4000,Ventas,0,243453.95,Venta 1605 Envases Quintanilla S de RL de CV,F06B7C40-773B-6BDD-57CB-BA38FEA4EA77,
GL02747,2025-10-28,2180,IVA trasladado,0,38952.63,IVA venta 1605,F06B7C40-773B-6BDD-57CB-BA38FEA4EA77,
GL02748,2025-10-28,1200,Clientes,295390.15,0,Venta 1644 Grupo Martínez SA de CV,86E4B518-A68B-539D-1559-0392AED5C25F,
GL02749,2025-10-28,4000,Ventas,0,254646.68,Venta 1644 Grupo Martínez SA de CV,86E4B518-A68B-539D-1559-0392AED5C25F,
GL02750,2025-10-28,2180,IVA trasladado,0,40743.47,IVA venta 1644,86E4B518-A68B-539D-1559-0392AED5C25F,
GL02751,2025-10-28,6100,Sueldos y salarios,425781.1,0,Nómina,,TX00515
GL02752,2025-10-28,1020,Bancos,0,425781.1,Nómina,,TX00515
GL02753,2025-10-29,2100,Proveedores,70957.2,0,Pago Maquinados del Norte SAPI de CV,19B3D911-3402-86D3-55B0-951DC13CFC4D,TX00516
GL02754,2025-10-29,1020,Bancos,0,70957.2,Pago Maquinados del Norte SAPI de CV,19B3D911-3402-86D3-55B0-951DC13CFC4D,TX00516
GL02755,2025-10-29,1200,Clientes,291455.63,0,Venta 1621 Grupo Quintanilla S de RL de CV,6232F02A-0C1C-E4C3-E0F7-DD748991A3B7,
GL02756,2025-10-29,4000,Ventas,0,251254.85,Venta 1621 Grupo Quintanilla S de RL de CV,6232F02A-0C1C-E4C3-E0F7-DD748991A3B7,
GL02757,2025-10-29,2180,IVA trasladado,0,40200.78,IVA venta 1621,6232F02A-0C1C-E4C3-E0F7-DD748991A3B7,
GL02758,2025-10-30,6000,Gastos consumibles,42982.4,0,Factura 74288 Servicios Nuevo León SA de CV,85B6CEB9-BF66-7AB4-55FB-2280932AA794,
GL02759,2025-10-30,1180,IVA acreditable,6877.18,0,IVA factura 74288,85B6CEB9-BF66-7AB4-55FB-2280932AA794,
GL02760,2025-10-30,2100,Proveedores,0,49859.58,Factura 74288 Servicios Nuevo León SA de CV,85B6CEB9-BF66-7AB4-55FB-2280932AA794,
GL02761,2025-10-30,1020,Bancos,195080.17,0,Cobro Grupo Martínez SA de CV,30F190FF-782C-92D2-CD83-E0353096C610,TX00517
GL02762,2025-10-30,1200,Clientes,0,195080.17,Cobro Grupo Martínez SA de CV,30F190FF-782C-92D2-CD83-E0353096C610,TX00517
GL02763,2025-10-31,2100,Proveedores,122823.58,0,Pago Soldadura Regiomontana S de RL de CV,2EAE170F-D449-5B18-BB70-C35DEA3867A5,TX00518
GL02764,2025-10-31,1020,Bancos,0,122823.58,Pago Soldadura Regiomontana S de RL de CV,2EAE170F-D449-5B18-BB70-C35DEA3867A5,TX00518
GL02765,2025-10-31,6000,Gastos refacciones,14720.5,0,Factura 82362 Herramientas del Norte S de RL de CV,C137F79F-4CDB-0364-9605-A11F393B4F6B,
GL02766,2025-10-31,1180,IVA acreditable,2355.28,0,IVA factura 82362,C137F79F-4CDB-0364-9605-A11F393B4F6B,
GL02767,2025-10-31,2100,Proveedores,0,17075.78,Factura 82362 Herramientas del Norte S de RL de CV,C137F79F-4CDB-0364-9605-A11F393B4F6B,
GL02768,2025-10-31,6000,Gastos servicios,44689.9,0,Factura 34052 Hidráulica Industrial S de RL de CV,A22FD41D-1F84-83D8-7AA1-0555A1C5CDC1,
GL02769,2025-10-31,1180,IVA acreditable,7150.38,0,IVA factura 34052,A22FD41D-1F84-83D8-7AA1-0555A1C5CDC1,
GL02770,2025-10-31,2100,Proveedores,0,51840.28,Factura 34052 Hidráulica Industrial S de RL de CV,A22FD41D-1F84-83D8-7AA1-0555A1C5CDC1,
GL02771,2025-10-31,6000,Gastos refacciones,29210,0,Factura 93074 Transportes Industrial S de RL de CV,9165D384-3A42-6396-8829-3554BC5935CB,
GL02772,2025-10-31,1180,IVA acreditable,4673.6,0,IVA factura 93074,9165D384-3A42-6396-8829-3554BC5935CB,
GL02773,2025-10-31,2100,Proveedores,0,33883.6,Factura 93074 Transportes Industrial S de RL de CV,9165D384-3A42-6396-8829-3554BC5935CB,
GL02774,2025-10-31,2100,Proveedores,21619.85,0,Pago Pinturas Nuevo León SAPI de CV,5BD70479-4605-D8F9-2FDA-583B83E8CBBB,TX00519
GL02775,2025-10-31,1020,Bancos,0,21619.85,Pago Pinturas Nuevo León SAPI de CV,5BD70479-4605-D8F9-2FDA-583B83E8CBBB,TX00519
GL02776,2025-10-31,2100,Proveedores,14230.65,0,Pago Pinturas Escobedo S de RL de CV,2358701A-19D9-7E6D-19F6-7283F0FDDA92,TX00520
GL02777,2025-10-31,1020,Bancos,0,14230.65,Pago Pinturas Escobedo S de RL de CV,2358701A-19D9-7E6D-19F6-7283F0FDDA92,TX00520
GL02778,2025-10-31,1200,Clientes,146366.29,0,Venta 1603 Envases Quintanilla S de RL de CV,13927C17-3D66-AF2C-5D9D-B096DDBF5B80,
GL02779,2025-10-31,4000,Ventas,0,126177.84,Venta 1603 Envases Quintanilla S de RL de CV,13927C17-3D66-AF2C-5D9D-B096DDBF5B80,
GL02780,2025-10-31,2180,IVA trasladado,0,20188.45,IVA venta 1603,13927C17-3D66-AF2C-5D9D-B096DDBF5B80,
GL02781,2025-11-03,6000,Gastos consumibles,26870.5,0,Factura 20579 Soldadura Regiomontana S de RL de CV,9FAE6141-3A1E-5B56-2A1D-BF824086533D,
GL02782,2025-11-03,1180,IVA acreditable,4299.28,0,IVA factura 20579,9FAE6141-3A1E-5B56-2A1D-BF824086533D,
GL02783,2025-11-03,2100,Proveedores,0,31169.78,Factura 20579 Soldadura Regiomontana S de RL de CV,9FAE6141-3A1E-5B56-2A1D-BF824086533D,
GL02784,2025-11-03,6000,Gastos consumibles,30490,0,Factura 62957 Soldadura Regiomontana S de RL de CV,9498E0B3-5CB2-3618-67D7-7EE05EE11D22,
GL02785,2025-11-03,1180,IVA acreditable,4878.4,0,IVA factura 62957,9498E0B3-5CB2-3618-67D7-7EE05EE11D22,
GL02786,2025-11-03,2100,Proveedores,0,35368.4,Factura 62957 Soldadura Regiomontana S de RL de CV,9498E0B3-5CB2-3618-67D7-7EE05EE11D22,
GL02787,2025-11-03,2100,Proveedores,4538.38,0,Pago Soldadura Guadalupe S de RL de CV,BCB3E1C7-23BA-D034-1806-DB032242ED0E,TX00521
GL02788,2025-11-03,1020,Bancos,0,4538.38,Pago Soldadura Guadalupe S de RL de CV,BCB3E1C7-23BA-D034-1806-DB032242ED0E,TX00521
GL02789,2025-11-03,2100,Proveedores,32051.38,0,Pago Grupo San Nicolás SA de CV,976AFBCD-50D1-7512-433A-B9F3912A7254,TX00522
GL02790,2025-11-03,1020,Bancos,0,32051.38,Pago Grupo San Nicolás SA de CV,976AFBCD-50D1-7512-433A-B9F3912A7254,TX00522
GL02791,2025-11-03,2100,Proveedores,22678.58,0,Pago Herramientas del Norte S de RL de CV,9D1058E7-9D8F-FE0E-6764-CB03F0E39BD4,TX00523
GL02792,2025-11-03,1020,Bancos,0,22678.58,Pago Herramientas del Norte S de RL de CV,9D1058E7-9D8F-FE0E-6764-CB03F0E39BD4,TX00523
GL02793,2025-11-03,2100,Proveedores,166077.78,0,Pago Maquinados Monterrey SA de CV,FFE4F4CC-F8FD-CE68-20F9-7428BFDD2E6A,TX00524
GL02794,2025-11-03,1020,Bancos,0,166077.78,Pago Maquinados Monterrey SA de CV,FFE4F4CC-F8FD-CE68-20F9-7428BFDD2E6A,TX00524
GL02795,2025-11-03,6000,Gastos refacciones,23040.5,0,Factura 86820 Refacciones Santa Catarina S de RL de CV,3EBE2B3A-00E9-8677-CBF7-B0969AE93C8F,
GL02796,2025-11-03,1180,IVA acreditable,3686.48,0,IVA factura 86820,3EBE2B3A-00E9-8677-CBF7-B0969AE93C8F,
GL02797,2025-11-03,2100,Proveedores,0,26726.98,Factura 86820 Refacciones Santa Catarina S de RL de CV,3EBE2B3A-00E9-8677-CBF7-B0969AE93C8F,
GL02798,2025-11-03,2100,Proveedores,9860.58,0,Pago Electrónica del Norte S de RL de CV,1606530D-259A-8F69-467B-BA652D05137E,TX00525
GL02799,2025-11-03,1020,Bancos,0,9860.58,Pago Electrónica del Norte S de RL de CV,1606530D-259A-8F69-467B-BA652D05137E,TX00525
GL02800,2025-11-03,2100,Proveedores,6243.58,0,Pago Electrónica del Norte S de RL de CV,78D93FB2-123B-2587-0353-7E3103620634,TX00526
GL02801,2025-11-03,1020,Bancos,0,6243.58,Pago Electrónica del Norte S de RL de CV,78D93FB2-123B-2587-0353-7E3103620634,TX00526
GL02802,2025-11-03,2100,Proveedores,16576.4,0,Pago Grupo Nuevo León SAPI de CV,9F129A91-C1BD-7413-13DF-2C235B8E73BB,TX00527
GL02803,2025-11-03,1020,Bancos,0,16576.4,Pago Grupo Nuevo León SAPI de CV,9F129A91-C1BD-7413-13DF-2C235B8E73BB,TX00527
GL02804,2025-11-03,2100,Proveedores,120489.08,0,Pago Maquinados del Norte SAPI de CV,C83566DE-9B46-237C-3492-90594C1E3159,TX00528
GL02805,2025-11-03,1020,Bancos,0,120489.08,Pago Maquinados del Norte SAPI de CV,C83566DE-9B46-237C-3492-90594C1E3159,TX00528
GL02806,2025-11-03,2100,Proveedores,77729.05,0,Pago Maquinados del Norte SAPI de CV,FA27EBC9-0ECC-3134-2CD3-DB3791DE0D69,TX00529
GL02807,2025-11-03,1020,Bancos,0,77729.05,Pago Maquinados del Norte SAPI de CV,FA27EBC9-0ECC-3134-2CD3-DB3791DE0D69,TX00529
GL02808,2025-11-03,2100,Proveedores,45701.45,0,Pago Refacciones Industrial S de RL de CV,DC9EAD68-1AFA-2F17-0610-30B9FE98132A,TX00530
GL02809,2025-11-03,1020,Bancos,0,45701.45,Pago Refacciones Industrial S de RL de CV,DC9EAD68-1AFA-2F17-0610-30B9FE98132A,TX00530
GL02810,2025-11-03,2100,Proveedores,43024.28,0,Pago Metálica del Norte SA de CV,E062C303-7FD2-CED3-3EAA-59AAF3108747,TX00531
GL02811,2025-11-03,1020,Bancos,0,43024.28,Pago Metálica del Norte SA de CV,E062C303-7FD2-CED3-3EAA-59AAF3108747,TX00531
GL02812,2025-11-03,1020,Bancos,177132.31,0,Cobro Envases Hernández SAPI de CV,27B8AEA3-56BC-0512-C446-5545A92EC787,TX00532
GL02813,2025-11-03,1200,Clientes,0,177132.31,Cobro Envases Hernández SAPI de CV,27B8AEA3-56BC-0512-C446-5545A92EC787,TX00532
GL02814,2025-11-03,1020,Bancos,95845.45,0,Cobro Envases Martínez S de RL de CV,C96D9984-1963-806E-0417-2F06E0218BC2,TX00533
GL02815,2025-11-03,1200,Clientes,0,95845.45,Cobro Envases Martínez S de RL de CV,C96D9984-1963-806E-0417-2F06E0218BC2,TX00533
GL02816,2025-11-03,1200,Clientes,73729.48,0,Venta 1629 Construcciones Sada S de RL de CV,5ADCDC5C-5655-023F-F581-F8AEEE99E8E3,
GL02817,2025-11-03,4000,Ventas,0,63559.9,Venta 1629 Construcciones Sada S de RL de CV,5ADCDC5C-5655-023F-F581-F8AEEE99E8E3,
GL02818,2025-11-03,2180,IVA trasladado,0,10169.58,IVA venta 1629,5ADCDC5C-5655-023F-F581-F8AEEE99E8E3,
GL02819,2025-11-04,2100,Proveedores,21889.08,0,Pago Metálica San Nicolás SA de CV,95DFACE9-0732-34EA-5D1B-795F308E3587,TX00534
GL02820,2025-11-04,1020,Bancos,0,21889.08,Pago Metálica San Nicolás SA de CV,95DFACE9-0732-34EA-5D1B-795F308E3587,TX00534
GL02821,2025-11-04,2100,Proveedores,86127.45,0,Pago Maquinados del Norte SAPI de CV,5E172829-9E18-8E87-C217-9E2C6283AA73,TX00535
GL02822,2025-11-04,1020,Bancos,0,86127.45,Pago Maquinados del Norte SAPI de CV,5E172829-9E18-8E87-C217-9E2C6283AA73,TX00535
GL02823,2025-11-04,2100,Proveedores,8688.28,0,Pago Pinturas Nuevo León SAPI de CV,07714705-F7F5-8A8F-B2FD-9CB184BF9337,TX00536
GL02824,2025-11-04,1020,Bancos,0,8688.28,Pago Pinturas Nuevo León SAPI de CV,07714705-F7F5-8A8F-B2FD-9CB184BF9337,TX00536
GL02825,2025-11-04,6000,Gastos refacciones,26917.8,0,Factura 39119 Pinturas Escobedo S de RL de CV,C26EA1C1-8399-CE69-590E-CC34B0FF7E55,
GL02826,2025-11-04,1180,IVA acreditable,4306.85,0,IVA factura 39119,C26EA1C1-8399-CE69-590E-CC34B0FF7E55,
GL02827,2025-11-04,2100,Proveedores,0,31224.65,Factura 39119 Pinturas Escobedo S de RL de CV,C26EA1C1-8399-CE69-590E-CC34B0FF7E55,
GL02828,2025-11-04,1200,Clientes,52910.89,0,Venta 1648 Grupo Martínez SA de CV,E87556BD-6C58-94EF-608B-D3C305FE85C9,
GL02829,2025-11-04,4000,Ventas,0,45612.84,Venta 1648 Grupo Martínez SA de CV,E87556BD-6C58-94EF-608B-D3C305FE85C9,
GL02830,2025-11-04,2180,IVA trasladado,0,7298.05,IVA venta 1648,E87556BD-6C58-94EF-608B-D3C305FE85C9,
GL02831,2025-11-05,2100,Proveedores,26378.98,0,Pago Metálica del Norte S de RL de CV,AA5A2D9C-FB05-8569-B931-12850B45F1A1,TX00537
GL02832,2025-11-05,1020,Bancos,0,26378.98,Pago Metálica del Norte S de RL de CV,AA5A2D9C-FB05-8569-B931-12850B45F1A1,TX00537
GL02833,2025-11-05,2100,Proveedores,116287.45,0,Pago Grupo San Nicolás SA de CV,E3FE017C-A89D-DBC5-1156-ADD4ADFE702D,TX00538
GL02834,2025-11-05,1020,Bancos,0,116287.45,Pago Grupo San Nicolás SA de CV,E3FE017C-A89D-DBC5-1156-ADD4ADFE702D,TX00538
GL02835,2025-11-07,2100,Proveedores,7073.45,0,Pago Suministros Guadalupe SA de CV,E76E1C4A-BE6D-6B6F-4FC7-C684E0AB9572,TX00539
GL02836,2025-11-07,1020,Bancos,0,7073.45,Pago Suministros Guadalupe SA de CV,E76E1C4A-BE6D-6B6F-4FC7-C684E0AB9572,TX00539
GL02837,2025-11-07,6000,Gastos refacciones,51529.9,0,Factura 75826 Transportes Industrial S de RL de CV,FDC165D3-3D4C-F7E3-B963-46E4007A5108,
GL02838,2025-11-07,1180,IVA acreditable,8244.78,0,IVA factura 75826,FDC165D3-3D4C-F7E3-B963-46E4007A5108,
GL02839,2025-11-07,2100,Proveedores,0,59774.68,Factura 75826 Transportes Industrial S de RL de CV,FDC165D3-3D4C-F7E3-B963-46E4007A5108,
GL02840,2025-11-07,1200,Clientes,411688.26,0,Venta 1506 Envases Guerra S de RL de CV,0EE127F7-8F70-4037-51B4-904699B9AA56,
GL02841,2025-11-07,4000,Ventas,0,354903.67,Venta 1506 Envases Guerra S de RL de CV,0EE127F7-8F70-4037-51B4-904699B9AA56,
GL02842,2025-11-07,2180,IVA trasladado,0,56784.59,IVA venta 1506,0EE127F7-8F70-4037-51B4-904699B9AA56,
GL02843,2025-11-07,1020,Bancos,152936.79,0,Cobro Envases Martínez SAPI de CV,A2289446-8075-A7DA-4D6A-12D554DC841E,TX00540
GL02844,2025-11-07,1200,Clientes,0,152936.79,Cobro Envases Martínez SAPI de CV,A2289446-8075-A7DA-4D6A-12D554DC841E,TX00540
GL02845,2025-11-07,6000,Gastos servicios,48000,0,Factura 75432 Gestoría y Enlace Santa Catarina S de RL de CV,4856EB12-B048-B8F6-705F-7BAF5A923089,
GL02846,2025-11-07,1180,IVA acreditable,7680.0,0,IVA factura 75432,4856EB12-B048-B8F6-705F-7BAF5A923089,
GL02847,2025-11-07,2100,Proveedores,0,55680.0,Factura 75432 Gestoría y Enlace Santa Catarina S de RL de CV,4856EB12-B048-B8F6-705F-7BAF5A923089,
GL02848,2025-11-10,6000,Gastos materia_prima,23670,0,Factura 80861 Empaques Apodaca SAPI de CV,741D5566-6769-3123-8526-22B5C019DAA0,
GL02849,2025-11-10,1180,IVA acreditable,3787.2,0,IVA factura 80861,741D5566-6769-3123-8526-22B5C019DAA0,
GL02850,2025-11-10,2100,Proveedores,0,27457.2,Factura 80861 Empaques Apodaca SAPI de CV,741D5566-6769-3123-8526-22B5C019DAA0,
GL02851,2025-11-10,6000,Gastos materia_prima,24102.4,0,Factura 55810 Empaques Apodaca SAPI de CV,1672CEF6-21BE-6AAD-E094-09FBB83B06BF,
GL02852,2025-11-10,1180,IVA acreditable,3856.38,0,IVA factura 55810,1672CEF6-21BE-6AAD-E094-09FBB83B06BF,
GL02853,2025-11-10,2100,Proveedores,0,27958.78,Factura 55810 Empaques Apodaca SAPI de CV,1672CEF6-21BE-6AAD-E094-09FBB83B06BF,
GL02854,2025-11-10,6000,Gastos servicios,11147.8,0,Factura 2466 Ferretera Guadalupe S de RL de CV,3E8B2361-14B0-2CF2-FB29-6E06FEEFA6DD,
GL02855,2025-11-10,1180,IVA acreditable,1783.65,0,IVA factura 2466,3E8B2361-14B0-2CF2-FB29-6E06FEEFA6DD,
GL02856,2025-11-10,2100,Proveedores,0,12931.45,Factura 2466 Ferretera Guadalupe S de RL de CV,3E8B2361-14B0-2CF2-FB29-6E06FEEFA6DD,
GL02857,2025-11-10,6000,Gastos servicios,5089.9,0,Factura 30901 Ferretera Guadalupe S de RL de CV,99595042-76B4-B134-8A30-2BAB06577CB0,
GL02858,2025-11-10,1180,IVA acreditable,814.38,0,IVA factura 30901,99595042-76B4-B134-8A30-2BAB06577CB0,
GL02859,2025-11-10,2100,Proveedores,0,5904.28,Factura 30901 Ferretera Guadalupe S de RL de CV,99595042-76B4-B134-8A30-2BAB06577CB0,
GL02860,2025-11-10,2100,Proveedores,8027.78,0,Pago Pinturas Escobedo S de RL de CV,16291F8B-99C2-7984-1725-43961F4A8608,TX00541
GL02861,2025-11-10,1020,Bancos,0,8027.78,Pago Pinturas Escobedo S de RL de CV,16291F8B-99C2-7984-1725-43961F4A8608,TX00541
GL02862,2025-11-10,2100,Proveedores,79239.48,0,Pago Empaques del Norte SAPI de CV,C197BD42-BFDE-B325-0E4E-AF457C96D8AD,TX00542
GL02863,2025-11-10,1020,Bancos,0,79239.48,Pago Empaques del Norte SAPI de CV,C197BD42-BFDE-B325-0E4E-AF457C96D8AD,TX00542
GL02864,2025-11-10,1200,Clientes,279909.91,0,Venta 1558 Envases Hernández SAPI de CV,9414EA5F-CBE2-222F-3745-4DC3FA83708E,
GL02865,2025-11-10,4000,Ventas,0,241301.65,Venta 1558 Envases Hernández SAPI de CV,9414EA5F-CBE2-222F-3745-4DC3FA83708E,
GL02866,2025-11-10,2180,IVA trasladado,0,38608.26,IVA venta 1558,9414EA5F-CBE2-222F-3745-4DC3FA83708E,
GL02867,2025-11-11,6000,Gastos renta_util,83820.5,0,Factura 40333 Distribuidora del Norte S de RL de CV,519500EB-F084-A80F-9232-18B5138038F0,
GL02868,2025-11-11,1180,IVA acreditable,13411.28,0,IVA factura 40333,519500EB-F084-A80F-9232-18B5138038F0,
GL02869,2025-11-11,2100,Proveedores,0,97231.78,Factura 40333 Distribuidora del Norte S de RL de CV,519500EB-F084-A80F-9232-18B5138038F0,
GL02870,2025-11-11,6000,Gastos logistica,3732.4,0,Factura 73715 Soldadura Guadalupe S de RL de CV,56F6F0BD-7DCE-7553-B2C0-E2542AEA2271,
GL02871,2025-11-11,1180,IVA acreditable,597.18,0,IVA factura 73715,56F6F0BD-7DCE-7553-B2C0-E2542AEA2271,
GL02872,2025-11-11,2100,Proveedores,0,4329.58,Factura 73715 Soldadura Guadalupe S de RL de CV,56F6F0BD-7DCE-7553-B2C0-E2542AEA2271,
GL02873,2025-11-11,2100,Proveedores,13096.98,0,Pago Suministros Guadalupe SA de CV,0F1A3D3D-062B-4570-E86B-629E54E8FCB4,TX00543
GL02874,2025-11-11,1020,Bancos,0,13096.98,Pago Suministros Guadalupe SA de CV,0F1A3D3D-062B-4570-E86B-629E54E8FCB4,TX00543
GL02875,2025-11-11,2100,Proveedores,101535.38,0,Pago Ferretera Santa Catarina SAPI de CV,83DF3BD7-4B05-D6CA-9798-FD62DFC462F9,TX00544
GL02876,2025-11-11,1020,Bancos,0,101535.38,Pago Ferretera Santa Catarina SAPI de CV,83DF3BD7-4B05-D6CA-9798-FD62DFC462F9,TX00544
GL02877,2025-11-11,6000,Gastos materia_prima,15019.9,0,Factura 93875 Pinturas Nuevo León SAPI de CV,F114E93A-685E-7DAE-436A-1F70301BA4BB,
GL02878,2025-11-11,1180,IVA acreditable,2403.18,0,IVA factura 93875,F114E93A-685E-7DAE-436A-1F70301BA4BB,
GL02879,2025-11-11,2100,Proveedores,0,17423.08,Factura 93875 Pinturas Nuevo León SAPI de CV,F114E93A-685E-7DAE-436A-1F70301BA4BB,
GL02880,2025-11-11,2100,Proveedores,55680.0,0,Pago Gestoría y Enlace Santa Catarina S de RL de CV,4856EB12-B048-B8F6-705F-7BAF5A923089,TX00545
GL02881,2025-11-11,1020,Bancos,0,55680.0,Pago Gestoría y Enlace Santa Catarina S de RL de CV,4856EB12-B048-B8F6-705F-7BAF5A923089,TX00545
GL02882,2025-11-12,6000,Gastos consumibles,102252.4,0,Factura 54887 Soldadura Regiomontana S de RL de CV,4A1C4E46-AAC5-0535-0F47-69F58DB93FAD,
GL02883,2025-11-12,1180,IVA acreditable,16360.38,0,IVA factura 54887,4A1C4E46-AAC5-0535-0F47-69F58DB93FAD,
GL02884,2025-11-12,2100,Proveedores,0,118612.78,Factura 54887 Soldadura Regiomontana S de RL de CV,4A1C4E46-AAC5-0535-0F47-69F58DB93FAD,
GL02885,2025-11-12,6000,Gastos renta_util,24237.8,0,Factura 39523 Metálica del Norte S de RL de CV,BDA99833-C33D-933A-84F5-1C358197B090,
GL02886,2025-11-12,1180,IVA acreditable,3878.05,0,IVA factura 39523,BDA99833-C33D-933A-84F5-1C358197B090,
GL02887,2025-11-12,2100,Proveedores,0,28115.85,Factura 39523 Metálica del Norte S de RL de CV,BDA99833-C33D-933A-84F5-1C358197B090,
GL02888,2025-11-12,6000,Gastos servicios,14200.5,0,Factura 77522 Ferretera Guadalupe S de RL de CV,B4E4AEB7-8064-03F6-572C-A2591DEC4894,
GL02889,2025-11-12,1180,IVA acreditable,2272.08,0,IVA factura 77522,B4E4AEB7-8064-03F6-572C-A2591DEC4894,
GL02890,2025-11-12,2100,Proveedores,0,16472.58,Factura 77522 Ferretera Guadalupe S de RL de CV,B4E4AEB7-8064-03F6-572C-A2591DEC4894,
GL02891,2025-11-12,2100,Proveedores,29742.4,0,Pago Pinturas Nuevo León SAPI de CV,D9EA63A0-F872-D4E4-73EA-9415586ADE67,TX00546
GL02892,2025-11-12,1020,Bancos,0,29742.4,Pago Pinturas Nuevo León SAPI de CV,D9EA63A0-F872-D4E4-73EA-9415586ADE67,TX00546
GL02893,2025-11-13,2100,Proveedores,11692.68,0,Pago Refacciones Regiomontana SAPI de CV,EAAB0852-A5AF-B10F-97C5-FE82C604B59B,TX00547
GL02894,2025-11-13,1020,Bancos,0,11692.68,Pago Refacciones Regiomontana SAPI de CV,EAAB0852-A5AF-B10F-97C5-FE82C604B59B,TX00547
GL02895,2025-11-13,6000,Gastos logistica,3902.4,0,Factura 18243 Soldadura Guadalupe S de RL de CV,05D02F7D-8CA5-39DB-B0E6-2DD0C6CF20A2,
GL02896,2025-11-13,1180,IVA acreditable,624.38,0,IVA factura 18243,05D02F7D-8CA5-39DB-B0E6-2DD0C6CF20A2,
GL02897,2025-11-13,2100,Proveedores,0,4526.78,Factura 18243 Soldadura Guadalupe S de RL de CV,05D02F7D-8CA5-39DB-B0E6-2DD0C6CF20A2,
GL02898,2025-11-13,1020,Bancos,417705.94,0,Cobro Envases Elizondo SA de CV,594E51BB-E593-9AD2-343D-2DFE3C39FA6F,TX00548
GL02899,2025-11-13,1200,Clientes,0,417705.94,Cobro Envases Elizondo SA de CV,594E51BB-E593-9AD2-343D-2DFE3C39FA6F,TX00548
GL02900,2025-11-14,6000,Gastos renta_util,93107.8,0,Factura 12251 Distribuidora del Norte S de RL de CV,02992946-B69F-37FB-2297-3926B240D7BA,
GL02901,2025-11-14,1180,IVA acreditable,14897.25,0,IVA factura 12251,02992946-B69F-37FB-2297-3926B240D7BA,
GL02902,2025-11-14,2100,Proveedores,0,108005.05,Factura 12251 Distribuidora del Norte S de RL de CV,02992946-B69F-37FB-2297-3926B240D7BA,
GL02903,2025-11-14,2100,Proveedores,22759.78,0,Pago Hidráulica Nuevo León SAPI de CV,0EAD9FC3-7559-D59F-E049-F1F57F3DE16F,TX00549
GL02904,2025-11-14,1020,Bancos,0,22759.78,Pago Hidráulica Nuevo León SAPI de CV,0EAD9FC3-7559-D59F-E049-F1F57F3DE16F,TX00549
GL02905,2025-11-14,6000,Gastos materia_prima,21220,0,Factura 85597 Empaques Apodaca SAPI de CV,6D111FBE-F0B7-4BDB-736E-EF368A1ABE8B,
GL02906,2025-11-14,1180,IVA acreditable,3395.2,0,IVA factura 85597,6D111FBE-F0B7-4BDB-736E-EF368A1ABE8B,
GL02907,2025-11-14,2100,Proveedores,0,24615.2,Factura 85597 Empaques Apodaca SAPI de CV,6D111FBE-F0B7-4BDB-736E-EF368A1ABE8B,
GL02908,2025-11-14,2100,Proveedores,56434.0,0,Pago Transportes Industrial S de RL de CV,96860C67-C99A-B40A-5128-A9A4C795E4BB,TX00550
GL02909,2025-11-14,1020,Bancos,0,56434.0,Pago Transportes Industrial S de RL de CV,96860C67-C99A-B40A-5128-A9A4C795E4BB,TX00550
GL02910,2025-11-14,2100,Proveedores,72952.98,0,Pago Suministros Guadalupe SA de CV,D0E797E0-D90D-1748-D33D-AF23F7425465,TX00551
GL02911,2025-11-14,1020,Bancos,0,72952.98,Pago Suministros Guadalupe SA de CV,D0E797E0-D90D-1748-D33D-AF23F7425465,TX00551
GL02912,2025-11-14,6000,Gastos servicios,30662.4,0,Factura 14182 Refacciones Industrial S de RL de CV,BFEC75AD-52F6-4B27-BBBE-FEF7FCAB53AE,
GL02913,2025-11-14,1180,IVA acreditable,4905.98,0,IVA factura 14182,BFEC75AD-52F6-4B27-BBBE-FEF7FCAB53AE,
GL02914,2025-11-14,2100,Proveedores,0,35568.38,Factura 14182 Refacciones Industrial S de RL de CV,BFEC75AD-52F6-4B27-BBBE-FEF7FCAB53AE,
GL02915,2025-11-17,2100,Proveedores,98368.0,0,Pago Soldadura Regiomontana S de RL de CV,85D35457-A641-15F2-EE35-528A39A00213,TX00552
GL02916,2025-11-17,1020,Bancos,0,98368.0,Pago Soldadura Regiomontana S de RL de CV,85D35457-A641-15F2-EE35-528A39A00213,TX00552
GL02917,2025-11-17,2100,Proveedores,16063.45,0,Pago Metálica del Norte S de RL de CV,69D6EF47-C093-519E-C6AD-F8349E50EC9C,TX00553
GL02918,2025-11-17,1020,Bancos,0,16063.45,Pago Metálica del Norte S de RL de CV,69D6EF47-C093-519E-C6AD-F8349E50EC9C,TX00553
GL02919,2025-11-17,6000,Gastos logistica,13012.4,0,Factura 84828 Suministros Guadalupe SA de CV,1BF3F43E-48C7-6796-88F9-90063D22F860,
GL02920,2025-11-17,1180,IVA acreditable,2081.98,0,IVA factura 84828,1BF3F43E-48C7-6796-88F9-90063D22F860,
GL02921,2025-11-17,2100,Proveedores,0,15094.38,Factura 84828 Suministros Guadalupe SA de CV,1BF3F43E-48C7-6796-88F9-90063D22F860,
GL02922,2025-11-17,6000,Gastos refacciones,16999.9,0,Factura 19312 Herramientas del Norte S de RL de CV,C02FB522-1FA4-2779-CF35-BFEB7A5D33D5,
GL02923,2025-11-17,1180,IVA acreditable,2719.98,0,IVA factura 19312,C02FB522-1FA4-2779-CF35-BFEB7A5D33D5,
GL02924,2025-11-17,2100,Proveedores,0,19719.88,Factura 19312 Herramientas del Norte S de RL de CV,C02FB522-1FA4-2779-CF35-BFEB7A5D33D5,
GL02925,2025-11-17,6000,Gastos materia_prima,24989.9,0,Factura 42619 Hidráulica Nuevo León SAPI de CV,A5326684-D210-1E03-7609-E7940747F9C6,
GL02926,2025-11-17,1180,IVA acreditable,3998.38,0,IVA factura 42619,A5326684-D210-1E03-7609-E7940747F9C6,
GL02927,2025-11-17,2100,Proveedores,0,28988.28,Factura 42619 Hidráulica Nuevo León SAPI de CV,A5326684-D210-1E03-7609-E7940747F9C6,
GL02928,2025-11-17,6000,Gastos refacciones,12180,0,Factura 39904 Refacciones Santa Catarina S de RL de CV,F4F74AAA-32B7-9C95-C414-BFB44DF7B92E,
GL02929,2025-11-17,1180,IVA acreditable,1948.8,0,IVA factura 39904,F4F74AAA-32B7-9C95-C414-BFB44DF7B92E,
GL02930,2025-11-17,2100,Proveedores,0,14128.8,Factura 39904 Refacciones Santa Catarina S de RL de CV,F4F74AAA-32B7-9C95-C414-BFB44DF7B92E,
GL02931,2025-11-17,6000,Gastos refacciones,10989.9,0,Factura 53728 Servicios Santa Catarina SAPI de CV,8AA6E277-5142-71E6-8C69-BFC0E1507E58,
GL02932,2025-11-17,1180,IVA acreditable,1758.38,0,IVA factura 53728,8AA6E277-5142-71E6-8C69-BFC0E1507E58,
GL02933,2025-11-17,2100,Proveedores,0,12748.28,Factura 53728 Servicios Santa Catarina SAPI de CV,8AA6E277-5142-71E6-8C69-BFC0E1507E58,
GL02934,2025-11-17,6000,Gastos refacciones,105770,0,Factura 55487 Suministros Guadalupe SA de CV,514BE8E7-DEFC-31BB-5ECB-E93142DE3544,
GL02935,2025-11-17,1180,IVA acreditable,16923.2,0,IVA factura 55487,514BE8E7-DEFC-31BB-5ECB-E93142DE3544,
GL02936,2025-11-17,2100,Proveedores,0,122693.2,Factura 55487 Suministros Guadalupe SA de CV,514BE8E7-DEFC-31BB-5ECB-E93142DE3544,
GL02937,2025-11-18,6000,Gastos renta_util,73030,0,Factura 59856 Distribuidora del Norte S de RL de CV,F63ACDFA-92E6-0629-DA2D-47D112966A79,
GL02938,2025-11-18,1180,IVA acreditable,11684.8,0,IVA factura 59856,F63ACDFA-92E6-0629-DA2D-47D112966A79,
GL02939,2025-11-18,2100,Proveedores,0,84714.8,Factura 59856 Distribuidora del Norte S de RL de CV,F63ACDFA-92E6-0629-DA2D-47D112966A79,
GL02940,2025-11-18,2100,Proveedores,18258.98,0,Pago Hidráulica Nuevo León SAPI de CV,08426FF2-A861-DC2F-705F-332DACADBFD1,TX00554
GL02941,2025-11-18,1020,Bancos,0,18258.98,Pago Hidráulica Nuevo León SAPI de CV,08426FF2-A861-DC2F-705F-332DACADBFD1,TX00554
GL02942,2025-11-18,1020,Bancos,344462.97,0,Cobro Envases Guerra SA de CV,2283B092-EF04-B886-5298-A43DDC486489,TX00555
GL02943,2025-11-18,1200,Clientes,0,344462.97,Cobro Envases Guerra SA de CV,2283B092-EF04-B886-5298-A43DDC486489,TX00555
GL02944,2025-11-18,6000,Gastos refacciones,75000,0,Factura 13286 Servicios de México SA de CV,A833221F-F777-C7A8-0635-0D03443BF44B,
GL02945,2025-11-18,1180,IVA acreditable,12000.0,0,IVA factura 13286,A833221F-F777-C7A8-0635-0D03443BF44B,
GL02946,2025-11-18,2100,Proveedores,0,87000.0,Factura 13286 Servicios de México SA de CV,A833221F-F777-C7A8-0635-0D03443BF44B,
GL02947,2025-11-18,2100,Proveedores,11845.51,0,Pago Herramientas Regiomontana SA de CV,07136DFB-E001-F534-2387-1E42780BA92E,TX00556
GL02948,2025-11-18,1020,Bancos,0,11845.51,Pago Herramientas Regiomontana SA de CV,07136DFB-E001-F534-2387-1E42780BA92E,TX00556
GL02949,2025-11-18,6000,Gastos logistica,4203.78,0,Factura 80673 Herramientas Regiomontana SA de CV,54290B0B-F62F-F26D-F6FE-2632BD02EED2,
GL02950,2025-11-18,1180,IVA acreditable,672.6,0,IVA factura 80673,54290B0B-F62F-F26D-F6FE-2632BD02EED2,
GL02951,2025-11-18,2100,Proveedores,0,4876.38,Factura 80673 Herramientas Regiomontana SA de CV,54290B0B-F62F-F26D-F6FE-2632BD02EED2,
GL02952,2025-11-19,2100,Proveedores,27468.8,0,Pago Transportes Industrial S de RL de CV,AED47BDB-1DB5-B83E-05C7-83208C383458,TX00557
GL02953,2025-11-19,1020,Bancos,0,27468.8,Pago Transportes Industrial S de RL de CV,AED47BDB-1DB5-B83E-05C7-83208C383458,TX00557
GL02954,2025-11-19,2100,Proveedores,99760.0,0,Pago Refacciones Industrial S de RL de CV,10769D64-AF2C-B30E-879C-FF8AC6EE0151,TX00558
GL02955,2025-11-19,1020,Bancos,0,99760.0,Pago Refacciones Industrial S de RL de CV,10769D64-AF2C-B30E-879C-FF8AC6EE0151,TX00558
GL02956,2025-11-19,2100,Proveedores,14941.38,0,Pago Neumática Industrial S de RL de CV,2F0D0516-99A4-6485-FC45-B8A76195A41D,TX00559
GL02957,2025-11-19,1020,Bancos,0,14941.38,Pago Neumática Industrial S de RL de CV,2F0D0516-99A4-6485-FC45-B8A76195A41D,TX00559
GL02958,2025-11-19,1020,Bancos,229052.96,0,Cobro Envases Martínez S de RL de CV,125FE0DF-E767-ABAF-8EE7-1871F226387A,TX00560
GL02959,2025-11-19,1200,Clientes,0,229052.96,Cobro Envases Martínez S de RL de CV,125FE0DF-E767-ABAF-8EE7-1871F226387A,TX00560
GL02960,2025-11-20,2100,Proveedores,35368.4,0,Pago Soldadura Regiomontana S de RL de CV,9498E0B3-5CB2-3618-67D7-7EE05EE11D22,TX00561
GL02961,2025-11-20,1020,Bancos,0,35368.4,Pago Soldadura Regiomontana S de RL de CV,9498E0B3-5CB2-3618-67D7-7EE05EE11D22,TX00561
GL02962,2025-11-20,6000,Gastos servicios,95920.5,0,Factura 6453 Refacciones Industrial S de RL de CV,DF3A23A0-6EF0-2FBD-97C3-D137D7BF0A6B,
GL02963,2025-11-20,1180,IVA acreditable,15347.28,0,IVA factura 6453,DF3A23A0-6EF0-2FBD-97C3-D137D7BF0A6B,
GL02964,2025-11-20,2100,Proveedores,0,111267.78,Factura 6453 Refacciones Industrial S de RL de CV,DF3A23A0-6EF0-2FBD-97C3-D137D7BF0A6B,
GL02965,2025-11-20,1200,Clientes,325377.33,0,Venta 1632 Construcciones Sada S de RL de CV,50A68BFD-5B6F-C0C8-9365-F070CC84D69E,
GL02966,2025-11-20,4000,Ventas,0,280497.7,Venta 1632 Construcciones Sada S de RL de CV,50A68BFD-5B6F-C0C8-9365-F070CC84D69E,
GL02967,2025-11-20,2180,IVA trasladado,0,44879.63,IVA venta 1632,50A68BFD-5B6F-C0C8-9365-F070CC84D69E,
GL02968,2025-11-20,1020,Bancos,112466.45,0,Cobro Construcciones Sada S de RL de CV,6FBA0781-7B42-4DC2-6A6D-CB0C49D610F3,TX00562
GL02969,2025-11-20,1200,Clientes,0,112466.45,Cobro Construcciones Sada S de RL de CV,6FBA0781-7B42-4DC2-6A6D-CB0C49D610F3,TX00562
GL02970,2025-11-21,2100,Proveedores,49859.58,0,Pago Servicios Nuevo León SA de CV,85B6CEB9-BF66-7AB4-55FB-2280932AA794,TX00563
GL02971,2025-11-21,1020,Bancos,0,49859.58,Pago Servicios Nuevo León SA de CV,85B6CEB9-BF66-7AB4-55FB-2280932AA794,TX00563
GL02972,2025-11-21,2100,Proveedores,26726.98,0,Pago Refacciones Santa Catarina S de RL de CV,3EBE2B3A-00E9-8677-CBF7-B0969AE93C8F,TX00564
GL02973,2025-11-21,1020,Bancos,0,26726.98,Pago Refacciones Santa Catarina S de RL de CV,3EBE2B3A-00E9-8677-CBF7-B0969AE93C8F,TX00564
GL02974,2025-11-21,6000,Gastos refacciones,10960.5,0,Factura 34264 Pinturas Guadalupe S de RL de CV,B8DDAA93-23E3-415B-B8C3-38AE871FDA74,
GL02975,2025-11-21,1180,IVA acreditable,1753.68,0,IVA factura 34264,B8DDAA93-23E3-415B-B8C3-38AE871FDA74,
GL02976,2025-11-21,2100,Proveedores,0,12714.18,Factura 34264 Pinturas Guadalupe S de RL de CV,B8DDAA93-23E3-415B-B8C3-38AE871FDA74,
GL02977,2025-11-24,2100,Proveedores,44822.4,0,Pago Soldadura Regiomontana S de RL de CV,0CE5806A-4FEC-832F-8306-5FACCA16774D,TX00565
GL02978,2025-11-24,1020,Bancos,0,44822.4,Pago Soldadura Regiomontana S de RL de CV,0CE5806A-4FEC-832F-8306-5FACCA16774D,TX00565
GL02979,2025-11-24,2100,Proveedores,31169.78,0,Pago Soldadura Regiomontana S de RL de CV,9FAE6141-3A1E-5B56-2A1D-BF824086533D,TX00566
GL02980,2025-11-24,1020,Bancos,0,31169.78,Pago Soldadura Regiomontana S de RL de CV,9FAE6141-3A1E-5B56-2A1D-BF824086533D,TX00566
GL02981,2025-11-24,6000,Gastos consumibles,67010.5,0,Factura 44311 Soldadura Regiomontana S de RL de CV,3ADEC602-85D4-8CF5-BAB1-4BC691733BA2,
GL02982,2025-11-24,1180,IVA acreditable,10721.68,0,IVA factura 44311,3ADEC602-85D4-8CF5-BAB1-4BC691733BA2,
GL02983,2025-11-24,2100,Proveedores,0,77732.18,Factura 44311 Soldadura Regiomontana S de RL de CV,3ADEC602-85D4-8CF5-BAB1-4BC691733BA2,
GL02984,2025-11-24,6000,Gastos servicios,30569.9,0,Factura 70143 Metálica San Nicolás SA de CV,40D21963-DC53-89A8-8E9C-1B31172CA7F0,
GL02985,2025-11-24,1180,IVA acreditable,4891.18,0,IVA factura 70143,40D21963-DC53-89A8-8E9C-1B31172CA7F0,
GL02986,2025-11-24,2100,Proveedores,0,35461.08,Factura 70143 Metálica San Nicolás SA de CV,40D21963-DC53-89A8-8E9C-1B31172CA7F0,
GL02987,2025-11-24,6000,Gastos consumibles,57259.9,0,Factura 80559 Herramientas del Norte SAPI de CV,D1E04292-2A23-8262-2C5F-56D140477989,
GL02988,2025-11-24,1180,IVA acreditable,9161.58,0,IVA factura 80559,D1E04292-2A23-8262-2C5F-56D140477989,
GL02989,2025-11-24,2100,Proveedores,0,66421.48,Factura 80559 Herramientas del Norte SAPI de CV,D1E04292-2A23-8262-2C5F-56D140477989,
GL02990,2025-11-24,2100,Proveedores,24733.98,0,Pago Hidráulica Nuevo León SAPI de CV,B4503E64-3436-C5BE-0A06-2DD8D8102305,TX00567
GL02991,2025-11-24,1020,Bancos,0,24733.98,Pago Hidráulica Nuevo León SAPI de CV,B4503E64-3436-C5BE-0A06-2DD8D8102305,TX00567
GL02992,2025-11-24,2100,Proveedores,7690.68,0,Pago Refacciones Santa Catarina S de RL de CV,221AE363-7B80-B11F-C901-B95F5B35F002,TX00568
GL02993,2025-11-24,1020,Bancos,0,7690.68,Pago Refacciones Santa Catarina S de RL de CV,221AE363-7B80-B11F-C901-B95F5B35F002,TX00568
GL02994,2025-11-24,6000,Gastos servicios,53939.9,0,Factura 71577 Hidráulica Industrial S de RL de CV,40A2DB9B-5978-69D2-A8AD-5F5812F4B270,
GL02995,2025-11-24,1180,IVA acreditable,8630.38,0,IVA factura 71577,40A2DB9B-5978-69D2-A8AD-5F5812F4B270,
GL02996,2025-11-24,2100,Proveedores,0,62570.28,Factura 71577 Hidráulica Industrial S de RL de CV,40A2DB9B-5978-69D2-A8AD-5F5812F4B270,
GL02997,2025-11-24,2100,Proveedores,51840.28,0,Pago Hidráulica Industrial S de RL de CV,A22FD41D-1F84-83D8-7AA1-0555A1C5CDC1,TX00569
GL02998,2025-11-24,1020,Bancos,0,51840.28,Pago Hidráulica Industrial S de RL de CV,A22FD41D-1F84-83D8-7AA1-0555A1C5CDC1,TX00569
GL02999,2025-11-24,6000,Gastos materia_prima,16990,0,Factura 42033 Pinturas Nuevo León SAPI de CV,0E466DBE-7EBC-E414-C4A0-499F6BC64D98,
GL03000,2025-11-24,1180,IVA acreditable,2718.4,0,IVA factura 42033,0E466DBE-7EBC-E414-C4A0-499F6BC64D98,
GL03001,2025-11-24,2100,Proveedores,0,19708.4,Factura 42033 Pinturas Nuevo León SAPI de CV,0E466DBE-7EBC-E414-C4A0-499F6BC64D98,
GL03002,2025-11-24,2100,Proveedores,80634.38,0,Pago Refacciones Industrial S de RL de CV,9E969ABC-19FA-9E1D-D921-91571506FF15,TX00570
GL03003,2025-11-24,1020,Bancos,0,80634.38,Pago Refacciones Industrial S de RL de CV,9E969ABC-19FA-9E1D-D921-91571506FF15,TX00570
GL03004,2025-11-24,6000,Gastos servicios,68907.8,0,Factura 55366 Empaques del Norte SAPI de CV,88E67482-6092-B67B-B67E-67304B95B6C3,
GL03005,2025-11-24,1180,IVA acreditable,11025.25,0,IVA factura 55366,88E67482-6092-B67B-B67E-67304B95B6C3,
GL03006,2025-11-24,2100,Proveedores,0,79933.05,Factura 55366 Empaques del Norte SAPI de CV,88E67482-6092-B67B-B67E-67304B95B6C3,
GL03007,2025-11-24,1020,Bancos,124579.23,0,Cobro Envases Martínez S de RL de CV,DA3D6E0C-2C53-075E-3EE4-931EA2C02CB1,TX00571
GL03008,2025-11-24,1200,Clientes,0,124579.23,Cobro Envases Martínez S de RL de CV,DA3D6E0C-2C53-075E-3EE4-931EA2C02CB1,TX00571
GL03009,2025-11-24,1020,Bancos,283053.62,0,Cobro Grupo Chapa S de RL de CV,624377D6-5A6A-6075-2073-3AAD5CA2257B,TX00572
GL03010,2025-11-24,1200,Clientes,0,283053.62,Cobro Grupo Chapa S de RL de CV,624377D6-5A6A-6075-2073-3AAD5CA2257B,TX00572
GL03011,2025-11-24,1200,Clientes,144081.91,0,Venta 1636 Construcciones Sada S de RL de CV,54C2E89A-00F8-6B2C-23B1-EC1247F1E8D3,
GL03012,2025-11-24,4000,Ventas,0,124208.54,Venta 1636 Construcciones Sada S de RL de CV,54C2E89A-00F8-6B2C-23B1-EC1247F1E8D3,
GL03013,2025-11-24,2180,IVA trasladado,0,19873.37,IVA venta 1636,54C2E89A-00F8-6B2C-23B1-EC1247F1E8D3,
GL03014,2025-11-24,6000,Gastos refacciones,50000,0,Factura 39550 Servicios de México SA de CV,3159AF5F-93CA-C47B-3D45-116D2864C624,
GL03015,2025-11-24,1180,IVA acreditable,8000.0,0,IVA factura 39550,3159AF5F-93CA-C47B-3D45-116D2864C624,
GL03016,2025-11-24,2100,Proveedores,0,58000.0,Factura 39550 Servicios de México SA de CV,3159AF5F-93CA-C47B-3D45-116D2864C624,
GL03017,2025-11-24,2100,Proveedores,1399.27,0,Pago Soldadura Regiomontana S de RL de CV,EA72D09D-D72B-8639-9938-E0D43702769C,TX00573
GL03018,2025-11-24,1020,Bancos,0,1399.27,Pago Soldadura Regiomontana S de RL de CV,EA72D09D-D72B-8639-9938-E0D43702769C,TX00573
GL03019,2025-11-25,6000,Gastos consumibles,62250.5,0,Factura 12597 Soldadura Regiomontana S de RL de CV,6E16321F-32A2-59D4-5C76-09E0D775EA70,
GL03020,2025-11-25,1180,IVA acreditable,9960.08,0,IVA factura 12597,6E16321F-32A2-59D4-5C76-09E0D775EA70,
GL03021,2025-11-25,2100,Proveedores,0,72210.58,Factura 12597 Soldadura Regiomontana S de RL de CV,6E16321F-32A2-59D4-5C76-09E0D775EA70,
GL03022,2025-11-25,2100,Proveedores,7261.6,0,Pago Refacciones Regiomontana SAPI de CV,D1CABB8E-074C-2B19-C219-81D10616413A,TX00574
GL03023,2025-11-25,1020,Bancos,0,7261.6,Pago Refacciones Regiomontana SAPI de CV,D1CABB8E-074C-2B19-C219-81D10616413A,TX00574
GL03024,2025-11-25,6000,Gastos consumibles,51720.5,0,Factura 51628 Servicios Nuevo León SA de CV,D087B609-605A-FEE5-75B4-5C1E21EEFD64,
GL03025,2025-11-25,1180,IVA acreditable,8275.28,0,IVA factura 51628,D087B609-605A-FEE5-75B4-5C1E21EEFD64,
GL03026,2025-11-25,2100,Proveedores,0,59995.78,Factura 51628 Servicios Nuevo León SA de CV,D087B609-605A-FEE5-75B4-5C1E21EEFD64,
GL03027,2025-11-25,2100,Proveedores,119059.85,0,Pago Herramientas del Norte SAPI de CV,E836A8BD-DA66-6A97-F989-94AE4D5811A1,TX00575
GL03028,2025-11-25,1020,Bancos,0,119059.85,Pago Herramientas del Norte SAPI de CV,E836A8BD-DA66-6A97-F989-94AE4D5811A1,TX00575
GL03029,2025-11-25,1020,Bancos,392013.74,0,Cobro Autopartes Quintanilla S de RL de CV,338AB341-380B-88BB-81B1-D8E7E5DDA9B6,TX00576
GL03030,2025-11-25,1200,Clientes,0,392013.74,Cobro Autopartes Quintanilla S de RL de CV,338AB341-380B-88BB-81B1-D8E7E5DDA9B6,TX00576
GL03031,2025-11-25,1020,Bancos,119777.13,0,Cobro Autopartes Chapa SAPI de CV,B51169F0-97B2-AFF2-9C8F-120147AE4B4F,TX00577
GL03032,2025-11-25,1200,Clientes,0,119777.13,Cobro Autopartes Chapa SAPI de CV,B51169F0-97B2-AFF2-9C8F-120147AE4B4F,TX00577
GL03033,2025-11-25,1020,Bancos,295390.15,0,Cobro Grupo Martínez SA de CV,86E4B518-A68B-539D-1559-0392AED5C25F,TX00578
GL03034,2025-11-25,1200,Clientes,0,295390.15,Cobro Grupo Martínez SA de CV,86E4B518-A68B-539D-1559-0392AED5C25F,TX00578
GL03035,2025-11-26,6000,Gastos servicios,43020,0,Factura 52178 Metálica San Nicolás SA de CV,8C337BA4-994F-4894-67DD-2FAF32015B7E,
GL03036,2025-11-26,1180,IVA acreditable,6883.2,0,IVA factura 52178,8C337BA4-994F-4894-67DD-2FAF32015B7E,
GL03037,2025-11-26,2100,Proveedores,0,49903.2,Factura 52178 Metálica San Nicolás SA de CV,8C337BA4-994F-4894-67DD-2FAF32015B7E,
GL03038,2025-11-26,6000,Gastos materia_prima,15850.5,0,Factura 55011 Empaques Apodaca SAPI de CV,CFD08077-5D7F-5A51-5578-82768F052278,
GL03039,2025-11-26,1180,IVA acreditable,2536.08,0,IVA factura 55011,CFD08077-5D7F-5A51-5578-82768F052278,
GL03040,2025-11-26,2100,Proveedores,0,18386.58,Factura 55011 Empaques Apodaca SAPI de CV,CFD08077-5D7F-5A51-5578-82768F052278,
GL03041,2025-11-26,6000,Gastos servicios,26640,0,Factura 31684 Empaques del Norte SAPI de CV,D6495B7D-714E-11AB-03E5-3338C7477392,
GL03042,2025-11-26,1180,IVA acreditable,4262.4,0,IVA factura 31684,D6495B7D-714E-11AB-03E5-3338C7477392,
GL03043,2025-11-26,2100,Proveedores,0,30902.4,Factura 31684 Empaques del Norte SAPI de CV,D6495B7D-714E-11AB-03E5-3338C7477392,
GL03044,2025-11-27,6000,Gastos logistica,5012.4,0,Factura 87897 Suministros Guadalupe SA de CV,2C04A287-AAAB-D1FE-5724-4E76CCB71BD2,
GL03045,2025-11-27,1180,IVA acreditable,801.98,0,IVA factura 87897,2C04A287-AAAB-D1FE-5724-4E76CCB71BD2,
GL03046,2025-11-27,2100,Proveedores,0,5814.38,Factura 87897 Suministros Guadalupe SA de CV,2C04A287-AAAB-D1FE-5724-4E76CCB71BD2,
GL03047,2025-11-27,6000,Gastos refacciones,18580,0,Factura 19270 Pinturas Escobedo S de RL de CV,1F72C8CB-D898-6F08-73BE-50E9A55924E6,
GL03048,2025-11-27,1180,IVA acreditable,2972.8,0,IVA factura 19270,1F72C8CB-D898-6F08-73BE-50E9A55924E6,
GL03049,2025-11-27,2100,Proveedores,0,21552.8,Factura 19270 Pinturas Escobedo S de RL de CV,1F72C8CB-D898-6F08-73BE-50E9A55924E6,
GL03050,2025-11-27,6000,Gastos refacciones,26460.5,0,Factura 17932 Industrias Monterrey SA de CV,4FDFAE0A-1EE4-168E-EE0A-8D1C9560A236,
GL03051,2025-11-27,1180,IVA acreditable,4233.68,0,IVA factura 17932,4FDFAE0A-1EE4-168E-EE0A-8D1C9560A236,
GL03052,2025-11-27,2100,Proveedores,0,30694.18,Factura 17932 Industrias Monterrey SA de CV,4FDFAE0A-1EE4-168E-EE0A-8D1C9560A236,
GL03053,2025-11-27,1200,Clientes,430481.9,0,Venta 1528 Autopartes Quintanilla S de RL de CV,FF66AB3D-7374-BFB9-EEED-6C4768AA50E8,
GL03054,2025-11-27,4000,Ventas,0,371105.09,Venta 1528 Autopartes Quintanilla S de RL de CV,FF66AB3D-7374-BFB9-EEED-6C4768AA50E8,
GL03055,2025-11-27,2180,IVA trasladado,0,59376.81,IVA venta 1528,FF66AB3D-7374-BFB9-EEED-6C4768AA50E8,
GL03056,2025-11-28,2100,Proveedores,26077.38,0,Pago Metálica del Norte S de RL de CV,09EFB7DC-4E54-46CB-876D-1BB5F9CDBBB3,TX00579
GL03057,2025-11-28,1020,Bancos,0,26077.38,Pago Metálica del Norte S de RL de CV,09EFB7DC-4E54-46CB-876D-1BB5F9CDBBB3,TX00579
GL03058,2025-11-28,2100,Proveedores,4329.58,0,Pago Soldadura Guadalupe S de RL de CV,56F6F0BD-7DCE-7553-B2C0-E2542AEA2271,TX00580
GL03059,2025-11-28,1020,Bancos,0,4329.58,Pago Soldadura Guadalupe S de RL de CV,56F6F0BD-7DCE-7553-B2C0-E2542AEA2271,TX00580
GL03060,2025-11-28,2100,Proveedores,29916.4,0,Pago Refacciones Santa Catarina S de RL de CV,A7FC426D-C9B7-0822-E0BA-ED749E1A841B,TX00581
GL03061,2025-11-28,1020,Bancos,0,29916.4,Pago Refacciones Santa Catarina S de RL de CV,A7FC426D-C9B7-0822-E0BA-ED749E1A841B,TX00581
GL03062,2025-11-28,2100,Proveedores,8607.2,0,Pago Servicios Santa Catarina SAPI de CV,7AD2763D-0E3A-1F4D-5CF3-A5B996B95CBA,TX00582
GL03063,2025-11-28,1020,Bancos,0,8607.2,Pago Servicios Santa Catarina SAPI de CV,7AD2763D-0E3A-1F4D-5CF3-A5B996B95CBA,TX00582
GL03064,2025-11-28,6000,Gastos refacciones,21839.9,0,Factura 90610 Industrias Monterrey SA de CV,01B146D5-89F2-DDD7-338F-EB5A5EE1F581,
GL03065,2025-11-28,1180,IVA acreditable,3494.38,0,IVA factura 90610,01B146D5-89F2-DDD7-338F-EB5A5EE1F581,
GL03066,2025-11-28,2100,Proveedores,0,25334.28,Factura 90610 Industrias Monterrey SA de CV,01B146D5-89F2-DDD7-338F-EB5A5EE1F581,
GL03067,2025-11-28,6100,Sueldos y salarios,438271.79,0,Nómina,,TX00583
GL03068,2025-11-28,1020,Bancos,0,438271.79,Nómina,,TX00583
GL03069,2025-12-01,6000,Gastos renta_util,76692.4,0,Factura 82288 Distribuidora del Norte S de RL de CV,8E6E086F-60EC-7182-A364-1266492F1789,
GL03070,2025-12-01,1180,IVA acreditable,12270.78,0,IVA factura 82288,8E6E086F-60EC-7182-A364-1266492F1789,
GL03071,2025-12-01,2100,Proveedores,0,88963.18,Factura 82288 Distribuidora del Norte S de RL de CV,8E6E086F-60EC-7182-A364-1266492F1789,
GL03072,2025-12-01,6000,Gastos consumibles,40849.9,0,Factura 7859 Servicios Nuevo León SA de CV,9AA66C3E-C72C-1D99-F646-AC33DBAB42A2,
GL03073,2025-12-01,1180,IVA acreditable,6535.98,0,IVA factura 7859,9AA66C3E-C72C-1D99-F646-AC33DBAB42A2,
GL03074,2025-12-01,2100,Proveedores,0,47385.88,Factura 7859 Servicios Nuevo León SA de CV,9AA66C3E-C72C-1D99-F646-AC33DBAB42A2,
GL03075,2025-12-01,2100,Proveedores,123482.58,0,Pago Herramientas del Norte SAPI de CV,F0043EC1-2AE8-42E5-F2B7-4E9387EB78AE,TX00584
GL03076,2025-12-01,1020,Bancos,0,123482.58,Pago Herramientas del Norte SAPI de CV,F0043EC1-2AE8-42E5-F2B7-4E9387EB78AE,TX00584
GL03077,2025-12-01,2100,Proveedores,33883.6,0,Pago Transportes Industrial S de RL de CV,9165D384-3A42-6396-8829-3554BC5935CB,TX00585
GL03078,2025-12-01,1020,Bancos,0,33883.6,Pago Transportes Industrial S de RL de CV,9165D384-3A42-6396-8829-3554BC5935CB,TX00585
GL03079,2025-12-01,6000,Gastos refacciones,92082.4,0,Factura 7665 Metálica del Norte SA de CV,5A72FD86-092C-FCB8-0F21-6EC481DDBBF7,
GL03080,2025-12-01,1180,IVA acreditable,14733.18,0,IVA factura 7665,5A72FD86-092C-FCB8-0F21-6EC481DDBBF7,
GL03081,2025-12-01,2100,Proveedores,0,106815.58,Factura 7665 Metálica del Norte SA de CV,5A72FD86-092C-FCB8-0F21-6EC481DDBBF7,
GL03082,2025-12-01,2100,Proveedores,14943.58,0,Pago Industrias Monterrey SA de CV,23A707BD-0773-E9CE-7853-92F999108D47,TX00586
GL03083,2025-12-01,1020,Bancos,0,14943.58,Pago Industrias Monterrey SA de CV,23A707BD-0773-E9CE-7853-92F999108D47,TX00586
GL03084,2025-12-01,1020,Bancos,52515.49,0,Cobro Autopartes Guerra S de RL de CV,6922853F-CFE2-2A15-7BFB-81AA07DFB0C7,TX00587
GL03085,2025-12-01,1200,Clientes,0,52515.49,Cobro Autopartes Guerra S de RL de CV,6922853F-CFE2-2A15-7BFB-81AA07DFB0C7,TX00587
GL03086,2025-12-01,1200,Clientes,146302.61,0,Venta 1565 Autopartes Guerra SAPI de CV,B2FD5A17-9DFC-AFBF-CA8B-A493DDD5D1D3,
GL03087,2025-12-01,4000,Ventas,0,126122.94,Venta 1565 Autopartes Guerra SAPI de CV,B2FD5A17-9DFC-AFBF-CA8B-A493DDD5D1D3,
GL03088,2025-12-01,2180,IVA trasladado,0,20179.67,IVA venta 1565,B2FD5A17-9DFC-AFBF-CA8B-A493DDD5D1D3,
GL03089,2025-12-01,1200,Clientes,129256.03,0,Venta 1576 Autopartes Guerra SAPI de CV,5B4626DF-8F45-AB88-4240-D38146A5745B,
GL03090,2025-12-01,4000,Ventas,0,111427.61,Venta 1576 Autopartes Guerra SAPI de CV,5B4626DF-8F45-AB88-4240-D38146A5745B,
GL03091,2025-12-01,2180,IVA trasladado,0,17828.42,IVA venta 1576,5B4626DF-8F45-AB88-4240-D38146A5745B,
GL03092,2025-12-01,1020,Bancos,282406.58,0,Cobro Envases Quintanilla S de RL de CV,F06B7C40-773B-6BDD-57CB-BA38FEA4EA77,TX00588
GL03093,2025-12-01,1200,Clientes,0,282406.58,Cobro Envases Quintanilla S de RL de CV,F06B7C40-773B-6BDD-57CB-BA38FEA4EA77,TX00588
GL03094,2025-12-01,6000,Gastos logistica,4666.85,0,Factura 29221 Herramientas Regiomontana SA de CV,1779BFFE-E8E6-3CDF-41CE-3815B17BD4F5,
GL03095,2025-12-01,1180,IVA acreditable,746.7,0,IVA factura 29221,1779BFFE-E8E6-3CDF-41CE-3815B17BD4F5,
GL03096,2025-12-01,2100,Proveedores,0,5413.55,Factura 29221 Herramientas Regiomontana SA de CV,1779BFFE-E8E6-3CDF-41CE-3815B17BD4F5,
GL03097,2025-12-02,2100,Proveedores,17075.78,0,Pago Herramientas del Norte S de RL de CV,C137F79F-4CDB-0364-9605-A11F393B4F6B,TX00589
GL03098,2025-12-02,1020,Bancos,0,17075.78,Pago Herramientas del Norte S de RL de CV,C137F79F-4CDB-0364-9605-A11F393B4F6B,TX00589
GL03099,2025-12-02,6000,Gastos refacciones,46579.9,0,Factura 88086 Suministros Guadalupe SA de CV,80F1B2A5-2A55-DFC9-1EEA-0145B08A00E2,
GL03100,2025-12-02,1180,IVA acreditable,7452.78,0,IVA factura 88086,80F1B2A5-2A55-DFC9-1EEA-0145B08A00E2,
GL03101,2025-12-02,2100,Proveedores,0,54032.68,Factura 88086 Suministros Guadalupe SA de CV,80F1B2A5-2A55-DFC9-1EEA-0145B08A00E2,
GL03102,2025-12-03,6000,Gastos logistica,3580.5,0,Factura 13187 Suministros Guadalupe SA de CV,0B595EA1-21AD-8A70-64D3-BBA6CCD18499,
GL03103,2025-12-03,1180,IVA acreditable,572.88,0,IVA factura 13187,0B595EA1-21AD-8A70-64D3-BBA6CCD18499,
GL03104,2025-12-03,2100,Proveedores,0,4153.38,Factura 13187 Suministros Guadalupe SA de CV,0B595EA1-21AD-8A70-64D3-BBA6CCD18499,
GL03105,2025-12-03,6000,Gastos refacciones,27670,0,Factura 30863 Suministros Guadalupe SA de CV,CBC5023E-EB39-12CA-7093-05C23D0E9C6E,
GL03106,2025-12-03,1180,IVA acreditable,4427.2,0,IVA factura 30863,CBC5023E-EB39-12CA-7093-05C23D0E9C6E,
GL03107,2025-12-03,2100,Proveedores,0,32097.2,Factura 30863 Suministros Guadalupe SA de CV,CBC5023E-EB39-12CA-7093-05C23D0E9C6E,
GL03108,2025-12-03,6000,Gastos renta_util,10350.5,0,Factura 788 Pinturas Guadalupe S de RL de CV,B3CE7619-81A3-E76C-0725-2016ABFE25E1,
GL03109,2025-12-03,1180,IVA acreditable,1656.08,0,IVA factura 788,B3CE7619-81A3-E76C-0725-2016ABFE25E1,
GL03110,2025-12-03,2100,Proveedores,0,12006.58,Factura 788 Pinturas Guadalupe S de RL de CV,B3CE7619-81A3-E76C-0725-2016ABFE25E1,
GL03111,2025-12-04,6000,Gastos servicios,106480,0,Factura 78196 Hidráulica Industrial S de RL de CV,CF5BB6CF-87ED-2641-96CE-80F4EFE87B88,
GL03112,2025-12-04,1180,IVA acreditable,17036.8,0,IVA factura 78196,CF5BB6CF-87ED-2641-96CE-80F4EFE87B88,
GL03113,2025-12-04,2100,Proveedores,0,123516.8,Factura 78196 Hidráulica Industrial S de RL de CV,CF5BB6CF-87ED-2641-96CE-80F4EFE87B88,
GL03114,2025-12-04,6000,Gastos refacciones,50167.8,0,Factura 29992 Transportes Industrial S de RL de CV,BBB53824-6E8B-20AA-25BB-C3F1964EDDD2,
GL03115,2025-12-04,1180,IVA acreditable,8026.85,0,IVA factura 29992,BBB53824-6E8B-20AA-25BB-C3F1964EDDD2,
GL03116,2025-12-04,2100,Proveedores,0,58194.65,Factura 29992 Transportes Industrial S de RL de CV,BBB53824-6E8B-20AA-25BB-C3F1964EDDD2,
GL03117,2025-12-04,2100,Proveedores,83250.65,0,Pago Suministros Guadalupe SA de CV,2A8C585C-4C59-1FD6-36D3-9DF4136292F0,TX00590
GL03118,2025-12-04,1020,Bancos,0,83250.65,Pago Suministros Guadalupe SA de CV,2A8C585C-4C59-1FD6-36D3-9DF4136292F0,TX00590
GL03119,2025-12-04,6000,Gastos servicios,48220.5,0,Factura 16153 Refacciones Industrial S de RL de CV,F6FCC458-E017-8592-502F-8C5F3A4FBC3E,
GL03120,2025-12-04,1180,IVA acreditable,7715.28,0,IVA factura 16153,F6FCC458-E017-8592-502F-8C5F3A4FBC3E,
GL03121,2025-12-04,2100,Proveedores,0,55935.78,Factura 16153 Refacciones Industrial S de RL de CV,F6FCC458-E017-8592-502F-8C5F3A4FBC3E,
GL03122,2025-12-04,1200,Clientes,293756.83,0,Venta 1505 Envases Guerra S de RL de CV,481C0605-45B4-D726-BC6F-39C366331C33,
GL03123,2025-12-04,4000,Ventas,0,253238.65,Venta 1505 Envases Guerra S de RL de CV,481C0605-45B4-D726-BC6F-39C366331C33,
GL03124,2025-12-04,2180,IVA trasladado,0,40518.18,IVA venta 1505,481C0605-45B4-D726-BC6F-39C366331C33,
GL03125,2025-12-05,2100,Proveedores,35568.38,0,Pago Refacciones Industrial S de RL de CV,BFEC75AD-52F6-4B27-BBBE-FEF7FCAB53AE,TX00591
GL03126,2025-12-05,1020,Bancos,0,35568.38,Pago Refacciones Industrial S de RL de CV,BFEC75AD-52F6-4B27-BBBE-FEF7FCAB53AE,TX00591
GL03127,2025-12-05,1200,Clientes,354946.35,0,Venta 1568 Autopartes Guerra SAPI de CV,E766F037-A5B3-7200-8A6A-F4B56A4EAD8B,
GL03128,2025-12-05,4000,Ventas,0,305988.23,Venta 1568 Autopartes Guerra SAPI de CV,E766F037-A5B3-7200-8A6A-F4B56A4EAD8B,
GL03129,2025-12-05,2180,IVA trasladado,0,48958.12,IVA venta 1568,E766F037-A5B3-7200-8A6A-F4B56A4EAD8B,
GL03130,2025-12-05,1200,Clientes,425338.82,0,Venta 1588 Autopartes Chapa SAPI de CV,A629396F-9EFC-7E27-0056-539AB71EFCC6,
GL03131,2025-12-05,4000,Ventas,0,366671.4,Venta 1588 Autopartes Chapa SAPI de CV,A629396F-9EFC-7E27-0056-539AB71EFCC6,
GL03132,2025-12-05,2180,IVA trasladado,0,58667.42,IVA venta 1588,A629396F-9EFC-7E27-0056-539AB71EFCC6,
GL03133,2025-12-08,6000,Gastos consumibles,90789.9,0,Factura 46692 Soldadura Regiomontana S de RL de CV,9FC84F49-E72A-3CDF-5E61-06FEC50BF8AC,
GL03134,2025-12-08,1180,IVA acreditable,14526.38,0,IVA factura 46692,9FC84F49-E72A-3CDF-5E61-06FEC50BF8AC,
GL03135,2025-12-08,2100,Proveedores,0,105316.28,Factura 46692 Soldadura Regiomontana S de RL de CV,9FC84F49-E72A-3CDF-5E61-06FEC50BF8AC,
GL03136,2025-12-08,6000,Gastos logistica,13520.5,0,Factura 77479 Soldadura Guadalupe S de RL de CV,93B62A84-06DF-515F-E9FF-079F62ED2E8F,
GL03137,2025-12-08,1180,IVA acreditable,2163.28,0,IVA factura 77479,93B62A84-06DF-515F-E9FF-079F62ED2E8F,
GL03138,2025-12-08,2100,Proveedores,0,15683.78,Factura 77479 Soldadura Guadalupe S de RL de CV,93B62A84-06DF-515F-E9FF-079F62ED2E8F,
GL03139,2025-12-08,6000,Gastos servicios,29430.5,0,Factura 54474 Metálica San Nicolás SA de CV,A592447E-EAD3-4441-E67A-53C28D7BB667,
GL03140,2025-12-08,1180,IVA acreditable,4708.88,0,IVA factura 54474,A592447E-EAD3-4441-E67A-53C28D7BB667,
GL03141,2025-12-08,2100,Proveedores,0,34139.38,Factura 54474 Metálica San Nicolás SA de CV,A592447E-EAD3-4441-E67A-53C28D7BB667,
GL03142,2025-12-08,6000,Gastos servicios,22717.8,0,Factura 38807 Metálica San Nicolás SA de CV,25BC582D-EEA4-5362-AF33-DC9CCD9DC1E6,
GL03143,2025-12-08,1180,IVA acreditable,3634.85,0,IVA factura 38807,25BC582D-EEA4-5362-AF33-DC9CCD9DC1E6,
GL03144,2025-12-08,2100,Proveedores,0,26352.65,Factura 38807 Metálica San Nicolás SA de CV,25BC582D-EEA4-5362-AF33-DC9CCD9DC1E6,
GL03145,2025-12-08,6000,Gastos refacciones,16430,0,Factura 50014 Herramientas del Norte S de RL de CV,AF701877-B2E3-DFB6-6902-918EF9FCFBCD,
GL03146,2025-12-08,1180,IVA acreditable,2628.8,0,IVA factura 50014,AF701877-B2E3-DFB6-6902-918EF9FCFBCD,
GL03147,2025-12-08,2100,Proveedores,0,19058.8,Factura 50014 Herramientas del Norte S de RL de CV,AF701877-B2E3-DFB6-6902-918EF9FCFBCD,
GL03148,2025-12-08,6000,Gastos consumibles,91799.9,0,Factura 30003 Herramientas del Norte SAPI de CV,C534FFBD-B6C8-70BE-43E0-32805D5614E9,
GL03149,2025-12-08,1180,IVA acreditable,14687.98,0,IVA factura 30003,C534FFBD-B6C8-70BE-43E0-32805D5614E9,
GL03150,2025-12-08,2100,Proveedores,0,106487.88,Factura 30003 Herramientas del Norte SAPI de CV,C534FFBD-B6C8-70BE-43E0-32805D5614E9,
GL03151,2025-12-08,2100,Proveedores,20474.58,0,Pago Grupo Nuevo León SAPI de CV,A693C642-F39C-5841-FE31-D405CDED21C5,TX00592
GL03152,2025-12-08,1020,Bancos,0,20474.58,Pago Grupo Nuevo León SAPI de CV,A693C642-F39C-5841-FE31-D405CDED21C5,TX00592
GL03153,2025-12-08,6000,Gastos materia_prima,24340,0,Factura 22386 Empaques Apodaca SAPI de CV,D6CE8910-DDAA-35FE-51C1-4B6D8C3E142A,
GL03154,2025-12-08,1180,IVA acreditable,3894.4,0,IVA factura 22386,D6CE8910-DDAA-35FE-51C1-4B6D8C3E142A,
GL03155,2025-12-08,2100,Proveedores,0,28234.4,Factura 22386 Empaques Apodaca SAPI de CV,D6CE8910-DDAA-35FE-51C1-4B6D8C3E142A,
GL03156,2025-12-08,2100,Proveedores,12931.45,0,Pago Ferretera Guadalupe S de RL de CV,3E8B2361-14B0-2CF2-FB29-6E06FEEFA6DD,TX00593
GL03157,2025-12-08,1020,Bancos,0,12931.45,Pago Ferretera Guadalupe S de RL de CV,3E8B2361-14B0-2CF2-FB29-6E06FEEFA6DD,TX00593
GL03158,2025-12-08,6000,Gastos materia_prima,13830.5,0,Factura 19810 Pinturas Nuevo León SAPI de CV,46E455EB-552E-42E4-E962-87086E3C6D67,
GL03159,2025-12-08,1180,IVA acreditable,2212.88,0,IVA factura 19810,46E455EB-552E-42E4-E962-87086E3C6D67,
GL03160,2025-12-08,2100,Proveedores,0,16043.38,Factura 19810 Pinturas Nuevo León SAPI de CV,46E455EB-552E-42E4-E962-87086E3C6D67,
GL03161,2025-12-08,2100,Proveedores,17423.08,0,Pago Pinturas Nuevo León SAPI de CV,F114E93A-685E-7DAE-436A-1F70301BA4BB,TX00594
GL03162,2025-12-08,1020,Bancos,0,17423.08,Pago Pinturas Nuevo León SAPI de CV,F114E93A-685E-7DAE-436A-1F70301BA4BB,TX00594
GL03163,2025-12-08,2100,Proveedores,31224.65,0,Pago Pinturas Escobedo S de RL de CV,C26EA1C1-8399-CE69-590E-CC34B0FF7E55,TX00595
GL03164,2025-12-08,1020,Bancos,0,31224.65,Pago Pinturas Escobedo S de RL de CV,C26EA1C1-8399-CE69-590E-CC34B0FF7E55,TX00595
GL03165,2025-12-08,6000,Gastos refacciones,11759.9,0,Factura 74119 Pinturas Escobedo S de RL de CV,83DF11C8-F0BC-0E6E-CD28-800873B57B74,
GL03166,2025-12-08,1180,IVA acreditable,1881.58,0,IVA factura 74119,83DF11C8-F0BC-0E6E-CD28-800873B57B74,
GL03167,2025-12-08,2100,Proveedores,0,13641.48,Factura 74119 Pinturas Escobedo S de RL de CV,83DF11C8-F0BC-0E6E-CD28-800873B57B74,
GL03168,2025-12-08,6000,Gastos refacciones,69162.4,0,Factura 39306 Suministros Guadalupe SA de CV,3E21EB16-B0F1-EA80-E0F6-7FBE0FB9D35C,
GL03169,2025-12-08,1180,IVA acreditable,11065.98,0,IVA factura 39306,3E21EB16-B0F1-EA80-E0F6-7FBE0FB9D35C,
GL03170,2025-12-08,2100,Proveedores,0,80228.38,Factura 39306 Suministros Guadalupe SA de CV,3E21EB16-B0F1-EA80-E0F6-7FBE0FB9D35C,
GL03171,2025-12-08,1200,Clientes,91303.24,0,Venta 1592 Autopartes Chapa SAPI de CV,00E34362-02A1-E8BF-DD3B-5897C2088791,
GL03172,2025-12-08,4000,Ventas,0,78709.69,Venta 1592 Autopartes Chapa SAPI de CV,00E34362-02A1-E8BF-DD3B-5897C2088791,
GL03173,2025-12-08,2180,IVA trasladado,0,12593.55,IVA venta 1592,00E34362-02A1-E8BF-DD3B-5897C2088791,
GL03174,2025-12-08,1200,Clientes,210827.74,0,Venta 1601 Envases Quintanilla S de RL de CV,E547D01C-9703-E772-7B5D-D4327A1FDDD6,
GL03175,2025-12-08,4000,Ventas,0,181748.05,Venta 1601 Envases Quintanilla S de RL de CV,E547D01C-9703-E772-7B5D-D4327A1FDDD6,
GL03176,2025-12-08,2180,IVA trasladado,0,29079.69,IVA venta 1601,E547D01C-9703-E772-7B5D-D4327A1FDDD6,
GL03177,2025-12-09,2100,Proveedores,118612.78,0,Pago Soldadura Regiomontana S de RL de CV,4A1C4E46-AAC5-0535-0F47-69F58DB93FAD,TX00596
GL03178,2025-12-09,1020,Bancos,0,118612.78,Pago Soldadura Regiomontana S de RL de CV,4A1C4E46-AAC5-0535-0F47-69F58DB93FAD,TX00596
GL03179,2025-12-09,6000,Gastos logistica,5500.5,0,Factura 7760 Refacciones Regiomontana SAPI de CV,7F1B5D69-92EF-C534-C85D-843C147DE567,
GL03180,2025-12-09,1180,IVA acreditable,880.08,0,IVA factura 7760,7F1B5D69-92EF-C534-C85D-843C147DE567,
GL03181,2025-12-09,2100,Proveedores,0,6380.58,Factura 7760 Refacciones Regiomontana SAPI de CV,7F1B5D69-92EF-C534-C85D-843C147DE567,
GL03182,2025-12-09,6000,Gastos refacciones,45417.8,0,Factura 26926 Transportes Industrial S de RL de CV,A284EEDA-8B88-5172-BFB1-CC483C969C82,
GL03183,2025-12-09,1180,IVA acreditable,7266.85,0,IVA factura 26926,A284EEDA-8B88-5172-BFB1-CC483C969C82,
GL03184,2025-12-09,2100,Proveedores,0,52684.65,Factura 26926 Transportes Industrial S de RL de CV,A284EEDA-8B88-5172-BFB1-CC483C969C82,
GL03185,2025-12-09,1200,Clientes,287849.59,0,Venta 1569 Autopartes Guerra SAPI de CV,3182821D-BDA3-2DF7-B5BE-DCFD77AD5756,
GL03186,2025-12-09,4000,Ventas,0,248146.2,Venta 1569 Autopartes Guerra SAPI de CV,3182821D-BDA3-2DF7-B5BE-DCFD77AD5756,
GL03187,2025-12-09,2180,IVA trasladado,0,39703.39,IVA venta 1569,3182821D-BDA3-2DF7-B5BE-DCFD77AD5756,
GL03188,2025-12-10,2100,Proveedores,62570.28,0,Pago Hidráulica Industrial S de RL de CV,40A2DB9B-5978-69D2-A8AD-5F5812F4B270,TX00597
GL03189,2025-12-10,1020,Bancos,0,62570.28,Pago Hidráulica Industrial S de RL de CV,40A2DB9B-5978-69D2-A8AD-5F5812F4B270,TX00597
GL03190,2025-12-10,2100,Proveedores,59774.68,0,Pago Transportes Industrial S de RL de CV,FDC165D3-3D4C-F7E3-B963-46E4007A5108,TX00598
GL03191,2025-12-10,1020,Bancos,0,59774.68,Pago Transportes Industrial S de RL de CV,FDC165D3-3D4C-F7E3-B963-46E4007A5108,TX00598
GL03192,2025-12-10,2100,Proveedores,5904.28,0,Pago Ferretera Guadalupe S de RL de CV,99595042-76B4-B134-8A30-2BAB06577CB0,TX00599
GL03193,2025-12-10,1020,Bancos,0,5904.28,Pago Ferretera Guadalupe S de RL de CV,99595042-76B4-B134-8A30-2BAB06577CB0,TX00599
GL03194,2025-12-10,6000,Gastos servicios,52900,0,Factura 18042 Refacciones Industrial S de RL de CV,FDF79877-7A17-87EF-84EE-FD874661CFAB,
GL03195,2025-12-10,1180,IVA acreditable,8464.0,0,IVA factura 18042,FDF79877-7A17-87EF-84EE-FD874661CFAB,
GL03196,2025-12-10,2100,Proveedores,0,61364.0,Factura 18042 Refacciones Industrial S de RL de CV,FDF79877-7A17-87EF-84EE-FD874661CFAB,
GL03197,2025-12-10,1020,Bancos,146366.29,0,Cobro Envases Quintanilla S de RL de CV,13927C17-3D66-AF2C-5D9D-B096DDBF5B80,TX00600
GL03198,2025-12-10,1200,Clientes,0,146366.29,Cobro Envases Quintanilla S de RL de CV,13927C17-3D66-AF2C-5D9D-B096DDBF5B80,TX00600
GL03199,2025-12-10,2100,Proveedores,87000.0,0,Pago Servicios de México SA de CV,A833221F-F777-C7A8-0635-0D03443BF44B,TX00601
GL03200,2025-12-10,1020,Bancos,0,87000.0,Pago Servicios de México SA de CV,A833221F-F777-C7A8-0635-0D03443BF44B,TX00601
GL03201,2025-12-11,2100,Proveedores,84714.8,0,Pago Distribuidora del Norte S de RL de CV,F63ACDFA-92E6-0629-DA2D-47D112966A79,TX00602
GL03202,2025-12-11,1020,Bancos,0,84714.8,Pago Distribuidora del Norte S de RL de CV,F63ACDFA-92E6-0629-DA2D-47D112966A79,TX00602
GL03203,2025-12-11,2100,Proveedores,28988.28,0,Pago Hidráulica Nuevo León SAPI de CV,A5326684-D210-1E03-7609-E7940747F9C6,TX00603
GL03204,2025-12-11,1020,Bancos,0,28988.28,Pago Hidráulica Nuevo León SAPI de CV,A5326684-D210-1E03-7609-E7940747F9C6,TX00603
GL03205,2025-12-11,6000,Gastos consumibles,186212.4,0,Factura 77992 Ferretera Santa Catarina SAPI de CV,E5575A19-3AD2-98A9-7F62-A6DF14E96CFC,
GL03206,2025-12-11,1180,IVA acreditable,29793.98,0,IVA factura 77992,E5575A19-3AD2-98A9-7F62-A6DF14E96CFC,
GL03207,2025-12-11,2100,Proveedores,0,216006.38,Factura 77992 Ferretera Santa Catarina SAPI de CV,E5575A19-3AD2-98A9-7F62-A6DF14E96CFC,
GL03208,2025-12-11,2100,Proveedores,51330.58,0,Pago Hidráulica Industrial S de RL de CV,171759C6-4DCC-FF8C-0EF9-BF8B20A33A28,TX00604
GL03209,2025-12-11,1020,Bancos,0,51330.58,Pago Hidráulica Industrial S de RL de CV,171759C6-4DCC-FF8C-0EF9-BF8B20A33A28,TX00604
GL03210,2025-12-11,1020,Bancos,121577.69,0,Cobro Construcciones Sada S de RL de CV,55861A86-978A-0862-FB3E-13FA2874C9AE,TX00605
GL03211,2025-12-11,1200,Clientes,0,121577.69,Cobro Construcciones Sada S de RL de CV,55861A86-978A-0862-FB3E-13FA2874C9AE,TX00605
GL03212,2025-12-12,1200,Clientes,396631.91,0,Venta 1515 Envases Chapa S de RL de CV,FBE4213C-5635-9EA0-6345-35639605F430,
GL03213,2025-12-12,4000,Ventas,0,341924.06,Venta 1515 Envases Chapa S de RL de CV,FBE4213C-5635-9EA0-6345-35639605F430,
GL03214,2025-12-12,2180,IVA trasladado,0,54707.85,IVA venta 1515,FBE4213C-5635-9EA0-6345-35639605F430,
GL03215,2025-12-12,6000,Gastos consumibles,1883.04,0,Factura 68484 Soldadura Regiomontana S de RL de CV,434C4978-DF15-5507-0078-2EA3337EB129,
GL03216,2025-12-12,1180,IVA acreditable,301.29,0,IVA factura 68484,434C4978-DF15-5507-0078-2EA3337EB129,
GL03217,2025-12-12,2100,Proveedores,0,2184.33,Factura 68484 Soldadura Regiomontana S de RL de CV,434C4978-DF15-5507-0078-2EA3337EB129,
GL03218,2025-12-15,2100,Proveedores,28115.85,0,Pago Metálica del Norte S de RL de CV,BDA99833-C33D-933A-84F5-1C358197B090,TX00606
GL03219,2025-12-15,1020,Bancos,0,28115.85,Pago Metálica del Norte S de RL de CV,BDA99833-C33D-933A-84F5-1C358197B090,TX00606
GL03220,2025-12-15,2100,Proveedores,35461.08,0,Pago Metálica San Nicolás SA de CV,40D21963-DC53-89A8-8E9C-1B31172CA7F0,TX00607
GL03221,2025-12-15,1020,Bancos,0,35461.08,Pago Metálica San Nicolás SA de CV,40D21963-DC53-89A8-8E9C-1B31172CA7F0,TX00607
GL03222,2025-12-15,6000,Gastos servicios,18130.5,0,Factura 24945 Metálica San Nicolás SA de CV,D283975A-48D0-6298-269C-ADE675B3E36B,
GL03223,2025-12-15,1180,IVA acreditable,2900.88,0,IVA factura 24945,D283975A-48D0-6298-269C-ADE675B3E36B,
GL03224,2025-12-15,2100,Proveedores,0,21031.38,Factura 24945 Metálica San Nicolás SA de CV,D283975A-48D0-6298-269C-ADE675B3E36B,
GL03225,2025-12-15,6000,Gastos logistica,7330.5,0,Factura 75452 Suministros Guadalupe SA de CV,03CBBA55-5357-E99C-ADF6-484BE40EDE4A,
GL03226,2025-12-15,1180,IVA acreditable,1172.88,0,IVA factura 75452,03CBBA55-5357-E99C-ADF6-484BE40EDE4A,
GL03227,2025-12-15,2100,Proveedores,0,8503.38,Factura 75452 Suministros Guadalupe SA de CV,03CBBA55-5357-E99C-ADF6-484BE40EDE4A,
GL03228,2025-12-15,2100,Proveedores,15094.38,0,Pago Suministros Guadalupe SA de CV,1BF3F43E-48C7-6796-88F9-90063D22F860,TX00608
GL03229,2025-12-15,1020,Bancos,0,15094.38,Pago Suministros Guadalupe SA de CV,1BF3F43E-48C7-6796-88F9-90063D22F860,TX00608
GL03230,2025-12-15,6000,Gastos materia_prima,25020,0,Factura 73980 Empaques Apodaca SAPI de CV,3A806214-86FF-C22F-43AF-50C810D2C82B,
GL03231,2025-12-15,1180,IVA acreditable,4003.2,0,IVA factura 73980,3A806214-86FF-C22F-43AF-50C810D2C82B,
GL03232,2025-12-15,2100,Proveedores,0,29023.2,Factura 73980 Empaques Apodaca SAPI de CV,3A806214-86FF-C22F-43AF-50C810D2C82B,
GL03233,2025-12-15,2100,Proveedores,24615.2,0,Pago Empaques Apodaca SAPI de CV,6D111FBE-F0B7-4BDB-736E-EF368A1ABE8B,TX00609
GL03234,2025-12-15,1020,Bancos,0,24615.2,Pago Empaques Apodaca SAPI de CV,6D111FBE-F0B7-4BDB-736E-EF368A1ABE8B,TX00609
GL03235,2025-12-15,6000,Gastos servicios,9019.9,0,Factura 14372 Ferretera Guadalupe S de RL de CV,7BA4B58A-EDE6-F9EB-EEA4-BC777D5F6789,
GL03236,2025-12-15,1180,IVA acreditable,1443.18,0,IVA factura 14372,7BA4B58A-EDE6-F9EB-EEA4-BC777D5F6789,
GL03237,2025-12-15,2100,Proveedores,0,10463.08,Factura 14372 Ferretera Guadalupe S de RL de CV,7BA4B58A-EDE6-F9EB-EEA4-BC777D5F6789,
GL03238,2025-12-15,6000,Gastos materia_prima,22707.8,0,Factura 56720 Pinturas Nuevo León SAPI de CV,8170AD86-80B3-49EA-673A-E4213DA0F6AC,
GL03239,2025-12-15,1180,IVA acreditable,3633.25,0,IVA factura 56720,8170AD86-80B3-49EA-673A-E4213DA0F6AC,
GL03240,2025-12-15,2100,Proveedores,0,26341.05,Factura 56720 Pinturas Nuevo León SAPI de CV,8170AD86-80B3-49EA-673A-E4213DA0F6AC,
GL03241,2025-12-15,1200,Clientes,450764.3,0,Venta 1555 Envases Hernández SAPI de CV,B506A4C1-3BDF-42AC-5C42-1F3B1F2F1F97,
GL03242,2025-12-15,4000,Ventas,0,388589.91,Venta 1555 Envases Hernández SAPI de CV,B506A4C1-3BDF-42AC-5C42-1F3B1F2F1F97,
GL03243,2025-12-15,2180,IVA trasladado,0,62174.39,IVA venta 1555,B506A4C1-3BDF-42AC-5C42-1F3B1F2F1F97,
GL03244,2025-12-15,6000,Gastos logistica,16782.53,0,Factura 15026 Herramientas Regiomontana SA de CV,BF54DA5F-94DB-B548-37D6-FE4F78C3F841,
GL03245,2025-12-15,1180,IVA acreditable,2685.2,0,IVA factura 15026,BF54DA5F-94DB-B548-37D6-FE4F78C3F841,
GL03246,2025-12-15,2100,Proveedores,0,19467.73,Factura 15026 Herramientas Regiomontana SA de CV,BF54DA5F-94DB-B548-37D6-FE4F78C3F841,
GL03247,2025-12-16,2100,Proveedores,19719.88,0,Pago Herramientas del Norte S de RL de CV,C02FB522-1FA4-2779-CF35-BFEB7A5D33D5,TX00610
GL03248,2025-12-16,1020,Bancos,0,19719.88,Pago Herramientas del Norte S de RL de CV,C02FB522-1FA4-2779-CF35-BFEB7A5D33D5,TX00610
GL03249,2025-12-16,6000,Gastos refacciones,101359.9,0,Factura 35745 Maquinados del Norte SAPI de CV,9603D712-8C7A-2469-2245-6295D51AF221,
GL03250,2025-12-16,1180,IVA acreditable,16217.58,0,IVA factura 35745,9603D712-8C7A-2469-2245-6295D51AF221,
GL03251,2025-12-16,2100,Proveedores,0,117577.48,Factura 35745 Maquinados del Norte SAPI de CV,9603D712-8C7A-2469-2245-6295D51AF221,
GL03252,2025-12-16,2100,Proveedores,79933.05,0,Pago Empaques del Norte SAPI de CV,88E67482-6092-B67B-B67E-67304B95B6C3,TX00611
GL03253,2025-12-16,1020,Bancos,0,79933.05,Pago Empaques del Norte SAPI de CV,88E67482-6092-B67B-B67E-67304B95B6C3,TX00611
GL03254,2025-12-17,2100,Proveedores,12748.28,0,Pago Servicios Santa Catarina SAPI de CV,8AA6E277-5142-71E6-8C69-BFC0E1507E58,TX00612
GL03255,2025-12-17,1020,Bancos,0,12748.28,Pago Servicios Santa Catarina SAPI de CV,8AA6E277-5142-71E6-8C69-BFC0E1507E58,TX00612
GL03256,2025-12-17,6000,Gastos materia_prima,13059.9,0,Factura 70849 Pinturas Nuevo León SAPI de CV,44464387-91FB-C621-A47E-9AAF441C7FD0,
GL03257,2025-12-17,1180,IVA acreditable,2089.58,0,IVA factura 70849,44464387-91FB-C621-A47E-9AAF441C7FD0,
GL03258,2025-12-17,2100,Proveedores,0,15149.48,Factura 70849 Pinturas Nuevo León SAPI de CV,44464387-91FB-C621-A47E-9AAF441C7FD0,
GL03259,2025-12-17,6000,Gastos refacciones,25440,0,Factura 86234 Pinturas Escobedo S de RL de CV,84B986EB-E48B-7EA4-B50B-1083BBFF5548,
GL03260,2025-12-17,1180,IVA acreditable,4070.4,0,IVA factura 86234,84B986EB-E48B-7EA4-B50B-1083BBFF5548,
GL03261,2025-12-17,2100,Proveedores,0,29510.4,Factura 86234 Pinturas Escobedo S de RL de CV,84B986EB-E48B-7EA4-B50B-1083BBFF5548,
GL03262,2025-12-17,1200,Clientes,260682.22,0,Venta 1502 Envases Guerra S de RL de CV,37C41846-D5CB-D207-31CC-FF45B346F3AA,
GL03263,2025-12-17,4000,Ventas,0,224726.05,Venta 1502 Envases Guerra S de RL de CV,37C41846-D5CB-D207-31CC-FF45B346F3AA,
GL03264,2025-12-17,2180,IVA trasladado,0,35956.17,IVA venta 1502,37C41846-D5CB-D207-31CC-FF45B346F3AA,
GL03265,2025-12-17,1020,Bancos,88242.53,0,Cobro Grupo Chapa S de RL de CV,BCF1399D-3FFB-34E6-6543-1AF273DBB243,TX00613
GL03266,2025-12-17,1200,Clientes,0,88242.53,Cobro Grupo Chapa S de RL de CV,BCF1399D-3FFB-34E6-6543-1AF273DBB243,TX00613
GL03267,2025-12-18,6000,Gastos renta_util,74490,0,Factura 90593 Distribuidora del Norte S de RL de CV,19D36F4F-9684-8C23-78D8-DD418FAE401C,
GL03268,2025-12-18,1180,IVA acreditable,11918.4,0,IVA factura 90593,19D36F4F-9684-8C23-78D8-DD418FAE401C,
GL03269,2025-12-18,2100,Proveedores,0,86408.4,Factura 90593 Distribuidora del Norte S de RL de CV,19D36F4F-9684-8C23-78D8-DD418FAE401C,
GL03270,2025-12-18,2100,Proveedores,108005.05,0,Pago Distribuidora del Norte S de RL de CV,02992946-B69F-37FB-2297-3926B240D7BA,TX00614
GL03271,2025-12-18,1020,Bancos,0,108005.05,Pago Distribuidora del Norte S de RL de CV,02992946-B69F-37FB-2297-3926B240D7BA,TX00614
GL03272,2025-12-18,6000,Gastos renta_util,32699.9,0,Factura 6544 Metálica del Norte S de RL de CV,141A57D2-4007-245B-CF4C-E615A8EF2092,
GL03273,2025-12-18,1180,IVA acreditable,5231.98,0,IVA factura 6544,141A57D2-4007-245B-CF4C-E615A8EF2092,
GL03274,2025-12-18,2100,Proveedores,0,37931.88,Factura 6544 Metálica del Norte S de RL de CV,141A57D2-4007-245B-CF4C-E615A8EF2092,
GL03275,2025-12-18,2100,Proveedores,47385.88,0,Pago Servicios Nuevo León SA de CV,9AA66C3E-C72C-1D99-F646-AC33DBAB42A2,TX00615
GL03276,2025-12-18,1020,Bancos,0,47385.88,Pago Servicios Nuevo León SA de CV,9AA66C3E-C72C-1D99-F646-AC33DBAB42A2,TX00615
GL03277,2025-12-18,2100,Proveedores,66421.48,0,Pago Herramientas del Norte SAPI de CV,D1E04292-2A23-8262-2C5F-56D140477989,TX00616
GL03278,2025-12-18,1020,Bancos,0,66421.48,Pago Herramientas del Norte SAPI de CV,D1E04292-2A23-8262-2C5F-56D140477989,TX00616
GL03279,2025-12-18,1020,Bancos,52910.89,0,Cobro Grupo Martínez SA de CV,E87556BD-6C58-94EF-608B-D3C305FE85C9,TX00617
GL03280,2025-12-18,1200,Clientes,0,52910.89,Cobro Grupo Martínez SA de CV,E87556BD-6C58-94EF-608B-D3C305FE85C9,TX00617
GL03281,2025-12-18,2100,Proveedores,5413.55,0,Pago Herramientas Regiomontana SA de CV,1779BFFE-E8E6-3CDF-41CE-3815B17BD4F5,TX00618
GL03282,2025-12-18,1020,Bancos,0,5413.55,Pago Herramientas Regiomontana SA de CV,1779BFFE-E8E6-3CDF-41CE-3815B17BD4F5,TX00618
GL03283,2025-12-19,2100,Proveedores,97231.78,0,Pago Distribuidora del Norte S de RL de CV,519500EB-F084-A80F-9232-18B5138038F0,TX00619
GL03284,2025-12-19,1020,Bancos,0,97231.78,Pago Distribuidora del Norte S de RL de CV,519500EB-F084-A80F-9232-18B5138038F0,TX00619
GL03285,2025-12-19,6000,Gastos materia_prima,11977.8,0,Factura 45563 Hidráulica Nuevo León SAPI de CV,8D29A2F0-F251-844A-06B2-9B4E98E61D70,
GL03286,2025-12-19,1180,IVA acreditable,1916.45,0,IVA factura 45563,8D29A2F0-F251-844A-06B2-9B4E98E61D70,
GL03287,2025-12-19,2100,Proveedores,0,13894.25,Factura 45563 Hidráulica Nuevo León SAPI de CV,8D29A2F0-F251-844A-06B2-9B4E98E61D70,
GL03288,2025-12-19,2100,Proveedores,16472.58,0,Pago Ferretera Guadalupe S de RL de CV,B4E4AEB7-8064-03F6-572C-A2591DEC4894,TX00620
GL03289,2025-12-19,1020,Bancos,0,16472.58,Pago Ferretera Guadalupe S de RL de CV,B4E4AEB7-8064-03F6-572C-A2591DEC4894,TX00620
GL03290,2025-12-19,6000,Gastos servicios,8932.4,0,Factura 98698 Ferretera Guadalupe S de RL de CV,F3845650-C139-28F2-0DF2-92298332D7BF,
GL03291,2025-12-19,1180,IVA acreditable,1429.18,0,IVA factura 98698,F3845650-C139-28F2-0DF2-92298332D7BF,
GL03292,2025-12-19,2100,Proveedores,0,10361.58,Factura 98698 Ferretera Guadalupe S de RL de CV,F3845650-C139-28F2-0DF2-92298332D7BF,
GL03293,2025-12-19,6000,Gastos materia_prima,23690.5,0,Factura 69965 Pinturas Nuevo León SAPI de CV,D0B2DA52-544A-AEAD-FB02-D41FE978DBDE,
GL03294,2025-12-19,1180,IVA acreditable,3790.48,0,IVA factura 69965,D0B2DA52-544A-AEAD-FB02-D41FE978DBDE,
GL03295,2025-12-19,2100,Proveedores,0,27480.98,Factura 69965 Pinturas Nuevo León SAPI de CV,D0B2DA52-544A-AEAD-FB02-D41FE978DBDE,
GL03296,2025-12-19,2100,Proveedores,32097.2,0,Pago Suministros Guadalupe SA de CV,CBC5023E-EB39-12CA-7093-05C23D0E9C6E,TX00621
GL03297,2025-12-19,1020,Bancos,0,32097.2,Pago Suministros Guadalupe SA de CV,CBC5023E-EB39-12CA-7093-05C23D0E9C6E,TX00621
GL03298,2025-12-19,6000,Gastos servicios,44989.9,0,Factura 4780 Empaques del Norte SAPI de CV,45895CE3-2CB2-00FF-4148-5196F0248197,
GL03299,2025-12-19,1180,IVA acreditable,7198.38,0,IVA factura 4780,45895CE3-2CB2-00FF-4148-5196F0248197,
GL03300,2025-12-19,2100,Proveedores,0,52188.28,Factura 4780 Empaques del Norte SAPI de CV,45895CE3-2CB2-00FF-4148-5196F0248197,
GL03301,2025-12-19,1200,Clientes,336693.8,0,Venta 1524 Autopartes Quintanilla S de RL de CV,93EA2AAD-6D6B-B983-B857-31231C038896,
GL03302,2025-12-19,4000,Ventas,0,290253.28,Venta 1524 Autopartes Quintanilla S de RL de CV,93EA2AAD-6D6B-B983-B857-31231C038896,
GL03303,2025-12-19,2180,IVA trasladado,0,46440.52,IVA venta 1524,93EA2AAD-6D6B-B983-B857-31231C038896,
GL03304,2025-12-22,2100,Proveedores,4526.78,0,Pago Soldadura Guadalupe S de RL de CV,05D02F7D-8CA5-39DB-B0E6-2DD0C6CF20A2,TX00622
GL03305,2025-12-22,1020,Bancos,0,4526.78,Pago Soldadura Guadalupe S de RL de CV,05D02F7D-8CA5-39DB-B0E6-2DD0C6CF20A2,TX00622
GL03306,2025-12-22,6000,Gastos servicios,41490,0,Factura 28836 Metálica San Nicolás SA de CV,2CF5CAAA-4E15-7D8C-9AB8-FFC5050483C9,
GL03307,2025-12-22,1180,IVA acreditable,6638.4,0,IVA factura 28836,2CF5CAAA-4E15-7D8C-9AB8-FFC5050483C9,
GL03308,2025-12-22,2100,Proveedores,0,48128.4,Factura 28836 Metálica San Nicolás SA de CV,2CF5CAAA-4E15-7D8C-9AB8-FFC5050483C9,
GL03309,2025-12-22,6000,Gastos servicios,50070.5,0,Factura 52319 Grupo San Nicolás SA de CV,25DDF711-91C4-9F8C-AF6B-BBAD4C9FA691,
GL03310,2025-12-22,1180,IVA acreditable,8011.28,0,IVA factura 52319,25DDF711-91C4-9F8C-AF6B-BBAD4C9FA691,
GL03311,2025-12-22,2100,Proveedores,0,58081.78,Factura 52319 Grupo San Nicolás SA de CV,25DDF711-91C4-9F8C-AF6B-BBAD4C9FA691,
GL03312,2025-12-22,2100,Proveedores,4153.38,0,Pago Suministros Guadalupe SA de CV,0B595EA1-21AD-8A70-64D3-BBA6CCD18499,TX00623
GL03313,2025-12-22,1020,Bancos,0,4153.38,Pago Suministros Guadalupe SA de CV,0B595EA1-21AD-8A70-64D3-BBA6CCD18499,TX00623
GL03314,2025-12-22,6000,Gastos servicios,61710.5,0,Factura 96558 Hidráulica Industrial S de RL de CV,F4C54EAC-FB25-FD48-5CFD-6CBB988191C2,
GL03315,2025-12-22,1180,IVA acreditable,9873.68,0,IVA factura 96558,F4C54EAC-FB25-FD48-5CFD-6CBB988191C2,
GL03316,2025-12-22,2100,Proveedores,0,71584.18,Factura 96558 Hidráulica Industrial S de RL de CV,F4C54EAC-FB25-FD48-5CFD-6CBB988191C2,
GL03317,2025-12-22,2100,Proveedores,27457.2,0,Pago Empaques Apodaca SAPI de CV,741D5566-6769-3123-8526-22B5C019DAA0,TX00624
GL03318,2025-12-22,1020,Bancos,0,27457.2,Pago Empaques Apodaca SAPI de CV,741D5566-6769-3123-8526-22B5C019DAA0,TX00624
GL03319,2025-12-22,2100,Proveedores,19708.4,0,Pago Pinturas Nuevo León SAPI de CV,0E466DBE-7EBC-E414-C4A0-499F6BC64D98,TX00625
GL03320,2025-12-22,1020,Bancos,0,19708.4,Pago Pinturas Nuevo León SAPI de CV,0E466DBE-7EBC-E414-C4A0-499F6BC64D98,TX00625
GL03321,2025-12-22,2100,Proveedores,122693.2,0,Pago Suministros Guadalupe SA de CV,514BE8E7-DEFC-31BB-5ECB-E93142DE3544,TX00626
GL03322,2025-12-22,1020,Bancos,0,122693.2,Pago Suministros Guadalupe SA de CV,514BE8E7-DEFC-31BB-5ECB-E93142DE3544,TX00626
GL03323,2025-12-22,2100,Proveedores,30902.4,0,Pago Empaques del Norte SAPI de CV,D6495B7D-714E-11AB-03E5-3338C7477392,TX00627
GL03324,2025-12-22,1020,Bancos,0,30902.4,Pago Empaques del Norte SAPI de CV,D6495B7D-714E-11AB-03E5-3338C7477392,TX00627
GL03325,2025-12-22,2100,Proveedores,58000.0,0,Pago Servicios de México SA de CV,3159AF5F-93CA-C47B-3D45-116D2864C624,TX00628
GL03326,2025-12-22,1020,Bancos,0,58000.0,Pago Servicios de México SA de CV,3159AF5F-93CA-C47B-3D45-116D2864C624,TX00628
GL03327,2025-12-23,2100,Proveedores,77732.18,0,Pago Soldadura Regiomontana S de RL de CV,3ADEC602-85D4-8CF5-BAB1-4BC691733BA2,TX00629
GL03328,2025-12-23,1020,Bancos,0,77732.18,Pago Soldadura Regiomontana S de RL de CV,3ADEC602-85D4-8CF5-BAB1-4BC691733BA2,TX00629
GL03329,2025-12-24,2100,Proveedores,49903.2,0,Pago Metálica San Nicolás SA de CV,8C337BA4-994F-4894-67DD-2FAF32015B7E,TX00630
GL03330,2025-12-24,1020,Bancos,0,49903.2,Pago Metálica San Nicolás SA de CV,8C337BA4-994F-4894-67DD-2FAF32015B7E,TX00630
GL03331,2025-12-24,2100,Proveedores,111267.78,0,Pago Refacciones Industrial S de RL de CV,DF3A23A0-6EF0-2FBD-97C3-D137D7BF0A6B,TX00631
GL03332,2025-12-24,1020,Bancos,0,111267.78,Pago Refacciones Industrial S de RL de CV,DF3A23A0-6EF0-2FBD-97C3-D137D7BF0A6B,TX00631
GL03333,2025-12-25,2100,Proveedores,5814.38,0,Pago Suministros Guadalupe SA de CV,2C04A287-AAAB-D1FE-5724-4E76CCB71BD2,TX00632
GL03334,2025-12-25,1020,Bancos,0,5814.38,Pago Suministros Guadalupe SA de CV,2C04A287-AAAB-D1FE-5724-4E76CCB71BD2,TX00632
GL03335,2025-12-25,2100,Proveedores,27958.78,0,Pago Empaques Apodaca SAPI de CV,1672CEF6-21BE-6AAD-E094-09FBB83B06BF,TX00633
GL03336,2025-12-25,1020,Bancos,0,27958.78,Pago Empaques Apodaca SAPI de CV,1672CEF6-21BE-6AAD-E094-09FBB83B06BF,TX00633
GL03337,2025-12-26,1020,Bancos,430481.9,0,Cobro Autopartes Quintanilla S de RL de CV,FF66AB3D-7374-BFB9-EEED-6C4768AA50E8,TX00634
GL03338,2025-12-26,1200,Clientes,0,430481.9,Cobro Autopartes Quintanilla S de RL de CV,FF66AB3D-7374-BFB9-EEED-6C4768AA50E8,TX00634
GL03339,2025-12-26,1020,Bancos,291455.63,0,Cobro Grupo Quintanilla S de RL de CV,6232F02A-0C1C-E4C3-E0F7-DD748991A3B7,TX00635
GL03340,2025-12-26,1200,Clientes,0,291455.63,Cobro Grupo Quintanilla S de RL de CV,6232F02A-0C1C-E4C3-E0F7-DD748991A3B7,TX00635
GL03341,2025-12-29,2100,Proveedores,26352.65,0,Pago Metálica San Nicolás SA de CV,25BC582D-EEA4-5362-AF33-DC9CCD9DC1E6,TX00636
GL03342,2025-12-29,1020,Bancos,0,26352.65,Pago Metálica San Nicolás SA de CV,25BC582D-EEA4-5362-AF33-DC9CCD9DC1E6,TX00636
GL03343,2025-12-29,2100,Proveedores,18386.58,0,Pago Empaques Apodaca SAPI de CV,CFD08077-5D7F-5A51-5578-82768F052278,TX00637
GL03344,2025-12-29,1020,Bancos,0,18386.58,Pago Empaques Apodaca SAPI de CV,CFD08077-5D7F-5A51-5578-82768F052278,TX00637
GL03345,2025-12-29,2100,Proveedores,61364.0,0,Pago Refacciones Industrial S de RL de CV,FDF79877-7A17-87EF-84EE-FD874661CFAB,TX00638
GL03346,2025-12-29,1020,Bancos,0,61364.0,Pago Refacciones Industrial S de RL de CV,FDF79877-7A17-87EF-84EE-FD874661CFAB,TX00638
GL03347,2025-12-29,1020,Bancos,411688.26,0,Cobro Envases Guerra S de RL de CV,0EE127F7-8F70-4037-51B4-904699B9AA56,TX00639
GL03348,2025-12-29,1200,Clientes,0,411688.26,Cobro Envases Guerra S de RL de CV,0EE127F7-8F70-4037-51B4-904699B9AA56,TX00639
GL03349,2025-12-29,1020,Bancos,425338.82,0,Cobro Autopartes Chapa SAPI de CV,A629396F-9EFC-7E27-0056-539AB71EFCC6,TX00640
GL03350,2025-12-29,1200,Clientes,0,425338.82,Cobro Autopartes Chapa SAPI de CV,A629396F-9EFC-7E27-0056-539AB71EFCC6,TX00640
GL03351,2025-12-29,1020,Bancos,73729.48,0,Cobro Construcciones Sada S de RL de CV,5ADCDC5C-5655-023F-F581-F8AEEE99E8E3,TX00641
GL03352,2025-12-29,1200,Clientes,0,73729.48,Cobro Construcciones Sada S de RL de CV,5ADCDC5C-5655-023F-F581-F8AEEE99E8E3,TX00641
GL03353,2025-12-29,6100,Sueldos y salarios,430820.06,0,Nómina,,TX00642
GL03354,2025-12-29,1020,Bancos,0,430820.06,Nómina,,TX00642
GL03355,2025-12-30,2100,Proveedores,21031.38,0,Pago Metálica San Nicolás SA de CV,D283975A-48D0-6298-269C-ADE675B3E36B,TX00643
GL03356,2025-12-30,1020,Bancos,0,21031.38,Pago Metálica San Nicolás SA de CV,D283975A-48D0-6298-269C-ADE675B3E36B,TX00643
GL03357,2025-12-30,2100,Proveedores,14128.8,0,Pago Refacciones Santa Catarina S de RL de CV,F4F74AAA-32B7-9C95-C414-BFB44DF7B92E,TX00644
GL03358,2025-12-30,1020,Bancos,0,14128.8,Pago Refacciones Santa Catarina S de RL de CV,F4F74AAA-32B7-9C95-C414-BFB44DF7B92E,TX00644
GL03359,2025-12-31,2100,Proveedores,86408.4,0,Pago Distribuidora del Norte S de RL de CV,19D36F4F-9684-8C23-78D8-DD418FAE401C,TX00645
GL03360,2025-12-31,1020,Bancos,0,86408.4,Pago Distribuidora del Norte S de RL de CV,19D36F4F-9684-8C23-78D8-DD418FAE401C,TX00645
GL03361,2025-12-31,2100,Proveedores,88963.18,0,Pago Distribuidora del Norte S de RL de CV,8E6E086F-60EC-7182-A364-1266492F1789,TX00646
GL03362,2025-12-31,1020,Bancos,0,88963.18,Pago Distribuidora del Norte S de RL de CV,8E6E086F-60EC-7182-A364-1266492F1789,TX00646
GL03363,2025-12-31,2100,Proveedores,105316.28,0,Pago Soldadura Regiomontana S de RL de CV,9FC84F49-E72A-3CDF-5E61-06FEC50BF8AC,TX00647
GL03364,2025-12-31,1020,Bancos,0,105316.28,Pago Soldadura Regiomontana S de RL de CV,9FC84F49-E72A-3CDF-5E61-06FEC50BF8AC,TX00647
GL03365,2025-12-31,2100,Proveedores,72210.58,0,Pago Soldadura Regiomontana S de RL de CV,6E16321F-32A2-59D4-5C76-09E0D775EA70,TX00648
GL03366,2025-12-31,1020,Bancos,0,72210.58,Pago Soldadura Regiomontana S de RL de CV,6E16321F-32A2-59D4-5C76-09E0D775EA70,TX00648
GL03367,2025-12-31,2100,Proveedores,6380.58,0,Pago Refacciones Regiomontana SAPI de CV,7F1B5D69-92EF-C534-C85D-843C147DE567,TX00649
GL03368,2025-12-31,1020,Bancos,0,6380.58,Pago Refacciones Regiomontana SAPI de CV,7F1B5D69-92EF-C534-C85D-843C147DE567,TX00649
GL03369,2025-12-31,2100,Proveedores,37931.88,0,Pago Metálica del Norte S de RL de CV,141A57D2-4007-245B-CF4C-E615A8EF2092,TX00650
GL03370,2025-12-31,1020,Bancos,0,37931.88,Pago Metálica del Norte S de RL de CV,141A57D2-4007-245B-CF4C-E615A8EF2092,TX00650
GL03371,2025-12-31,2100,Proveedores,15683.78,0,Pago Soldadura Guadalupe S de RL de CV,93B62A84-06DF-515F-E9FF-079F62ED2E8F,TX00651
GL03372,2025-12-31,1020,Bancos,0,15683.78,Pago Soldadura Guadalupe S de RL de CV,93B62A84-06DF-515F-E9FF-079F62ED2E8F,TX00651
GL03373,2025-12-31,2100,Proveedores,34139.38,0,Pago Metálica San Nicolás SA de CV,A592447E-EAD3-4441-E67A-53C28D7BB667,TX00652
GL03374,2025-12-31,1020,Bancos,0,34139.38,Pago Metálica San Nicolás SA de CV,A592447E-EAD3-4441-E67A-53C28D7BB667,TX00652
GL03375,2025-12-31,2100,Proveedores,48128.4,0,Pago Metálica San Nicolás SA de CV,2CF5CAAA-4E15-7D8C-9AB8-FFC5050483C9,TX00653
GL03376,2025-12-31,1020,Bancos,0,48128.4,Pago Metálica San Nicolás SA de CV,2CF5CAAA-4E15-7D8C-9AB8-FFC5050483C9,TX00653
GL03377,2025-12-31,2100,Proveedores,58081.78,0,Pago Grupo San Nicolás SA de CV,25DDF711-91C4-9F8C-AF6B-BBAD4C9FA691,TX00654
GL03378,2025-12-31,1020,Bancos,0,58081.78,Pago Grupo San Nicolás SA de CV,25DDF711-91C4-9F8C-AF6B-BBAD4C9FA691,TX00654
GL03379,2025-12-31,2100,Proveedores,8503.38,0,Pago Suministros Guadalupe SA de CV,03CBBA55-5357-E99C-ADF6-484BE40EDE4A,TX00655
GL03380,2025-12-31,1020,Bancos,0,8503.38,Pago Suministros Guadalupe SA de CV,03CBBA55-5357-E99C-ADF6-484BE40EDE4A,TX00655
GL03381,2025-12-31,2100,Proveedores,19058.8,0,Pago Herramientas del Norte S de RL de CV,AF701877-B2E3-DFB6-6902-918EF9FCFBCD,TX00656
GL03382,2025-12-31,1020,Bancos,0,19058.8,Pago Herramientas del Norte S de RL de CV,AF701877-B2E3-DFB6-6902-918EF9FCFBCD,TX00656
GL03383,2025-12-31,2100,Proveedores,59995.78,0,Pago Servicios Nuevo León SA de CV,D087B609-605A-FEE5-75B4-5C1E21EEFD64,TX00657
GL03384,2025-12-31,1020,Bancos,0,59995.78,Pago Servicios Nuevo León SA de CV,D087B609-605A-FEE5-75B4-5C1E21EEFD64,TX00657
GL03385,2025-12-31,2100,Proveedores,106487.88,0,Pago Herramientas del Norte SAPI de CV,C534FFBD-B6C8-70BE-43E0-32805D5614E9,TX00658
GL03386,2025-12-31,1020,Bancos,0,106487.88,Pago Herramientas del Norte SAPI de CV,C534FFBD-B6C8-70BE-43E0-32805D5614E9,TX00658
GL03387,2025-12-31,2100,Proveedores,13894.25,0,Pago Hidráulica Nuevo León SAPI de CV,8D29A2F0-F251-844A-06B2-9B4E98E61D70,TX00659
GL03388,2025-12-31,1020,Bancos,0,13894.25,Pago Hidráulica Nuevo León SAPI de CV,8D29A2F0-F251-844A-06B2-9B4E98E61D70,TX00659
GL03389,2025-12-31,2100,Proveedores,216006.38,0,Pago Ferretera Santa Catarina SAPI de CV,E5575A19-3AD2-98A9-7F62-A6DF14E96CFC,TX00660
GL03390,2025-12-31,1020,Bancos,0,216006.38,Pago Ferretera Santa Catarina SAPI de CV,E5575A19-3AD2-98A9-7F62-A6DF14E96CFC,TX00660
GL03391,2025-12-31,2100,Proveedores,123516.8,0,Pago Hidráulica Industrial S de RL de CV,CF5BB6CF-87ED-2641-96CE-80F4EFE87B88,TX00661
GL03392,2025-12-31,1020,Bancos,0,123516.8,Pago Hidráulica Industrial S de RL de CV,CF5BB6CF-87ED-2641-96CE-80F4EFE87B88,TX00661
GL03393,2025-12-31,2100,Proveedores,71584.18,0,Pago Hidráulica Industrial S de RL de CV,F4C54EAC-FB25-FD48-5CFD-6CBB988191C2,TX00662
GL03394,2025-12-31,1020,Bancos,0,71584.18,Pago Hidráulica Industrial S de RL de CV,F4C54EAC-FB25-FD48-5CFD-6CBB988191C2,TX00662
GL03395,2025-12-31,2100,Proveedores,29023.2,0,Pago Empaques Apodaca SAPI de CV,3A806214-86FF-C22F-43AF-50C810D2C82B,TX00663
GL03396,2025-12-31,1020,Bancos,0,29023.2,Pago Empaques Apodaca SAPI de CV,3A806214-86FF-C22F-43AF-50C810D2C82B,TX00663
GL03397,2025-12-31,2100,Proveedores,28234.4,0,Pago Empaques Apodaca SAPI de CV,D6CE8910-DDAA-35FE-51C1-4B6D8C3E142A,TX00664
GL03398,2025-12-31,1020,Bancos,0,28234.4,Pago Empaques Apodaca SAPI de CV,D6CE8910-DDAA-35FE-51C1-4B6D8C3E142A,TX00664
GL03399,2025-12-31,2100,Proveedores,52684.65,0,Pago Transportes Industrial S de RL de CV,A284EEDA-8B88-5172-BFB1-CC483C969C82,TX00665
GL03400,2025-12-31,1020,Bancos,0,52684.65,Pago Transportes Industrial S de RL de CV,A284EEDA-8B88-5172-BFB1-CC483C969C82,TX00665
GL03401,2025-12-31,2100,Proveedores,58194.65,0,Pago Transportes Industrial S de RL de CV,BBB53824-6E8B-20AA-25BB-C3F1964EDDD2,TX00666
GL03402,2025-12-31,1020,Bancos,0,58194.65,Pago Transportes Industrial S de RL de CV,BBB53824-6E8B-20AA-25BB-C3F1964EDDD2,TX00666
GL03403,2025-12-31,2100,Proveedores,10463.08,0,Pago Ferretera Guadalupe S de RL de CV,7BA4B58A-EDE6-F9EB-EEA4-BC777D5F6789,TX00667
GL03404,2025-12-31,1020,Bancos,0,10463.08,Pago Ferretera Guadalupe S de RL de CV,7BA4B58A-EDE6-F9EB-EEA4-BC777D5F6789,TX00667
GL03405,2025-12-31,2100,Proveedores,10361.58,0,Pago Ferretera Guadalupe S de RL de CV,F3845650-C139-28F2-0DF2-92298332D7BF,TX00668
GL03406,2025-12-31,1020,Bancos,0,10361.58,Pago Ferretera Guadalupe S de RL de CV,F3845650-C139-28F2-0DF2-92298332D7BF,TX00668
GL03407,2025-12-31,2100,Proveedores,117577.48,0,Pago Maquinados del Norte SAPI de CV,9603D712-8C7A-2469-2245-6295D51AF221,TX00669
GL03408,2025-12-31,1020,Bancos,0,117577.48,Pago Maquinados del Norte SAPI de CV,9603D712-8C7A-2469-2245-6295D51AF221,TX00669
GL03409,2025-12-31,2100,Proveedores,27480.98,0,Pago Pinturas Nuevo León SAPI de CV,D0B2DA52-544A-AEAD-FB02-D41FE978DBDE,TX00670
GL03410,2025-12-31,1020,Bancos,0,27480.98,Pago Pinturas Nuevo León SAPI de CV,D0B2DA52-544A-AEAD-FB02-D41FE978DBDE,TX00670
GL03411,2025-12-31,2100,Proveedores,26341.05,0,Pago Pinturas Nuevo León SAPI de CV,8170AD86-80B3-49EA-673A-E4213DA0F6AC,TX00671
GL03412,2025-12-31,1020,Bancos,0,26341.05,Pago Pinturas Nuevo León SAPI de CV,8170AD86-80B3-49EA-673A-E4213DA0F6AC,TX00671
GL03413,2025-12-31,2100,Proveedores,16043.38,0,Pago Pinturas Nuevo León SAPI de CV,46E455EB-552E-42E4-E962-87086E3C6D67,TX00672
GL03414,2025-12-31,1020,Bancos,0,16043.38,Pago Pinturas Nuevo León SAPI de CV,46E455EB-552E-42E4-E962-87086E3C6D67,TX00672
GL03415,2025-12-31,2100,Proveedores,15149.48,0,Pago Pinturas Nuevo León SAPI de CV,44464387-91FB-C621-A47E-9AAF441C7FD0,TX00673
GL03416,2025-12-31,1020,Bancos,0,15149.48,Pago Pinturas Nuevo León SAPI de CV,44464387-91FB-C621-A47E-9AAF441C7FD0,TX00673
GL03417,2025-12-31,2100,Proveedores,29510.4,0,Pago Pinturas Escobedo S de RL de CV,84B986EB-E48B-7EA4-B50B-1083BBFF5548,TX00674
GL03418,2025-12-31,1020,Bancos,0,29510.4,Pago Pinturas Escobedo S de RL de CV,84B986EB-E48B-7EA4-B50B-1083BBFF5548,TX00674
GL03419,2025-12-31,2100,Proveedores,21552.8,0,Pago Pinturas Escobedo S de RL de CV,1F72C8CB-D898-6F08-73BE-50E9A55924E6,TX00675
GL03420,2025-12-31,1020,Bancos,0,21552.8,Pago Pinturas Escobedo S de RL de CV,1F72C8CB-D898-6F08-73BE-50E9A55924E6,TX00675
GL03421,2025-12-31,2100,Proveedores,13641.48,0,Pago Pinturas Escobedo S de RL de CV,83DF11C8-F0BC-0E6E-CD28-800873B57B74,TX00676
GL03422,2025-12-31,1020,Bancos,0,13641.48,Pago Pinturas Escobedo S de RL de CV,83DF11C8-F0BC-0E6E-CD28-800873B57B74,TX00676
GL03423,2025-12-31,2100,Proveedores,12714.18,0,Pago Pinturas Guadalupe S de RL de CV,B8DDAA93-23E3-415B-B8C3-38AE871FDA74,TX00677
GL03424,2025-12-31,1020,Bancos,0,12714.18,Pago Pinturas Guadalupe S de RL de CV,B8DDAA93-23E3-415B-B8C3-38AE871FDA74,TX00677
GL03425,2025-12-31,2100,Proveedores,80228.38,0,Pago Suministros Guadalupe SA de CV,3E21EB16-B0F1-EA80-E0F6-7FBE0FB9D35C,TX00678
GL03426,2025-12-31,1020,Bancos,0,80228.38,Pago Suministros Guadalupe SA de CV,3E21EB16-B0F1-EA80-E0F6-7FBE0FB9D35C,TX00678
GL03427,2025-12-31,2100,Proveedores,54032.68,0,Pago Suministros Guadalupe SA de CV,80F1B2A5-2A55-DFC9-1EEA-0145B08A00E2,TX00679
GL03428,2025-12-31,1020,Bancos,0,54032.68,Pago Suministros Guadalupe SA de CV,80F1B2A5-2A55-DFC9-1EEA-0145B08A00E2,TX00679
GL03429,2025-12-31,2100,Proveedores,12006.58,0,Pago Pinturas Guadalupe S de RL de CV,B3CE7619-81A3-E76C-0725-2016ABFE25E1,TX00680
GL03430,2025-12-31,1020,Bancos,0,12006.58,Pago Pinturas Guadalupe S de RL de CV,B3CE7619-81A3-E76C-0725-2016ABFE25E1,TX00680
GL03431,2025-12-31,2100,Proveedores,55935.78,0,Pago Refacciones Industrial S de RL de CV,F6FCC458-E017-8592-502F-8C5F3A4FBC3E,TX00681
GL03432,2025-12-31,1020,Bancos,0,55935.78,Pago Refacciones Industrial S de RL de CV,F6FCC458-E017-8592-502F-8C5F3A4FBC3E,TX00681
GL03433,2025-12-31,2100,Proveedores,52188.28,0,Pago Empaques del Norte SAPI de CV,45895CE3-2CB2-00FF-4148-5196F0248197,TX00682
GL03434,2025-12-31,1020,Bancos,0,52188.28,Pago Empaques del Norte SAPI de CV,45895CE3-2CB2-00FF-4148-5196F0248197,TX00682
GL03435,2025-12-31,2100,Proveedores,106815.58,0,Pago Metálica del Norte SA de CV,5A72FD86-092C-FCB8-0F21-6EC481DDBBF7,TX00683
GL03436,2025-12-31,1020,Bancos,0,106815.58,Pago Metálica del Norte SA de CV,5A72FD86-092C-FCB8-0F21-6EC481DDBBF7,TX00683
GL03437,2025-12-31,2100,Proveedores,25334.28,0,Pago Industrias Monterrey SA de CV,01B146D5-89F2-DDD7-338F-EB5A5EE1F581,TX00684
GL03438,2025-12-31,1020,Bancos,0,25334.28,Pago Industrias Monterrey SA de CV,01B146D5-89F2-DDD7-338F-EB5A5EE1F581,TX00684
GL03439,2025-12-31,2100,Proveedores,30694.18,0,Pago Industrias Monterrey SA de CV,4FDFAE0A-1EE4-168E-EE0A-8D1C9560A236,TX00685
GL03440,2025-12-31,1020,Bancos,0,30694.18,Pago Industrias Monterrey SA de CV,4FDFAE0A-1EE4-168E-EE0A-8D1C9560A236,TX00685
GL03441,2025-12-31,1020,Bancos,260682.22,0,Cobro Envases Guerra S de RL de CV,37C41846-D5CB-D207-31CC-FF45B346F3AA,TX00686
GL03442,2025-12-31,1200,Clientes,0,260682.22,Cobro Envases Guerra S de RL de CV,37C41846-D5CB-D207-31CC-FF45B346F3AA,TX00686
GL03443,2025-12-31,1020,Bancos,293756.83,0,Cobro Envases Guerra S de RL de CV,481C0605-45B4-D726-BC6F-39C366331C33,TX00687
GL03444,2025-12-31,1200,Clientes,0,293756.83,Cobro Envases Guerra S de RL de CV,481C0605-45B4-D726-BC6F-39C366331C33,TX00687
GL03445,2025-12-31,1020,Bancos,396631.91,0,Cobro Envases Chapa S de RL de CV,FBE4213C-5635-9EA0-6345-35639605F430,TX00688
GL03446,2025-12-31,1200,Clientes,0,396631.91,Cobro Envases Chapa S de RL de CV,FBE4213C-5635-9EA0-6345-35639605F430,TX00688
GL03447,2025-12-31,1020,Bancos,336693.8,0,Cobro Autopartes Quintanilla S de RL de CV,93EA2AAD-6D6B-B983-B857-31231C038896,TX00689
GL03448,2025-12-31,1200,Clientes,0,336693.8,Cobro Autopartes Quintanilla S de RL de CV,93EA2AAD-6D6B-B983-B857-31231C038896,TX00689
GL03449,2025-12-31,1020,Bancos,450764.3,0,Cobro Envases Hernández SAPI de CV,B506A4C1-3BDF-42AC-5C42-1F3B1F2F1F97,TX00690
GL03450,2025-12-31,1200,Clientes,0,450764.3,Cobro Envases Hernández SAPI de CV,B506A4C1-3BDF-42AC-5C42-1F3B1F2F1F97,TX00690
GL03451,2025-12-31,1020,Bancos,279909.91,0,Cobro Envases Hernández SAPI de CV,9414EA5F-CBE2-222F-3745-4DC3FA83708E,TX00691
GL03452,2025-12-31,1200,Clientes,0,279909.91,Cobro Envases Hernández SAPI de CV,9414EA5F-CBE2-222F-3745-4DC3FA83708E,TX00691
GL03453,2025-12-31,1020,Bancos,146302.61,0,Cobro Autopartes Guerra SAPI de CV,B2FD5A17-9DFC-AFBF-CA8B-A493DDD5D1D3,TX00692
GL03454,2025-12-31,1200,Clientes,0,146302.61,Cobro Autopartes Guerra SAPI de CV,B2FD5A17-9DFC-AFBF-CA8B-A493DDD5D1D3,TX00692
GL03455,2025-12-31,1020,Bancos,354946.35,0,Cobro Autopartes Guerra SAPI de CV,E766F037-A5B3-7200-8A6A-F4B56A4EAD8B,TX00693
GL03456,2025-12-31,1200,Clientes,0,354946.35,Cobro Autopartes Guerra SAPI de CV,E766F037-A5B3-7200-8A6A-F4B56A4EAD8B,TX00693
GL03457,2025-12-31,1020,Bancos,287849.59,0,Cobro Autopartes Guerra SAPI de CV,3182821D-BDA3-2DF7-B5BE-DCFD77AD5756,TX00694
GL03458,2025-12-31,1200,Clientes,0,287849.59,Cobro Autopartes Guerra SAPI de CV,3182821D-BDA3-2DF7-B5BE-DCFD77AD5756,TX00694
GL03459,2025-12-31,1020,Bancos,129256.03,0,Cobro Autopartes Guerra SAPI de CV,5B4626DF-8F45-AB88-4240-D38146A5745B,TX00695
GL03460,2025-12-31,1200,Clientes,0,129256.03,Cobro Autopartes Guerra SAPI de CV,5B4626DF-8F45-AB88-4240-D38146A5745B,TX00695
GL03461,2025-12-31,1020,Bancos,91303.24,0,Cobro Autopartes Chapa SAPI de CV,00E34362-02A1-E8BF-DD3B-5897C2088791,TX00696
GL03462,2025-12-31,1200,Clientes,0,91303.24,Cobro Autopartes Chapa SAPI de CV,00E34362-02A1-E8BF-DD3B-5897C2088791,TX00696
GL03463,2025-12-31,1020,Bancos,210827.74,0,Cobro Envases Quintanilla S de RL de CV,E547D01C-9703-E772-7B5D-D4327A1FDDD6,TX00697
GL03464,2025-12-31,1200,Clientes,0,210827.74,Cobro Envases Quintanilla S de RL de CV,E547D01C-9703-E772-7B5D-D4327A1FDDD6,TX00697
GL03465,2025-12-31,1020,Bancos,325377.33,0,Cobro Construcciones Sada S de RL de CV,50A68BFD-5B6F-C0C8-9365-F070CC84D69E,TX00698
GL03466,2025-12-31,1200,Clientes,0,325377.33,Cobro Construcciones Sada S de RL de CV,50A68BFD-5B6F-C0C8-9365-F070CC84D69E,TX00698
GL03467,2025-12-31,1020,Bancos,144081.91,0,Cobro Construcciones Sada S de RL de CV,54C2E89A-00F8-6B2C-23B1-EC1247F1E8D3,TX00699
GL03468,2025-12-31,1200,Clientes,0,144081.91,Cobro Construcciones Sada S de RL de CV,54C2E89A-00F8-6B2C-23B1-EC1247F1E8D3,TX00699
GL03469,2025-12-31,2100,Proveedores,4876.38,0,Pago Herramientas Regiomontana SA de CV,54290B0B-F62F-F26D-F6FE-2632BD02EED2,TX00700
GL03470,2025-12-31,1020,Bancos,0,4876.38,Pago Herramientas Regiomontana SA de CV,54290B0B-F62F-F26D-F6FE-2632BD02EED2,TX00700
GL03471,2025-12-31,2100,Proveedores,19467.73,0,Pago Herramientas Regiomontana SA de CV,BF54DA5F-94DB-B548-37D6-FE4F78C3F841,TX00701
GL03472,2025-12-31,1020,Bancos,0,19467.73,Pago Herramientas Regiomontana SA de CV,BF54DA5F-94DB-B548-37D6-FE4F78C3F841,TX00701
GL03473,2025-12-31,2100,Proveedores,2184.33,0,Pago Soldadura Regiomontana S de RL de CV,434C4978-DF15-5507-0078-2EA3337EB129,TX00702
GL03474,2025-12-31,1020,Bancos,0,2184.33,Pago Soldadura Regiomontana S de RL de CV,434C4978-DF15-5507-0078-2EA3337EB129,TX00702
